{"data":[{"blocks":[{"def":[],"use":[],"callees":[],"nodes":["CompoundStmt"],"edges":[],"ID":0},{"def":[],"use":[],"callees":[],"nodes":["CompoundStmt"],"edges":[],"ID":1},{"def":["r0.\u003cjavax.xml.parsers.SAXParserFactory: boolean namespaceAware\u003e","r0","r0.\u003cjavax.xml.parsers.SAXParserFactory: boolean validating\u003e"],"use":["@this: javax.xml.parsers.SAXParserFactory","r0"],"callees":[],"nodes":["CompoundStmt","DefinitionStmt","Invoke","DefinitionStmt","DefinitionStmt","ReturnVoidStmt","Local","ThisRef","InstanceFieldRef","Constant","InstanceFieldRef","Constant","RefType","RefType","Boolean","Local","Boolean","0","Int","Boolean","Local","Boolean","0","Int","javax","xml","parsers","S","A","X","Parser","Factory","javax","xml","parsers","S","A","X","Parser","Factory","RefType","RefType","javax","xml","parsers","S","A","X","Parser","Factory","javax","xml","parsers","S","A","X","Parser","Factory"],"edges":[[0,1],[0,2],[0,3],[0,4],[0,5],[1,6],[1,7],[3,8],[3,9],[4,10],[4,11],[6,12],[7,13],[8,14],[8,15],[8,16],[9,17],[9,18],[10,19],[10,20],[10,21],[11,22],[11,23],[12,24],[12,25],[12,26],[12,27],[12,28],[12,29],[12,30],[12,31],[13,32],[13,33],[13,34],[13,35],[13,36],[13,37],[13,38],[13,39],[15,40],[20,41],[40,42],[40,43],[40,44],[40,45],[40,46],[40,47],[40,48],[40,49],[41,50],[41,51],[41,52],[41,53],[41,54],[41,55],[41,56],[41,57]],"ID":2}],"edgeSet":[[0,2,0],[2,1,0]],"ENTRY":{"def":[],"use":[],"callees":[],"nodes":["CompoundStmt"],"edges":[],"ID":0},"EXIT":{"def":[],"use":[],"callees":[],"nodes":["CompoundStmt"],"edges":[],"ID":1},"method_name":"\u003cinit\u003e"},{"blocks":[{"def":[],"use":[],"callees":[],"nodes":["CompoundStmt"],"edges":[],"ID":0},{"def":[],"use":[],"callees":[],"nodes":["CompoundStmt"],"edges":[],"ID":1},{"def":["$z0","r0"],"use":["$z0","@parameter0: java.lang.String","\u003cjavax.xml.parsers.FactoryFinder: boolean debug\u003e"],"callees":[],"nodes":["CompoundStmt","DefinitionStmt","DefinitionStmt","IfStmt","Local","Param","Local","StaticFieldRef","BinaryOp","RefType","RefType","Boolean","Boolean","Boolean","Local"," \u003d\u003d ","Constant","java","lang","String","java","lang","String","Boolean","0","Int"],"edges":[[0,1],[0,2],[0,3],[1,4],[1,5],[2,6],[2,7],[3,8],[4,9],[5,10],[6,11],[7,12],[7,13],[8,14],[8,15],[8,16],[9,17],[9,18],[9,19],[10,20],[10,21],[10,22],[14,23],[16,24],[16,25]],"ID":2},{"def":["$r1","$r2","$r3","$r4","$r5"],"use":["$r1","$r2","$r3","$r4","$r5","\u003cjava.lang.System: java.io.PrintStream err\u003e","r0"],"callees":[],"nodes":["CompoundStmt","DefinitionStmt","DefinitionStmt","Invoke","DefinitionStmt","DefinitionStmt","DefinitionStmt","Invoke","ReturnVoidStmt","Local","StaticFieldRef","Local","NewExpr","Local","Invoke","Local","Invoke","Local","Invoke","RefType","RefType","RefType","RefType","RefType","RefType","RefType","RefType","java","io","Print","Stream","java","io","Print","Stream","java","io","Print","Stream","java","lang","String","Builder","java","lang","String","Builder","java","lang","String","Builder","java","lang","String","Builder","java","lang","String"],"edges":[[0,1],[0,2],[0,3],[0,4],[0,5],[0,6],[0,7],[0,8],[1,9],[1,10],[2,11],[2,12],[4,13],[4,14],[5,15],[5,16],[6,17],[6,18],[9,19],[10,20],[10,21],[11,22],[12,23],[13,24],[15,25],[17,26],[19,27],[19,28],[19,29],[19,30],[20,31],[20,32],[20,33],[20,34],[21,35],[21,36],[21,37],[21,38],[22,39],[22,40],[22,41],[22,42],[23,43],[23,44],[23,45],[23,46],[24,47],[24,48],[24,49],[24,50],[25,51],[25,52],[25,53],[25,54],[26,55],[26,56],[26,57]],"ID":3}],"edgeSet":[[3,1,0],[0,2,0],[2,3,1],[2,3,2]],"ENTRY":{"def":[],"use":[],"callees":[],"nodes":["CompoundStmt"],"edges":[],"ID":0},"EXIT":{"def":[],"use":[],"callees":[],"nodes":["CompoundStmt"],"edges":[],"ID":1},"method_name":"dPrint"},{"blocks":[{"def":[],"use":[],"callees":[],"nodes":["CompoundStmt"],"edges":[],"ID":0},{"def":[],"use":[],"callees":[],"nodes":["CompoundStmt"],"edges":[],"ID":1},{"def":["$r2","$r3","$r4","r0","r1"],"use":["$r2","$r3","$r4","@this: javax.xml.parsers.SecuritySupport","@parameter0: java.lang.String","r0","r1"],"callees":["\u003cinit\u003e"],"nodes":["CompoundStmt","DefinitionStmt","DefinitionStmt","DefinitionStmt","Invoke","DefinitionStmt","DefinitionStmt","ReturnStmt","Local","ThisRef","Local","Param","Local","NewExpr","Local","Invoke","Local","CastExpr","Local","RefType","RefType","RefType","RefType","RefType","RefType","RefType","RefType","RefType","RefType","Local","RefType","javax","xml","parsers","Security","Support","javax","xml","parsers","Security","Support","java","lang","String","java","lang","String","javax","xml","parsers","Security","Support$2","javax","xml","parsers","Security","Support$2","java","lang","Object","java","lang","String","java","lang","String","java","lang","String","RefType","java","lang","String","java","lang","Object"],"edges":[[0,1],[0,2],[0,3],[0,4],[0,5],[0,6],[0,7],[1,8],[1,9],[2,10],[2,11],[3,12],[3,13],[5,14],[5,15],[6,16],[6,17],[7,18],[8,19],[9,20],[10,21],[11,22],[12,23],[13,24],[14,25],[16,26],[17,27],[17,28],[17,29],[18,30],[19,31],[19,32],[19,33],[19,34],[19,35],[20,36],[20,37],[20,38],[20,39],[20,40],[21,41],[21,42],[21,43],[22,44],[22,45],[22,46],[23,47],[23,48],[23,49],[23,50],[23,51],[24,52],[24,53],[24,54],[24,55],[24,56],[25,57],[25,58],[25,59],[26,60],[26,61],[26,62],[27,63],[27,64],[27,65],[28,66],[28,67],[28,68],[29,69],[30,70],[30,71],[30,72],[69,73],[69,74],[69,75]],"ID":2}],"edgeSet":[[0,2,0],[2,1,0]],"ENTRY":{"def":[],"use":[],"callees":[],"nodes":["CompoundStmt"],"edges":[],"ID":0},"EXIT":{"def":[],"use":[],"callees":[],"nodes":["CompoundStmt"],"edges":[],"ID":1},"method_name":"getSystemProperty"},{"blocks":[{"def":[],"use":[],"callees":[],"nodes":["CompoundStmt"],"edges":[],"ID":0},{"def":[],"use":[],"callees":[],"nodes":["CompoundStmt"],"edges":[],"ID":1},{"def":["$r2","$r3","$r4","$z0","r0","r1"],"use":["$r2","$r3","$r4","@this: javax.xml.parsers.SecuritySupport","$z0","@parameter0: java.io.File","r0","r1"],"callees":["\u003cinit\u003e"],"nodes":["CompoundStmt","DefinitionStmt","DefinitionStmt","DefinitionStmt","Invoke","DefinitionStmt","DefinitionStmt","DefinitionStmt","ReturnStmt","Local","ThisRef","Local","Param","Local","NewExpr","Local","Invoke","Local","CastExpr","Local","Invoke","Local","RefType","RefType","RefType","RefType","RefType","RefType","RefType","RefType","RefType","RefType","Local","Boolean","Boolean","javax","xml","parsers","Security","Support","javax","xml","parsers","Security","Support","java","io","File","java","io","File","javax","xml","parsers","Security","Support$5","javax","xml","parsers","Security","Support$5","java","lang","Object","java","lang","Boolean","java","lang","Boolean","java","lang","Boolean","RefType","java","lang","Object"],"edges":[[0,1],[0,2],[0,3],[0,4],[0,5],[0,6],[0,7],[0,8],[1,9],[1,10],[2,11],[2,12],[3,13],[3,14],[5,15],[5,16],[6,17],[6,18],[7,19],[7,20],[8,21],[9,22],[10,23],[11,24],[12,25],[13,26],[14,27],[15,28],[17,29],[18,30],[18,31],[18,32],[19,33],[21,34],[22,35],[22,36],[22,37],[22,38],[22,39],[23,40],[23,41],[23,42],[23,43],[23,44],[24,45],[24,46],[24,47],[25,48],[25,49],[25,50],[26,51],[26,52],[26,53],[26,54],[26,55],[27,56],[27,57],[27,58],[27,59],[27,60],[28,61],[28,62],[28,63],[29,64],[29,65],[29,66],[30,67],[30,68],[30,69],[31,70],[31,71],[31,72],[32,73],[73,74],[73,75],[73,76]],"ID":2}],"edgeSet":[[0,2,0],[2,1,0]],"ENTRY":{"def":[],"use":[],"callees":[],"nodes":["CompoundStmt"],"edges":[],"ID":0},"EXIT":{"def":[],"use":[],"callees":[],"nodes":["CompoundStmt"],"edges":[],"ID":1},"method_name":"doesFileExist"},{"blocks":[{"def":[],"use":[],"callees":[],"nodes":["CompoundStmt"],"edges":[],"ID":0},{"def":[],"use":[],"callees":[],"nodes":["CompoundStmt"],"edges":[],"ID":1},{"def":["r0","r1"],"use":["@this: javax.xml.parsers.SecuritySupport","@parameter0: java.io.File"],"callees":[],"nodes":["CompoundStmt","DefinitionStmt","DefinitionStmt","Local","ThisRef","Local","Param","RefType","RefType","RefType","RefType","javax","xml","parsers","Security","Support","javax","xml","parsers","Security","Support","java","io","File","java","io","File"],"edges":[[0,1],[0,2],[1,3],[1,4],[2,5],[2,6],[3,7],[4,8],[5,9],[6,10],[7,11],[7,12],[7,13],[7,14],[7,15],[8,16],[8,17],[8,18],[8,19],[8,20],[9,21],[9,22],[9,23],[10,24],[10,25],[10,26]],"ID":2},{"def":["$r3"],"use":[],"callees":[],"nodes":["CompoundStmt","DefinitionStmt","Local","NewExpr","RefType","RefType","javax","xml","parsers","Security","Support$3","javax","xml","parsers","Security","Support$3"],"edges":[[0,1],[1,2],[1,3],[2,4],[3,5],[4,6],[4,7],[4,8],[4,9],[4,10],[5,11],[5,12],[5,13],[5,14],[5,15]],"ID":3},{"def":[],"use":["$r3","r0","r1"],"callees":["\u003cinit\u003e"],"nodes":["CompoundStmt","Invoke"],"edges":[[0,1]],"ID":4},{"def":["$r4"],"use":["$r3"],"callees":[],"nodes":["CompoundStmt","DefinitionStmt","Local","Invoke","RefType","java","lang","Object"],"edges":[[0,1],[1,2],[1,3],[2,4],[4,5],[4,6],[4,7]],"ID":5},{"def":["$r5"],"use":["$r4","$r5"],"callees":[],"nodes":["CompoundStmt","DefinitionStmt","ReturnStmt","Local","CastExpr","Local","RefType","RefType","RefType","Local","RefType","java","io","File","Input","Stream","java","io","File","Input","Stream","java","io","File","Input","Stream","RefType","java","io","File","Input","Stream","java","lang","Object"],"edges":[[0,1],[0,2],[1,3],[1,4],[2,5],[3,6],[4,7],[4,8],[4,9],[5,10],[6,11],[6,12],[6,13],[6,14],[6,15],[7,16],[7,17],[7,18],[7,19],[7,20],[8,21],[8,22],[8,23],[8,24],[8,25],[9,26],[10,27],[10,28],[10,29],[10,30],[10,31],[26,32],[26,33],[26,34]],"ID":6},{"def":["r2","$r6","$r7","$r8"],"use":["r2","@caughtexception","$r6","$r7","$r8"],"callees":[],"nodes":["CompoundStmt","DefinitionStmt","DefinitionStmt","DefinitionStmt","DefinitionStmt","ThrowStmt","Local","CaughtException","Local","Local","Local","Invoke","Local","CastExpr","Local","RefType","RefType","RefType","RefType","RefType","RefType","RefType","RefType","Local","RefType","java","security","Privileged","Action","Exception","java","lang","Throwable","java","security","Privileged","Action","Exception","java","security","Privileged","Action","Exception","java","lang","Exception","java","io","File","Not","Found","Exception","java","io","File","Not","Found","Exception","java","io","File","Not","Found","Exception","RefType","java","io","File","Not","Found","Exception","java","lang","Exception"],"edges":[[0,1],[0,2],[0,3],[0,4],[0,5],[1,6],[1,7],[2,8],[2,9],[3,10],[3,11],[4,12],[4,13],[5,14],[6,15],[7,16],[8,17],[9,18],[10,19],[12,20],[13,21],[13,22],[13,23],[14,24],[15,25],[15,26],[15,27],[15,28],[15,29],[16,30],[16,31],[16,32],[17,33],[17,34],[17,35],[17,36],[17,37],[18,38],[18,39],[18,40],[18,41],[18,42],[19,43],[19,44],[19,45],[20,46],[20,47],[20,48],[20,49],[20,50],[20,51],[21,52],[21,53],[21,54],[21,55],[21,56],[21,57],[22,58],[22,59],[22,60],[22,61],[22,62],[22,63],[23,64],[24,65],[24,66],[24,67],[24,68],[24,69],[24,70],[64,71],[64,72],[64,73]],"ID":7}],"edgeSet":[[4,7,5],[5,7,5],[6,1,0],[7,1,0],[0,2,0],[2,3,0],[3,4,0],[4,5,0],[5,6,0],[2,7,5],[3,7,5]],"ENTRY":{"def":[],"use":[],"callees":[],"nodes":["CompoundStmt"],"edges":[],"ID":0},"EXIT":{"def":[],"use":[],"callees":[],"nodes":["CompoundStmt"],"edges":[],"ID":1},"method_name":"getFileInputStream"},{"blocks":[{"def":[],"use":[],"callees":[],"nodes":["CompoundStmt"],"edges":[],"ID":0},{"def":[],"use":[],"callees":[],"nodes":["CompoundStmt"],"edges":[],"ID":1},{"def":["r0"],"use":["@parameter0: java.lang.Class"],"callees":[],"nodes":["CompoundStmt","DefinitionStmt","Local","Param","RefType","RefType","java","lang","Class","java","lang","Class"],"edges":[[0,1],[1,2],[1,3],[2,4],[3,5],[4,6],[4,7],[4,8],[5,9],[5,10],[5,11]],"ID":2},{"def":["$r4"],"use":[],"callees":[],"nodes":["CompoundStmt","DefinitionStmt","Local","NewExpr","RefType","RefType","javax","xml","parsers","Factory","Finder$1","javax","xml","parsers","Factory","Finder$1"],"edges":[[0,1],[1,2],[1,3],[2,4],[3,5],[4,6],[4,7],[4,8],[4,9],[4,10],[5,11],[5,12],[5,13],[5,14],[5,15]],"ID":3},{"def":[],"use":["$r4","r0"],"callees":["\u003cinit\u003e"],"nodes":["CompoundStmt","Invoke"],"edges":[[0,1]],"ID":4},{"def":["$r5"],"use":["$r4"],"callees":[],"nodes":["CompoundStmt","DefinitionStmt","Local","Invoke","RefType","java","lang","Object"],"edges":[[0,1],[1,2],[1,3],[2,4],[4,5],[4,6],[4,7]],"ID":5},{"def":[],"use":["$r5"],"callees":[],"nodes":["CompoundStmt","ReturnStmt","Local","RefType","java","lang","Object"],"edges":[[0,1],[1,2],[2,3],[3,4],[3,5],[3,6]],"ID":6},{"def":["r2","r3","$r13","$r14","$r6","$r7","$r8","$r9","$r11","$r12","r1","$r10"],"use":["r2","r3","$r13","$r14","@caughtexception","$r6","$r7","$r8","$r9","$r11","$r12","r0","$r10","r1"],"callees":["\u003cinit\u003e"],"nodes":["CompoundStmt","DefinitionStmt","DefinitionStmt","DefinitionStmt","DefinitionStmt","Invoke","DefinitionStmt","DefinitionStmt","DefinitionStmt","DefinitionStmt","Invoke","DefinitionStmt","DefinitionStmt","DefinitionStmt","Invoke","DefinitionStmt","ThrowStmt","Local","CaughtException","Local","Local","Local","NewExpr","Local","NewExpr","Local","Invoke","Local","Invoke","Local","Invoke","Local","Invoke","Local","Local","Local","NewExpr","Local","Invoke","Local","Local","Local","RefType","RefType","RefType","RefType","RefType","RefType","RefType","RefType","RefType","RefType","RefType","RefType","RefType","RefType","RefType","RefType","RefType","RefType","RefType","RefType","java","util","Service","Configuration","Error","java","lang","Throwable","java","util","Service","Configuration","Error","java","util","Service","Configuration","Error","java","lang","Runtime","Exception","java","lang","Runtime","Exception","java","lang","String","Builder","java","lang","String","Builder","java","lang","String","Builder","java","lang","String","Builder","java","lang","String","Builder","java","lang","String","java","lang","Runtime","Exception","java","lang","Runtime","Exception","javax","xml","parsers","Factory","Configuration","Error","javax","xml","parsers","Factory","Configuration","Error","java","lang","String","javax","xml","parsers","Factory","Configuration","Error","javax","xml","parsers","Factory","Configuration","Error","javax","xml","parsers","Factory","Configuration","Error"],"edges":[[0,1],[0,2],[0,3],[0,4],[0,5],[0,6],[0,7],[0,8],[0,9],[0,10],[0,11],[0,12],[0,13],[0,14],[0,15],[0,16],[1,17],[1,18],[2,19],[2,20],[3,21],[3,22],[4,23],[4,24],[6,25],[6,26],[7,27],[7,28],[8,29],[8,30],[9,31],[9,32],[11,33],[11,34],[12,35],[12,36],[13,37],[13,38],[15,39],[15,40],[16,41],[17,42],[18,43],[19,44],[20,45],[21,46],[22,47],[23,48],[24,49],[25,50],[27,51],[29,52],[31,53],[33,54],[34,55],[35,56],[36,57],[37,58],[39,59],[40,60],[41,61],[42,62],[42,63],[42,64],[42,65],[42,66],[43,67],[43,68],[43,69],[44,70],[44,71],[44,72],[44,73],[44,74],[45,75],[45,76],[45,77],[45,78],[45,79],[46,80],[46,81],[46,82],[46,83],[47,84],[47,85],[47,86],[47,87],[48,88],[48,89],[48,90],[48,91],[49,92],[49,93],[49,94],[49,95],[50,96],[50,97],[50,98],[50,99],[51,100],[51,101],[51,102],[51,103],[52,104],[52,105],[52,106],[52,107],[53,108],[53,109],[53,110],[54,111],[54,112],[54,113],[54,114],[55,115],[55,116],[55,117],[55,118],[56,119],[56,120],[56,121],[56,122],[56,123],[56,124],[57,125],[57,126],[57,127],[57,128],[57,129],[57,130],[58,131],[58,132],[58,133],[59,134],[59,135],[59,136],[59,137],[59,138],[59,139],[60,140],[60,141],[60,142],[60,143],[60,144],[60,145],[61,146],[61,147],[61,148],[61,149],[61,150],[61,151]],"ID":7}],"edgeSet":[[4,7,5],[5,7,5],[6,1,0],[7,1,0],[0,2,0],[2,3,0],[3,4,0],[4,5,0],[5,6,0],[2,7,5],[3,7,5]],"ENTRY":{"def":[],"use":[],"callees":[],"nodes":["CompoundStmt"],"edges":[],"ID":0},"EXIT":{"def":[],"use":[],"callees":[],"nodes":["CompoundStmt"],"edges":[],"ID":1},"method_name":"findServiceProvider"},{"blocks":[{"def":[],"use":[],"callees":[],"nodes":["CompoundStmt"],"edges":[],"ID":0},{"def":[],"use":[],"callees":[],"nodes":["CompoundStmt"],"edges":[],"ID":1},{"def":["r2","$r6","$r7","$r8","$r9","r0","r1"],"use":["r2","@parameter0: java.lang.Class","$r6","$r7","@parameter1: java.lang.String","$r8","$r9","r0"],"callees":["dPrint"],"nodes":["CompoundStmt","DefinitionStmt","DefinitionStmt","DefinitionStmt","DefinitionStmt","Invoke","DefinitionStmt","DefinitionStmt","DefinitionStmt","Invoke","Local","Param","Local","Param","Local","Invoke","Local","NewExpr","Local","Invoke","Local","Invoke","Local","Invoke","RefType","RefType","RefType","RefType","RefType","RefType","RefType","RefType","RefType","RefType","java","lang","Class","java","lang","Class","java","lang","String","java","lang","String","java","lang","String","java","lang","String","Builder","java","lang","String","Builder","java","lang","String","Builder","java","lang","String","Builder","java","lang","String"],"edges":[[0,1],[0,2],[0,3],[0,4],[0,5],[0,6],[0,7],[0,8],[0,9],[1,10],[1,11],[2,12],[2,13],[3,14],[3,15],[4,16],[4,17],[6,18],[6,19],[7,20],[7,21],[8,22],[8,23],[10,24],[11,25],[12,26],[13,27],[14,28],[16,29],[17,30],[18,31],[20,32],[22,33],[24,34],[24,35],[24,36],[25,37],[25,38],[25,39],[26,40],[26,41],[26,42],[27,43],[27,44],[27,45],[28,46],[28,47],[28,48],[29,49],[29,50],[29,51],[29,52],[30,53],[30,54],[30,55],[30,56],[31,57],[31,58],[31,59],[31,60],[32,61],[32,62],[32,63],[32,64],[33,65],[33,66],[33,67]],"ID":2},{"def":["$r10"],"use":["\u003cjavax.xml.parsers.FactoryFinder: javax.xml.parsers.SecuritySupport ss\u003e"],"callees":[],"nodes":["CompoundStmt","DefinitionStmt","Local","StaticFieldRef","RefType","RefType","RefType","javax","xml","parsers","Security","Support","javax","xml","parsers","Security","Support","javax","xml","parsers","Security","Support"],"edges":[[0,1],[1,2],[1,3],[2,4],[3,5],[3,6],[4,7],[4,8],[4,9],[4,10],[4,11],[5,12],[5,13],[5,14],[5,15],[5,16],[6,17],[6,18],[6,19],[6,20],[6,21]],"ID":3},{"def":["r56"],"use":["r2","$r10"],"callees":["getSystemProperty"],"nodes":["CompoundStmt","DefinitionStmt","Local","Invoke","RefType","java","lang","String"],"edges":[[0,1],[1,2],[1,3],[2,4],[4,5],[4,6],[4,7]],"ID":4},{"def":[],"use":["r56"],"callees":[],"nodes":["CompoundStmt","IfStmt","BinaryOp","Local"," \u003d\u003d ","Constant","RefType","Null","java","lang","String"],"edges":[[0,1],[1,2],[2,3],[2,4],[2,5],[3,6],[5,7],[6,8],[6,9],[6,10]],"ID":5},{"def":["$r48"],"use":[],"callees":[],"nodes":["CompoundStmt","DefinitionStmt","Local","NewExpr","RefType","RefType","java","lang","String","Builder","java","lang","String","Builder"],"edges":[[0,1],[1,2],[1,3],[2,4],[3,5],[4,6],[4,7],[4,8],[4,9],[5,10],[5,11],[5,12],[5,13]],"ID":6},{"def":[],"use":["$r48"],"callees":[],"nodes":["CompoundStmt","Invoke"],"edges":[[0,1]],"ID":7},{"def":["$r49"],"use":["$r48"],"callees":[],"nodes":["CompoundStmt","DefinitionStmt","Local","Invoke","RefType","java","lang","String","Builder"],"edges":[[0,1],[1,2],[1,3],[2,4],[4,5],[4,6],[4,7],[4,8]],"ID":8},{"def":["$r50"],"use":["$r49","r56"],"callees":[],"nodes":["CompoundStmt","DefinitionStmt","Local","Invoke","RefType","java","lang","String","Builder"],"edges":[[0,1],[1,2],[1,3],[2,4],[4,5],[4,6],[4,7],[4,8]],"ID":9},{"def":["$r51"],"use":["$r50"],"callees":[],"nodes":["CompoundStmt","DefinitionStmt","Local","Invoke","RefType","java","lang","String"],"edges":[[0,1],[1,2],[1,3],[2,4],[4,5],[4,6],[4,7]],"ID":10},{"def":[],"use":["$r51"],"callees":["dPrint"],"nodes":["CompoundStmt","Invoke"],"edges":[[0,1]],"ID":11},{"def":["$r52"],"use":["r56","r0"],"callees":["newInstance"],"nodes":["CompoundStmt","DefinitionStmt","Local","Invoke","RefType","java","lang","Object"],"edges":[[0,1],[1,2],[1,3],[2,4],[4,5],[4,6],[4,7]],"ID":12},{"def":[],"use":["$r52"],"callees":[],"nodes":["CompoundStmt","ReturnStmt","Local","RefType","java","lang","Object"],"edges":[[0,1],[1,2],[2,3],[3,4],[3,5],[3,6]],"ID":13},{"def":[],"use":[],"callees":[],"nodes":["CompoundStmt","GotoStmt"],"edges":[[0,1]],"ID":14},{"def":["r57","$r55","$z3"],"use":["@caughtexception","$r55","$z3","\u003cjavax.xml.parsers.FactoryFinder: boolean debug\u003e"],"callees":[],"nodes":["CompoundStmt","DefinitionStmt","DefinitionStmt","DefinitionStmt","IfStmt","Local","CaughtException","Local","Local","Local","StaticFieldRef","BinaryOp","RefType","RefType","RefType","RefType","Boolean","Boolean","Boolean","Local"," \u003d\u003d ","Constant","java","lang","Security","Exception","java","lang","Throwable","java","lang","Security","Exception","java","lang","Security","Exception","Boolean","0","Int"],"edges":[[0,1],[0,2],[0,3],[0,4],[1,5],[1,6],[2,7],[2,8],[3,9],[3,10],[4,11],[5,12],[6,13],[7,14],[8,15],[9,16],[10,17],[10,18],[11,19],[11,20],[11,21],[12,22],[12,23],[12,24],[12,25],[13,26],[13,27],[13,28],[14,29],[14,30],[14,31],[14,32],[15,33],[15,34],[15,35],[15,36],[19,37],[21,38],[21,39]],"ID":15},{"def":[],"use":["r57"],"callees":[],"nodes":["CompoundStmt","Invoke"],"edges":[[0,1]],"ID":16},{"def":["$z4"],"use":["\u003cjavax.xml.parsers.FactoryFinder: boolean firstTime\u003e"],"callees":[],"nodes":["CompoundStmt","DefinitionStmt","Local","StaticFieldRef","Boolean","Boolean","Boolean"],"edges":[[0,1],[1,2],[1,3],[2,4],[3,5],[3,6]],"ID":17},{"def":[],"use":["$z4"],"callees":[],"nodes":["CompoundStmt","IfStmt","BinaryOp","Local"," \u003d\u003d ","Constant","Boolean","0","Int"],"edges":[[0,1],[1,2],[2,3],[2,4],[2,5],[3,6],[5,7],[5,8]],"ID":18},{"def":["r58","$r28"],"use":["\u003cjavax.xml.parsers.FactoryFinder: java.util.Properties cacheProps\u003e","$r28"],"callees":[],"nodes":["CompoundStmt","DefinitionStmt","DefinitionStmt","Local","StaticFieldRef","Local","Local","RefType","RefType","RefType","RefType","RefType","java","util","Properties","java","util","Properties","java","util","Properties","java","util","Properties","java","util","Properties"],"edges":[[0,1],[0,2],[1,3],[1,4],[2,5],[2,6],[3,7],[4,8],[4,9],[5,10],[6,11],[7,12],[7,13],[7,14],[8,15],[8,16],[8,17],[9,18],[9,19],[9,20],[10,21],[10,22],[10,23],[11,24],[11,25],[11,26]],"ID":19},{"def":[],"use":["$r28"],"callees":[],"nodes":["CompoundStmt","EnterMonitorStmt","Local","RefType","java","util","Properties"],"edges":[[0,1],[1,2],[2,3],[3,4],[3,5],[3,6]],"ID":20},{"def":["$z0"],"use":["\u003cjavax.xml.parsers.FactoryFinder: boolean firstTime\u003e"],"callees":[],"nodes":["CompoundStmt","DefinitionStmt","Local","StaticFieldRef","Boolean","Boolean","Boolean"],"edges":[[0,1],[1,2],[1,3],[2,4],[3,5],[3,6]],"ID":21},{"def":[],"use":["$z0"],"callees":[],"nodes":["CompoundStmt","IfStmt","BinaryOp","Local"," \u003d\u003d ","Constant","Boolean","0","Int"],"edges":[[0,1],[1,2],[2,3],[2,4],[2,5],[3,6],[5,7],[5,8]],"ID":22},{"def":["$r29"],"use":[],"callees":[],"nodes":["CompoundStmt","DefinitionStmt","Local","NewExpr","RefType","RefType","java","lang","String","Builder","java","lang","String","Builder"],"edges":[[0,1],[1,2],[1,3],[2,4],[3,5],[4,6],[4,7],[4,8],[4,9],[5,10],[5,11],[5,12],[5,13]],"ID":23},{"def":[],"use":["$r29"],"callees":[],"nodes":["CompoundStmt","Invoke"],"edges":[[0,1]],"ID":24},{"def":["$r30"],"use":["\u003cjavax.xml.parsers.FactoryFinder: javax.xml.parsers.SecuritySupport ss\u003e"],"callees":[],"nodes":["CompoundStmt","DefinitionStmt","Local","StaticFieldRef","RefType","RefType","RefType","javax","xml","parsers","Security","Support","javax","xml","parsers","Security","Support","javax","xml","parsers","Security","Support"],"edges":[[0,1],[1,2],[1,3],[2,4],[3,5],[3,6],[4,7],[4,8],[4,9],[4,10],[4,11],[5,12],[5,13],[5,14],[5,15],[5,16],[6,17],[6,18],[6,19],[6,20],[6,21]],"ID":25},{"def":["$r31"],"use":["$r30"],"callees":["getSystemProperty"],"nodes":["CompoundStmt","DefinitionStmt","Local","Invoke","RefType","java","lang","String"],"edges":[[0,1],[1,2],[1,3],[2,4],[4,5],[4,6],[4,7]],"ID":26},{"def":["$r32"],"use":["$r29","$r31"],"callees":[],"nodes":["CompoundStmt","DefinitionStmt","Local","Invoke","RefType","java","lang","String","Builder"],"edges":[[0,1],[1,2],[1,3],[2,4],[4,5],[4,6],[4,7],[4,8]],"ID":27},{"def":["$r33"],"use":["\u003cjava.io.File: java.lang.String separator\u003e"],"callees":[],"nodes":["CompoundStmt","DefinitionStmt","Local","StaticFieldRef","RefType","RefType","RefType","java","lang","String","java","lang","String","java","lang","String"],"edges":[[0,1],[1,2],[1,3],[2,4],[3,5],[3,6],[4,7],[4,8],[4,9],[5,10],[5,11],[5,12],[6,13],[6,14],[6,15]],"ID":28},{"def":["$r34"],"use":["$r33","$r32"],"callees":[],"nodes":["CompoundStmt","DefinitionStmt","Local","Invoke","RefType","java","lang","String","Builder"],"edges":[[0,1],[1,2],[1,3],[2,4],[4,5],[4,6],[4,7],[4,8]],"ID":29},{"def":["$r35"],"use":["$r34"],"callees":[],"nodes":["CompoundStmt","DefinitionStmt","Local","Invoke","RefType","java","lang","String","Builder"],"edges":[[0,1],[1,2],[1,3],[2,4],[4,5],[4,6],[4,7],[4,8]],"ID":30},{"def":["$r36"],"use":["\u003cjava.io.File: java.lang.String separator\u003e"],"callees":[],"nodes":["CompoundStmt","DefinitionStmt","Local","StaticFieldRef","RefType","RefType","RefType","java","lang","String","java","lang","String","java","lang","String"],"edges":[[0,1],[1,2],[1,3],[2,4],[3,5],[3,6],[4,7],[4,8],[4,9],[5,10],[5,11],[5,12],[6,13],[6,14],[6,15]],"ID":31},{"def":["$r37"],"use":["$r35","$r36"],"callees":[],"nodes":["CompoundStmt","DefinitionStmt","Local","Invoke","RefType","java","lang","String","Builder"],"edges":[[0,1],[1,2],[1,3],[2,4],[4,5],[4,6],[4,7],[4,8]],"ID":32},{"def":["$r38"],"use":["$r37"],"callees":[],"nodes":["CompoundStmt","DefinitionStmt","Local","Invoke","RefType","java","lang","String","Builder"],"edges":[[0,1],[1,2],[1,3],[2,4],[4,5],[4,6],[4,7],[4,8]],"ID":33},{"def":["r3"],"use":["$r38"],"callees":[],"nodes":["CompoundStmt","DefinitionStmt","Local","Invoke","RefType","java","lang","String"],"edges":[[0,1],[1,2],[1,3],[2,4],[4,5],[4,6],[4,7]],"ID":34},{"def":["$r39"],"use":[],"callees":[],"nodes":["CompoundStmt","DefinitionStmt","Local","NewExpr","RefType","RefType","java","io","File","java","io","File"],"edges":[[0,1],[1,2],[1,3],[2,4],[3,5],[4,6],[4,7],[4,8],[5,9],[5,10],[5,11]],"ID":35},{"def":[],"use":["r3","$r39"],"callees":[],"nodes":["CompoundStmt","Invoke"],"edges":[[0,1]],"ID":36},{"def":["r4"],"use":["$r39"],"callees":[],"nodes":["CompoundStmt","DefinitionStmt","Local","Local","RefType","RefType","java","io","File","java","io","File"],"edges":[[0,1],[1,2],[1,3],[2,4],[3,5],[4,6],[4,7],[4,8],[5,9],[5,10],[5,11]],"ID":37},{"def":["\u003cjavax.xml.parsers.FactoryFinder: boolean firstTime\u003e"],"use":[],"callees":[],"nodes":["CompoundStmt","DefinitionStmt","StaticFieldRef","Constant","Boolean","Boolean","0","Int"],"edges":[[0,1],[1,2],[1,3],[2,4],[2,5],[3,6],[3,7]],"ID":38},{"def":["$r40"],"use":["\u003cjavax.xml.parsers.FactoryFinder: javax.xml.parsers.SecuritySupport ss\u003e"],"callees":[],"nodes":["CompoundStmt","DefinitionStmt","Local","StaticFieldRef","RefType","RefType","RefType","javax","xml","parsers","Security","Support","javax","xml","parsers","Security","Support","javax","xml","parsers","Security","Support"],"edges":[[0,1],[1,2],[1,3],[2,4],[3,5],[3,6],[4,7],[4,8],[4,9],[4,10],[4,11],[5,12],[5,13],[5,14],[5,15],[5,16],[6,17],[6,18],[6,19],[6,20],[6,21]],"ID":39},{"def":["$z1"],"use":["r4","$r40"],"callees":["doesFileExist"],"nodes":["CompoundStmt","DefinitionStmt","Local","Invoke","Boolean"],"edges":[[0,1],[1,2],[1,3],[2,4]],"ID":40},{"def":[],"use":["$z1"],"callees":[],"nodes":["CompoundStmt","IfStmt","BinaryOp","Local"," \u003d\u003d ","Constant","Boolean","0","Int"],"edges":[[0,1],[1,2],[2,3],[2,4],[2,5],[3,6],[5,7],[5,8]],"ID":41},{"def":["$r41"],"use":[],"callees":[],"nodes":["CompoundStmt","DefinitionStmt","Local","NewExpr","RefType","RefType","java","lang","String","Builder","java","lang","String","Builder"],"edges":[[0,1],[1,2],[1,3],[2,4],[3,5],[4,6],[4,7],[4,8],[4,9],[5,10],[5,11],[5,12],[5,13]],"ID":42},{"def":[],"use":["$r41"],"callees":[],"nodes":["CompoundStmt","Invoke"],"edges":[[0,1]],"ID":43},{"def":["$r42"],"use":["$r41"],"callees":[],"nodes":["CompoundStmt","DefinitionStmt","Local","Invoke","RefType","java","lang","String","Builder"],"edges":[[0,1],[1,2],[1,3],[2,4],[4,5],[4,6],[4,7],[4,8]],"ID":44},{"def":["$r43"],"use":["r4","$r42"],"callees":[],"nodes":["CompoundStmt","DefinitionStmt","Local","Invoke","RefType","java","lang","String","Builder"],"edges":[[0,1],[1,2],[1,3],[2,4],[4,5],[4,6],[4,7],[4,8]],"ID":45},{"def":["$r44"],"use":["$r43"],"callees":[],"nodes":["CompoundStmt","DefinitionStmt","Local","Invoke","RefType","java","lang","String"],"edges":[[0,1],[1,2],[1,3],[2,4],[4,5],[4,6],[4,7]],"ID":46},{"def":[],"use":["$r44"],"callees":["dPrint"],"nodes":["CompoundStmt","Invoke"],"edges":[[0,1]],"ID":47},{"def":["$r46"],"use":["\u003cjavax.xml.parsers.FactoryFinder: java.util.Properties cacheProps\u003e"],"callees":[],"nodes":["CompoundStmt","DefinitionStmt","Local","StaticFieldRef","RefType","RefType","RefType","java","util","Properties","java","util","Properties","java","util","Properties"],"edges":[[0,1],[1,2],[1,3],[2,4],[3,5],[3,6],[4,7],[4,8],[4,9],[5,10],[5,11],[5,12],[6,13],[6,14],[6,15]],"ID":48},{"def":["$r45"],"use":["\u003cjavax.xml.parsers.FactoryFinder: javax.xml.parsers.SecuritySupport ss\u003e"],"callees":[],"nodes":["CompoundStmt","DefinitionStmt","Local","StaticFieldRef","RefType","RefType","RefType","javax","xml","parsers","Security","Support","javax","xml","parsers","Security","Support","javax","xml","parsers","Security","Support"],"edges":[[0,1],[1,2],[1,3],[2,4],[3,5],[3,6],[4,7],[4,8],[4,9],[4,10],[4,11],[5,12],[5,13],[5,14],[5,15],[5,16],[6,17],[6,18],[6,19],[6,20],[6,21]],"ID":49},{"def":["$r47"],"use":["r4","$r45"],"callees":["getFileInputStream"],"nodes":["CompoundStmt","DefinitionStmt","Local","Invoke","RefType","java","io","File","Input","Stream"],"edges":[[0,1],[1,2],[1,3],[2,4],[4,5],[4,6],[4,7],[4,8],[4,9]],"ID":50},{"def":[],"use":["$r46","$r47"],"callees":[],"nodes":["CompoundStmt","Invoke"],"edges":[[0,1]],"ID":51},{"def":[],"use":["r58"],"callees":[],"nodes":["CompoundStmt","ExitMonitorStmt","Local","RefType","java","util","Properties"],"edges":[[0,1],[1,2],[2,3],[3,4],[3,5],[3,6]],"ID":52},{"def":["$r11"],"use":["\u003cjavax.xml.parsers.FactoryFinder: java.util.Properties cacheProps\u003e"],"callees":[],"nodes":["CompoundStmt","GotoStmt","DefinitionStmt","Local","StaticFieldRef","RefType","RefType","RefType","java","util","Properties","java","util","Properties","java","util","Properties"],"edges":[[0,1],[0,2],[2,3],[2,4],[3,5],[4,6],[4,7],[5,8],[5,9],[5,10],[6,11],[6,12],[6,13],[7,14],[7,15],[7,16]],"ID":53},{"def":["$r54"],"use":["@caughtexception"],"callees":[],"nodes":["CompoundStmt","DefinitionStmt","Local","CaughtException","RefType","RefType","java","lang","Throwable","java","lang","Throwable"],"edges":[[0,1],[1,2],[1,3],[2,4],[3,5],[4,6],[4,7],[4,8],[5,9],[5,10],[5,11]],"ID":54},{"def":["r5"],"use":["$r54"],"callees":[],"nodes":["CompoundStmt","DefinitionStmt","Local","Local","RefType","RefType","java","lang","Throwable","java","lang","Throwable"],"edges":[[0,1],[1,2],[1,3],[2,4],[3,5],[4,6],[4,7],[4,8],[5,9],[5,10],[5,11]],"ID":55},{"def":[],"use":["r58"],"callees":[],"nodes":["CompoundStmt","ExitMonitorStmt","Local","RefType","java","util","Properties"],"edges":[[0,1],[1,2],[2,3],[3,4],[3,5],[3,6]],"ID":56},{"def":[],"use":["r5"],"callees":[],"nodes":["CompoundStmt","ThrowStmt","Local","RefType","java","lang","Throwable"],"edges":[[0,1],[1,2],[2,3],[3,4],[3,5],[3,6]],"ID":57},{"def":["r59"],"use":["r2","$r11"],"callees":[],"nodes":["CompoundStmt","DefinitionStmt","Local","Invoke","RefType","java","lang","String"],"edges":[[0,1],[1,2],[1,3],[2,4],[4,5],[4,6],[4,7]],"ID":58},{"def":[],"use":["r59"],"callees":[],"nodes":["CompoundStmt","IfStmt","BinaryOp","Local"," \u003d\u003d ","Constant","RefType","Null","java","lang","String"],"edges":[[0,1],[1,2],[2,3],[2,4],[2,5],[3,6],[5,7],[6,8],[6,9],[6,10]],"ID":59},{"def":["$r23"],"use":[],"callees":[],"nodes":["CompoundStmt","DefinitionStmt","Local","NewExpr","RefType","RefType","java","lang","String","Builder","java","lang","String","Builder"],"edges":[[0,1],[1,2],[1,3],[2,4],[3,5],[4,6],[4,7],[4,8],[4,9],[5,10],[5,11],[5,12],[5,13]],"ID":60},{"def":[],"use":["$r23"],"callees":[],"nodes":["CompoundStmt","Invoke"],"edges":[[0,1]],"ID":61},{"def":["$r24"],"use":["$r23"],"callees":[],"nodes":["CompoundStmt","DefinitionStmt","Local","Invoke","RefType","java","lang","String","Builder"],"edges":[[0,1],[1,2],[1,3],[2,4],[4,5],[4,6],[4,7],[4,8]],"ID":62},{"def":["$r25"],"use":["$r24","r59"],"callees":[],"nodes":["CompoundStmt","DefinitionStmt","Local","Invoke","RefType","java","lang","String","Builder"],"edges":[[0,1],[1,2],[1,3],[2,4],[4,5],[4,6],[4,7],[4,8]],"ID":63},{"def":["$r26"],"use":["$r25"],"callees":[],"nodes":["CompoundStmt","DefinitionStmt","Local","Invoke","RefType","java","lang","String"],"edges":[[0,1],[1,2],[1,3],[2,4],[4,5],[4,6],[4,7]],"ID":64},{"def":[],"use":["$r26"],"callees":["dPrint"],"nodes":["CompoundStmt","Invoke"],"edges":[[0,1]],"ID":65},{"def":["$r27"],"use":["r59","r0"],"callees":["newInstance"],"nodes":["CompoundStmt","DefinitionStmt","Local","Invoke","RefType","java","lang","Object"],"edges":[[0,1],[1,2],[1,3],[2,4],[4,5],[4,6],[4,7]],"ID":66},{"def":[],"use":["$r27"],"callees":[],"nodes":["CompoundStmt","ReturnStmt","Local","RefType","java","lang","Object"],"edges":[[0,1],[1,2],[2,3],[3,4],[3,5],[3,6]],"ID":67},{"def":["r61"],"use":["r61","r0"],"callees":["findServiceProvider"],"nodes":["CompoundStmt","GotoStmt","DefinitionStmt","IfStmt","Local","Invoke","BinaryOp","RefType","Local"," \u003d\u003d ","Constant","java","lang","Object","RefType","Null","java","lang","Object"],"edges":[[0,1],[0,2],[0,3],[2,4],[2,5],[3,6],[4,7],[6,8],[6,9],[6,10],[7,11],[7,12],[7,13],[8,14],[10,15],[14,16],[14,17],[14,18]],"ID":68},{"def":["$z2","r60","$r53"],"use":["@caughtexception","$z2","$r53","\u003cjavax.xml.parsers.FactoryFinder: boolean debug\u003e"],"callees":[],"nodes":["CompoundStmt","DefinitionStmt","DefinitionStmt","DefinitionStmt","IfStmt","Local","CaughtException","Local","Local","Local","StaticFieldRef","BinaryOp","RefType","RefType","RefType","RefType","Boolean","Boolean","Boolean","Local"," \u003d\u003d ","Constant","java","lang","Exception","java","lang","Throwable","java","lang","Exception","java","lang","Exception","Boolean","0","Int"],"edges":[[0,1],[0,2],[0,3],[0,4],[1,5],[1,6],[2,7],[2,8],[3,9],[3,10],[4,11],[5,12],[6,13],[7,14],[8,15],[9,16],[10,17],[10,18],[11,19],[11,20],[11,21],[12,22],[12,23],[12,24],[13,25],[13,26],[13,27],[14,28],[14,29],[14,30],[15,31],[15,32],[15,33],[19,34],[21,35],[21,36]],"ID":69},{"def":[],"use":["r60"],"callees":[],"nodes":["CompoundStmt","Invoke"],"edges":[[0,1]],"ID":70},{"def":[],"use":["r61"],"callees":[],"nodes":["CompoundStmt","ReturnStmt","Local","RefType","java","lang","Object"],"edges":[[0,1],[1,2],[2,3],[3,4],[3,5],[3,6]],"ID":71},{"def":[],"use":["r1"],"callees":[],"nodes":["CompoundStmt","IfStmt","BinaryOp","Local"," !\u003d ","Constant","RefType","Null","java","lang","String"],"edges":[[0,1],[1,2],[2,3],[2,4],[2,5],[3,6],[5,7],[6,8],[6,9],[6,10]],"ID":72},{"def":["$r19","$r17","$r18","$r22","$r20","$r21"],"use":["r2","$r19","$r17","$r18","$r22","$r20","$r21"],"callees":["\u003cinit\u003e"],"nodes":["CompoundStmt","DefinitionStmt","DefinitionStmt","Invoke","DefinitionStmt","DefinitionStmt","DefinitionStmt","DefinitionStmt","Invoke","ThrowStmt","Local","NewExpr","Local","NewExpr","Local","Invoke","Local","Invoke","Local","Invoke","Local","Invoke","Local","RefType","RefType","RefType","RefType","RefType","RefType","RefType","RefType","RefType","javax","xml","parsers","Factory","Configuration","Error","javax","xml","parsers","Factory","Configuration","Error","java","lang","String","Builder","java","lang","String","Builder","java","lang","String","Builder","java","lang","String","Builder","java","lang","String","Builder","java","lang","String","javax","xml","parsers","Factory","Configuration","Error"],"edges":[[0,1],[0,2],[0,3],[0,4],[0,5],[0,6],[0,7],[0,8],[0,9],[1,10],[1,11],[2,12],[2,13],[4,14],[4,15],[5,16],[5,17],[6,18],[6,19],[7,20],[7,21],[9,22],[10,23],[11,24],[12,25],[13,26],[14,27],[16,28],[18,29],[20,30],[22,31],[23,32],[23,33],[23,34],[23,35],[23,36],[23,37],[24,38],[24,39],[24,40],[24,41],[24,42],[24,43],[25,44],[25,45],[25,46],[25,47],[26,48],[26,49],[26,50],[26,51],[27,52],[27,53],[27,54],[27,55],[28,56],[28,57],[28,58],[28,59],[29,60],[29,61],[29,62],[29,63],[30,64],[30,65],[30,66],[31,67],[31,68],[31,69],[31,70],[31,71],[31,72]],"ID":73},{"def":["$r15","$r16","$r13","$r14","$r12"],"use":["$r15","$r16","$r13","$r14","$r12","r0","r1"],"callees":["dPrint","newInstance"],"nodes":["CompoundStmt","DefinitionStmt","Invoke","DefinitionStmt","DefinitionStmt","DefinitionStmt","Invoke","DefinitionStmt","ReturnStmt","Local","NewExpr","Local","Invoke","Local","Invoke","Local","Invoke","Local","Invoke","Local","RefType","RefType","RefType","RefType","RefType","RefType","RefType","java","lang","String","Builder","java","lang","String","Builder","java","lang","String","Builder","java","lang","String","Builder","java","lang","String","java","lang","Object","java","lang","Object"],"edges":[[0,1],[0,2],[0,3],[0,4],[0,5],[0,6],[0,7],[0,8],[1,9],[1,10],[3,11],[3,12],[4,13],[4,14],[5,15],[5,16],[7,17],[7,18],[8,19],[9,20],[10,21],[11,22],[13,23],[15,24],[17,25],[19,26],[20,27],[20,28],[20,29],[20,30],[21,31],[21,32],[21,33],[21,34],[22,35],[22,36],[22,37],[22,38],[23,39],[23,40],[23,41],[23,42],[24,43],[24,44],[24,45],[25,46],[25,47],[25,48],[26,49],[26,50],[26,51]],"ID":74}],"edgeSet":[[56,69,5],[14,17,0],[60,69,5],[36,37,0],[44,45,0],[52,53,0],[60,61,0],[12,13,0],[4,5,0],[9,15,5],[20,21,0],[28,29,0],[64,69,5],[67,1,0],[20,54,5],[71,1,0],[24,54,5],[28,54,5],[15,69,5],[32,54,5],[36,54,5],[19,69,5],[40,54,5],[59,68,2],[44,54,5],[43,44,0],[48,54,5],[51,52,0],[3,4,0],[11,12,0],[19,20,0],[27,28,0],[35,36,0],[59,60,1],[52,54,5],[56,54,5],[4,15,5],[8,15,5],[42,43,0],[50,51,0],[58,59,0],[63,69,5],[66,67,0],[2,3,0],[10,11,0],[26,27,0],[34,35,0],[68,71,1],[18,19,1],[12,15,5],[22,52,2],[23,54,5],[74,1,0],[27,54,5],[13,1,0],[14,69,5],[31,54,5],[35,54,5],[39,54,5],[53,58,0],[43,54,5],[49,50,0],[65,66,0],[9,10,0],[17,18,0],[18,53,2],[25,26,0],[33,34,0],[47,54,5],[68,72,2],[41,42,1],[51,54,5],[70,68,0],[55,54,5],[57,1,0],[3,15,5],[58,69,5],[7,15,5],[40,41,0],[48,49,0],[56,57,0],[64,65,0],[8,9,0],[16,17,0],[24,25,0],[32,33,0],[62,69,5],[11,15,5],[72,73,1],[66,69,5],[22,54,5],[73,1,0],[26,54,5],[30,54,5],[17,69,5],[34,54,5],[38,54,5],[41,52,2],[42,54,5],[46,54,5],[0,2,0],[39,40,0],[47,48,0],[55,56,0],[63,64,0],[7,8,0],[23,24,0],[31,32,0],[15,16,1],[50,54,5],[72,74,2],[69,68,2],[53,69,5],[2,15,5],[57,69,5],[6,15,5],[61,69,5],[38,39,0],[46,47,0],[54,55,0],[62,63,0],[6,7,0],[30,31,0],[10,15,5],[15,17,2],[22,23,1],[65,69,5],[21,54,5],[25,54,5],[29,54,5],[16,69,5],[33,54,5],[20,69,5],[37,54,5],[5,14,2],[41,54,5],[45,54,5],[37,38,0],[45,46,0],[61,62,0],[21,22,0],[29,30,0],[5,6,1],[49,54,5],[69,70,1]],"ENTRY":{"def":[],"use":[],"callees":[],"nodes":["CompoundStmt"],"edges":[],"ID":0},"EXIT":{"def":[],"use":[],"callees":[],"nodes":["CompoundStmt"],"edges":[],"ID":1},"method_name":"find"},{"blocks":[{"def":[],"use":[],"callees":[],"nodes":["CompoundStmt"],"edges":[],"ID":0},{"def":[],"use":[],"callees":[],"nodes":["CompoundStmt"],"edges":[],"ID":1},{"def":["$r0","$r1"],"use":["$r0","$r1"],"callees":["find"],"nodes":["CompoundStmt","DefinitionStmt","DefinitionStmt","ReturnStmt","Local","Invoke","Local","CastExpr","Local","RefType","RefType","RefType","RefType","Local","RefType","java","lang","Object","javax","xml","parsers","S","A","X","Parser","Factory","javax","xml","parsers","S","A","X","Parser","Factory","javax","xml","parsers","S","A","X","Parser","Factory","RefType","javax","xml","parsers","S","A","X","Parser","Factory","java","lang","Object"],"edges":[[0,1],[0,2],[0,3],[1,4],[1,5],[2,6],[2,7],[3,8],[4,9],[6,10],[7,11],[7,12],[7,13],[8,14],[9,15],[9,16],[9,17],[10,18],[10,19],[10,20],[10,21],[10,22],[10,23],[10,24],[10,25],[11,26],[11,27],[11,28],[11,29],[11,30],[11,31],[11,32],[11,33],[12,34],[12,35],[12,36],[12,37],[12,38],[12,39],[12,40],[12,41],[13,42],[14,43],[14,44],[14,45],[14,46],[14,47],[14,48],[14,49],[14,50],[42,51],[42,52],[42,53]],"ID":2}],"edgeSet":[[0,2,0],[2,1,0]],"ENTRY":{"def":[],"use":[],"callees":[],"nodes":["CompoundStmt"],"edges":[],"ID":0},"EXIT":{"def":[],"use":[],"callees":[],"nodes":["CompoundStmt"],"edges":[],"ID":1},"method_name":"newInstance"},{"blocks":[{"def":[],"use":[],"callees":[],"nodes":["CompoundStmt"],"edges":[],"ID":0},{"def":[],"use":[],"callees":[],"nodes":["CompoundStmt"],"edges":[],"ID":1},{"def":["$r2","$r3","r0","r1"],"use":["$r2","$r3","@parameter0: java.lang.String","r0","@parameter1: java.lang.ClassLoader","r1"],"callees":["newInstance"],"nodes":["CompoundStmt","DefinitionStmt","DefinitionStmt","DefinitionStmt","DefinitionStmt","ReturnStmt","Local","Param","Local","Param","Local","Invoke","Local","CastExpr","Local","RefType","RefType","RefType","RefType","RefType","RefType","RefType","RefType","Local","RefType","java","lang","String","java","lang","String","java","lang","Class","Loader","java","lang","Class","Loader","java","lang","Object","javax","xml","parsers","S","A","X","Parser","Factory","javax","xml","parsers","S","A","X","Parser","Factory","javax","xml","parsers","S","A","X","Parser","Factory","RefType","javax","xml","parsers","S","A","X","Parser","Factory","java","lang","Object"],"edges":[[0,1],[0,2],[0,3],[0,4],[0,5],[1,6],[1,7],[2,8],[2,9],[3,10],[3,11],[4,12],[4,13],[5,14],[6,15],[7,16],[8,17],[9,18],[10,19],[12,20],[13,21],[13,22],[13,23],[14,24],[15,25],[15,26],[15,27],[16,28],[16,29],[16,30],[17,31],[17,32],[17,33],[17,34],[18,35],[18,36],[18,37],[18,38],[19,39],[19,40],[19,41],[20,42],[20,43],[20,44],[20,45],[20,46],[20,47],[20,48],[20,49],[21,50],[21,51],[21,52],[21,53],[21,54],[21,55],[21,56],[21,57],[22,58],[22,59],[22,60],[22,61],[22,62],[22,63],[22,64],[22,65],[23,66],[24,67],[24,68],[24,69],[24,70],[24,71],[24,72],[24,73],[24,74],[66,75],[66,76],[66,77]],"ID":2}],"edgeSet":[[0,2,0],[2,1,0]],"ENTRY":{"def":[],"use":[],"callees":[],"nodes":["CompoundStmt"],"edges":[],"ID":0},"EXIT":{"def":[],"use":[],"callees":[],"nodes":["CompoundStmt"],"edges":[],"ID":1},"method_name":"newInstance"},{"blocks":[{"def":[],"use":[],"callees":[],"nodes":["CompoundStmt"],"edges":[],"ID":0},{"def":[],"use":[],"callees":[],"nodes":["CompoundStmt"],"edges":[],"ID":1},{"def":["r0.\u003cjavax.xml.parsers.SAXParserFactory: boolean namespaceAware\u003e","z0","r0"],"use":["z0","@parameter0: boolean","@this: javax.xml.parsers.SAXParserFactory","r0"],"callees":[],"nodes":["CompoundStmt","DefinitionStmt","DefinitionStmt","DefinitionStmt","ReturnVoidStmt","Local","ThisRef","Local","Param","InstanceFieldRef","Local","RefType","RefType","Boolean","Boolean","Boolean","Local","Boolean","Boolean","javax","xml","parsers","S","A","X","Parser","Factory","javax","xml","parsers","S","A","X","Parser","Factory","RefType","javax","xml","parsers","S","A","X","Parser","Factory"],"edges":[[0,1],[0,2],[0,3],[0,4],[1,5],[1,6],[2,7],[2,8],[3,9],[3,10],[5,11],[6,12],[7,13],[8,14],[9,15],[9,16],[9,17],[10,18],[11,19],[11,20],[11,21],[11,22],[11,23],[11,24],[11,25],[11,26],[12,27],[12,28],[12,29],[12,30],[12,31],[12,32],[12,33],[12,34],[16,35],[35,36],[35,37],[35,38],[35,39],[35,40],[35,41],[35,42],[35,43]],"ID":2}],"edgeSet":[[0,2,0],[2,1,0]],"ENTRY":{"def":[],"use":[],"callees":[],"nodes":["CompoundStmt"],"edges":[],"ID":0},"EXIT":{"def":[],"use":[],"callees":[],"nodes":["CompoundStmt"],"edges":[],"ID":1},"method_name":"setNamespaceAware"},{"blocks":[{"def":[],"use":[],"callees":[],"nodes":["CompoundStmt"],"edges":[],"ID":0},{"def":[],"use":[],"callees":[],"nodes":["CompoundStmt"],"edges":[],"ID":1},{"def":["z0","r0","r0.\u003cjavax.xml.parsers.SAXParserFactory: boolean validating\u003e"],"use":["z0","@parameter0: boolean","@this: javax.xml.parsers.SAXParserFactory","r0"],"callees":[],"nodes":["CompoundStmt","DefinitionStmt","DefinitionStmt","DefinitionStmt","ReturnVoidStmt","Local","ThisRef","Local","Param","InstanceFieldRef","Local","RefType","RefType","Boolean","Boolean","Boolean","Local","Boolean","Boolean","javax","xml","parsers","S","A","X","Parser","Factory","javax","xml","parsers","S","A","X","Parser","Factory","RefType","javax","xml","parsers","S","A","X","Parser","Factory"],"edges":[[0,1],[0,2],[0,3],[0,4],[1,5],[1,6],[2,7],[2,8],[3,9],[3,10],[5,11],[6,12],[7,13],[8,14],[9,15],[9,16],[9,17],[10,18],[11,19],[11,20],[11,21],[11,22],[11,23],[11,24],[11,25],[11,26],[12,27],[12,28],[12,29],[12,30],[12,31],[12,32],[12,33],[12,34],[16,35],[35,36],[35,37],[35,38],[35,39],[35,40],[35,41],[35,42],[35,43]],"ID":2}],"edgeSet":[[0,2,0],[2,1,0]],"ENTRY":{"def":[],"use":[],"callees":[],"nodes":["CompoundStmt"],"edges":[],"ID":0},"EXIT":{"def":[],"use":[],"callees":[],"nodes":["CompoundStmt"],"edges":[],"ID":1},"method_name":"setValidating"},{"blocks":[{"def":[],"use":[],"callees":[],"nodes":["CompoundStmt"],"edges":[],"ID":0},{"def":[],"use":[],"callees":[],"nodes":["CompoundStmt"],"edges":[],"ID":1},{"def":["$z0","r0"],"use":["r0.\u003cjavax.xml.parsers.SAXParserFactory: boolean namespaceAware\u003e","$z0","@this: javax.xml.parsers.SAXParserFactory","r0"],"callees":[],"nodes":["CompoundStmt","DefinitionStmt","DefinitionStmt","ReturnStmt","Local","ThisRef","Local","InstanceFieldRef","Local","RefType","RefType","Boolean","Boolean","Local","Boolean","Boolean","javax","xml","parsers","S","A","X","Parser","Factory","javax","xml","parsers","S","A","X","Parser","Factory","RefType","javax","xml","parsers","S","A","X","Parser","Factory"],"edges":[[0,1],[0,2],[0,3],[1,4],[1,5],[2,6],[2,7],[3,8],[4,9],[5,10],[6,11],[7,12],[7,13],[7,14],[8,15],[9,16],[9,17],[9,18],[9,19],[9,20],[9,21],[9,22],[9,23],[10,24],[10,25],[10,26],[10,27],[10,28],[10,29],[10,30],[10,31],[13,32],[32,33],[32,34],[32,35],[32,36],[32,37],[32,38],[32,39],[32,40]],"ID":2}],"edgeSet":[[0,2,0],[2,1,0]],"ENTRY":{"def":[],"use":[],"callees":[],"nodes":["CompoundStmt"],"edges":[],"ID":0},"EXIT":{"def":[],"use":[],"callees":[],"nodes":["CompoundStmt"],"edges":[],"ID":1},"method_name":"isNamespaceAware"},{"blocks":[{"def":[],"use":[],"callees":[],"nodes":["CompoundStmt"],"edges":[],"ID":0},{"def":[],"use":[],"callees":[],"nodes":["CompoundStmt"],"edges":[],"ID":1},{"def":["$z0","r0"],"use":["$z0","@this: javax.xml.parsers.SAXParserFactory","r0.\u003cjavax.xml.parsers.SAXParserFactory: boolean validating\u003e","r0"],"callees":[],"nodes":["CompoundStmt","DefinitionStmt","DefinitionStmt","ReturnStmt","Local","ThisRef","Local","InstanceFieldRef","Local","RefType","RefType","Boolean","Boolean","Local","Boolean","Boolean","javax","xml","parsers","S","A","X","Parser","Factory","javax","xml","parsers","S","A","X","Parser","Factory","RefType","javax","xml","parsers","S","A","X","Parser","Factory"],"edges":[[0,1],[0,2],[0,3],[1,4],[1,5],[2,6],[2,7],[3,8],[4,9],[5,10],[6,11],[7,12],[7,13],[7,14],[8,15],[9,16],[9,17],[9,18],[9,19],[9,20],[9,21],[9,22],[9,23],[10,24],[10,25],[10,26],[10,27],[10,28],[10,29],[10,30],[10,31],[13,32],[32,33],[32,34],[32,35],[32,36],[32,37],[32,38],[32,39],[32,40]],"ID":2}],"edgeSet":[[0,2,0],[2,1,0]],"ENTRY":{"def":[],"use":[],"callees":[],"nodes":["CompoundStmt"],"edges":[],"ID":0},"EXIT":{"def":[],"use":[],"callees":[],"nodes":["CompoundStmt"],"edges":[],"ID":1},"method_name":"isValidating"},{"blocks":[{"def":[],"use":[],"callees":[],"nodes":["CompoundStmt"],"edges":[],"ID":0},{"def":[],"use":[],"callees":[],"nodes":["CompoundStmt"],"edges":[],"ID":1},{"def":["$r13","$r1","$r14","$r2","$r3","$r4","$r5","$r6","$r7","$r8","$r9","$r11","$r12","r0","$r10"],"use":["$r13","$r14","$r1","$r2","$r3","$r4","$r5","$r6","$r7","$r8","$r9","$r11","@this: javax.xml.parsers.SAXParserFactory","$r12","r0","$r10"],"callees":[],"nodes":["CompoundStmt","DefinitionStmt","DefinitionStmt","DefinitionStmt","Invoke","DefinitionStmt","DefinitionStmt","DefinitionStmt","DefinitionStmt","DefinitionStmt","DefinitionStmt","DefinitionStmt","DefinitionStmt","DefinitionStmt","DefinitionStmt","DefinitionStmt","DefinitionStmt","Invoke","ThrowStmt","Local","ThisRef","Local","NewExpr","Local","NewExpr","Local","Invoke","Local","Invoke","Local","Invoke","Local","Invoke","Local","Invoke","Local","Invoke","Local","Invoke","Local","Invoke","Local","Invoke","Local","Invoke","Local","Invoke","Local","Invoke","Local","RefType","RefType","RefType","RefType","RefType","RefType","RefType","RefType","RefType","RefType","RefType","RefType","RefType","RefType","RefType","RefType","RefType","RefType","RefType","javax","xml","parsers","S","A","X","Parser","Factory","javax","xml","parsers","S","A","X","Parser","Factory","java","lang","Unsupported","Operation","Exception","java","lang","Unsupported","Operation","Exception","java","lang","String","Builder","java","lang","String","Builder","java","lang","String","Builder","java","lang","Class","java","lang","Package","java","lang","String","java","lang","String","Builder","java","lang","String","Builder","java","lang","Class","java","lang","Package","java","lang","String","java","lang","String","Builder","java","lang","String","Builder","java","lang","String","java","lang","Unsupported","Operation","Exception"],"edges":[[0,1],[0,2],[0,3],[0,4],[0,5],[0,6],[0,7],[0,8],[0,9],[0,10],[0,11],[0,12],[0,13],[0,14],[0,15],[0,16],[0,17],[0,18],[1,19],[1,20],[2,21],[2,22],[3,23],[3,24],[5,25],[5,26],[6,27],[6,28],[7,29],[7,30],[8,31],[8,32],[9,33],[9,34],[10,35],[10,36],[11,37],[11,38],[12,39],[12,40],[13,41],[13,42],[14,43],[14,44],[15,45],[15,46],[16,47],[16,48],[18,49],[19,50],[20,51],[21,52],[22,53],[23,54],[24,55],[25,56],[27,57],[29,58],[31,59],[33,60],[35,61],[37,62],[39,63],[41,64],[43,65],[45,66],[47,67],[49,68],[50,69],[50,70],[50,71],[50,72],[50,73],[50,74],[50,75],[50,76],[51,77],[51,78],[51,79],[51,80],[51,81],[51,82],[51,83],[51,84],[52,85],[52,86],[52,87],[52,88],[52,89],[53,90],[53,91],[53,92],[53,93],[53,94],[54,95],[54,96],[54,97],[54,98],[55,99],[55,100],[55,101],[55,102],[56,103],[56,104],[56,105],[56,106],[57,107],[57,108],[57,109],[58,110],[58,111],[58,112],[59,113],[59,114],[59,115],[60,116],[60,117],[60,118],[60,119],[61,120],[61,121],[61,122],[61,123],[62,124],[62,125],[62,126],[63,127],[63,128],[63,129],[64,130],[64,131],[64,132],[65,133],[65,134],[65,135],[65,136],[66,137],[66,138],[66,139],[66,140],[67,141],[67,142],[67,143],[68,144],[68,145],[68,146],[68,147],[68,148]],"ID":2}],"edgeSet":[[0,2,0],[2,1,0]],"ENTRY":{"def":[],"use":[],"callees":[],"nodes":["CompoundStmt"],"edges":[],"ID":0},"EXIT":{"def":[],"use":[],"callees":[],"nodes":["CompoundStmt"],"edges":[],"ID":1},"method_name":"getSchema"},{"blocks":[{"def":[],"use":[],"callees":[],"nodes":["CompoundStmt"],"edges":[],"ID":0},{"def":[],"use":[],"callees":[],"nodes":["CompoundStmt"],"edges":[],"ID":1},{"def":["$r15","$r13","$r14","$r2","$r3","$r4","$r5","$r6","$r7","$r8","$r9","$r11","$r12","r0","r1","$r10"],"use":["$r15","$r13","$r14","$r2","$r3","$r4","$r5","$r6","$r7","@parameter0: javax.xml.validation.Schema","$r8","$r9","$r11","@this: javax.xml.parsers.SAXParserFactory","$r12","r0","$r10"],"callees":[],"nodes":["CompoundStmt","DefinitionStmt","DefinitionStmt","DefinitionStmt","DefinitionStmt","Invoke","DefinitionStmt","DefinitionStmt","DefinitionStmt","DefinitionStmt","DefinitionStmt","DefinitionStmt","DefinitionStmt","DefinitionStmt","DefinitionStmt","DefinitionStmt","DefinitionStmt","DefinitionStmt","Invoke","ThrowStmt","Local","ThisRef","Local","Param","Local","NewExpr","Local","NewExpr","Local","Invoke","Local","Invoke","Local","Invoke","Local","Invoke","Local","Invoke","Local","Invoke","Local","Invoke","Local","Invoke","Local","Invoke","Local","Invoke","Local","Invoke","Local","Invoke","Local","RefType","RefType","RefType","RefType","RefType","RefType","RefType","RefType","RefType","RefType","RefType","RefType","RefType","RefType","RefType","RefType","RefType","RefType","RefType","RefType","RefType","javax","xml","parsers","S","A","X","Parser","Factory","javax","xml","parsers","S","A","X","Parser","Factory","javax","xml","validation","Schema","javax","xml","validation","Schema","java","lang","Unsupported","Operation","Exception","java","lang","Unsupported","Operation","Exception","java","lang","String","Builder","java","lang","String","Builder","java","lang","String","Builder","java","lang","Class","java","lang","Package","java","lang","String","java","lang","String","Builder","java","lang","String","Builder","java","lang","Class","java","lang","Package","java","lang","String","java","lang","String","Builder","java","lang","String","Builder","java","lang","String","java","lang","Unsupported","Operation","Exception"],"edges":[[0,1],[0,2],[0,3],[0,4],[0,5],[0,6],[0,7],[0,8],[0,9],[0,10],[0,11],[0,12],[0,13],[0,14],[0,15],[0,16],[0,17],[0,18],[0,19],[1,20],[1,21],[2,22],[2,23],[3,24],[3,25],[4,26],[4,27],[6,28],[6,29],[7,30],[7,31],[8,32],[8,33],[9,34],[9,35],[10,36],[10,37],[11,38],[11,39],[12,40],[12,41],[13,42],[13,43],[14,44],[14,45],[15,46],[15,47],[16,48],[16,49],[17,50],[17,51],[19,52],[20,53],[21,54],[22,55],[23,56],[24,57],[25,58],[26,59],[27,60],[28,61],[30,62],[32,63],[34,64],[36,65],[38,66],[40,67],[42,68],[44,69],[46,70],[48,71],[50,72],[52,73],[53,74],[53,75],[53,76],[53,77],[53,78],[53,79],[53,80],[53,81],[54,82],[54,83],[54,84],[54,85],[54,86],[54,87],[54,88],[54,89],[55,90],[55,91],[55,92],[55,93],[56,94],[56,95],[56,96],[56,97],[57,98],[57,99],[57,100],[57,101],[57,102],[58,103],[58,104],[58,105],[58,106],[58,107],[59,108],[59,109],[59,110],[59,111],[60,112],[60,113],[60,114],[60,115],[61,116],[61,117],[61,118],[61,119],[62,120],[62,121],[62,122],[63,123],[63,124],[63,125],[64,126],[64,127],[64,128],[65,129],[65,130],[65,131],[65,132],[66,133],[66,134],[66,135],[66,136],[67,137],[67,138],[67,139],[68,140],[68,141],[68,142],[69,143],[69,144],[69,145],[70,146],[70,147],[70,148],[70,149],[71,150],[71,151],[71,152],[71,153],[72,154],[72,155],[72,156],[73,157],[73,158],[73,159],[73,160],[73,161]],"ID":2}],"edgeSet":[[0,2,0],[2,1,0]],"ENTRY":{"def":[],"use":[],"callees":[],"nodes":["CompoundStmt"],"edges":[],"ID":0},"EXIT":{"def":[],"use":[],"callees":[],"nodes":["CompoundStmt"],"edges":[],"ID":1},"method_name":"setSchema"},{"blocks":[{"def":[],"use":[],"callees":[],"nodes":["CompoundStmt"],"edges":[],"ID":0},{"def":[],"use":[],"callees":[],"nodes":["CompoundStmt"],"edges":[],"ID":1},{"def":["z0","r0"],"use":["z0","@parameter0: boolean","@this: javax.xml.parsers.SAXParserFactory"],"callees":[],"nodes":["CompoundStmt","DefinitionStmt","DefinitionStmt","IfStmt","Local","ThisRef","Local","Param","BinaryOp","RefType","RefType","Boolean","Boolean","Local"," \u003d\u003d ","Constant","javax","xml","parsers","S","A","X","Parser","Factory","javax","xml","parsers","S","A","X","Parser","Factory","Boolean","0","Int"],"edges":[[0,1],[0,2],[0,3],[1,4],[1,5],[2,6],[2,7],[3,8],[4,9],[5,10],[6,11],[7,12],[8,13],[8,14],[8,15],[9,16],[9,17],[9,18],[9,19],[9,20],[9,21],[9,22],[9,23],[10,24],[10,25],[10,26],[10,27],[10,28],[10,29],[10,30],[10,31],[13,32],[15,33],[15,34]],"ID":2},{"def":["$r1","$r2","$r3","$r4","$r5","$r6"],"use":["$r1","$r2","$r3","$r4","$r5","$r6","r0"],"callees":[],"nodes":["CompoundStmt","DefinitionStmt","DefinitionStmt","Invoke","DefinitionStmt","DefinitionStmt","DefinitionStmt","DefinitionStmt","Invoke","ThrowStmt","Local","NewExpr","Local","NewExpr","Local","Invoke","Local","Invoke","Local","Invoke","Local","Invoke","Local","RefType","RefType","RefType","RefType","RefType","RefType","RefType","RefType","RefType","java","lang","Unsupported","Operation","Exception","java","lang","Unsupported","Operation","Exception","java","lang","String","Builder","java","lang","String","Builder","java","lang","String","Builder","java","lang","Class","java","lang","String","Builder","java","lang","String","java","lang","Unsupported","Operation","Exception"],"edges":[[0,1],[0,2],[0,3],[0,4],[0,5],[0,6],[0,7],[0,8],[0,9],[1,10],[1,11],[2,12],[2,13],[4,14],[4,15],[5,16],[5,17],[6,18],[6,19],[7,20],[7,21],[9,22],[10,23],[11,24],[12,25],[13,26],[14,27],[16,28],[18,29],[20,30],[22,31],[23,32],[23,33],[23,34],[23,35],[23,36],[24,37],[24,38],[24,39],[24,40],[24,41],[25,42],[25,43],[25,44],[25,45],[26,46],[26,47],[26,48],[26,49],[27,50],[27,51],[27,52],[27,53],[28,54],[28,55],[28,56],[29,57],[29,58],[29,59],[29,60],[30,61],[30,62],[30,63],[31,64],[31,65],[31,66],[31,67],[31,68]],"ID":3},{"def":[],"use":[],"callees":[],"nodes":["CompoundStmt","ReturnVoidStmt"],"edges":[[0,1]],"ID":4}],"edgeSet":[[3,1,0],[4,1,0],[0,2,0],[2,3,1],[2,4,2]],"ENTRY":{"def":[],"use":[],"callees":[],"nodes":["CompoundStmt"],"edges":[],"ID":0},"EXIT":{"def":[],"use":[],"callees":[],"nodes":["CompoundStmt"],"edges":[],"ID":1},"method_name":"setXIncludeAware"},{"blocks":[{"def":[],"use":[],"callees":[],"nodes":["CompoundStmt"],"edges":[],"ID":0},{"def":[],"use":[],"callees":[],"nodes":["CompoundStmt"],"edges":[],"ID":1},{"def":["$r13","$r1","$r14","$r2","$r3","$r4","$r5","$r6","$r7","$r8","$r9","$r11","$r12","r0","$r10"],"use":["$r13","$r14","$r1","$r2","$r3","$r4","$r5","$r6","$r7","$r8","$r9","$r11","@this: javax.xml.parsers.SAXParserFactory","$r12","r0","$r10"],"callees":[],"nodes":["CompoundStmt","DefinitionStmt","DefinitionStmt","DefinitionStmt","Invoke","DefinitionStmt","DefinitionStmt","DefinitionStmt","DefinitionStmt","DefinitionStmt","DefinitionStmt","DefinitionStmt","DefinitionStmt","DefinitionStmt","DefinitionStmt","DefinitionStmt","DefinitionStmt","Invoke","ThrowStmt","Local","ThisRef","Local","NewExpr","Local","NewExpr","Local","Invoke","Local","Invoke","Local","Invoke","Local","Invoke","Local","Invoke","Local","Invoke","Local","Invoke","Local","Invoke","Local","Invoke","Local","Invoke","Local","Invoke","Local","Invoke","Local","RefType","RefType","RefType","RefType","RefType","RefType","RefType","RefType","RefType","RefType","RefType","RefType","RefType","RefType","RefType","RefType","RefType","RefType","RefType","javax","xml","parsers","S","A","X","Parser","Factory","javax","xml","parsers","S","A","X","Parser","Factory","java","lang","Unsupported","Operation","Exception","java","lang","Unsupported","Operation","Exception","java","lang","String","Builder","java","lang","String","Builder","java","lang","String","Builder","java","lang","Class","java","lang","Package","java","lang","String","java","lang","String","Builder","java","lang","String","Builder","java","lang","Class","java","lang","Package","java","lang","String","java","lang","String","Builder","java","lang","String","Builder","java","lang","String","java","lang","Unsupported","Operation","Exception"],"edges":[[0,1],[0,2],[0,3],[0,4],[0,5],[0,6],[0,7],[0,8],[0,9],[0,10],[0,11],[0,12],[0,13],[0,14],[0,15],[0,16],[0,17],[0,18],[1,19],[1,20],[2,21],[2,22],[3,23],[3,24],[5,25],[5,26],[6,27],[6,28],[7,29],[7,30],[8,31],[8,32],[9,33],[9,34],[10,35],[10,36],[11,37],[11,38],[12,39],[12,40],[13,41],[13,42],[14,43],[14,44],[15,45],[15,46],[16,47],[16,48],[18,49],[19,50],[20,51],[21,52],[22,53],[23,54],[24,55],[25,56],[27,57],[29,58],[31,59],[33,60],[35,61],[37,62],[39,63],[41,64],[43,65],[45,66],[47,67],[49,68],[50,69],[50,70],[50,71],[50,72],[50,73],[50,74],[50,75],[50,76],[51,77],[51,78],[51,79],[51,80],[51,81],[51,82],[51,83],[51,84],[52,85],[52,86],[52,87],[52,88],[52,89],[53,90],[53,91],[53,92],[53,93],[53,94],[54,95],[54,96],[54,97],[54,98],[55,99],[55,100],[55,101],[55,102],[56,103],[56,104],[56,105],[56,106],[57,107],[57,108],[57,109],[58,110],[58,111],[58,112],[59,113],[59,114],[59,115],[60,116],[60,117],[60,118],[60,119],[61,120],[61,121],[61,122],[61,123],[62,124],[62,125],[62,126],[63,127],[63,128],[63,129],[64,130],[64,131],[64,132],[65,133],[65,134],[65,135],[65,136],[66,137],[66,138],[66,139],[66,140],[67,141],[67,142],[67,143],[68,144],[68,145],[68,146],[68,147],[68,148]],"ID":2}],"edgeSet":[[0,2,0],[2,1,0]],"ENTRY":{"def":[],"use":[],"callees":[],"nodes":["CompoundStmt"],"edges":[],"ID":0},"EXIT":{"def":[],"use":[],"callees":[],"nodes":["CompoundStmt"],"edges":[],"ID":1},"method_name":"isXIncludeAware"}],"label":"0"}