{"data":[{"blocks":[{"def":[],"use":[],"callees":[],"nodes":["CompoundStmt"],"edges":[],"ID":0},{"def":[],"use":[],"callees":[],"nodes":["CompoundStmt"],"edges":[],"ID":1},{"def":["r2","r0.\u003corg.apache.xerces.validators.schema.identity.Selector: org.apache.xerces.validators.schema.identity.IdentityConstraint fIdentityConstraint\u003e","r0.\u003corg.apache.xerces.validators.schema.identity.Selector: org.apache.xerces.validators.schema.identity.Selector$XPath fXPath\u003e","r0","r1"],"use":["r2","@parameter1: org.apache.xerces.validators.schema.identity.IdentityConstraint","@parameter0: org.apache.xerces.validators.schema.identity.Selector$XPath","@this: org.apache.xerces.validators.schema.identity.Selector","r0","r1"],"callees":[],"nodes":["CompoundStmt","DefinitionStmt","DefinitionStmt","DefinitionStmt","Invoke","DefinitionStmt","DefinitionStmt","ReturnVoidStmt","Local","ThisRef","Local","Param","Local","Param","InstanceFieldRef","Local","InstanceFieldRef","Local","RefType","RefType","RefType","RefType","RefType","RefType","RefType","Local","RefType","RefType","RefType","Local","RefType","RefType","org","apache","xerces","validators","schema","identity","Selector","org","apache","xerces","validators","schema","identity","Selector","org","apache","xerces","validators","schema","identity","Selector$","X","Path","org","apache","xerces","validators","schema","identity","Selector$","X","Path","org","apache","xerces","validators","schema","identity","Identity","Constraint","org","apache","xerces","validators","schema","identity","Identity","Constraint","org","apache","xerces","validators","schema","identity","Selector$","X","Path","RefType","org","apache","xerces","validators","schema","identity","Selector$","X","Path","org","apache","xerces","validators","schema","identity","Selector$","X","Path","org","apache","xerces","validators","schema","identity","Identity","Constraint","RefType","org","apache","xerces","validators","schema","identity","Identity","Constraint","org","apache","xerces","validators","schema","identity","Identity","Constraint","org","apache","xerces","validators","schema","identity","Selector","org","apache","xerces","validators","schema","identity","Selector"],"edges":[[0,1],[0,2],[0,3],[0,4],[0,5],[0,6],[0,7],[1,8],[1,9],[2,10],[2,11],[3,12],[3,13],[5,14],[5,15],[6,16],[6,17],[8,18],[9,19],[10,20],[11,21],[12,22],[13,23],[14,24],[14,25],[14,26],[15,27],[16,28],[16,29],[16,30],[17,31],[18,32],[18,33],[18,34],[18,35],[18,36],[18,37],[18,38],[19,39],[19,40],[19,41],[19,42],[19,43],[19,44],[19,45],[20,46],[20,47],[20,48],[20,49],[20,50],[20,51],[20,52],[20,53],[20,54],[21,55],[21,56],[21,57],[21,58],[21,59],[21,60],[21,61],[21,62],[21,63],[22,64],[22,65],[22,66],[22,67],[22,68],[22,69],[22,70],[22,71],[23,72],[23,73],[23,74],[23,75],[23,76],[23,77],[23,78],[23,79],[24,80],[24,81],[24,82],[24,83],[24,84],[24,85],[24,86],[24,87],[24,88],[25,89],[26,90],[26,91],[26,92],[26,93],[26,94],[26,95],[26,96],[26,97],[26,98],[27,99],[27,100],[27,101],[27,102],[27,103],[27,104],[27,105],[27,106],[27,107],[28,108],[28,109],[28,110],[28,111],[28,112],[28,113],[28,114],[28,115],[29,116],[30,117],[30,118],[30,119],[30,120],[30,121],[30,122],[30,123],[30,124],[31,125],[31,126],[31,127],[31,128],[31,129],[31,130],[31,131],[31,132],[89,133],[89,134],[89,135],[89,136],[89,137],[89,138],[89,139],[116,140],[116,141],[116,142],[116,143],[116,144],[116,145],[116,146]],"ID":2}],"edgeSet":[[0,2,0],[2,1,0]],"ENTRY":{"def":[],"use":[],"callees":[],"nodes":["CompoundStmt"],"edges":[],"ID":0},"EXIT":{"def":[],"use":[],"callees":[],"nodes":["CompoundStmt"],"edges":[],"ID":1},"method_name":"\u003cinit\u003e"},{"blocks":[{"def":[],"use":[],"callees":[],"nodes":["CompoundStmt"],"edges":[],"ID":0},{"def":[],"use":[],"callees":[],"nodes":["CompoundStmt"],"edges":[],"ID":1},{"def":["$r1","r0"],"use":["$r1","r0.\u003corg.apache.xerces.validators.schema.identity.Selector: org.apache.xerces.validators.schema.identity.Selector$XPath fXPath\u003e","@this: org.apache.xerces.validators.schema.identity.Selector","r0"],"callees":[],"nodes":["CompoundStmt","DefinitionStmt","DefinitionStmt","ReturnStmt","Local","ThisRef","Local","InstanceFieldRef","Local","RefType","RefType","RefType","RefType","Local","RefType","RefType","org","apache","xerces","validators","schema","identity","Selector","org","apache","xerces","validators","schema","identity","Selector","org","apache","xerces","validators","schema","identity","Selector$","X","Path","org","apache","xerces","validators","schema","identity","Selector$","X","Path","RefType","org","apache","xerces","validators","schema","identity","Selector$","X","Path","org","apache","xerces","validators","schema","identity","Selector$","X","Path","org","apache","xerces","validators","schema","identity","Selector"],"edges":[[0,1],[0,2],[0,3],[1,4],[1,5],[2,6],[2,7],[3,8],[4,9],[5,10],[6,11],[7,12],[7,13],[7,14],[8,15],[9,16],[9,17],[9,18],[9,19],[9,20],[9,21],[9,22],[10,23],[10,24],[10,25],[10,26],[10,27],[10,28],[10,29],[11,30],[11,31],[11,32],[11,33],[11,34],[11,35],[11,36],[11,37],[11,38],[12,39],[12,40],[12,41],[12,42],[12,43],[12,44],[12,45],[12,46],[12,47],[13,48],[14,49],[14,50],[14,51],[14,52],[14,53],[14,54],[14,55],[14,56],[14,57],[15,58],[15,59],[15,60],[15,61],[15,62],[15,63],[15,64],[15,65],[15,66],[48,67],[48,68],[48,69],[48,70],[48,71],[48,72],[48,73]],"ID":2}],"edgeSet":[[0,2,0],[2,1,0]],"ENTRY":{"def":[],"use":[],"callees":[],"nodes":["CompoundStmt"],"edges":[],"ID":0},"EXIT":{"def":[],"use":[],"callees":[],"nodes":["CompoundStmt"],"edges":[],"ID":1},"method_name":"getXPath"},{"blocks":[{"def":[],"use":[],"callees":[],"nodes":["CompoundStmt"],"edges":[],"ID":0},{"def":[],"use":[],"callees":[],"nodes":["CompoundStmt"],"edges":[],"ID":1},{"def":["$r1","r0"],"use":["r0.\u003corg.apache.xerces.validators.schema.identity.Selector: org.apache.xerces.validators.schema.identity.IdentityConstraint fIdentityConstraint\u003e","$r1","@this: org.apache.xerces.validators.schema.identity.Selector","r0"],"callees":[],"nodes":["CompoundStmt","DefinitionStmt","DefinitionStmt","ReturnStmt","Local","ThisRef","Local","InstanceFieldRef","Local","RefType","RefType","RefType","RefType","Local","RefType","RefType","org","apache","xerces","validators","schema","identity","Selector","org","apache","xerces","validators","schema","identity","Selector","org","apache","xerces","validators","schema","identity","Identity","Constraint","org","apache","xerces","validators","schema","identity","Identity","Constraint","RefType","org","apache","xerces","validators","schema","identity","Identity","Constraint","org","apache","xerces","validators","schema","identity","Identity","Constraint","org","apache","xerces","validators","schema","identity","Selector"],"edges":[[0,1],[0,2],[0,3],[1,4],[1,5],[2,6],[2,7],[3,8],[4,9],[5,10],[6,11],[7,12],[7,13],[7,14],[8,15],[9,16],[9,17],[9,18],[9,19],[9,20],[9,21],[9,22],[10,23],[10,24],[10,25],[10,26],[10,27],[10,28],[10,29],[11,30],[11,31],[11,32],[11,33],[11,34],[11,35],[11,36],[11,37],[12,38],[12,39],[12,40],[12,41],[12,42],[12,43],[12,44],[12,45],[13,46],[14,47],[14,48],[14,49],[14,50],[14,51],[14,52],[14,53],[14,54],[15,55],[15,56],[15,57],[15,58],[15,59],[15,60],[15,61],[15,62],[46,63],[46,64],[46,65],[46,66],[46,67],[46,68],[46,69]],"ID":2}],"edgeSet":[[0,2,0],[2,1,0]],"ENTRY":{"def":[],"use":[],"callees":[],"nodes":["CompoundStmt"],"edges":[],"ID":0},"EXIT":{"def":[],"use":[],"callees":[],"nodes":["CompoundStmt"],"edges":[],"ID":1},"method_name":"getIdentityConstraint"},{"blocks":[{"def":[],"use":[],"callees":[],"nodes":["CompoundStmt"],"edges":[],"ID":0},{"def":[],"use":[],"callees":[],"nodes":["CompoundStmt"],"edges":[],"ID":1},{"def":["$r2","$r3","r0","r1"],"use":["$r2","$r3","r0.\u003corg.apache.xerces.validators.schema.identity.Selector: org.apache.xerces.validators.schema.identity.Selector$XPath fXPath\u003e","@this: org.apache.xerces.validators.schema.identity.Selector","@parameter0: org.apache.xerces.validators.schema.identity.FieldActivator","r0","r1"],"callees":["\u003cinit\u003e"],"nodes":["CompoundStmt","DefinitionStmt","DefinitionStmt","DefinitionStmt","DefinitionStmt","Invoke","ReturnStmt","Local","ThisRef","Local","Param","Local","NewExpr","Local","InstanceFieldRef","Local","RefType","RefType","RefType","RefType","RefType","RefType","RefType","RefType","Local","RefType","RefType","org","apache","xerces","validators","schema","identity","Selector","org","apache","xerces","validators","schema","identity","Selector","org","apache","xerces","validators","schema","identity","Field","Activator","org","apache","xerces","validators","schema","identity","Field","Activator","org","apache","xerces","validators","schema","identity","Selector$","Matcher","org","apache","xerces","validators","schema","identity","Selector$","Matcher","org","apache","xerces","validators","schema","identity","Selector$","X","Path","org","apache","xerces","validators","schema","identity","Selector$","X","Path","RefType","org","apache","xerces","validators","schema","identity","Selector$","X","Path","org","apache","xerces","validators","schema","identity","Selector$","Matcher","org","apache","xerces","validators","schema","identity","Selector"],"edges":[[0,1],[0,2],[0,3],[0,4],[0,5],[0,6],[1,7],[1,8],[2,9],[2,10],[3,11],[3,12],[4,13],[4,14],[6,15],[7,16],[8,17],[9,18],[10,19],[11,20],[12,21],[13,22],[14,23],[14,24],[14,25],[15,26],[16,27],[16,28],[16,29],[16,30],[16,31],[16,32],[16,33],[17,34],[17,35],[17,36],[17,37],[17,38],[17,39],[17,40],[18,41],[18,42],[18,43],[18,44],[18,45],[18,46],[18,47],[18,48],[19,49],[19,50],[19,51],[19,52],[19,53],[19,54],[19,55],[19,56],[20,57],[20,58],[20,59],[20,60],[20,61],[20,62],[20,63],[20,64],[21,65],[21,66],[21,67],[21,68],[21,69],[21,70],[21,71],[21,72],[22,73],[22,74],[22,75],[22,76],[22,77],[22,78],[22,79],[22,80],[22,81],[23,82],[23,83],[23,84],[23,85],[23,86],[23,87],[23,88],[23,89],[23,90],[24,91],[25,92],[25,93],[25,94],[25,95],[25,96],[25,97],[25,98],[25,99],[25,100],[26,101],[26,102],[26,103],[26,104],[26,105],[26,106],[26,107],[26,108],[91,109],[91,110],[91,111],[91,112],[91,113],[91,114],[91,115]],"ID":2}],"edgeSet":[[0,2,0],[2,1,0]],"ENTRY":{"def":[],"use":[],"callees":[],"nodes":["CompoundStmt"],"edges":[],"ID":0},"EXIT":{"def":[],"use":[],"callees":[],"nodes":["CompoundStmt"],"edges":[],"ID":1},"method_name":"createMatcher"},{"blocks":[{"def":[],"use":[],"callees":[],"nodes":["CompoundStmt"],"edges":[],"ID":0},{"def":[],"use":[],"callees":[],"nodes":["CompoundStmt"],"edges":[],"ID":1},{"def":["$r1","$r2","r0"],"use":["$r1","$r2","r0.\u003corg.apache.xerces.validators.schema.identity.Selector: org.apache.xerces.validators.schema.identity.Selector$XPath fXPath\u003e","@this: org.apache.xerces.validators.schema.identity.Selector","r0"],"callees":["toString"],"nodes":["CompoundStmt","DefinitionStmt","DefinitionStmt","DefinitionStmt","ReturnStmt","Local","ThisRef","Local","InstanceFieldRef","Local","Invoke","Local","RefType","RefType","RefType","RefType","Local","RefType","RefType","RefType","org","apache","xerces","validators","schema","identity","Selector","org","apache","xerces","validators","schema","identity","Selector","org","apache","xerces","validators","schema","identity","Selector$","X","Path","org","apache","xerces","validators","schema","identity","Selector$","X","Path","RefType","org","apache","xerces","validators","schema","identity","Selector$","X","Path","java","lang","String","java","lang","String","org","apache","xerces","validators","schema","identity","Selector"],"edges":[[0,1],[0,2],[0,3],[0,4],[1,5],[1,6],[2,7],[2,8],[3,9],[3,10],[4,11],[5,12],[6,13],[7,14],[8,15],[8,16],[8,17],[9,18],[11,19],[12,20],[12,21],[12,22],[12,23],[12,24],[12,25],[12,26],[13,27],[13,28],[13,29],[13,30],[13,31],[13,32],[13,33],[14,34],[14,35],[14,36],[14,37],[14,38],[14,39],[14,40],[14,41],[14,42],[15,43],[15,44],[15,45],[15,46],[15,47],[15,48],[15,49],[15,50],[15,51],[16,52],[17,53],[17,54],[17,55],[17,56],[17,57],[17,58],[17,59],[17,60],[17,61],[18,62],[18,63],[18,64],[19,65],[19,66],[19,67],[52,68],[52,69],[52,70],[52,71],[52,72],[52,73],[52,74]],"ID":2}],"edgeSet":[[0,2,0],[2,1,0]],"ENTRY":{"def":[],"use":[],"callees":[],"nodes":["CompoundStmt"],"edges":[],"ID":0},"EXIT":{"def":[],"use":[],"callees":[],"nodes":["CompoundStmt"],"edges":[],"ID":1},"method_name":"toString"}],"label":"1"}