{"data":[{"blocks":[{"def":[],"use":[],"callees":[],"nodes":["CompoundStmt"],"edges":[],"ID":0},{"def":[],"use":[],"callees":[],"nodes":["CompoundStmt"],"edges":[],"ID":1},{"def":["$r1","r0.\u003corg.apache.xerces.validators.common.GrammarResolverImpl: java.util.Hashtable fGrammarRegistry\u003e","r0"],"use":["$r1","@this: org.apache.xerces.validators.common.GrammarResolverImpl","r0"],"callees":[],"nodes":["CompoundStmt","DefinitionStmt","Invoke","DefinitionStmt","Invoke","DefinitionStmt","ReturnVoidStmt","Local","ThisRef","Local","NewExpr","InstanceFieldRef","Local","RefType","RefType","RefType","RefType","RefType","Local","RefType","RefType","org","apache","xerces","validators","common","Grammar","Resolver","Impl","org","apache","xerces","validators","common","Grammar","Resolver","Impl","java","util","Hashtable","java","util","Hashtable","java","util","Hashtable","RefType","java","util","Hashtable","java","util","Hashtable","org","apache","xerces","validators","common","Grammar","Resolver","Impl"],"edges":[[0,1],[0,2],[0,3],[0,4],[0,5],[0,6],[1,7],[1,8],[3,9],[3,10],[5,11],[5,12],[7,13],[8,14],[9,15],[10,16],[11,17],[11,18],[11,19],[12,20],[13,21],[13,22],[13,23],[13,24],[13,25],[13,26],[13,27],[13,28],[14,29],[14,30],[14,31],[14,32],[14,33],[14,34],[14,35],[14,36],[15,37],[15,38],[15,39],[16,40],[16,41],[16,42],[17,43],[17,44],[17,45],[18,46],[19,47],[19,48],[19,49],[20,50],[20,51],[20,52],[46,53],[46,54],[46,55],[46,56],[46,57],[46,58],[46,59],[46,60]],"ID":2}],"edgeSet":[[0,2,0],[2,1,0]],"ENTRY":{"def":[],"use":[],"callees":[],"nodes":["CompoundStmt"],"edges":[],"ID":0},"EXIT":{"def":[],"use":[],"callees":[],"nodes":["CompoundStmt"],"edges":[],"ID":1},"method_name":"\u003cinit\u003e"},{"blocks":[{"def":[],"use":[],"callees":[],"nodes":["CompoundStmt"],"edges":[],"ID":0},{"def":[],"use":[],"callees":[],"nodes":["CompoundStmt"],"edges":[],"ID":1},{"def":["$r2","$r3","$r4","r0","r1"],"use":["r0.\u003corg.apache.xerces.validators.common.GrammarResolverImpl: java.util.Hashtable fGrammarRegistry\u003e","$r2","$r3","$r4","@this: org.apache.xerces.validators.common.GrammarResolverImpl","@parameter0: java.lang.String","r0","r1"],"callees":[],"nodes":["CompoundStmt","DefinitionStmt","DefinitionStmt","DefinitionStmt","DefinitionStmt","DefinitionStmt","ReturnStmt","Local","ThisRef","Local","Param","Local","InstanceFieldRef","Local","Invoke","Local","CastExpr","Local","RefType","RefType","RefType","RefType","RefType","RefType","Local","RefType","RefType","RefType","RefType","RefType","Local","RefType","org","apache","xerces","validators","common","Grammar","Resolver","Impl","org","apache","xerces","validators","common","Grammar","Resolver","Impl","java","lang","String","java","lang","String","java","util","Hashtable","java","util","Hashtable","RefType","java","util","Hashtable","java","lang","Object","org","apache","xerces","validators","common","Grammar","org","apache","xerces","validators","common","Grammar","org","apache","xerces","validators","common","Grammar","RefType","org","apache","xerces","validators","common","Grammar","org","apache","xerces","validators","common","Grammar","Resolver","Impl","java","lang","Object"],"edges":[[0,1],[0,2],[0,3],[0,4],[0,5],[0,6],[1,7],[1,8],[2,9],[2,10],[3,11],[3,12],[4,13],[4,14],[5,15],[5,16],[6,17],[7,18],[8,19],[9,20],[10,21],[11,22],[12,23],[12,24],[12,25],[13,26],[15,27],[16,28],[16,29],[16,30],[17,31],[18,32],[18,33],[18,34],[18,35],[18,36],[18,37],[18,38],[18,39],[19,40],[19,41],[19,42],[19,43],[19,44],[19,45],[19,46],[19,47],[20,48],[20,49],[20,50],[21,51],[21,52],[21,53],[22,54],[22,55],[22,56],[23,57],[23,58],[23,59],[24,60],[25,61],[25,62],[25,63],[26,64],[26,65],[26,66],[27,67],[27,68],[27,69],[27,70],[27,71],[27,72],[28,73],[28,74],[28,75],[28,76],[28,77],[28,78],[29,79],[29,80],[29,81],[29,82],[29,83],[29,84],[30,85],[31,86],[31,87],[31,88],[31,89],[31,90],[31,91],[60,92],[60,93],[60,94],[60,95],[60,96],[60,97],[60,98],[60,99],[85,100],[85,101],[85,102]],"ID":2}],"edgeSet":[[0,2,0],[2,1,0]],"ENTRY":{"def":[],"use":[],"callees":[],"nodes":["CompoundStmt"],"edges":[],"ID":0},"EXIT":{"def":[],"use":[],"callees":[],"nodes":["CompoundStmt"],"edges":[],"ID":1},"method_name":"getGrammar"},{"blocks":[{"def":[],"use":[],"callees":[],"nodes":["CompoundStmt"],"edges":[],"ID":0},{"def":[],"use":[],"callees":[],"nodes":["CompoundStmt"],"edges":[],"ID":1},{"def":["$r1","r0"],"use":["$r1","r0.\u003corg.apache.xerces.validators.common.GrammarResolverImpl: org.apache.xerces.validators.datatype.DatatypeValidatorFactoryImpl fDataTypeReg\u003e","@this: org.apache.xerces.validators.common.GrammarResolverImpl","r0"],"callees":[],"nodes":["CompoundStmt","DefinitionStmt","DefinitionStmt","IfStmt","Local","ThisRef","Local","InstanceFieldRef","BinaryOp","RefType","RefType","RefType","RefType","Local","RefType","Local"," !\u003d ","Constant","org","apache","xerces","validators","common","Grammar","Resolver","Impl","org","apache","xerces","validators","common","Grammar","Resolver","Impl","org","apache","xerces","validators","datatype","Datatype","Validator","Factory","Impl","org","apache","xerces","validators","datatype","Datatype","Validator","Factory","Impl","RefType","org","apache","xerces","validators","datatype","Datatype","Validator","Factory","Impl","RefType","Null","org","apache","xerces","validators","common","Grammar","Resolver","Impl","org","apache","xerces","validators","datatype","Datatype","Validator","Factory","Impl"],"edges":[[0,1],[0,2],[0,3],[1,4],[1,5],[2,6],[2,7],[3,8],[4,9],[5,10],[6,11],[7,12],[7,13],[7,14],[8,15],[8,16],[8,17],[9,18],[9,19],[9,20],[9,21],[9,22],[9,23],[9,24],[9,25],[10,26],[10,27],[10,28],[10,29],[10,30],[10,31],[10,32],[10,33],[11,34],[11,35],[11,36],[11,37],[11,38],[11,39],[11,40],[11,41],[11,42],[12,43],[12,44],[12,45],[12,46],[12,47],[12,48],[12,49],[12,50],[12,51],[13,52],[14,53],[14,54],[14,55],[14,56],[14,57],[14,58],[14,59],[14,60],[14,61],[15,62],[17,63],[52,64],[52,65],[52,66],[52,67],[52,68],[52,69],[52,70],[52,71],[62,72],[62,73],[62,74],[62,75],[62,76],[62,77],[62,78],[62,79],[62,80]],"ID":2},{"def":["r0.\u003corg.apache.xerces.validators.common.GrammarResolverImpl: org.apache.xerces.validators.datatype.DatatypeValidatorFactoryImpl fDataTypeReg\u003e","$r2","$r3"],"use":["r0.\u003corg.apache.xerces.validators.common.GrammarResolverImpl: org.apache.xerces.validators.datatype.DatatypeValidatorFactoryImpl fDataTypeReg\u003e","$r2","$r3","r0"],"callees":[],"nodes":["CompoundStmt","DefinitionStmt","Invoke","DefinitionStmt","DefinitionStmt","ReturnStmt","Local","NewExpr","InstanceFieldRef","Local","Local","InstanceFieldRef","Local","RefType","RefType","RefType","Local","RefType","RefType","RefType","RefType","Local","RefType","RefType","org","apache","xerces","validators","datatype","Datatype","Validator","Factory","Impl","org","apache","xerces","validators","datatype","Datatype","Validator","Factory","Impl","org","apache","xerces","validators","datatype","Datatype","Validator","Factory","Impl","RefType","org","apache","xerces","validators","datatype","Datatype","Validator","Factory","Impl","org","apache","xerces","validators","datatype","Datatype","Validator","Factory","Impl","org","apache","xerces","validators","datatype","Datatype","Validator","Factory","Impl","org","apache","xerces","validators","datatype","Datatype","Validator","Factory","Impl","RefType","org","apache","xerces","validators","datatype","Datatype","Validator","Factory","Impl","org","apache","xerces","validators","datatype","Datatype","Validator","Factory","Impl","org","apache","xerces","validators","common","Grammar","Resolver","Impl","org","apache","xerces","validators","common","Grammar","Resolver","Impl"],"edges":[[0,1],[0,2],[0,3],[0,4],[0,5],[1,6],[1,7],[3,8],[3,9],[4,10],[4,11],[5,12],[6,13],[7,14],[8,15],[8,16],[8,17],[9,18],[10,19],[11,20],[11,21],[11,22],[12,23],[13,24],[13,25],[13,26],[13,27],[13,28],[13,29],[13,30],[13,31],[13,32],[14,33],[14,34],[14,35],[14,36],[14,37],[14,38],[14,39],[14,40],[14,41],[15,42],[15,43],[15,44],[15,45],[15,46],[15,47],[15,48],[15,49],[15,50],[16,51],[17,52],[17,53],[17,54],[17,55],[17,56],[17,57],[17,58],[17,59],[17,60],[18,61],[18,62],[18,63],[18,64],[18,65],[18,66],[18,67],[18,68],[18,69],[19,70],[19,71],[19,72],[19,73],[19,74],[19,75],[19,76],[19,77],[19,78],[20,79],[20,80],[20,81],[20,82],[20,83],[20,84],[20,85],[20,86],[20,87],[21,88],[22,89],[22,90],[22,91],[22,92],[22,93],[22,94],[22,95],[22,96],[22,97],[23,98],[23,99],[23,100],[23,101],[23,102],[23,103],[23,104],[23,105],[23,106],[51,107],[51,108],[51,109],[51,110],[51,111],[51,112],[51,113],[51,114],[88,115],[88,116],[88,117],[88,118],[88,119],[88,120],[88,121],[88,122]],"ID":3}],"edgeSet":[[3,1,0],[0,2,0],[2,3,1],[2,3,2]],"ENTRY":{"def":[],"use":[],"callees":[],"nodes":["CompoundStmt"],"edges":[],"ID":0},"EXIT":{"def":[],"use":[],"callees":[],"nodes":["CompoundStmt"],"edges":[],"ID":1},"method_name":"getDatatypeRegistry"},{"blocks":[{"def":[],"use":[],"callees":[],"nodes":["CompoundStmt"],"edges":[],"ID":0},{"def":[],"use":[],"callees":[],"nodes":["CompoundStmt"],"edges":[],"ID":1},{"def":["$r1","$r2","r0"],"use":["$r1","r0.\u003corg.apache.xerces.validators.common.GrammarResolverImpl: java.util.Hashtable fGrammarRegistry\u003e","$r2","@this: org.apache.xerces.validators.common.GrammarResolverImpl","r0"],"callees":[],"nodes":["CompoundStmt","DefinitionStmt","DefinitionStmt","DefinitionStmt","ReturnStmt","Local","ThisRef","Local","InstanceFieldRef","Local","Invoke","Local","RefType","RefType","RefType","RefType","Local","RefType","RefType","RefType","org","apache","xerces","validators","common","Grammar","Resolver","Impl","org","apache","xerces","validators","common","Grammar","Resolver","Impl","java","util","Hashtable","java","util","Hashtable","RefType","java","util","Hashtable","java","util","Enumeration","java","util","Enumeration","org","apache","xerces","validators","common","Grammar","Resolver","Impl"],"edges":[[0,1],[0,2],[0,3],[0,4],[1,5],[1,6],[2,7],[2,8],[3,9],[3,10],[4,11],[5,12],[6,13],[7,14],[8,15],[8,16],[8,17],[9,18],[11,19],[12,20],[12,21],[12,22],[12,23],[12,24],[12,25],[12,26],[12,27],[13,28],[13,29],[13,30],[13,31],[13,32],[13,33],[13,34],[13,35],[14,36],[14,37],[14,38],[15,39],[15,40],[15,41],[16,42],[17,43],[17,44],[17,45],[18,46],[18,47],[18,48],[19,49],[19,50],[19,51],[42,52],[42,53],[42,54],[42,55],[42,56],[42,57],[42,58],[42,59]],"ID":2}],"edgeSet":[[0,2,0],[2,1,0]],"ENTRY":{"def":[],"use":[],"callees":[],"nodes":["CompoundStmt"],"edges":[],"ID":0},"EXIT":{"def":[],"use":[],"callees":[],"nodes":["CompoundStmt"],"edges":[],"ID":1},"method_name":"nameSpaceKeys"},{"blocks":[{"def":[],"use":[],"callees":[],"nodes":["CompoundStmt"],"edges":[],"ID":0},{"def":[],"use":[],"callees":[],"nodes":["CompoundStmt"],"edges":[],"ID":1},{"def":["r2","$r3","i0","i1","r0","r1"],"use":["r0.\u003corg.apache.xerces.validators.common.GrammarResolverImpl: java.util.Hashtable fGrammarRegistry\u003e","$r3","i0","i1","@this: org.apache.xerces.validators.common.GrammarResolverImpl","r0"],"callees":["nameSpaceKeys"],"nodes":["CompoundStmt","DefinitionStmt","DefinitionStmt","DefinitionStmt","DefinitionStmt","DefinitionStmt","DefinitionStmt","GotoStmt","IfStmt","Local","ThisRef","Local","InstanceFieldRef","Local","Invoke","Local","NewArray","Local","Invoke","Local","Constant","BinaryOp","RefType","RefType","RefType","RefType","Local","RefType","Int","Array","Array","Local","RefType","Int","0","Int","Local"," \u003c ","Local","org","apache","xerces","validators","common","Grammar","Resolver","Impl","org","apache","xerces","validators","common","Grammar","Resolver","Impl","java","util","Hashtable","java","util","Hashtable","RefType","java","util","Hashtable","RefType","[]","RefType","[]","Int","java","util","Enumeration","Int","Int","org","apache","xerces","validators","common","Grammar","Resolver","Impl","java","lang","String","java","lang","String"],"edges":[[0,1],[0,2],[0,3],[0,4],[0,5],[0,6],[0,7],[0,8],[1,9],[1,10],[2,11],[2,12],[3,13],[3,14],[4,15],[4,16],[5,17],[5,18],[6,19],[6,20],[8,21],[9,22],[10,23],[11,24],[12,25],[12,26],[12,27],[13,28],[15,29],[16,30],[16,31],[17,32],[19,33],[20,34],[20,35],[21,36],[21,37],[21,38],[22,39],[22,40],[22,41],[22,42],[22,43],[22,44],[22,45],[22,46],[23,47],[23,48],[23,49],[23,50],[23,51],[23,52],[23,53],[23,54],[24,55],[24,56],[24,57],[25,58],[25,59],[25,60],[26,61],[27,62],[27,63],[27,64],[29,65],[29,66],[30,67],[30,68],[31,69],[32,70],[32,71],[32,72],[36,73],[38,74],[61,75],[61,76],[61,77],[61,78],[61,79],[61,80],[61,81],[61,82],[65,83],[65,84],[65,85],[67,86],[67,87],[67,88]],"ID":2},{"def":["$r4","$r5","i1","r1[i1]"],"use":["r2","$r4","$r5","i1","r1"],"callees":[],"nodes":["CompoundStmt","DefinitionStmt","DefinitionStmt","DefinitionStmt","DefinitionStmt","Local","Invoke","Local","CastExpr","ArrayRef","Local","Local","BinaryOp","RefType","RefType","RefType","RefType","Local","RefType","Local","Local","RefType","Int","Local"," + ","Constant","java","lang","Object","java","lang","String","java","lang","String","java","lang","String","RefType","java","lang","String","Array","Int","java","lang","String","Int","1","Int","java","lang","Object","RefType","[]","java","lang","String"],"edges":[[0,1],[0,2],[0,3],[0,4],[1,5],[1,6],[2,7],[2,8],[3,9],[3,10],[4,11],[4,12],[5,13],[7,14],[8,15],[8,16],[8,17],[9,18],[9,19],[9,20],[10,21],[11,22],[12,23],[12,24],[12,25],[13,26],[13,27],[13,28],[14,29],[14,30],[14,31],[15,32],[15,33],[15,34],[16,35],[16,36],[16,37],[17,38],[18,39],[18,40],[18,41],[19,42],[20,43],[21,44],[21,45],[21,46],[23,47],[25,48],[25,49],[38,50],[38,51],[38,52],[42,53],[42,54],[53,55],[53,56],[53,57]],"ID":3},{"def":[],"use":["r1"],"callees":[],"nodes":["CompoundStmt","ReturnStmt","Local","Array","RefType","[]","java","lang","String"],"edges":[[0,1],[1,2],[2,3],[3,4],[3,5],[4,6],[4,7],[4,8]],"ID":4}],"edgeSet":[[4,1,0],[0,2,0],[2,4,1],[3,2,0],[2,3,2]],"ENTRY":{"def":[],"use":[],"callees":[],"nodes":["CompoundStmt"],"edges":[],"ID":0},"EXIT":{"def":[],"use":[],"callees":[],"nodes":["CompoundStmt"],"edges":[],"ID":1},"method_name":"getNSKeysInPool"},{"blocks":[{"def":[],"use":[],"callees":[],"nodes":["CompoundStmt"],"edges":[],"ID":0},{"def":[],"use":[],"callees":[],"nodes":["CompoundStmt"],"edges":[],"ID":1},{"def":["r2","$r3","r0","r1"],"use":["r2","@parameter1: org.apache.xerces.validators.common.Grammar","r0.\u003corg.apache.xerces.validators.common.GrammarResolverImpl: java.util.Hashtable fGrammarRegistry\u003e","$r3","@this: org.apache.xerces.validators.common.GrammarResolverImpl","@parameter0: java.lang.String","r0","r1"],"callees":[],"nodes":["CompoundStmt","DefinitionStmt","DefinitionStmt","DefinitionStmt","DefinitionStmt","Invoke","ReturnVoidStmt","Local","ThisRef","Local","Param","Local","Param","Local","InstanceFieldRef","RefType","RefType","RefType","RefType","RefType","RefType","RefType","RefType","Local","RefType","org","apache","xerces","validators","common","Grammar","Resolver","Impl","org","apache","xerces","validators","common","Grammar","Resolver","Impl","java","lang","String","java","lang","String","org","apache","xerces","validators","common","Grammar","org","apache","xerces","validators","common","Grammar","java","util","Hashtable","java","util","Hashtable","RefType","java","util","Hashtable","org","apache","xerces","validators","common","Grammar","Resolver","Impl"],"edges":[[0,1],[0,2],[0,3],[0,4],[0,5],[0,6],[1,7],[1,8],[2,9],[2,10],[3,11],[3,12],[4,13],[4,14],[7,15],[8,16],[9,17],[10,18],[11,19],[12,20],[13,21],[14,22],[14,23],[14,24],[15,25],[15,26],[15,27],[15,28],[15,29],[15,30],[15,31],[15,32],[16,33],[16,34],[16,35],[16,36],[16,37],[16,38],[16,39],[16,40],[17,41],[17,42],[17,43],[18,44],[18,45],[18,46],[19,47],[19,48],[19,49],[19,50],[19,51],[19,52],[20,53],[20,54],[20,55],[20,56],[20,57],[20,58],[21,59],[21,60],[21,61],[22,62],[22,63],[22,64],[23,65],[24,66],[24,67],[24,68],[65,69],[65,70],[65,71],[65,72],[65,73],[65,74],[65,75],[65,76]],"ID":2}],"edgeSet":[[0,2,0],[2,1,0]],"ENTRY":{"def":[],"use":[],"callees":[],"nodes":["CompoundStmt"],"edges":[],"ID":0},"EXIT":{"def":[],"use":[],"callees":[],"nodes":["CompoundStmt"],"edges":[],"ID":1},"method_name":"putGrammar"},{"blocks":[{"def":[],"use":[],"callees":[],"nodes":["CompoundStmt"],"edges":[],"ID":0},{"def":[],"use":[],"callees":[],"nodes":["CompoundStmt"],"edges":[],"ID":1},{"def":["$r1","$i0","r0"],"use":["$r1","r0.\u003corg.apache.xerces.validators.common.GrammarResolverImpl: java.util.Hashtable fGrammarRegistry\u003e","@this: org.apache.xerces.validators.common.GrammarResolverImpl","$i0","r0"],"callees":[],"nodes":["CompoundStmt","DefinitionStmt","DefinitionStmt","DefinitionStmt","ReturnStmt","Local","ThisRef","Local","InstanceFieldRef","Local","Invoke","Local","RefType","RefType","RefType","RefType","Local","RefType","Int","Int","org","apache","xerces","validators","common","Grammar","Resolver","Impl","org","apache","xerces","validators","common","Grammar","Resolver","Impl","java","util","Hashtable","java","util","Hashtable","RefType","java","util","Hashtable","org","apache","xerces","validators","common","Grammar","Resolver","Impl"],"edges":[[0,1],[0,2],[0,3],[0,4],[1,5],[1,6],[2,7],[2,8],[3,9],[3,10],[4,11],[5,12],[6,13],[7,14],[8,15],[8,16],[8,17],[9,18],[11,19],[12,20],[12,21],[12,22],[12,23],[12,24],[12,25],[12,26],[12,27],[13,28],[13,29],[13,30],[13,31],[13,32],[13,33],[13,34],[13,35],[14,36],[14,37],[14,38],[15,39],[15,40],[15,41],[16,42],[17,43],[17,44],[17,45],[42,46],[42,47],[42,48],[42,49],[42,50],[42,51],[42,52],[42,53]],"ID":2}],"edgeSet":[[0,2,0],[2,1,0]],"ENTRY":{"def":[],"use":[],"callees":[],"nodes":["CompoundStmt"],"edges":[],"ID":0},"EXIT":{"def":[],"use":[],"callees":[],"nodes":["CompoundStmt"],"edges":[],"ID":1},"method_name":"size"},{"blocks":[{"def":[],"use":[],"callees":[],"nodes":["CompoundStmt"],"edges":[],"ID":0},{"def":[],"use":[],"callees":[],"nodes":["CompoundStmt"],"edges":[],"ID":1},{"def":["$r1","$r2","r0"],"use":["$r1","r0.\u003corg.apache.xerces.validators.common.GrammarResolverImpl: java.util.Hashtable fGrammarRegistry\u003e","$r2","@this: org.apache.xerces.validators.common.GrammarResolverImpl","r0"],"callees":[],"nodes":["CompoundStmt","DefinitionStmt","DefinitionStmt","DefinitionStmt","ReturnStmt","Local","ThisRef","Local","InstanceFieldRef","Local","Invoke","Local","RefType","RefType","RefType","RefType","Local","RefType","RefType","RefType","org","apache","xerces","validators","common","Grammar","Resolver","Impl","org","apache","xerces","validators","common","Grammar","Resolver","Impl","java","util","Hashtable","java","util","Hashtable","RefType","java","util","Hashtable","java","util","Enumeration","java","util","Enumeration","org","apache","xerces","validators","common","Grammar","Resolver","Impl"],"edges":[[0,1],[0,2],[0,3],[0,4],[1,5],[1,6],[2,7],[2,8],[3,9],[3,10],[4,11],[5,12],[6,13],[7,14],[8,15],[8,16],[8,17],[9,18],[11,19],[12,20],[12,21],[12,22],[12,23],[12,24],[12,25],[12,26],[12,27],[13,28],[13,29],[13,30],[13,31],[13,32],[13,33],[13,34],[13,35],[14,36],[14,37],[14,38],[15,39],[15,40],[15,41],[16,42],[17,43],[17,44],[17,45],[18,46],[18,47],[18,48],[19,49],[19,50],[19,51],[42,52],[42,53],[42,54],[42,55],[42,56],[42,57],[42,58],[42,59]],"ID":2}],"edgeSet":[[0,2,0],[2,1,0]],"ENTRY":{"def":[],"use":[],"callees":[],"nodes":["CompoundStmt"],"edges":[],"ID":0},"EXIT":{"def":[],"use":[],"callees":[],"nodes":["CompoundStmt"],"edges":[],"ID":1},"method_name":"nameSpaceKeys"},{"blocks":[{"def":[],"use":[],"callees":[],"nodes":["CompoundStmt"],"edges":[],"ID":0},{"def":[],"use":[],"callees":[],"nodes":["CompoundStmt"],"edges":[],"ID":1},{"def":["$r2","$z0","r0","r1"],"use":["r0.\u003corg.apache.xerces.validators.common.GrammarResolverImpl: java.util.Hashtable fGrammarRegistry\u003e","$r2","@this: org.apache.xerces.validators.common.GrammarResolverImpl","$z0","@parameter0: java.lang.String","r0","r1"],"callees":[],"nodes":["CompoundStmt","DefinitionStmt","DefinitionStmt","DefinitionStmt","DefinitionStmt","ReturnStmt","Local","ThisRef","Local","Param","Local","InstanceFieldRef","Local","Invoke","Local","RefType","RefType","RefType","RefType","RefType","RefType","Local","RefType","Boolean","Boolean","org","apache","xerces","validators","common","Grammar","Resolver","Impl","org","apache","xerces","validators","common","Grammar","Resolver","Impl","java","lang","String","java","lang","String","java","util","Hashtable","java","util","Hashtable","RefType","java","util","Hashtable","org","apache","xerces","validators","common","Grammar","Resolver","Impl"],"edges":[[0,1],[0,2],[0,3],[0,4],[0,5],[1,6],[1,7],[2,8],[2,9],[3,10],[3,11],[4,12],[4,13],[5,14],[6,15],[7,16],[8,17],[9,18],[10,19],[11,20],[11,21],[11,22],[12,23],[14,24],[15,25],[15,26],[15,27],[15,28],[15,29],[15,30],[15,31],[15,32],[16,33],[16,34],[16,35],[16,36],[16,37],[16,38],[16,39],[16,40],[17,41],[17,42],[17,43],[18,44],[18,45],[18,46],[19,47],[19,48],[19,49],[20,50],[20,51],[20,52],[21,53],[22,54],[22,55],[22,56],[53,57],[53,58],[53,59],[53,60],[53,61],[53,62],[53,63],[53,64]],"ID":2}],"edgeSet":[[0,2,0],[2,1,0]],"ENTRY":{"def":[],"use":[],"callees":[],"nodes":["CompoundStmt"],"edges":[],"ID":0},"EXIT":{"def":[],"use":[],"callees":[],"nodes":["CompoundStmt"],"edges":[],"ID":1},"method_name":"containsNameSpace"},{"blocks":[{"def":[],"use":[],"callees":[],"nodes":["CompoundStmt"],"edges":[],"ID":0},{"def":[],"use":[],"callees":[],"nodes":["CompoundStmt"],"edges":[],"ID":1},{"def":["$z0","r0","r1"],"use":["@this: org.apache.xerces.validators.common.GrammarResolverImpl","$z0","@parameter0: java.lang.String","r0","r1"],"callees":["containsNameSpace"],"nodes":["CompoundStmt","DefinitionStmt","DefinitionStmt","DefinitionStmt","IfStmt","Local","ThisRef","Local","Param","Local","Invoke","BinaryOp","RefType","RefType","RefType","RefType","Boolean","Local"," !\u003d ","Constant","org","apache","xerces","validators","common","Grammar","Resolver","Impl","org","apache","xerces","validators","common","Grammar","Resolver","Impl","java","lang","String","java","lang","String","Boolean","1","Int"],"edges":[[0,1],[0,2],[0,3],[0,4],[1,5],[1,6],[2,7],[2,8],[3,9],[3,10],[4,11],[5,12],[6,13],[7,14],[8,15],[9,16],[11,17],[11,18],[11,19],[12,20],[12,21],[12,22],[12,23],[12,24],[12,25],[12,26],[12,27],[13,28],[13,29],[13,30],[13,31],[13,32],[13,33],[13,34],[13,35],[14,36],[14,37],[14,38],[15,39],[15,40],[15,41],[17,42],[19,43],[19,44]],"ID":2},{"def":["$r2"],"use":["r0.\u003corg.apache.xerces.validators.common.GrammarResolverImpl: java.util.Hashtable fGrammarRegistry\u003e","$r2","r0","r1"],"callees":[],"nodes":["CompoundStmt","DefinitionStmt","Invoke","ReturnStmt","Local","InstanceFieldRef","Constant","RefType","RefType","Local","RefType","Null","java","util","Hashtable","java","util","Hashtable","RefType","java","util","Hashtable","org","apache","xerces","validators","common","Grammar","Resolver","Impl"],"edges":[[0,1],[0,2],[0,3],[1,4],[1,5],[3,6],[4,7],[5,8],[5,9],[5,10],[6,11],[7,12],[7,13],[7,14],[8,15],[8,16],[8,17],[9,18],[10,19],[10,20],[10,21],[18,22],[18,23],[18,24],[18,25],[18,26],[18,27],[18,28],[18,29]],"ID":3}],"edgeSet":[[3,1,0],[0,2,0],[2,3,1],[2,3,2]],"ENTRY":{"def":[],"use":[],"callees":[],"nodes":["CompoundStmt"],"edges":[],"ID":0},"EXIT":{"def":[],"use":[],"callees":[],"nodes":["CompoundStmt"],"edges":[],"ID":1},"method_name":"removeGrammar"},{"blocks":[{"def":[],"use":[],"callees":[],"nodes":["CompoundStmt"],"edges":[],"ID":0},{"def":[],"use":[],"callees":[],"nodes":["CompoundStmt"],"edges":[],"ID":1},{"def":["$r2","$z0","r0","r1"],"use":["@parameter0: org.apache.xerces.validators.common.Grammar","r0.\u003corg.apache.xerces.validators.common.GrammarResolverImpl: java.util.Hashtable fGrammarRegistry\u003e","$r2","@this: org.apache.xerces.validators.common.GrammarResolverImpl","$z0","r0","r1"],"callees":[],"nodes":["CompoundStmt","DefinitionStmt","DefinitionStmt","DefinitionStmt","DefinitionStmt","ReturnStmt","Local","ThisRef","Local","Param","Local","InstanceFieldRef","Local","Invoke","Local","RefType","RefType","RefType","RefType","RefType","RefType","Local","RefType","Boolean","Boolean","org","apache","xerces","validators","common","Grammar","Resolver","Impl","org","apache","xerces","validators","common","Grammar","Resolver","Impl","org","apache","xerces","validators","common","Grammar","org","apache","xerces","validators","common","Grammar","java","util","Hashtable","java","util","Hashtable","RefType","java","util","Hashtable","org","apache","xerces","validators","common","Grammar","Resolver","Impl"],"edges":[[0,1],[0,2],[0,3],[0,4],[0,5],[1,6],[1,7],[2,8],[2,9],[3,10],[3,11],[4,12],[4,13],[5,14],[6,15],[7,16],[8,17],[9,18],[10,19],[11,20],[11,21],[11,22],[12,23],[14,24],[15,25],[15,26],[15,27],[15,28],[15,29],[15,30],[15,31],[15,32],[16,33],[16,34],[16,35],[16,36],[16,37],[16,38],[16,39],[16,40],[17,41],[17,42],[17,43],[17,44],[17,45],[17,46],[18,47],[18,48],[18,49],[18,50],[18,51],[18,52],[19,53],[19,54],[19,55],[20,56],[20,57],[20,58],[21,59],[22,60],[22,61],[22,62],[59,63],[59,64],[59,65],[59,66],[59,67],[59,68],[59,69],[59,70]],"ID":2}],"edgeSet":[[0,2,0],[2,1,0]],"ENTRY":{"def":[],"use":[],"callees":[],"nodes":["CompoundStmt"],"edges":[],"ID":0},"EXIT":{"def":[],"use":[],"callees":[],"nodes":["CompoundStmt"],"edges":[],"ID":1},"method_name":"contains"},{"blocks":[{"def":[],"use":[],"callees":[],"nodes":["CompoundStmt"],"edges":[],"ID":0},{"def":[],"use":[],"callees":[],"nodes":["CompoundStmt"],"edges":[],"ID":1},{"def":["$r2","$z0","r0","r1"],"use":["r0.\u003corg.apache.xerces.validators.common.GrammarResolverImpl: java.util.Hashtable fGrammarRegistry\u003e","$r2","@this: org.apache.xerces.validators.common.GrammarResolverImpl","$z0","@parameter0: java.lang.String","r0","r1"],"callees":[],"nodes":["CompoundStmt","DefinitionStmt","DefinitionStmt","DefinitionStmt","DefinitionStmt","ReturnStmt","Local","ThisRef","Local","Param","Local","InstanceFieldRef","Local","Invoke","Local","RefType","RefType","RefType","RefType","RefType","RefType","Local","RefType","Boolean","Boolean","org","apache","xerces","validators","common","Grammar","Resolver","Impl","org","apache","xerces","validators","common","Grammar","Resolver","Impl","java","lang","String","java","lang","String","java","util","Hashtable","java","util","Hashtable","RefType","java","util","Hashtable","org","apache","xerces","validators","common","Grammar","Resolver","Impl"],"edges":[[0,1],[0,2],[0,3],[0,4],[0,5],[1,6],[1,7],[2,8],[2,9],[3,10],[3,11],[4,12],[4,13],[5,14],[6,15],[7,16],[8,17],[9,18],[10,19],[11,20],[11,21],[11,22],[12,23],[14,24],[15,25],[15,26],[15,27],[15,28],[15,29],[15,30],[15,31],[15,32],[16,33],[16,34],[16,35],[16,36],[16,37],[16,38],[16,39],[16,40],[17,41],[17,42],[17,43],[18,44],[18,45],[18,46],[19,47],[19,48],[19,49],[20,50],[20,51],[20,52],[21,53],[22,54],[22,55],[22,56],[53,57],[53,58],[53,59],[53,60],[53,61],[53,62],[53,63],[53,64]],"ID":2}],"edgeSet":[[0,2,0],[2,1,0]],"ENTRY":{"def":[],"use":[],"callees":[],"nodes":["CompoundStmt"],"edges":[],"ID":0},"EXIT":{"def":[],"use":[],"callees":[],"nodes":["CompoundStmt"],"edges":[],"ID":1},"method_name":"containsNameSpace"},{"blocks":[{"def":[],"use":[],"callees":[],"nodes":["CompoundStmt"],"edges":[],"ID":0},{"def":[],"use":[],"callees":[],"nodes":["CompoundStmt"],"edges":[],"ID":1},{"def":["$r1","$r2","r0"],"use":["$r1","r0.\u003corg.apache.xerces.validators.common.GrammarResolverImpl: java.util.Hashtable fGrammarRegistry\u003e","r0.\u003corg.apache.xerces.validators.common.GrammarResolverImpl: org.apache.xerces.validators.datatype.DatatypeValidatorFactoryImpl fDataTypeReg\u003e","$r2","@this: org.apache.xerces.validators.common.GrammarResolverImpl","r0"],"callees":[],"nodes":["CompoundStmt","DefinitionStmt","DefinitionStmt","Invoke","DefinitionStmt","IfStmt","Local","ThisRef","Local","InstanceFieldRef","Local","InstanceFieldRef","BinaryOp","RefType","RefType","RefType","RefType","Local","RefType","RefType","RefType","Local","RefType","Local"," \u003d\u003d ","Constant","org","apache","xerces","validators","common","Grammar","Resolver","Impl","org","apache","xerces","validators","common","Grammar","Resolver","Impl","java","util","Hashtable","java","util","Hashtable","RefType","java","util","Hashtable","org","apache","xerces","validators","datatype","Datatype","Validator","Factory","Impl","org","apache","xerces","validators","datatype","Datatype","Validator","Factory","Impl","RefType","org","apache","xerces","validators","datatype","Datatype","Validator","Factory","Impl","RefType","Null","org","apache","xerces","validators","common","Grammar","Resolver","Impl","org","apache","xerces","validators","common","Grammar","Resolver","Impl","org","apache","xerces","validators","datatype","Datatype","Validator","Factory","Impl"],"edges":[[0,1],[0,2],[0,3],[0,4],[0,5],[1,6],[1,7],[2,8],[2,9],[4,10],[4,11],[5,12],[6,13],[7,14],[8,15],[9,16],[9,17],[9,18],[10,19],[11,20],[11,21],[11,22],[12,23],[12,24],[12,25],[13,26],[13,27],[13,28],[13,29],[13,30],[13,31],[13,32],[13,33],[14,34],[14,35],[14,36],[14,37],[14,38],[14,39],[14,40],[14,41],[15,42],[15,43],[15,44],[16,45],[16,46],[16,47],[17,48],[18,49],[18,50],[18,51],[19,52],[19,53],[19,54],[19,55],[19,56],[19,57],[19,58],[19,59],[19,60],[20,61],[20,62],[20,63],[20,64],[20,65],[20,66],[20,67],[20,68],[20,69],[21,70],[22,71],[22,72],[22,73],[22,74],[22,75],[22,76],[22,77],[22,78],[22,79],[23,80],[25,81],[48,82],[48,83],[48,84],[48,85],[48,86],[48,87],[48,88],[48,89],[70,90],[70,91],[70,92],[70,93],[70,94],[70,95],[70,96],[70,97],[80,98],[80,99],[80,100],[80,101],[80,102],[80,103],[80,104],[80,105],[80,106]],"ID":2},{"def":["$r3"],"use":["r0.\u003corg.apache.xerces.validators.common.GrammarResolverImpl: org.apache.xerces.validators.datatype.DatatypeValidatorFactoryImpl fDataTypeReg\u003e","$r3","r0"],"callees":[],"nodes":["CompoundStmt","DefinitionStmt","Invoke","ReturnVoidStmt","Local","InstanceFieldRef","RefType","RefType","Local","RefType","org","apache","xerces","validators","datatype","Datatype","Validator","Factory","Impl","org","apache","xerces","validators","datatype","Datatype","Validator","Factory","Impl","RefType","org","apache","xerces","validators","datatype","Datatype","Validator","Factory","Impl","org","apache","xerces","validators","common","Grammar","Resolver","Impl"],"edges":[[0,1],[0,2],[0,3],[1,4],[1,5],[4,6],[5,7],[5,8],[5,9],[6,10],[6,11],[6,12],[6,13],[6,14],[6,15],[6,16],[6,17],[6,18],[7,19],[7,20],[7,21],[7,22],[7,23],[7,24],[7,25],[7,26],[7,27],[8,28],[9,29],[9,30],[9,31],[9,32],[9,33],[9,34],[9,35],[9,36],[9,37],[28,38],[28,39],[28,40],[28,41],[28,42],[28,43],[28,44],[28,45]],"ID":3}],"edgeSet":[[3,1,0],[0,2,0],[2,3,1],[2,3,2]],"ENTRY":{"def":[],"use":[],"callees":[],"nodes":["CompoundStmt"],"edges":[],"ID":0},"EXIT":{"def":[],"use":[],"callees":[],"nodes":["CompoundStmt"],"edges":[],"ID":1},"method_name":"clearGrammarResolver"}],"label":"0"}