{"data":[{"blocks":[{"def":[],"use":[],"callees":[],"nodes":["CompoundStmt"],"edges":[],"ID":0},{"def":[],"use":[],"callees":[],"nodes":["CompoundStmt"],"edges":[],"ID":1},{"def":["r0"],"use":["@this: org.xml.sax.helpers.ParserFactory","r0"],"callees":[],"nodes":["CompoundStmt","DefinitionStmt","Invoke","ReturnVoidStmt","Local","ThisRef","RefType","RefType","org","xml","sax","helpers","Parser","Factory","org","xml","sax","helpers","Parser","Factory"],"edges":[[0,1],[0,2],[0,3],[1,4],[1,5],[4,6],[5,7],[6,8],[6,9],[6,10],[6,11],[6,12],[6,13],[7,14],[7,15],[7,16],[7,17],[7,18],[7,19]],"ID":2}],"edgeSet":[[0,2,0],[2,1,0]],"ENTRY":{"def":[],"use":[],"callees":[],"nodes":["CompoundStmt"],"edges":[],"ID":0},"EXIT":{"def":[],"use":[],"callees":[],"nodes":["CompoundStmt"],"edges":[],"ID":1},"method_name":"\u003cinit\u003e"},{"blocks":[{"def":[],"use":[],"callees":[],"nodes":["CompoundStmt"],"edges":[],"ID":0},{"def":[],"use":[],"callees":[],"nodes":["CompoundStmt"],"edges":[],"ID":1},{"def":["$r2","$r3","$r4","r0","r1"],"use":["@this: org.xml.sax.helpers.SecuritySupport","$r2","$r3","$r4","@parameter0: java.lang.String","r0","r1"],"callees":["\u003cinit\u003e"],"nodes":["CompoundStmt","DefinitionStmt","DefinitionStmt","DefinitionStmt","Invoke","DefinitionStmt","DefinitionStmt","ReturnStmt","Local","ThisRef","Local","Param","Local","NewExpr","Local","Invoke","Local","CastExpr","Local","RefType","RefType","RefType","RefType","RefType","RefType","RefType","RefType","RefType","RefType","Local","RefType","org","xml","sax","helpers","Security","Support","org","xml","sax","helpers","Security","Support","java","lang","String","java","lang","String","org","xml","sax","helpers","Security","Support$2","org","xml","sax","helpers","Security","Support$2","java","lang","Object","java","lang","String","java","lang","String","java","lang","String","RefType","java","lang","String","java","lang","Object"],"edges":[[0,1],[0,2],[0,3],[0,4],[0,5],[0,6],[0,7],[1,8],[1,9],[2,10],[2,11],[3,12],[3,13],[5,14],[5,15],[6,16],[6,17],[7,18],[8,19],[9,20],[10,21],[11,22],[12,23],[13,24],[14,25],[16,26],[17,27],[17,28],[17,29],[18,30],[19,31],[19,32],[19,33],[19,34],[19,35],[19,36],[20,37],[20,38],[20,39],[20,40],[20,41],[20,42],[21,43],[21,44],[21,45],[22,46],[22,47],[22,48],[23,49],[23,50],[23,51],[23,52],[23,53],[23,54],[24,55],[24,56],[24,57],[24,58],[24,59],[24,60],[25,61],[25,62],[25,63],[26,64],[26,65],[26,66],[27,67],[27,68],[27,69],[28,70],[28,71],[28,72],[29,73],[30,74],[30,75],[30,76],[73,77],[73,78],[73,79]],"ID":2}],"edgeSet":[[0,2,0],[2,1,0]],"ENTRY":{"def":[],"use":[],"callees":[],"nodes":["CompoundStmt"],"edges":[],"ID":0},"EXIT":{"def":[],"use":[],"callees":[],"nodes":["CompoundStmt"],"edges":[],"ID":1},"method_name":"getSystemProperty"},{"blocks":[{"def":[],"use":[],"callees":[],"nodes":["CompoundStmt"],"edges":[],"ID":0},{"def":[],"use":[],"callees":[],"nodes":["CompoundStmt"],"edges":[],"ID":1},{"def":["$r1","r0"],"use":["$r1","\u003corg.xml.sax.helpers.ParserFactory: org.xml.sax.helpers.SecuritySupport ss\u003e","r0"],"callees":["getSystemProperty"],"nodes":["CompoundStmt","DefinitionStmt","DefinitionStmt","IfStmt","Local","StaticFieldRef","Local","Invoke","BinaryOp","RefType","RefType","RefType","RefType","Local"," !\u003d ","Constant","org","xml","sax","helpers","Security","Support","org","xml","sax","helpers","Security","Support","org","xml","sax","helpers","Security","Support","java","lang","String","RefType","Null","java","lang","String"],"edges":[[0,1],[0,2],[0,3],[1,4],[1,5],[2,6],[2,7],[3,8],[4,9],[5,10],[5,11],[6,12],[8,13],[8,14],[8,15],[9,16],[9,17],[9,18],[9,19],[9,20],[9,21],[10,22],[10,23],[10,24],[10,25],[10,26],[10,27],[11,28],[11,29],[11,30],[11,31],[11,32],[11,33],[12,34],[12,35],[12,36],[13,37],[15,38],[37,39],[37,40],[37,41]],"ID":2},{"def":["$r3"],"use":["$r3"],"callees":[],"nodes":["CompoundStmt","DefinitionStmt","Invoke","ThrowStmt","Local","NewExpr","Local","RefType","RefType","RefType","java","lang","Null","Pointer","Exception","java","lang","Null","Pointer","Exception","java","lang","Null","Pointer","Exception"],"edges":[[0,1],[0,2],[0,3],[1,4],[1,5],[3,6],[4,7],[5,8],[6,9],[7,10],[7,11],[7,12],[7,13],[7,14],[8,15],[8,16],[8,17],[8,18],[8,19],[9,20],[9,21],[9,22],[9,23],[9,24]],"ID":3},{"def":["$r2"],"use":["$r2","r0"],"callees":["makeParser"],"nodes":["CompoundStmt","DefinitionStmt","ReturnStmt","Local","Invoke","Local","RefType","RefType","org","xml","sax","Parser","org","xml","sax","Parser"],"edges":[[0,1],[0,2],[1,3],[1,4],[2,5],[3,6],[5,7],[6,8],[6,9],[6,10],[6,11],[7,12],[7,13],[7,14],[7,15]],"ID":4}],"edgeSet":[[3,1,0],[4,1,0],[0,2,0],[2,3,1],[2,4,2]],"ENTRY":{"def":[],"use":[],"callees":[],"nodes":["CompoundStmt"],"edges":[],"ID":0},"EXIT":{"def":[],"use":[],"callees":[],"nodes":["CompoundStmt"],"edges":[],"ID":1},"method_name":"makeParser"},{"blocks":[{"def":[],"use":[],"callees":[],"nodes":["CompoundStmt"],"edges":[],"ID":0},{"def":[],"use":[],"callees":[],"nodes":["CompoundStmt"],"edges":[],"ID":1},{"def":["$r1","$r2","$r3","r0"],"use":["@this: org.xml.sax.helpers.SecuritySupport","$r1","$r2","$r3","r0"],"callees":["\u003cinit\u003e"],"nodes":["CompoundStmt","DefinitionStmt","DefinitionStmt","Invoke","DefinitionStmt","DefinitionStmt","ReturnStmt","Local","ThisRef","Local","NewExpr","Local","Invoke","Local","CastExpr","Local","RefType","RefType","RefType","RefType","RefType","RefType","RefType","RefType","Local","RefType","org","xml","sax","helpers","Security","Support","org","xml","sax","helpers","Security","Support","org","xml","sax","helpers","Security","Support$1","org","xml","sax","helpers","Security","Support$1","java","lang","Object","java","lang","Class","Loader","java","lang","Class","Loader","java","lang","Class","Loader","RefType","java","lang","Class","Loader","java","lang","Object"],"edges":[[0,1],[0,2],[0,3],[0,4],[0,5],[0,6],[1,7],[1,8],[2,9],[2,10],[4,11],[4,12],[5,13],[5,14],[6,15],[7,16],[8,17],[9,18],[10,19],[11,20],[13,21],[14,22],[14,23],[14,24],[15,25],[16,26],[16,27],[16,28],[16,29],[16,30],[16,31],[17,32],[17,33],[17,34],[17,35],[17,36],[17,37],[18,38],[18,39],[18,40],[18,41],[18,42],[18,43],[19,44],[19,45],[19,46],[19,47],[19,48],[19,49],[20,50],[20,51],[20,52],[21,53],[21,54],[21,55],[21,56],[22,57],[22,58],[22,59],[22,60],[23,61],[23,62],[23,63],[23,64],[24,65],[25,66],[25,67],[25,68],[25,69],[65,70],[65,71],[65,72]],"ID":2}],"edgeSet":[[0,2,0],[2,1,0]],"ENTRY":{"def":[],"use":[],"callees":[],"nodes":["CompoundStmt"],"edges":[],"ID":0},"EXIT":{"def":[],"use":[],"callees":[],"nodes":["CompoundStmt"],"edges":[],"ID":1},"method_name":"getContextClassLoader"},{"blocks":[{"def":[],"use":[],"callees":[],"nodes":["CompoundStmt"],"edges":[],"ID":0},{"def":[],"use":[],"callees":[],"nodes":["CompoundStmt"],"edges":[],"ID":1},{"def":["$r2","z1","r0","r1"],"use":["$r2","@parameter1: java.lang.String","@parameter0: java.lang.ClassLoader"],"callees":[],"nodes":["CompoundStmt","DefinitionStmt","DefinitionStmt","DefinitionStmt","DefinitionStmt","IfStmt","Local","Param","Local","Param","Local","Constant","Local","Invoke","BinaryOp","RefType","RefType","RefType","RefType","Boolean","0","Int","RefType","Local"," \u003d\u003d ","Constant","java","lang","Class","Loader","java","lang","Class","Loader","java","lang","String","java","lang","String","java","lang","Security","Manager","RefType","Null","java","lang","Security","Manager"],"edges":[[0,1],[0,2],[0,3],[0,4],[0,5],[1,6],[1,7],[2,8],[2,9],[3,10],[3,11],[4,12],[4,13],[5,14],[6,15],[7,16],[8,17],[9,18],[10,19],[11,20],[11,21],[12,22],[14,23],[14,24],[14,25],[15,26],[15,27],[15,28],[15,29],[16,30],[16,31],[16,32],[16,33],[17,34],[17,35],[17,36],[18,37],[18,38],[18,39],[22,40],[22,41],[22,42],[22,43],[23,44],[25,45],[44,46],[44,47],[44,48],[44,49]],"ID":2},{"def":[],"use":["r1"],"callees":[],"nodes":["CompoundStmt","IfStmt","BinaryOp","Local"," \u003d\u003d ","Constant","RefType","Null","java","lang","String"],"edges":[[0,1],[1,2],[2,3],[2,4],[2,5],[3,6],[5,7],[6,8],[6,9],[6,10]],"ID":3},{"def":["$z0"],"use":["$z0","r1"],"callees":[],"nodes":["CompoundStmt","DefinitionStmt","IfStmt","Local","Invoke","BinaryOp","Boolean","Local"," \u003d\u003d ","Constant","Boolean","0","Int"],"edges":[[0,1],[0,2],[1,3],[1,4],[2,5],[3,6],[5,7],[5,8],[5,9],[7,10],[9,11],[9,12]],"ID":4},{"def":["z1"],"use":["r0"],"callees":[],"nodes":["CompoundStmt","DefinitionStmt","IfStmt","Local","Constant","BinaryOp","Boolean","1","Int","Local"," \u003d\u003d ","Constant","RefType","Null","java","lang","Class","Loader"],"edges":[[0,1],[0,2],[1,3],[1,4],[2,5],[3,6],[4,7],[4,8],[5,9],[5,10],[5,11],[9,12],[11,13],[12,14],[12,15],[12,16],[12,17]],"ID":5},{"def":[],"use":["z1"],"callees":[],"nodes":["CompoundStmt","IfStmt","BinaryOp","Local"," \u003d\u003d ","Constant","Boolean","0","Int"],"edges":[[0,1],[1,2],[2,3],[2,4],[2,5],[3,6],[5,7],[5,8]],"ID":6},{"def":["r4","$r3"],"use":["r4","$r3","r1"],"callees":[],"nodes":["CompoundStmt","DefinitionStmt","GotoStmt","DefinitionStmt","ReturnStmt","Local","Invoke","Local","Invoke","Local","RefType","RefType","RefType","java","lang","Class","java","lang","Object","java","lang","Object"],"edges":[[0,1],[0,2],[0,3],[0,4],[1,5],[1,6],[3,7],[3,8],[4,9],[5,10],[7,11],[9,12],[10,13],[10,14],[10,15],[11,16],[11,17],[11,18],[12,19],[12,20],[12,21]],"ID":7},{"def":["r4"],"use":["r0","r1"],"callees":[],"nodes":["CompoundStmt","DefinitionStmt","Local","Invoke","RefType","java","lang","Class"],"edges":[[0,1],[1,2],[1,3],[2,4],[4,5],[4,6],[4,7]],"ID":8}],"edgeSet":[[7,1,0],[0,2,0],[2,5,2],[2,3,1],[3,4,1],[3,5,2],[4,5,1],[5,6,1],[5,7,2],[6,7,1],[6,8,2],[4,5,2],[8,7,0]],"ENTRY":{"def":[],"use":[],"callees":[],"nodes":["CompoundStmt"],"edges":[],"ID":0},"EXIT":{"def":[],"use":[],"callees":[],"nodes":["CompoundStmt"],"edges":[],"ID":1},"method_name":"newInstance"},{"blocks":[{"def":[],"use":[],"callees":[],"nodes":["CompoundStmt"],"edges":[],"ID":0},{"def":[],"use":[],"callees":[],"nodes":["CompoundStmt"],"edges":[],"ID":1},{"def":["$r1","$r2","$r3","$r4","r0"],"use":["$r1","$r2","$r3","$r4","\u003corg.xml.sax.helpers.ParserFactory: org.xml.sax.helpers.SecuritySupport ss\u003e","@parameter0: java.lang.String","r0"],"callees":["getContextClassLoader","newInstance"],"nodes":["CompoundStmt","DefinitionStmt","DefinitionStmt","DefinitionStmt","DefinitionStmt","DefinitionStmt","ReturnStmt","Local","Param","Local","StaticFieldRef","Local","Invoke","Local","Invoke","Local","CastExpr","Local","RefType","RefType","RefType","RefType","RefType","RefType","RefType","RefType","RefType","RefType","Local","RefType","java","lang","String","java","lang","String","org","xml","sax","helpers","Security","Support","org","xml","sax","helpers","Security","Support","org","xml","sax","helpers","Security","Support","java","lang","Class","Loader","java","lang","Object","org","xml","sax","Parser","org","xml","sax","Parser","org","xml","sax","Parser","RefType","org","xml","sax","Parser","java","lang","Object"],"edges":[[0,1],[0,2],[0,3],[0,4],[0,5],[0,6],[1,7],[1,8],[2,9],[2,10],[3,11],[3,12],[4,13],[4,14],[5,15],[5,16],[6,17],[7,18],[8,19],[9,20],[10,21],[10,22],[11,23],[13,24],[15,25],[16,26],[16,27],[16,28],[17,29],[18,30],[18,31],[18,32],[19,33],[19,34],[19,35],[20,36],[20,37],[20,38],[20,39],[20,40],[20,41],[21,42],[21,43],[21,44],[21,45],[21,46],[21,47],[22,48],[22,49],[22,50],[22,51],[22,52],[22,53],[23,54],[23,55],[23,56],[23,57],[24,58],[24,59],[24,60],[25,61],[25,62],[25,63],[25,64],[26,65],[26,66],[26,67],[26,68],[27,69],[27,70],[27,71],[27,72],[28,73],[29,74],[29,75],[29,76],[29,77],[73,78],[73,79],[73,80]],"ID":2}],"edgeSet":[[0,2,0],[2,1,0]],"ENTRY":{"def":[],"use":[],"callees":[],"nodes":["CompoundStmt"],"edges":[],"ID":0},"EXIT":{"def":[],"use":[],"callees":[],"nodes":["CompoundStmt"],"edges":[],"ID":1},"method_name":"makeParser"},{"blocks":[{"def":[],"use":[],"callees":[],"nodes":["CompoundStmt"],"edges":[],"ID":0},{"def":[],"use":[],"callees":[],"nodes":["CompoundStmt"],"edges":[],"ID":1},{"def":["$r0","\u003corg.xml.sax.helpers.ParserFactory: org.xml.sax.helpers.SecuritySupport ss\u003e"],"use":["$r0"],"callees":["\u003cinit\u003e"],"nodes":["CompoundStmt","DefinitionStmt","Invoke","DefinitionStmt","ReturnVoidStmt","Local","NewExpr","StaticFieldRef","Local","RefType","RefType","RefType","RefType","RefType","org","xml","sax","helpers","Security","Support","org","xml","sax","helpers","Security","Support","org","xml","sax","helpers","Security","Support","org","xml","sax","helpers","Security","Support","org","xml","sax","helpers","Security","Support"],"edges":[[0,1],[0,2],[0,3],[0,4],[1,5],[1,6],[3,7],[3,8],[5,9],[6,10],[7,11],[7,12],[8,13],[9,14],[9,15],[9,16],[9,17],[9,18],[9,19],[10,20],[10,21],[10,22],[10,23],[10,24],[10,25],[11,26],[11,27],[11,28],[11,29],[11,30],[11,31],[12,32],[12,33],[12,34],[12,35],[12,36],[12,37],[13,38],[13,39],[13,40],[13,41],[13,42],[13,43]],"ID":2}],"edgeSet":[[0,2,0],[2,1,0]],"ENTRY":{"def":[],"use":[],"callees":[],"nodes":["CompoundStmt"],"edges":[],"ID":0},"EXIT":{"def":[],"use":[],"callees":[],"nodes":["CompoundStmt"],"edges":[],"ID":1},"method_name":"\u003cclinit\u003e"}],"label":"0"}