{"data":[{"blocks":[{"def":[],"use":[],"callees":[],"nodes":["CompoundStmt"],"edges":[],"ID":0},{"def":[],"use":[],"callees":[],"nodes":["CompoundStmt"],"edges":[],"ID":1},{"def":["$i0","r0"],"use":["@this: org.apache.html.dom.CollectionIndex","r0.\u003corg.apache.html.dom.CollectionIndex: int _index\u003e","$i0","r0"],"callees":[],"nodes":["CompoundStmt","DefinitionStmt","DefinitionStmt","ReturnStmt","Local","ThisRef","Local","InstanceFieldRef","Local","RefType","RefType","Int","Int","Local","Int","Int","org","apache","html","dom","Collection","Index","org","apache","html","dom","Collection","Index","RefType","org","apache","html","dom","Collection","Index"],"edges":[[0,1],[0,2],[0,3],[1,4],[1,5],[2,6],[2,7],[3,8],[4,9],[5,10],[6,11],[7,12],[7,13],[7,14],[8,15],[9,16],[9,17],[9,18],[9,19],[9,20],[9,21],[10,22],[10,23],[10,24],[10,25],[10,26],[10,27],[13,28],[28,29],[28,30],[28,31],[28,32],[28,33],[28,34]],"ID":2}],"edgeSet":[[0,2,0],[2,1,0]],"ENTRY":{"def":[],"use":[],"callees":[],"nodes":["CompoundStmt"],"edges":[],"ID":0},"EXIT":{"def":[],"use":[],"callees":[],"nodes":["CompoundStmt"],"edges":[],"ID":1},"method_name":"getIndex"},{"blocks":[{"def":[],"use":[],"callees":[],"nodes":["CompoundStmt"],"edges":[],"ID":0},{"def":[],"use":[],"callees":[],"nodes":["CompoundStmt"],"edges":[],"ID":1},{"def":["$i0","r0.\u003corg.apache.html.dom.CollectionIndex: int _index\u003e","$i1","r0"],"use":["@this: org.apache.html.dom.CollectionIndex","r0.\u003corg.apache.html.dom.CollectionIndex: int _index\u003e","$i0","$i1","r0"],"callees":[],"nodes":["CompoundStmt","DefinitionStmt","DefinitionStmt","DefinitionStmt","DefinitionStmt","ReturnVoidStmt","Local","ThisRef","Local","InstanceFieldRef","Local","BinaryOp","InstanceFieldRef","Local","RefType","RefType","Int","Int","Local","Int","Int","Local"," - ","Constant","Int","Local","Int","Int","org","apache","html","dom","Collection","Index","org","apache","html","dom","Collection","Index","RefType","Int","1","Int","RefType","org","apache","html","dom","Collection","Index","org","apache","html","dom","Collection","Index"],"edges":[[0,1],[0,2],[0,3],[0,4],[0,5],[1,6],[1,7],[2,8],[2,9],[3,10],[3,11],[4,12],[4,13],[6,14],[7,15],[8,16],[9,17],[9,18],[9,19],[10,20],[11,21],[11,22],[11,23],[12,24],[12,25],[12,26],[13,27],[14,28],[14,29],[14,30],[14,31],[14,32],[14,33],[15,34],[15,35],[15,36],[15,37],[15,38],[15,39],[18,40],[21,41],[23,42],[23,43],[25,44],[40,45],[40,46],[40,47],[40,48],[40,49],[40,50],[44,51],[44,52],[44,53],[44,54],[44,55],[44,56]],"ID":2}],"edgeSet":[[0,2,0],[2,1,0]],"ENTRY":{"def":[],"use":[],"callees":[],"nodes":["CompoundStmt"],"edges":[],"ID":0},"EXIT":{"def":[],"use":[],"callees":[],"nodes":["CompoundStmt"],"edges":[],"ID":1},"method_name":"decrement"},{"blocks":[{"def":[],"use":[],"callees":[],"nodes":["CompoundStmt"],"edges":[],"ID":0},{"def":[],"use":[],"callees":[],"nodes":["CompoundStmt"],"edges":[],"ID":1},{"def":["$i0","r0"],"use":["@this: org.apache.html.dom.CollectionIndex","r0.\u003corg.apache.html.dom.CollectionIndex: int _index\u003e","$i0","r0"],"callees":[],"nodes":["CompoundStmt","DefinitionStmt","DefinitionStmt","IfStmt","Local","ThisRef","Local","InstanceFieldRef","BinaryOp","RefType","RefType","Int","Int","Local","Int","Local"," \u003e ","Constant","org","apache","html","dom","Collection","Index","org","apache","html","dom","Collection","Index","RefType","Int","0","Int","org","apache","html","dom","Collection","Index"],"edges":[[0,1],[0,2],[0,3],[1,4],[1,5],[2,6],[2,7],[3,8],[4,9],[5,10],[6,11],[7,12],[7,13],[7,14],[8,15],[8,16],[8,17],[9,18],[9,19],[9,20],[9,21],[9,22],[9,23],[10,24],[10,25],[10,26],[10,27],[10,28],[10,29],[13,30],[15,31],[17,32],[17,33],[30,34],[30,35],[30,36],[30,37],[30,38],[30,39]],"ID":2},{"def":["$z0"],"use":["$z0"],"callees":[],"nodes":["CompoundStmt","DefinitionStmt","GotoStmt","ReturnStmt","Local","Constant","Local","Boolean","1","Int","Boolean"],"edges":[[0,1],[0,2],[0,3],[1,4],[1,5],[3,6],[4,7],[5,8],[5,9],[6,10]],"ID":3},{"def":["$z0"],"use":[],"callees":[],"nodes":["CompoundStmt","DefinitionStmt","Local","Constant","Boolean","0","Int"],"edges":[[0,1],[1,2],[1,3],[2,4],[3,5],[3,6]],"ID":4}],"edgeSet":[[3,1,0],[0,2,0],[2,3,1],[2,4,2],[4,3,0]],"ENTRY":{"def":[],"use":[],"callees":[],"nodes":["CompoundStmt"],"edges":[],"ID":0},"EXIT":{"def":[],"use":[],"callees":[],"nodes":["CompoundStmt"],"edges":[],"ID":1},"method_name":"isZero"},{"blocks":[{"def":[],"use":[],"callees":[],"nodes":["CompoundStmt"],"edges":[],"ID":0},{"def":[],"use":[],"callees":[],"nodes":["CompoundStmt"],"edges":[],"ID":1},{"def":["i0","r0.\u003corg.apache.html.dom.CollectionIndex: int _index\u003e","r0"],"use":["@this: org.apache.html.dom.CollectionIndex","i0","@parameter0: int","r0"],"callees":[],"nodes":["CompoundStmt","DefinitionStmt","DefinitionStmt","Invoke","DefinitionStmt","ReturnVoidStmt","Local","ThisRef","Local","Param","InstanceFieldRef","Local","RefType","RefType","Int","Int","Int","Local","Int","Int","org","apache","html","dom","Collection","Index","org","apache","html","dom","Collection","Index","RefType","org","apache","html","dom","Collection","Index"],"edges":[[0,1],[0,2],[0,3],[0,4],[0,5],[1,6],[1,7],[2,8],[2,9],[4,10],[4,11],[6,12],[7,13],[8,14],[9,15],[10,16],[10,17],[10,18],[11,19],[12,20],[12,21],[12,22],[12,23],[12,24],[12,25],[13,26],[13,27],[13,28],[13,29],[13,30],[13,31],[17,32],[32,33],[32,34],[32,35],[32,36],[32,37],[32,38]],"ID":2}],"edgeSet":[[0,2,0],[2,1,0]],"ENTRY":{"def":[],"use":[],"callees":[],"nodes":["CompoundStmt"],"edges":[],"ID":0},"EXIT":{"def":[],"use":[],"callees":[],"nodes":["CompoundStmt"],"edges":[],"ID":1},"method_name":"\u003cinit\u003e"}],"label":"0"}