{"data":[{"blocks":[{"def":[],"use":[],"callees":[],"nodes":["CompoundStmt"],"edges":[],"ID":0},{"def":[],"use":[],"callees":[],"nodes":["CompoundStmt"],"edges":[],"ID":1},{"def":["r0","r1"],"use":["@parameter0: org.apache.xerces.validators.schema.identity.XPath","@this: org.apache.xerces.validators.schema.identity.XPathMatcher","r0","r1"],"callees":["\u003cinit\u003e"],"nodes":["CompoundStmt","DefinitionStmt","DefinitionStmt","Invoke","ReturnVoidStmt","Local","ThisRef","Local","Param","RefType","RefType","RefType","RefType","org","apache","xerces","validators","schema","identity","X","Path","Matcher","org","apache","xerces","validators","schema","identity","X","Path","Matcher","org","apache","xerces","validators","schema","identity","X","Path","org","apache","xerces","validators","schema","identity","X","Path"],"edges":[[0,1],[0,2],[0,3],[0,4],[1,5],[1,6],[2,7],[2,8],[5,9],[6,10],[7,11],[8,12],[9,13],[9,14],[9,15],[9,16],[9,17],[9,18],[9,19],[9,20],[9,21],[10,22],[10,23],[10,24],[10,25],[10,26],[10,27],[10,28],[10,29],[10,30],[11,31],[11,32],[11,33],[11,34],[11,35],[11,36],[11,37],[11,38],[12,39],[12,40],[12,41],[12,42],[12,43],[12,44],[12,45],[12,46]],"ID":2}],"edgeSet":[[0,2,0],[2,1,0]],"ENTRY":{"def":[],"use":[],"callees":[],"nodes":["CompoundStmt"],"edges":[],"ID":0},"EXIT":{"def":[],"use":[],"callees":[],"nodes":["CompoundStmt"],"edges":[],"ID":1},"method_name":"\u003cinit\u003e"},{"blocks":[{"def":[],"use":[],"callees":[],"nodes":["CompoundStmt"],"edges":[],"ID":0},{"def":[],"use":[],"callees":[],"nodes":["CompoundStmt"],"edges":[],"ID":1},{"def":["$r1","r0"],"use":["$r1","@this: org.apache.xerces.validators.schema.identity.XPath$LocationPath","r0"],"callees":["\u003cinit\u003e"],"nodes":["CompoundStmt","DefinitionStmt","DefinitionStmt","Invoke","ReturnStmt","Local","ThisRef","Local","NewExpr","Local","RefType","RefType","RefType","RefType","RefType","org","apache","xerces","validators","schema","identity","X","Path$","Location","Path","org","apache","xerces","validators","schema","identity","X","Path$","Location","Path","org","apache","xerces","validators","schema","identity","X","Path$","Location","Path","org","apache","xerces","validators","schema","identity","X","Path$","Location","Path","org","apache","xerces","validators","schema","identity","X","Path$","Location","Path"],"edges":[[0,1],[0,2],[0,3],[0,4],[1,5],[1,6],[2,7],[2,8],[4,9],[5,10],[6,11],[7,12],[8,13],[9,14],[10,15],[10,16],[10,17],[10,18],[10,19],[10,20],[10,21],[10,22],[10,23],[10,24],[11,25],[11,26],[11,27],[11,28],[11,29],[11,30],[11,31],[11,32],[11,33],[11,34],[12,35],[12,36],[12,37],[12,38],[12,39],[12,40],[12,41],[12,42],[12,43],[12,44],[13,45],[13,46],[13,47],[13,48],[13,49],[13,50],[13,51],[13,52],[13,53],[13,54],[14,55],[14,56],[14,57],[14,58],[14,59],[14,60],[14,61],[14,62],[14,63],[14,64]],"ID":2}],"edgeSet":[[0,2,0],[2,1,0]],"ENTRY":{"def":[],"use":[],"callees":[],"nodes":["CompoundStmt"],"edges":[],"ID":0},"EXIT":{"def":[],"use":[],"callees":[],"nodes":["CompoundStmt"],"edges":[],"ID":1},"method_name":"clone"},{"blocks":[{"def":[],"use":[],"callees":[],"nodes":["CompoundStmt"],"edges":[],"ID":0},{"def":[],"use":[],"callees":[],"nodes":["CompoundStmt"],"edges":[],"ID":1},{"def":["$r1","$r2","$r3","r0"],"use":["$r1","@this: org.apache.xerces.validators.schema.identity.XPath","$r2","$r3","r0.\u003corg.apache.xerces.validators.schema.identity.XPath: org.apache.xerces.validators.schema.identity.XPath$LocationPath fLocationPath\u003e","r0"],"callees":["clone"],"nodes":["CompoundStmt","DefinitionStmt","DefinitionStmt","DefinitionStmt","DefinitionStmt","ReturnStmt","Local","ThisRef","Local","InstanceFieldRef","Local","Invoke","Local","CastExpr","Local","RefType","RefType","RefType","RefType","Local","RefType","RefType","RefType","RefType","RefType","Local","RefType","org","apache","xerces","validators","schema","identity","X","Path","org","apache","xerces","validators","schema","identity","X","Path","org","apache","xerces","validators","schema","identity","X","Path$","Location","Path","org","apache","xerces","validators","schema","identity","X","Path$","Location","Path","RefType","org","apache","xerces","validators","schema","identity","X","Path$","Location","Path","java","lang","Object","org","apache","xerces","validators","schema","identity","X","Path$","Location","Path","org","apache","xerces","validators","schema","identity","X","Path$","Location","Path","org","apache","xerces","validators","schema","identity","X","Path$","Location","Path","RefType","org","apache","xerces","validators","schema","identity","X","Path$","Location","Path","org","apache","xerces","validators","schema","identity","X","Path","java","lang","Object"],"edges":[[0,1],[0,2],[0,3],[0,4],[0,5],[1,6],[1,7],[2,8],[2,9],[3,10],[3,11],[4,12],[4,13],[5,14],[6,15],[7,16],[8,17],[9,18],[9,19],[9,20],[10,21],[12,22],[13,23],[13,24],[13,25],[14,26],[15,27],[15,28],[15,29],[15,30],[15,31],[15,32],[15,33],[15,34],[16,35],[16,36],[16,37],[16,38],[16,39],[16,40],[16,41],[16,42],[17,43],[17,44],[17,45],[17,46],[17,47],[17,48],[17,49],[17,50],[17,51],[17,52],[18,53],[18,54],[18,55],[18,56],[18,57],[18,58],[18,59],[18,60],[18,61],[18,62],[19,63],[20,64],[20,65],[20,66],[20,67],[20,68],[20,69],[20,70],[20,71],[20,72],[20,73],[21,74],[21,75],[21,76],[22,77],[22,78],[22,79],[22,80],[22,81],[22,82],[22,83],[22,84],[22,85],[22,86],[23,87],[23,88],[23,89],[23,90],[23,91],[23,92],[23,93],[23,94],[23,95],[23,96],[24,97],[24,98],[24,99],[24,100],[24,101],[24,102],[24,103],[24,104],[24,105],[24,106],[25,107],[26,108],[26,109],[26,110],[26,111],[26,112],[26,113],[26,114],[26,115],[26,116],[26,117],[63,118],[63,119],[63,120],[63,121],[63,122],[63,123],[63,124],[63,125],[107,126],[107,127],[107,128]],"ID":2}],"edgeSet":[[0,2,0],[2,1,0]],"ENTRY":{"def":[],"use":[],"callees":[],"nodes":["CompoundStmt"],"edges":[],"ID":0},"EXIT":{"def":[],"use":[],"callees":[],"nodes":["CompoundStmt"],"edges":[],"ID":1},"method_name":"getLocationPath"},{"blocks":[{"def":[],"use":[],"callees":[],"nodes":["CompoundStmt"],"edges":[],"ID":0},{"def":[],"use":[],"callees":[],"nodes":["CompoundStmt"],"edges":[],"ID":1},{"def":["$r2","r0.\u003corg.apache.xerces.validators.schema.identity.XPathMatcher: org.apache.xerces.utils.IntStack fStepIndexes\u003e","$r3","z0","$r4","r0.\u003corg.apache.xerces.validators.schema.identity.XPathMatcher: boolean fShouldBufferContent\u003e","r0.\u003corg.apache.xerces.validators.schema.identity.XPathMatcher: org.apache.xerces.validators.schema.identity.XPath$LocationPath fLocationPath\u003e","r0","r0.\u003corg.apache.xerces.validators.schema.identity.XPathMatcher: java.lang.StringBuffer fMatchedBuffer\u003e","r1"],"use":["@parameter0: org.apache.xerces.validators.schema.identity.XPath","@parameter1: boolean","$r2","$r3","$r4","z0","@this: org.apache.xerces.validators.schema.identity.XPathMatcher","r0","r1"],"callees":["getLocationPath"],"nodes":["CompoundStmt","DefinitionStmt","DefinitionStmt","DefinitionStmt","Invoke","DefinitionStmt","Invoke","DefinitionStmt","DefinitionStmt","Invoke","DefinitionStmt","DefinitionStmt","DefinitionStmt","DefinitionStmt","ReturnVoidStmt","Local","ThisRef","Local","Param","Local","Param","Local","NewExpr","InstanceFieldRef","Local","Local","NewExpr","InstanceFieldRef","Local","Local","Invoke","InstanceFieldRef","Local","InstanceFieldRef","Local","RefType","RefType","RefType","RefType","Boolean","Boolean","RefType","RefType","RefType","Local","RefType","RefType","RefType","RefType","RefType","Local","RefType","RefType","RefType","RefType","Local","RefType","RefType","Boolean","Local","Boolean","Boolean","org","apache","xerces","validators","schema","identity","X","Path","Matcher","org","apache","xerces","validators","schema","identity","X","Path","Matcher","org","apache","xerces","validators","schema","identity","X","Path","org","apache","xerces","validators","schema","identity","X","Path","java","lang","String","Buffer","java","lang","String","Buffer","java","lang","String","Buffer","RefType","java","lang","String","Buffer","java","lang","String","Buffer","org","apache","xerces","utils","Int","Stack","org","apache","xerces","utils","Int","Stack","org","apache","xerces","utils","Int","Stack","RefType","org","apache","xerces","utils","Int","Stack","org","apache","xerces","utils","Int","Stack","org","apache","xerces","validators","schema","identity","X","Path$","Location","Path","org","apache","xerces","validators","schema","identity","X","Path$","Location","Path","RefType","org","apache","xerces","validators","schema","identity","X","Path$","Location","Path","org","apache","xerces","validators","schema","identity","X","Path$","Location","Path","RefType","org","apache","xerces","validators","schema","identity","X","Path","Matcher","org","apache","xerces","validators","schema","identity","X","Path","Matcher","org","apache","xerces","validators","schema","identity","X","Path","Matcher","org","apache","xerces","validators","schema","identity","X","Path","Matcher"],"edges":[[0,1],[0,2],[0,3],[0,4],[0,5],[0,6],[0,7],[0,8],[0,9],[0,10],[0,11],[0,12],[0,13],[0,14],[1,15],[1,16],[2,17],[2,18],[3,19],[3,20],[5,21],[5,22],[7,23],[7,24],[8,25],[8,26],[10,27],[10,28],[11,29],[11,30],[12,31],[12,32],[13,33],[13,34],[15,35],[16,36],[17,37],[18,38],[19,39],[20,40],[21,41],[22,42],[23,43],[23,44],[23,45],[24,46],[25,47],[26,48],[27,49],[27,50],[27,51],[28,52],[29,53],[31,54],[31,55],[31,56],[32,57],[33,58],[33,59],[33,60],[34,61],[35,62],[35,63],[35,64],[35,65],[35,66],[35,67],[35,68],[35,69],[35,70],[36,71],[36,72],[36,73],[36,74],[36,75],[36,76],[36,77],[36,78],[36,79],[37,80],[37,81],[37,82],[37,83],[37,84],[37,85],[37,86],[37,87],[38,88],[38,89],[38,90],[38,91],[38,92],[38,93],[38,94],[38,95],[41,96],[41,97],[41,98],[41,99],[42,100],[42,101],[42,102],[42,103],[43,104],[43,105],[43,106],[43,107],[44,108],[45,109],[45,110],[45,111],[45,112],[46,113],[46,114],[46,115],[46,116],[47,117],[47,118],[47,119],[47,120],[47,121],[47,122],[48,123],[48,124],[48,125],[48,126],[48,127],[48,128],[49,129],[49,130],[49,131],[49,132],[49,133],[49,134],[50,135],[51,136],[51,137],[51,138],[51,139],[51,140],[51,141],[52,142],[52,143],[52,144],[52,145],[52,146],[52,147],[53,148],[53,149],[53,150],[53,151],[53,152],[53,153],[53,154],[53,155],[53,156],[53,157],[54,158],[54,159],[54,160],[54,161],[54,162],[54,163],[54,164],[54,165],[54,166],[54,167],[55,168],[56,169],[56,170],[56,171],[56,172],[56,173],[56,174],[56,175],[56,176],[56,177],[56,178],[57,179],[57,180],[57,181],[57,182],[57,183],[57,184],[57,185],[57,186],[57,187],[57,188],[59,189],[108,190],[108,191],[108,192],[108,193],[108,194],[108,195],[108,196],[108,197],[108,198],[135,199],[135,200],[135,201],[135,202],[135,203],[135,204],[135,205],[135,206],[135,207],[168,208],[168,209],[168,210],[168,211],[168,212],[168,213],[168,214],[168,215],[168,216],[189,217],[189,218],[189,219],[189,220],[189,221],[189,222],[189,223],[189,224],[189,225]],"ID":2}],"edgeSet":[[0,2,0],[2,1,0]],"ENTRY":{"def":[],"use":[],"callees":[],"nodes":["CompoundStmt"],"edges":[],"ID":0},"EXIT":{"def":[],"use":[],"callees":[],"nodes":["CompoundStmt"],"edges":[],"ID":1},"method_name":"\u003cinit\u003e"},{"blocks":[{"def":[],"use":[],"callees":[],"nodes":["CompoundStmt"],"edges":[],"ID":0},{"def":[],"use":[],"callees":[],"nodes":["CompoundStmt"],"edges":[],"ID":1},{"def":["$z0","r0"],"use":["@this: org.apache.xerces.validators.schema.identity.XPathMatcher","$z0","r0.\u003corg.apache.xerces.validators.schema.identity.XPathMatcher: boolean fMatched\u003e","r0"],"callees":[],"nodes":["CompoundStmt","DefinitionStmt","DefinitionStmt","ReturnStmt","Local","ThisRef","Local","InstanceFieldRef","Local","RefType","RefType","Boolean","Boolean","Local","Boolean","Boolean","org","apache","xerces","validators","schema","identity","X","Path","Matcher","org","apache","xerces","validators","schema","identity","X","Path","Matcher","RefType","org","apache","xerces","validators","schema","identity","X","Path","Matcher"],"edges":[[0,1],[0,2],[0,3],[1,4],[1,5],[2,6],[2,7],[3,8],[4,9],[5,10],[6,11],[7,12],[7,13],[7,14],[8,15],[9,16],[9,17],[9,18],[9,19],[9,20],[9,21],[9,22],[9,23],[9,24],[10,25],[10,26],[10,27],[10,28],[10,29],[10,30],[10,31],[10,32],[10,33],[13,34],[34,35],[34,36],[34,37],[34,38],[34,39],[34,40],[34,41],[34,42],[34,43]],"ID":2}],"edgeSet":[[0,2,0],[2,1,0]],"ENTRY":{"def":[],"use":[],"callees":[],"nodes":["CompoundStmt"],"edges":[],"ID":0},"EXIT":{"def":[],"use":[],"callees":[],"nodes":["CompoundStmt"],"edges":[],"ID":1},"method_name":"isMatched"},{"blocks":[{"def":[],"use":[],"callees":[],"nodes":["CompoundStmt"],"edges":[],"ID":0},{"def":[],"use":[],"callees":[],"nodes":["CompoundStmt"],"edges":[],"ID":1},{"def":["$r1","r0"],"use":["r0.\u003corg.apache.xerces.validators.schema.identity.XPathMatcher: java.lang.String fMatchedString\u003e","$r1","@this: org.apache.xerces.validators.schema.identity.XPathMatcher","r0"],"callees":[],"nodes":["CompoundStmt","DefinitionStmt","DefinitionStmt","ReturnStmt","Local","ThisRef","Local","InstanceFieldRef","Local","RefType","RefType","RefType","RefType","Local","RefType","RefType","org","apache","xerces","validators","schema","identity","X","Path","Matcher","org","apache","xerces","validators","schema","identity","X","Path","Matcher","java","lang","String","java","lang","String","RefType","java","lang","String","java","lang","String","org","apache","xerces","validators","schema","identity","X","Path","Matcher"],"edges":[[0,1],[0,2],[0,3],[1,4],[1,5],[2,6],[2,7],[3,8],[4,9],[5,10],[6,11],[7,12],[7,13],[7,14],[8,15],[9,16],[9,17],[9,18],[9,19],[9,20],[9,21],[9,22],[9,23],[9,24],[10,25],[10,26],[10,27],[10,28],[10,29],[10,30],[10,31],[10,32],[10,33],[11,34],[11,35],[11,36],[12,37],[12,38],[12,39],[13,40],[14,41],[14,42],[14,43],[15,44],[15,45],[15,46],[40,47],[40,48],[40,49],[40,50],[40,51],[40,52],[40,53],[40,54],[40,55]],"ID":2}],"edgeSet":[[0,2,0],[2,1,0]],"ENTRY":{"def":[],"use":[],"callees":[],"nodes":["CompoundStmt"],"edges":[],"ID":0},"EXIT":{"def":[],"use":[],"callees":[],"nodes":["CompoundStmt"],"edges":[],"ID":1},"method_name":"getMatchedString"},{"blocks":[{"def":[],"use":[],"callees":[],"nodes":["CompoundStmt"],"edges":[],"ID":0},{"def":[],"use":[],"callees":[],"nodes":["CompoundStmt"],"edges":[],"ID":1},{"def":["r0","r1"],"use":["@this: org.apache.xerces.validators.schema.identity.XPathMatcher","@parameter0: java.lang.String"],"callees":[],"nodes":["CompoundStmt","DefinitionStmt","DefinitionStmt","ReturnVoidStmt","Local","ThisRef","Local","Param","RefType","RefType","RefType","RefType","org","apache","xerces","validators","schema","identity","X","Path","Matcher","org","apache","xerces","validators","schema","identity","X","Path","Matcher","java","lang","String","java","lang","String"],"edges":[[0,1],[0,2],[0,3],[1,4],[1,5],[2,6],[2,7],[4,8],[5,9],[6,10],[7,11],[8,12],[8,13],[8,14],[8,15],[8,16],[8,17],[8,18],[8,19],[8,20],[9,21],[9,22],[9,23],[9,24],[9,25],[9,26],[9,27],[9,28],[9,29],[10,30],[10,31],[10,32],[11,33],[11,34],[11,35]],"ID":2}],"edgeSet":[[0,2,0],[2,1,0]],"ENTRY":{"def":[],"use":[],"callees":[],"nodes":["CompoundStmt"],"edges":[],"ID":0},"EXIT":{"def":[],"use":[],"callees":[],"nodes":["CompoundStmt"],"edges":[],"ID":1},"method_name":"matched"},{"blocks":[{"def":[],"use":[],"callees":[],"nodes":["CompoundStmt"],"edges":[],"ID":0},{"def":[],"use":[],"callees":[],"nodes":["CompoundStmt"],"edges":[],"ID":1},{"def":["r0.\u003corg.apache.xerces.validators.schema.identity.XPathMatcher: java.lang.String fMatchedString\u003e","$r1","r0.\u003corg.apache.xerces.validators.schema.identity.XPathMatcher: boolean fBufferContent\u003e","r0","r0.\u003corg.apache.xerces.validators.schema.identity.XPathMatcher: boolean fMatched\u003e"],"use":["$r1","@this: org.apache.xerces.validators.schema.identity.XPathMatcher","r0","r0.\u003corg.apache.xerces.validators.schema.identity.XPathMatcher: java.lang.StringBuffer fMatchedBuffer\u003e"],"callees":[],"nodes":["CompoundStmt","DefinitionStmt","DefinitionStmt","DefinitionStmt","Invoke","DefinitionStmt","DefinitionStmt","ReturnVoidStmt","Local","ThisRef","InstanceFieldRef","Constant","Local","InstanceFieldRef","InstanceFieldRef","Constant","InstanceFieldRef","Constant","RefType","RefType","Boolean","Local","Boolean","0","Int","RefType","RefType","Local","RefType","Boolean","Local","Boolean","0","Int","RefType","Local","RefType","Null","org","apache","xerces","validators","schema","identity","X","Path","Matcher","org","apache","xerces","validators","schema","identity","X","Path","Matcher","RefType","java","lang","String","Buffer","java","lang","String","Buffer","RefType","java","lang","String","Buffer","RefType","java","lang","String","RefType","java","lang","String","org","apache","xerces","validators","schema","identity","X","Path","Matcher","org","apache","xerces","validators","schema","identity","X","Path","Matcher","org","apache","xerces","validators","schema","identity","X","Path","Matcher","org","apache","xerces","validators","schema","identity","X","Path","Matcher"],"edges":[[0,1],[0,2],[0,3],[0,4],[0,5],[0,6],[0,7],[1,8],[1,9],[2,10],[2,11],[3,12],[3,13],[5,14],[5,15],[6,16],[6,17],[8,18],[9,19],[10,20],[10,21],[10,22],[11,23],[11,24],[12,25],[13,26],[13,27],[13,28],[14,29],[14,30],[14,31],[15,32],[15,33],[16,34],[16,35],[16,36],[17,37],[18,38],[18,39],[18,40],[18,41],[18,42],[18,43],[18,44],[18,45],[18,46],[19,47],[19,48],[19,49],[19,50],[19,51],[19,52],[19,53],[19,54],[19,55],[21,56],[25,57],[25,58],[25,59],[25,60],[26,61],[26,62],[26,63],[26,64],[27,65],[28,66],[28,67],[28,68],[28,69],[30,70],[34,71],[34,72],[34,73],[35,74],[36,75],[36,76],[36,77],[56,78],[56,79],[56,80],[56,81],[56,82],[56,83],[56,84],[56,85],[56,86],[65,87],[65,88],[65,89],[65,90],[65,91],[65,92],[65,93],[65,94],[65,95],[70,96],[70,97],[70,98],[70,99],[70,100],[70,101],[70,102],[70,103],[70,104],[74,105],[74,106],[74,107],[74,108],[74,109],[74,110],[74,111],[74,112],[74,113]],"ID":2}],"edgeSet":[[0,2,0],[2,1,0]],"ENTRY":{"def":[],"use":[],"callees":[],"nodes":["CompoundStmt"],"edges":[],"ID":0},"EXIT":{"def":[],"use":[],"callees":[],"nodes":["CompoundStmt"],"edges":[],"ID":1},"method_name":"clear"},{"blocks":[{"def":[],"use":[],"callees":[],"nodes":["CompoundStmt"],"edges":[],"ID":0},{"def":[],"use":[],"callees":[],"nodes":["CompoundStmt"],"edges":[],"ID":1},{"def":["r2","$r3","r0.\u003corg.apache.xerces.validators.schema.identity.XPathMatcher: int fCurrentStep\u003e","r0.\u003corg.apache.xerces.validators.schema.identity.XPathMatcher: org.apache.xerces.utils.StringPool fStringPool\u003e","$r4","r0.\u003corg.apache.xerces.validators.schema.identity.XPathMatcher: org.apache.xerces.utils.NamespacesScope fNamespacesScope\u003e","r0.\u003corg.apache.xerces.validators.schema.identity.XPathMatcher: int fNoMatchDepth\u003e","r0","r1"],"use":["r2","@parameter0: org.apache.xerces.utils.StringPool","r0.\u003corg.apache.xerces.validators.schema.identity.XPathMatcher: org.apache.xerces.utils.IntStack fStepIndexes\u003e","$r3","$r4","@this: org.apache.xerces.validators.schema.identity.XPathMatcher","@parameter1: org.apache.xerces.utils.NamespacesScope","r0","r0.\u003corg.apache.xerces.validators.schema.identity.XPathMatcher: java.lang.StringBuffer fMatchedBuffer\u003e","r1"],"callees":["clear"],"nodes":["CompoundStmt","DefinitionStmt","DefinitionStmt","DefinitionStmt","Invoke","DefinitionStmt","Invoke","DefinitionStmt","Invoke","DefinitionStmt","DefinitionStmt","DefinitionStmt","DefinitionStmt","IfStmt","Local","ThisRef","Local","Param","Local","Param","Local","InstanceFieldRef","Local","InstanceFieldRef","InstanceFieldRef","Constant","InstanceFieldRef","Constant","InstanceFieldRef","Local","InstanceFieldRef","Local","BinaryOp","RefType","RefType","RefType","RefType","RefType","RefType","RefType","RefType","Local","RefType","RefType","RefType","Local","RefType","Int","Local","Int","0","Int","Int","Local","Int","0","Int","RefType","Local","RefType","RefType","RefType","Local","RefType","RefType","Local"," !\u003d ","Constant","org","apache","xerces","validators","schema","identity","X","Path","Matcher","org","apache","xerces","validators","schema","identity","X","Path","Matcher","org","apache","xerces","utils","String","Pool","org","apache","xerces","utils","String","Pool","org","apache","xerces","utils","Namespaces","Scope","org","apache","xerces","utils","Namespaces","Scope","java","lang","String","Buffer","java","lang","String","Buffer","RefType","java","lang","String","Buffer","org","apache","xerces","utils","Int","Stack","org","apache","xerces","utils","Int","Stack","RefType","org","apache","xerces","utils","Int","Stack","RefType","RefType","org","apache","xerces","utils","String","Pool","RefType","org","apache","xerces","utils","String","Pool","org","apache","xerces","utils","String","Pool","org","apache","xerces","utils","Namespaces","Scope","RefType","org","apache","xerces","utils","Namespaces","Scope","org","apache","xerces","utils","Namespaces","Scope","RefType","Null","org","apache","xerces","validators","schema","identity","X","Path","Matcher","org","apache","xerces","validators","schema","identity","X","Path","Matcher","org","apache","xerces","validators","schema","identity","X","Path","Matcher","org","apache","xerces","validators","schema","identity","X","Path","Matcher","org","apache","xerces","validators","schema","identity","X","Path","Matcher","org","apache","xerces","validators","schema","identity","X","Path","Matcher","org","apache","xerces","utils","Namespaces","Scope"],"edges":[[0,1],[0,2],[0,3],[0,4],[0,5],[0,6],[0,7],[0,8],[0,9],[0,10],[0,11],[0,12],[0,13],[1,14],[1,15],[2,16],[2,17],[3,18],[3,19],[5,20],[5,21],[7,22],[7,23],[9,24],[9,25],[10,26],[10,27],[11,28],[11,29],[12,30],[12,31],[13,32],[14,33],[15,34],[16,35],[17,36],[18,37],[19,38],[20,39],[21,40],[21,41],[21,42],[22,43],[23,44],[23,45],[23,46],[24,47],[24,48],[24,49],[25,50],[25,51],[26,52],[26,53],[26,54],[27,55],[27,56],[28,57],[28,58],[28,59],[29,60],[30,61],[30,62],[30,63],[31,64],[32,65],[32,66],[32,67],[33,68],[33,69],[33,70],[33,71],[33,72],[33,73],[33,74],[33,75],[33,76],[34,77],[34,78],[34,79],[34,80],[34,81],[34,82],[34,83],[34,84],[34,85],[35,86],[35,87],[35,88],[35,89],[35,90],[35,91],[36,92],[36,93],[36,94],[36,95],[36,96],[36,97],[37,98],[37,99],[37,100],[37,101],[37,102],[37,103],[38,104],[38,105],[38,106],[38,107],[38,108],[38,109],[39,110],[39,111],[39,112],[39,113],[40,114],[40,115],[40,116],[40,117],[41,118],[42,119],[42,120],[42,121],[42,122],[43,123],[43,124],[43,125],[43,126],[43,127],[43,128],[44,129],[44,130],[44,131],[44,132],[44,133],[44,134],[45,135],[46,136],[46,137],[46,138],[46,139],[46,140],[46,141],[48,142],[53,143],[57,144],[57,145],[57,146],[57,147],[57,148],[57,149],[58,150],[59,151],[59,152],[59,153],[59,154],[59,155],[59,156],[60,157],[60,158],[60,159],[60,160],[60,161],[60,162],[61,163],[61,164],[61,165],[61,166],[61,167],[61,168],[62,169],[63,170],[63,171],[63,172],[63,173],[63,174],[63,175],[64,176],[64,177],[64,178],[64,179],[64,180],[64,181],[65,182],[67,183],[118,184],[118,185],[118,186],[118,187],[118,188],[118,189],[118,190],[118,191],[118,192],[135,193],[135,194],[135,195],[135,196],[135,197],[135,198],[135,199],[135,200],[135,201],[142,202],[142,203],[142,204],[142,205],[142,206],[142,207],[142,208],[142,209],[142,210],[143,211],[143,212],[143,213],[143,214],[143,215],[143,216],[143,217],[143,218],[143,219],[150,220],[150,221],[150,222],[150,223],[150,224],[150,225],[150,226],[150,227],[150,228],[169,229],[169,230],[169,231],[169,232],[169,233],[169,234],[169,235],[169,236],[169,237],[182,238],[182,239],[182,240],[182,241],[182,242],[182,243]],"ID":2},{"def":["$r5","r0.\u003corg.apache.xerces.validators.schema.identity.XPathMatcher: org.apache.xerces.utils.NamespacesScope fNamespacesScope\u003e"],"use":["$r5","r0"],"callees":[],"nodes":["CompoundStmt","DefinitionStmt","Invoke","DefinitionStmt","ReturnVoidStmt","Local","NewExpr","InstanceFieldRef","Local","RefType","RefType","RefType","Local","RefType","RefType","org","apache","xerces","utils","Namespaces","Scope","org","apache","xerces","utils","Namespaces","Scope","org","apache","xerces","utils","Namespaces","Scope","RefType","org","apache","xerces","utils","Namespaces","Scope","org","apache","xerces","utils","Namespaces","Scope","org","apache","xerces","validators","schema","identity","X","Path","Matcher"],"edges":[[0,1],[0,2],[0,3],[0,4],[1,5],[1,6],[3,7],[3,8],[5,9],[6,10],[7,11],[7,12],[7,13],[8,14],[9,15],[9,16],[9,17],[9,18],[9,19],[9,20],[10,21],[10,22],[10,23],[10,24],[10,25],[10,26],[11,27],[11,28],[11,29],[11,30],[11,31],[11,32],[12,33],[13,34],[13,35],[13,36],[13,37],[13,38],[13,39],[14,40],[14,41],[14,42],[14,43],[14,44],[14,45],[33,46],[33,47],[33,48],[33,49],[33,50],[33,51],[33,52],[33,53],[33,54]],"ID":3}],"edgeSet":[[3,1,0],[0,2,0],[2,3,1],[2,3,2]],"ENTRY":{"def":[],"use":[],"callees":[],"nodes":["CompoundStmt"],"edges":[],"ID":0},"EXIT":{"def":[],"use":[],"callees":[],"nodes":["CompoundStmt"],"edges":[],"ID":1},"method_name":"startDocumentFragment"},{"blocks":[{"def":[],"use":[],"callees":[],"nodes":["CompoundStmt"],"edges":[],"ID":0},{"def":[],"use":[],"callees":[],"nodes":["CompoundStmt"],"edges":[],"ID":1},{"def":["r2","i0","$r5","i1","$z0","r0","r1"],"use":["@parameter0: org.apache.xerces.utils.QName","@parameter2: int","r0.\u003corg.apache.xerces.validators.schema.identity.XPathMatcher: org.apache.xerces.utils.IntStack fStepIndexes\u003e","r0.\u003corg.apache.xerces.validators.schema.identity.XPathMatcher: int fCurrentStep\u003e","@this: org.apache.xerces.validators.schema.identity.XPathMatcher","$r5","i1","$z0","@parameter1: org.apache.xerces.framework.XMLAttrList","r0","r0.\u003corg.apache.xerces.validators.schema.identity.XPathMatcher: boolean fMatched\u003e"],"callees":[],"nodes":["CompoundStmt","DefinitionStmt","DefinitionStmt","DefinitionStmt","DefinitionStmt","DefinitionStmt","DefinitionStmt","Invoke","DefinitionStmt","IfStmt","Local","ThisRef","Local","Param","Local","Param","Local","Param","Local","InstanceFieldRef","Local","InstanceFieldRef","Local","InstanceFieldRef","BinaryOp","RefType","RefType","RefType","RefType","RefType","RefType","Int","Int","Int","Int","Local","Int","RefType","RefType","Local","RefType","Boolean","Boolean","Local","Boolean","Local"," !\u003d ","Constant","org","apache","xerces","validators","schema","identity","X","Path","Matcher","org","apache","xerces","validators","schema","identity","X","Path","Matcher","org","apache","xerces","utils","Q","Name","org","apache","xerces","utils","Q","Name","org","apache","xerces","framework","X","M","L","Attr","List","org","apache","xerces","framework","X","M","L","Attr","List","RefType","org","apache","xerces","utils","Int","Stack","org","apache","xerces","utils","Int","Stack","RefType","org","apache","xerces","utils","Int","Stack","RefType","Boolean","0","Int","org","apache","xerces","validators","schema","identity","X","Path","Matcher","org","apache","xerces","validators","schema","identity","X","Path","Matcher","org","apache","xerces","validators","schema","identity","X","Path","Matcher"],"edges":[[0,1],[0,2],[0,3],[0,4],[0,5],[0,6],[0,7],[0,8],[0,9],[1,10],[1,11],[2,12],[2,13],[3,14],[3,15],[4,16],[4,17],[5,18],[5,19],[6,20],[6,21],[8,22],[8,23],[9,24],[10,25],[11,26],[12,27],[13,28],[14,29],[15,30],[16,31],[17,32],[18,33],[19,34],[19,35],[19,36],[20,37],[21,38],[21,39],[21,40],[22,41],[23,42],[23,43],[23,44],[24,45],[24,46],[24,47],[25,48],[25,49],[25,50],[25,51],[25,52],[25,53],[25,54],[25,55],[25,56],[26,57],[26,58],[26,59],[26,60],[26,61],[26,62],[26,63],[26,64],[26,65],[27,66],[27,67],[27,68],[27,69],[27,70],[27,71],[28,72],[28,73],[28,74],[28,75],[28,76],[28,77],[29,78],[29,79],[29,80],[29,81],[29,82],[29,83],[29,84],[29,85],[29,86],[30,87],[30,88],[30,89],[30,90],[30,91],[30,92],[30,93],[30,94],[30,95],[35,96],[37,97],[37,98],[37,99],[37,100],[37,101],[37,102],[38,103],[38,104],[38,105],[38,106],[38,107],[38,108],[39,109],[40,110],[40,111],[40,112],[40,113],[40,114],[40,115],[43,116],[45,117],[47,118],[47,119],[96,120],[96,121],[96,122],[96,123],[96,124],[96,125],[96,126],[96,127],[96,128],[109,129],[109,130],[109,131],[109,132],[109,133],[109,134],[109,135],[109,136],[109,137],[116,138],[116,139],[116,140],[116,141],[116,142],[116,143],[116,144],[116,145],[116,146]],"ID":2},{"def":["$i8"],"use":["$i8","r0.\u003corg.apache.xerces.validators.schema.identity.XPathMatcher: int fNoMatchDepth\u003e","r0"],"callees":[],"nodes":["CompoundStmt","DefinitionStmt","IfStmt","Local","InstanceFieldRef","BinaryOp","Int","Int","Local","Int","Local"," \u003c\u003d ","Constant","RefType","Int","0","Int","org","apache","xerces","validators","schema","identity","X","Path","Matcher"],"edges":[[0,1],[0,2],[1,3],[1,4],[2,5],[3,6],[4,7],[4,8],[4,9],[5,10],[5,11],[5,12],[8,13],[10,14],[12,15],[12,16],[13,17],[13,18],[13,19],[13,20],[13,21],[13,22],[13,23],[13,24],[13,25]],"ID":3},{"def":["$i6","$i7","r0.\u003corg.apache.xerces.validators.schema.identity.XPathMatcher: int fNoMatchDepth\u003e"],"use":["$i6","$i7","r0.\u003corg.apache.xerces.validators.schema.identity.XPathMatcher: int fNoMatchDepth\u003e","r0"],"callees":[],"nodes":["CompoundStmt","DefinitionStmt","DefinitionStmt","DefinitionStmt","ReturnVoidStmt","Local","InstanceFieldRef","Local","BinaryOp","InstanceFieldRef","Local","Int","Int","Local","Int","Int","Local"," + ","Constant","Int","Local","Int","Int","RefType","Int","1","Int","RefType","org","apache","xerces","validators","schema","identity","X","Path","Matcher","org","apache","xerces","validators","schema","identity","X","Path","Matcher"],"edges":[[0,1],[0,2],[0,3],[0,4],[1,5],[1,6],[2,7],[2,8],[3,9],[3,10],[5,11],[6,12],[6,13],[6,14],[7,15],[8,16],[8,17],[8,18],[9,19],[9,20],[9,21],[10,22],[13,23],[16,24],[18,25],[18,26],[20,27],[23,28],[23,29],[23,30],[23,31],[23,32],[23,33],[23,34],[23,35],[23,36],[27,37],[27,38],[27,39],[27,40],[27,41],[27,42],[27,43],[27,44],[27,45]],"ID":4},{"def":["r3","$i9","$i10","$r6"],"use":["r3","$i9","r0.\u003corg.apache.xerces.validators.schema.identity.XPathMatcher: int fCurrentStep\u003e","$i10","r0.\u003corg.apache.xerces.validators.schema.identity.XPathMatcher: org.apache.xerces.validators.schema.identity.XPath$LocationPath fLocationPath\u003e","$r6","r0","$r6.\u003corg.apache.xerces.validators.schema.identity.XPath$LocationPath: org.apache.xerces.validators.schema.identity.XPath$Step[] steps\u003e"],"callees":[],"nodes":["CompoundStmt","DefinitionStmt","DefinitionStmt","GotoStmt","DefinitionStmt","DefinitionStmt","IfStmt","Local","InstanceFieldRef","Local","InstanceFieldRef","Local","InstanceFieldRef","Local","UnaryOp","BinaryOp","RefType","RefType","Local","RefType","Array","Array","Local","Array","Int","Int","Local","Int","Int","length","Local","Local"," \u003e\u003d ","Local","org","apache","xerces","validators","schema","identity","X","Path$","Location","Path","org","apache","xerces","validators","schema","identity","X","Path$","Location","Path","RefType","org","apache","xerces","validators","schema","identity","X","Path$","Location","Path","RefType","[]","RefType","[]","RefType","RefType","[]","RefType","Array","Int","Int","org","apache","xerces","validators","schema","identity","X","Path","Matcher","org","apache","xerces","validators","schema","identity","X","Path$","Step","org","apache","xerces","validators","schema","identity","X","Path$","Step","org","apache","xerces","validators","schema","identity","X","Path$","Location","Path","org","apache","xerces","validators","schema","identity","X","Path$","Step","org","apache","xerces","validators","schema","identity","X","Path","Matcher","RefType","[]","org","apache","xerces","validators","schema","identity","X","Path$","Step"],"edges":[[0,1],[0,2],[0,3],[0,4],[0,5],[0,6],[1,7],[1,8],[2,9],[2,10],[4,11],[4,12],[5,13],[5,14],[6,15],[7,16],[8,17],[8,18],[8,19],[9,20],[10,21],[10,22],[10,23],[11,24],[12,25],[12,26],[12,27],[13,28],[14,29],[14,30],[15,31],[15,32],[15,33],[16,34],[16,35],[16,36],[16,37],[16,38],[16,39],[16,40],[16,41],[16,42],[16,43],[17,44],[17,45],[17,46],[17,47],[17,48],[17,49],[17,50],[17,51],[17,52],[17,53],[18,54],[19,55],[19,56],[19,57],[19,58],[19,59],[19,60],[19,61],[19,62],[19,63],[19,64],[20,65],[20,66],[21,67],[21,68],[22,69],[23,70],[23,71],[26,72],[30,73],[31,74],[33,75],[54,76],[54,77],[54,78],[54,79],[54,80],[54,81],[54,82],[54,83],[54,84],[65,85],[65,86],[65,87],[65,88],[65,89],[65,90],[65,91],[65,92],[65,93],[67,94],[67,95],[67,96],[67,97],[67,98],[67,99],[67,100],[67,101],[67,102],[69,103],[69,104],[69,105],[69,106],[69,107],[69,108],[69,109],[69,110],[69,111],[69,112],[70,113],[70,114],[70,115],[70,116],[70,117],[70,118],[70,119],[70,120],[70,121],[72,122],[72,123],[72,124],[72,125],[72,126],[72,127],[72,128],[72,129],[72,130],[73,131],[73,132],[131,133],[131,134],[131,135],[131,136],[131,137],[131,138],[131,139],[131,140],[131,141]],"ID":5},{"def":["r0.\u003corg.apache.xerces.validators.schema.identity.XPathMatcher: int fCurrentStep\u003e","$i35","$i34"],"use":["r0.\u003corg.apache.xerces.validators.schema.identity.XPathMatcher: int fCurrentStep\u003e","$i35","$i34","r0"],"callees":[],"nodes":["CompoundStmt","DefinitionStmt","DefinitionStmt","DefinitionStmt","Local","InstanceFieldRef","Local","BinaryOp","InstanceFieldRef","Local","Int","Int","Local","Int","Int","Local"," + ","Constant","Int","Local","Int","Int","RefType","Int","1","Int","RefType","org","apache","xerces","validators","schema","identity","X","Path","Matcher","org","apache","xerces","validators","schema","identity","X","Path","Matcher"],"edges":[[0,1],[0,2],[0,3],[1,4],[1,5],[2,6],[2,7],[3,8],[3,9],[4,10],[5,11],[5,12],[5,13],[6,14],[7,15],[7,16],[7,17],[8,18],[8,19],[8,20],[9,21],[12,22],[15,23],[17,24],[17,25],[19,26],[22,27],[22,28],[22,29],[22,30],[22,31],[22,32],[22,33],[22,34],[22,35],[26,36],[26,37],[26,38],[26,39],[26,40],[26,41],[26,42],[26,43],[26,44]],"ID":6},{"def":["$i32","$r22","$r23","$s33"],"use":["r3","$r22.\u003corg.apache.xerces.validators.schema.identity.XPath$Step: org.apache.xerces.validators.schema.identity.XPath$Axis axis\u003e","r0.\u003corg.apache.xerces.validators.schema.identity.XPathMatcher: int fCurrentStep\u003e","$i32","r3[$i32]","$r23.\u003corg.apache.xerces.validators.schema.identity.XPath$Axis: short type\u003e","$r22","$r23","$s33","r0"],"callees":[],"nodes":["CompoundStmt","DefinitionStmt","DefinitionStmt","DefinitionStmt","DefinitionStmt","IfStmt","Local","InstanceFieldRef","Local","ArrayRef","Local","InstanceFieldRef","Local","InstanceFieldRef","BinaryOp","Int","Int","Local","Int","RefType","RefType","Local","Local","RefType","RefType","Local","RefType","Short","Short","Local","Short","Local"," \u003d\u003d ","Constant","RefType","org","apache","xerces","validators","schema","identity","X","Path$","Step","org","apache","xerces","validators","schema","identity","X","Path$","Step","Array","Int","org","apache","xerces","validators","schema","identity","X","Path$","Axis","org","apache","xerces","validators","schema","identity","X","Path$","Axis","RefType","org","apache","xerces","validators","schema","identity","X","Path$","Axis","RefType","Short","3","Int","org","apache","xerces","validators","schema","identity","X","Path","Matcher","RefType","[]","org","apache","xerces","validators","schema","identity","X","Path$","Step","org","apache","xerces","validators","schema","identity","X","Path$","Axis","org","apache","xerces","validators","schema","identity","X","Path$","Step"],"edges":[[0,1],[0,2],[0,3],[0,4],[0,5],[1,6],[1,7],[2,8],[2,9],[3,10],[3,11],[4,12],[4,13],[5,14],[6,15],[7,16],[7,17],[7,18],[8,19],[9,20],[9,21],[9,22],[10,23],[11,24],[11,25],[11,26],[12,27],[13,28],[13,29],[13,30],[14,31],[14,32],[14,33],[17,34],[19,35],[19,36],[19,37],[19,38],[19,39],[19,40],[19,41],[19,42],[19,43],[20,44],[20,45],[20,46],[20,47],[20,48],[20,49],[20,50],[20,51],[20,52],[21,53],[22,54],[23,55],[23,56],[23,57],[23,58],[23,59],[23,60],[23,61],[23,62],[23,63],[24,64],[24,65],[24,66],[24,67],[24,68],[24,69],[24,70],[24,71],[24,72],[25,73],[26,74],[26,75],[26,76],[26,77],[26,78],[26,79],[26,80],[26,81],[26,82],[29,83],[31,84],[33,85],[33,86],[34,87],[34,88],[34,89],[34,90],[34,91],[34,92],[34,93],[34,94],[34,95],[53,96],[53,97],[73,98],[73,99],[73,100],[73,101],[73,102],[73,103],[73,104],[73,105],[73,106],[83,107],[83,108],[83,109],[83,110],[83,111],[83,112],[83,113],[83,114],[83,115],[96,116],[96,117],[96,118],[96,119],[96,120],[96,121],[96,122],[96,123],[96,124]],"ID":7},{"def":["$i11","$i12"],"use":["r3","$i11","r0.\u003corg.apache.xerces.validators.schema.identity.XPathMatcher: int fCurrentStep\u003e","$i12","r0"],"callees":[],"nodes":["CompoundStmt","DefinitionStmt","DefinitionStmt","IfStmt","Local","InstanceFieldRef","Local","UnaryOp","BinaryOp","Int","Int","Local","Int","Int","length","Local","Local"," !\u003d ","Local","RefType","Array","Int","Int","org","apache","xerces","validators","schema","identity","X","Path","Matcher","RefType","[]","org","apache","xerces","validators","schema","identity","X","Path$","Step"],"edges":[[0,1],[0,2],[0,3],[1,4],[1,5],[2,6],[2,7],[3,8],[4,9],[5,10],[5,11],[5,12],[6,13],[7,14],[7,15],[8,16],[8,17],[8,18],[11,19],[15,20],[16,21],[18,22],[19,23],[19,24],[19,25],[19,26],[19,27],[19,28],[19,29],[19,30],[19,31],[20,32],[20,33],[32,34],[32,35],[32,36],[32,37],[32,38],[32,39],[32,40],[32,41],[32,42]],"ID":8},{"def":["r0.\u003corg.apache.xerces.validators.schema.identity.XPathMatcher: boolean fMatched\u003e","$z4"],"use":["r0.\u003corg.apache.xerces.validators.schema.identity.XPathMatcher: boolean fShouldBufferContent\u003e","r0","$z4"],"callees":[],"nodes":["CompoundStmt","DefinitionStmt","DefinitionStmt","IfStmt","InstanceFieldRef","Constant","Local","InstanceFieldRef","BinaryOp","Boolean","Local","Boolean","1","Int","Boolean","Boolean","Local","Boolean","Local"," \u003d\u003d ","Constant","RefType","RefType","Boolean","0","Int","org","apache","xerces","validators","schema","identity","X","Path","Matcher","org","apache","xerces","validators","schema","identity","X","Path","Matcher"],"edges":[[0,1],[0,2],[0,3],[1,4],[1,5],[2,6],[2,7],[3,8],[4,9],[4,10],[4,11],[5,12],[5,13],[6,14],[7,15],[7,16],[7,17],[8,18],[8,19],[8,20],[10,21],[16,22],[18,23],[20,24],[20,25],[21,26],[21,27],[21,28],[21,29],[21,30],[21,31],[21,32],[21,33],[21,34],[22,35],[22,36],[22,37],[22,38],[22,39],[22,40],[22,41],[22,42],[22,43]],"ID":9},{"def":["r0.\u003corg.apache.xerces.validators.schema.identity.XPathMatcher: boolean fBufferContent\u003e","$i36","$z5"],"use":["r0.\u003corg.apache.xerces.validators.schema.identity.XPathMatcher: int fCurrentStep\u003e","i1","$i36","r0","$z5"],"callees":[],"nodes":["CompoundStmt","DefinitionStmt","GotoStmt","DefinitionStmt","DefinitionStmt","IfStmt","Local","Constant","InstanceFieldRef","Local","Local","InstanceFieldRef","BinaryOp","Boolean","1","Int","Boolean","Local","Boolean","Boolean","Int","Int","Local","Int","Local"," !\u003d ","Local","RefType","RefType","Int","Int","org","apache","xerces","validators","schema","identity","X","Path","Matcher","org","apache","xerces","validators","schema","identity","X","Path","Matcher"],"edges":[[0,1],[0,2],[0,3],[0,4],[0,5],[1,6],[1,7],[3,8],[3,9],[4,10],[4,11],[5,12],[6,13],[7,14],[7,15],[8,16],[8,17],[8,18],[9,19],[10,20],[11,21],[11,22],[11,23],[12,24],[12,25],[12,26],[17,27],[22,28],[24,29],[26,30],[27,31],[27,32],[27,33],[27,34],[27,35],[27,36],[27,37],[27,38],[27,39],[28,40],[28,41],[28,42],[28,43],[28,44],[28,45],[28,46],[28,47],[28,48]],"ID":10},{"def":["$z5"],"use":[],"callees":[],"nodes":["CompoundStmt","DefinitionStmt","Local","Constant","Boolean","0","Int"],"edges":[[0,1],[1,2],[1,3],[2,4],[3,5],[3,6]],"ID":11},{"def":["$s24","$r17","$i23","$r18"],"use":["r3","$r17.\u003corg.apache.xerces.validators.schema.identity.XPath$Step: org.apache.xerces.validators.schema.identity.XPath$Axis axis\u003e","$r18.\u003corg.apache.xerces.validators.schema.identity.XPath$Axis: short type\u003e","$s24","r0.\u003corg.apache.xerces.validators.schema.identity.XPathMatcher: int fCurrentStep\u003e","r3[$i23]","$r17","$i23","$r18","r0"],"callees":[],"nodes":["CompoundStmt","DefinitionStmt","DefinitionStmt","DefinitionStmt","DefinitionStmt","IfStmt","Local","InstanceFieldRef","Local","ArrayRef","Local","InstanceFieldRef","Local","InstanceFieldRef","BinaryOp","Int","Int","Local","Int","RefType","RefType","Local","Local","RefType","RefType","Local","RefType","Short","Short","Local","Short","Local"," !\u003d ","Constant","RefType","org","apache","xerces","validators","schema","identity","X","Path$","Step","org","apache","xerces","validators","schema","identity","X","Path$","Step","Array","Int","org","apache","xerces","validators","schema","identity","X","Path$","Axis","org","apache","xerces","validators","schema","identity","X","Path$","Axis","RefType","org","apache","xerces","validators","schema","identity","X","Path$","Axis","RefType","Short","1","Int","org","apache","xerces","validators","schema","identity","X","Path","Matcher","RefType","[]","org","apache","xerces","validators","schema","identity","X","Path$","Step","org","apache","xerces","validators","schema","identity","X","Path$","Axis","org","apache","xerces","validators","schema","identity","X","Path$","Step"],"edges":[[0,1],[0,2],[0,3],[0,4],[0,5],[1,6],[1,7],[2,8],[2,9],[3,10],[3,11],[4,12],[4,13],[5,14],[6,15],[7,16],[7,17],[7,18],[8,19],[9,20],[9,21],[9,22],[10,23],[11,24],[11,25],[11,26],[12,27],[13,28],[13,29],[13,30],[14,31],[14,32],[14,33],[17,34],[19,35],[19,36],[19,37],[19,38],[19,39],[19,40],[19,41],[19,42],[19,43],[20,44],[20,45],[20,46],[20,47],[20,48],[20,49],[20,50],[20,51],[20,52],[21,53],[22,54],[23,55],[23,56],[23,57],[23,58],[23,59],[23,60],[23,61],[23,62],[23,63],[24,64],[24,65],[24,66],[24,67],[24,68],[24,69],[24,70],[24,71],[24,72],[25,73],[26,74],[26,75],[26,76],[26,77],[26,78],[26,79],[26,80],[26,81],[26,82],[29,83],[31,84],[33,85],[33,86],[34,87],[34,88],[34,89],[34,90],[34,91],[34,92],[34,93],[34,94],[34,95],[53,96],[53,97],[73,98],[73,99],[73,100],[73,101],[73,102],[73,103],[73,104],[73,105],[73,106],[83,107],[83,108],[83,109],[83,110],[83,111],[83,112],[83,113],[83,114],[83,115],[96,116],[96,117],[96,118],[96,119],[96,120],[96,121],[96,122],[96,123],[96,124]],"ID":12},{"def":["$s26","r25","r26","$i25"],"use":["r3","r25.\u003corg.apache.xerces.validators.schema.identity.XPath$Step: org.apache.xerces.validators.schema.identity.XPath$NodeTest nodeTest\u003e","$s26","r3[$i25]","r25","r0.\u003corg.apache.xerces.validators.schema.identity.XPathMatcher: int fCurrentStep\u003e","r26","$i25","r0","r26.\u003corg.apache.xerces.validators.schema.identity.XPath$NodeTest: short type\u003e"],"callees":[],"nodes":["CompoundStmt","DefinitionStmt","DefinitionStmt","DefinitionStmt","DefinitionStmt","IfStmt","Local","InstanceFieldRef","Local","ArrayRef","Local","InstanceFieldRef","Local","InstanceFieldRef","BinaryOp","Int","Int","Local","Int","RefType","RefType","Local","Local","RefType","RefType","Local","RefType","Short","Short","Local","Short","Local"," !\u003d ","Constant","RefType","org","apache","xerces","validators","schema","identity","X","Path$","Step","org","apache","xerces","validators","schema","identity","X","Path$","Step","Array","Int","org","apache","xerces","validators","schema","identity","X","Path$","Node","Test","org","apache","xerces","validators","schema","identity","X","Path$","Node","Test","RefType","org","apache","xerces","validators","schema","identity","X","Path$","Node","Test","RefType","Short","1","Int","org","apache","xerces","validators","schema","identity","X","Path","Matcher","RefType","[]","org","apache","xerces","validators","schema","identity","X","Path$","Step","org","apache","xerces","validators","schema","identity","X","Path$","Node","Test","org","apache","xerces","validators","schema","identity","X","Path$","Step"],"edges":[[0,1],[0,2],[0,3],[0,4],[0,5],[1,6],[1,7],[2,8],[2,9],[3,10],[3,11],[4,12],[4,13],[5,14],[6,15],[7,16],[7,17],[7,18],[8,19],[9,20],[9,21],[9,22],[10,23],[11,24],[11,25],[11,26],[12,27],[13,28],[13,29],[13,30],[14,31],[14,32],[14,33],[17,34],[19,35],[19,36],[19,37],[19,38],[19,39],[19,40],[19,41],[19,42],[19,43],[20,44],[20,45],[20,46],[20,47],[20,48],[20,49],[20,50],[20,51],[20,52],[21,53],[22,54],[23,55],[23,56],[23,57],[23,58],[23,59],[23,60],[23,61],[23,62],[23,63],[23,64],[24,65],[24,66],[24,67],[24,68],[24,69],[24,70],[24,71],[24,72],[24,73],[24,74],[25,75],[26,76],[26,77],[26,78],[26,79],[26,80],[26,81],[26,82],[26,83],[26,84],[26,85],[29,86],[31,87],[33,88],[33,89],[34,90],[34,91],[34,92],[34,93],[34,94],[34,95],[34,96],[34,97],[34,98],[53,99],[53,100],[75,101],[75,102],[75,103],[75,104],[75,105],[75,106],[75,107],[75,108],[75,109],[86,110],[86,111],[86,112],[86,113],[86,114],[86,115],[86,116],[86,117],[86,118],[86,119],[99,120],[99,121],[99,122],[99,123],[99,124],[99,125],[99,126],[99,127],[99,128]],"ID":13},{"def":["$i29"],"use":["$i29","r1.\u003corg.apache.xerces.utils.QName: int uri\u003e","r1"],"callees":[],"nodes":["CompoundStmt","DefinitionStmt","IfStmt","Local","InstanceFieldRef","BinaryOp","Int","Int","Local","Int","Local"," !\u003d ","Constant","RefType","Int","0","Int","org","apache","xerces","utils","Q","Name"],"edges":[[0,1],[0,2],[1,3],[1,4],[2,5],[3,6],[4,7],[4,8],[4,9],[5,10],[5,11],[5,12],[8,13],[10,14],[12,15],[12,16],[13,17],[13,18],[13,19],[13,20],[13,21],[13,22]],"ID":14},{"def":["$r19","$z3","r1.\u003corg.apache.xerces.utils.QName: int uri\u003e"],"use":["$r19","r26.\u003corg.apache.xerces.validators.schema.identity.XPath$NodeTest: org.apache.xerces.utils.QName name\u003e","r26","$z3","r1"],"callees":[],"nodes":["CompoundStmt","DefinitionStmt","DefinitionStmt","DefinitionStmt","IfStmt","InstanceFieldRef","Constant","Local","InstanceFieldRef","Local","Invoke","BinaryOp","Int","Local","Int","-","1","Int","RefType","RefType","Local","RefType","Boolean","Local"," !\u003d ","Constant","RefType","org","apache","xerces","utils","Q","Name","org","apache","xerces","utils","Q","Name","RefType","org","apache","xerces","utils","Q","Name","Boolean","0","Int","org","apache","xerces","utils","Q","Name","org","apache","xerces","validators","schema","identity","X","Path$","Node","Test"],"edges":[[0,1],[0,2],[0,3],[0,4],[1,5],[1,6],[2,7],[2,8],[3,9],[3,10],[4,11],[5,12],[5,13],[5,14],[6,15],[6,16],[6,17],[7,18],[8,19],[8,20],[8,21],[9,22],[11,23],[11,24],[11,25],[13,26],[18,27],[18,28],[18,29],[18,30],[18,31],[18,32],[19,33],[19,34],[19,35],[19,36],[19,37],[19,38],[20,39],[21,40],[21,41],[21,42],[21,43],[21,44],[21,45],[23,46],[25,47],[25,48],[26,49],[26,50],[26,51],[26,52],[26,53],[26,54],[39,55],[39,56],[39,57],[39,58],[39,59],[39,60],[39,61],[39,62],[39,63],[39,64]],"ID":15},{"def":["$i31","$i30","r0.\u003corg.apache.xerces.validators.schema.identity.XPathMatcher: int fNoMatchDepth\u003e"],"use":["$i31","$i30","r0.\u003corg.apache.xerces.validators.schema.identity.XPathMatcher: int fNoMatchDepth\u003e","r0"],"callees":[],"nodes":["CompoundStmt","DefinitionStmt","DefinitionStmt","DefinitionStmt","ReturnVoidStmt","Local","InstanceFieldRef","Local","BinaryOp","InstanceFieldRef","Local","Int","Int","Local","Int","Int","Local"," + ","Constant","Int","Local","Int","Int","RefType","Int","1","Int","RefType","org","apache","xerces","validators","schema","identity","X","Path","Matcher","org","apache","xerces","validators","schema","identity","X","Path","Matcher"],"edges":[[0,1],[0,2],[0,3],[0,4],[1,5],[1,6],[2,7],[2,8],[3,9],[3,10],[5,11],[6,12],[6,13],[6,14],[7,15],[8,16],[8,17],[8,18],[9,19],[9,20],[9,21],[10,22],[13,23],[16,24],[18,25],[18,26],[20,27],[23,28],[23,29],[23,30],[23,31],[23,32],[23,33],[23,34],[23,35],[23,36],[27,37],[27,38],[27,39],[27,40],[27,41],[27,42],[27,43],[27,44],[27,45]],"ID":16},{"def":["r0.\u003corg.apache.xerces.validators.schema.identity.XPathMatcher: int fCurrentStep\u003e","$i37","$i28","$i27","$i38"],"use":["r3","r0.\u003corg.apache.xerces.validators.schema.identity.XPathMatcher: int fCurrentStep\u003e","$i37","$i28","$i27","$i38","r0"],"callees":[],"nodes":["CompoundStmt","DefinitionStmt","DefinitionStmt","DefinitionStmt","DefinitionStmt","DefinitionStmt","IfStmt","Local","InstanceFieldRef","Local","BinaryOp","InstanceFieldRef","Local","Local","InstanceFieldRef","Local","UnaryOp","BinaryOp","Int","Int","Local","Int","Int","Local"," + ","Constant","Int","Local","Int","Int","Int","Int","Local","Int","Int","length","Local","Local"," !\u003d ","Local","RefType","Int","1","Int","RefType","RefType","Array","Int","Int","org","apache","xerces","validators","schema","identity","X","Path","Matcher","org","apache","xerces","validators","schema","identity","X","Path","Matcher","org","apache","xerces","validators","schema","identity","X","Path","Matcher","RefType","[]","org","apache","xerces","validators","schema","identity","X","Path$","Step"],"edges":[[0,1],[0,2],[0,3],[0,4],[0,5],[0,6],[1,7],[1,8],[2,9],[2,10],[3,11],[3,12],[4,13],[4,14],[5,15],[5,16],[6,17],[7,18],[8,19],[8,20],[8,21],[9,22],[10,23],[10,24],[10,25],[11,26],[11,27],[11,28],[12,29],[13,30],[14,31],[14,32],[14,33],[15,34],[16,35],[16,36],[17,37],[17,38],[17,39],[20,40],[23,41],[25,42],[25,43],[27,44],[32,45],[36,46],[37,47],[39,48],[40,49],[40,50],[40,51],[40,52],[40,53],[40,54],[40,55],[40,56],[40,57],[44,58],[44,59],[44,60],[44,61],[44,62],[44,63],[44,64],[44,65],[44,66],[45,67],[45,68],[45,69],[45,70],[45,71],[45,72],[45,73],[45,74],[45,75],[46,76],[46,77],[76,78],[76,79],[76,80],[76,81],[76,82],[76,83],[76,84],[76,85],[76,86]],"ID":17},{"def":["$z2","r0.\u003corg.apache.xerces.validators.schema.identity.XPathMatcher: boolean fMatched\u003e"],"use":["r0.\u003corg.apache.xerces.validators.schema.identity.XPathMatcher: boolean fShouldBufferContent\u003e","$z2","r0"],"callees":[],"nodes":["CompoundStmt","DefinitionStmt","DefinitionStmt","IfStmt","InstanceFieldRef","Constant","Local","InstanceFieldRef","BinaryOp","Boolean","Local","Boolean","1","Int","Boolean","Boolean","Local","Boolean","Local"," \u003d\u003d ","Constant","RefType","RefType","Boolean","0","Int","org","apache","xerces","validators","schema","identity","X","Path","Matcher","org","apache","xerces","validators","schema","identity","X","Path","Matcher"],"edges":[[0,1],[0,2],[0,3],[1,4],[1,5],[2,6],[2,7],[3,8],[4,9],[4,10],[4,11],[5,12],[5,13],[6,14],[7,15],[7,16],[7,17],[8,18],[8,19],[8,20],[10,21],[16,22],[18,23],[20,24],[20,25],[21,26],[21,27],[21,28],[21,29],[21,30],[21,31],[21,32],[21,33],[21,34],[22,35],[22,36],[22,37],[22,38],[22,39],[22,40],[22,41],[22,42],[22,43]],"ID":18},{"def":["$z6","$i40","r0.\u003corg.apache.xerces.validators.schema.identity.XPathMatcher: boolean fBufferContent\u003e","$i39"],"use":["$z6","$i40","r3","r0.\u003corg.apache.xerces.validators.schema.identity.XPathMatcher: int fCurrentStep\u003e","$i39","r0"],"callees":[],"nodes":["CompoundStmt","DefinitionStmt","GotoStmt","DefinitionStmt","DefinitionStmt","DefinitionStmt","IfStmt","Local","Constant","InstanceFieldRef","Local","Local","InstanceFieldRef","Local","UnaryOp","BinaryOp","Boolean","1","Int","Boolean","Local","Boolean","Boolean","Int","Int","Local","Int","Int","length","Local","Local"," \u003e\u003d ","Local","RefType","RefType","Array","Int","Int","org","apache","xerces","validators","schema","identity","X","Path","Matcher","org","apache","xerces","validators","schema","identity","X","Path","Matcher","RefType","[]","org","apache","xerces","validators","schema","identity","X","Path$","Step"],"edges":[[0,1],[0,2],[0,3],[0,4],[0,5],[0,6],[1,7],[1,8],[3,9],[3,10],[4,11],[4,12],[5,13],[5,14],[6,15],[7,16],[8,17],[8,18],[9,19],[9,20],[9,21],[10,22],[11,23],[12,24],[12,25],[12,26],[13,27],[14,28],[14,29],[15,30],[15,31],[15,32],[20,33],[25,34],[29,35],[30,36],[32,37],[33,38],[33,39],[33,40],[33,41],[33,42],[33,43],[33,44],[33,45],[33,46],[34,47],[34,48],[34,49],[34,50],[34,51],[34,52],[34,53],[34,54],[34,55],[35,56],[35,57],[56,58],[56,59],[56,60],[56,61],[56,62],[56,63],[56,64],[56,65],[56,66]],"ID":19},{"def":["$z6"],"use":[],"callees":[],"nodes":["CompoundStmt","DefinitionStmt","Local","Constant","Boolean","0","Int"],"edges":[[0,1],[1,2],[1,3],[2,4],[3,5],[3,6]],"ID":20},{"def":["$s14","$i13","$r7","$r8"],"use":["$r8.\u003corg.apache.xerces.validators.schema.identity.XPath$Axis: short type\u003e","$s14","r3","r3[$i13]","r0.\u003corg.apache.xerces.validators.schema.identity.XPathMatcher: int fCurrentStep\u003e","$i13","$r7.\u003corg.apache.xerces.validators.schema.identity.XPath$Step: org.apache.xerces.validators.schema.identity.XPath$Axis axis\u003e","$r7","$r8","r0"],"callees":[],"nodes":["CompoundStmt","DefinitionStmt","DefinitionStmt","DefinitionStmt","DefinitionStmt","IfStmt","Local","InstanceFieldRef","Local","ArrayRef","Local","InstanceFieldRef","Local","InstanceFieldRef","BinaryOp","Int","Int","Local","Int","RefType","RefType","Local","Local","RefType","RefType","Local","RefType","Short","Short","Local","Short","Local"," !\u003d ","Constant","RefType","org","apache","xerces","validators","schema","identity","X","Path$","Step","org","apache","xerces","validators","schema","identity","X","Path$","Step","Array","Int","org","apache","xerces","validators","schema","identity","X","Path$","Axis","org","apache","xerces","validators","schema","identity","X","Path$","Axis","RefType","org","apache","xerces","validators","schema","identity","X","Path$","Axis","RefType","Short","2","Int","org","apache","xerces","validators","schema","identity","X","Path","Matcher","RefType","[]","org","apache","xerces","validators","schema","identity","X","Path$","Step","org","apache","xerces","validators","schema","identity","X","Path$","Axis","org","apache","xerces","validators","schema","identity","X","Path$","Step"],"edges":[[0,1],[0,2],[0,3],[0,4],[0,5],[1,6],[1,7],[2,8],[2,9],[3,10],[3,11],[4,12],[4,13],[5,14],[6,15],[7,16],[7,17],[7,18],[8,19],[9,20],[9,21],[9,22],[10,23],[11,24],[11,25],[11,26],[12,27],[13,28],[13,29],[13,30],[14,31],[14,32],[14,33],[17,34],[19,35],[19,36],[19,37],[19,38],[19,39],[19,40],[19,41],[19,42],[19,43],[20,44],[20,45],[20,46],[20,47],[20,48],[20,49],[20,50],[20,51],[20,52],[21,53],[22,54],[23,55],[23,56],[23,57],[23,58],[23,59],[23,60],[23,61],[23,62],[23,63],[24,64],[24,65],[24,66],[24,67],[24,68],[24,69],[24,70],[24,71],[24,72],[25,73],[26,74],[26,75],[26,76],[26,77],[26,78],[26,79],[26,80],[26,81],[26,82],[29,83],[31,84],[33,85],[33,86],[34,87],[34,88],[34,89],[34,90],[34,91],[34,92],[34,93],[34,94],[34,95],[53,96],[53,97],[73,98],[73,99],[73,100],[73,101],[73,102],[73,103],[73,104],[73,105],[73,106],[83,107],[83,108],[83,109],[83,110],[83,111],[83,112],[83,113],[83,114],[83,115],[96,116],[96,117],[96,118],[96,119],[96,120],[96,121],[96,122],[96,123],[96,124]],"ID":21},{"def":["i41"],"use":["r2","i0","i41"],"callees":[],"nodes":["CompoundStmt","DefinitionStmt","IfStmt","Local","Invoke","BinaryOp","Int","Local"," \u003d\u003d ","Constant","Int","-","1","Int"],"edges":[[0,1],[0,2],[1,3],[1,4],[2,5],[3,6],[5,7],[5,8],[5,9],[7,10],[9,11],[9,12],[9,13]],"ID":22},{"def":["r4","r27","$i17","$r9","$r10"],"use":["r3[$i17]","r3","$r9.\u003corg.apache.xerces.validators.schema.identity.XPath$Step: org.apache.xerces.validators.schema.identity.XPath$NodeTest nodeTest\u003e","r0.\u003corg.apache.xerces.validators.schema.identity.XPathMatcher: int fCurrentStep\u003e","i41","$i17","$r9","r0","$r10"],"callees":[],"nodes":["CompoundStmt","DefinitionStmt","DefinitionStmt","DefinitionStmt","DefinitionStmt","Invoke","DefinitionStmt","GotoStmt","IfStmt","Local","InstanceFieldRef","Local","ArrayRef","Local","InstanceFieldRef","Local","NewExpr","Local","Local","BinaryOp","Int","Int","Local","Int","RefType","RefType","Local","Local","RefType","RefType","Local","RefType","RefType","RefType","RefType","RefType","Local"," !\u003d ","Constant","RefType","org","apache","xerces","validators","schema","identity","X","Path$","Step","org","apache","xerces","validators","schema","identity","X","Path$","Step","Array","Int","org","apache","xerces","validators","schema","identity","X","Path$","Node","Test","org","apache","xerces","validators","schema","identity","X","Path$","Node","Test","RefType","org","apache","xerces","validators","schema","identity","X","Path$","Node","Test","org","apache","xerces","utils","Q","Name","org","apache","xerces","utils","Q","Name","org","apache","xerces","utils","Q","Name","org","apache","xerces","utils","Q","Name","Int","-","1","Int","org","apache","xerces","validators","schema","identity","X","Path","Matcher","RefType","[]","org","apache","xerces","validators","schema","identity","X","Path$","Step","org","apache","xerces","validators","schema","identity","X","Path$","Step"],"edges":[[0,1],[0,2],[0,3],[0,4],[0,5],[0,6],[0,7],[0,8],[1,9],[1,10],[2,11],[2,12],[3,13],[3,14],[4,15],[4,16],[6,17],[6,18],[8,19],[9,20],[10,21],[10,22],[10,23],[11,24],[12,25],[12,26],[12,27],[13,28],[14,29],[14,30],[14,31],[15,32],[16,33],[17,34],[18,35],[19,36],[19,37],[19,38],[22,39],[24,40],[24,41],[24,42],[24,43],[24,44],[24,45],[24,46],[24,47],[24,48],[25,49],[25,50],[25,51],[25,52],[25,53],[25,54],[25,55],[25,56],[25,57],[26,58],[27,59],[28,60],[28,61],[28,62],[28,63],[28,64],[28,65],[28,66],[28,67],[28,68],[28,69],[29,70],[29,71],[29,72],[29,73],[29,74],[29,75],[29,76],[29,77],[29,78],[29,79],[30,80],[31,81],[31,82],[31,83],[31,84],[31,85],[31,86],[31,87],[31,88],[31,89],[31,90],[32,91],[32,92],[32,93],[32,94],[32,95],[32,96],[33,97],[33,98],[33,99],[33,100],[33,101],[33,102],[34,103],[34,104],[34,105],[34,106],[34,107],[34,108],[35,109],[35,110],[35,111],[35,112],[35,113],[35,114],[36,115],[38,116],[38,117],[38,118],[39,119],[39,120],[39,121],[39,122],[39,123],[39,124],[39,125],[39,126],[39,127],[58,128],[58,129],[80,130],[80,131],[80,132],[80,133],[80,134],[80,135],[80,136],[80,137],[80,138],[128,139],[128,140],[128,141],[128,142],[128,143],[128,144],[128,145],[128,146],[128,147]],"ID":23},{"def":["i42","i2","i3","i4"],"use":["r2","i42","i41"],"callees":[],"nodes":["CompoundStmt","DefinitionStmt","DefinitionStmt","DefinitionStmt","DefinitionStmt","IfStmt","Local","Invoke","Local","Invoke","Local","Invoke","Local","Invoke","BinaryOp","Int","Int","Int","Int","Local"," !\u003d ","Constant","Int","0","Int"],"edges":[[0,1],[0,2],[0,3],[0,4],[0,5],[1,6],[1,7],[2,8],[2,9],[3,10],[3,11],[4,12],[4,13],[5,14],[6,15],[8,16],[10,17],[12,18],[14,19],[14,20],[14,21],[19,22],[21,23],[21,24]],"ID":24},{"def":["$s18","i42"],"use":["r4","$s18","i42","r27","i2","i3","i4","r27.\u003corg.apache.xerces.validators.schema.identity.XPath$NodeTest: short type\u003e"],"callees":[],"nodes":["CompoundStmt","DefinitionStmt","Invoke","DefinitionStmt","IfStmt","Local","Constant","Local","InstanceFieldRef","BinaryOp","Int","-","1","Int","Short","Short","Local","Short","Local"," !\u003d ","Constant","RefType","Short","1","Int","org","apache","xerces","validators","schema","identity","X","Path$","Node","Test"],"edges":[[0,1],[0,2],[0,3],[0,4],[1,5],[1,6],[3,7],[3,8],[4,9],[5,10],[6,11],[6,12],[6,13],[7,14],[8,15],[8,16],[8,17],[9,18],[9,19],[9,20],[16,21],[18,22],[20,23],[20,24],[21,25],[21,26],[21,27],[21,28],[21,29],[21,30],[21,31],[21,32],[21,33],[21,34]],"ID":25},{"def":["$r14","$z1"],"use":["r4","$r14","r27","$z1","r27.\u003corg.apache.xerces.validators.schema.identity.XPath$NodeTest: org.apache.xerces.utils.QName name\u003e"],"callees":[],"nodes":["CompoundStmt","DefinitionStmt","DefinitionStmt","IfStmt","Local","InstanceFieldRef","Local","Invoke","BinaryOp","RefType","RefType","Local","RefType","Boolean","Local"," \u003d\u003d ","Constant","org","apache","xerces","utils","Q","Name","org","apache","xerces","utils","Q","Name","RefType","org","apache","xerces","utils","Q","Name","Boolean","0","Int","org","apache","xerces","validators","schema","identity","X","Path$","Node","Test"],"edges":[[0,1],[0,2],[0,3],[1,4],[1,5],[2,6],[2,7],[3,8],[4,9],[5,10],[5,11],[5,12],[6,13],[8,14],[8,15],[8,16],[9,17],[9,18],[9,19],[9,20],[9,21],[9,22],[10,23],[10,24],[10,25],[10,26],[10,27],[10,28],[11,29],[12,30],[12,31],[12,32],[12,33],[12,34],[12,35],[14,36],[16,37],[16,38],[29,39],[29,40],[29,41],[29,42],[29,43],[29,44],[29,45],[29,46],[29,47],[29,48]],"ID":26},{"def":["$i20","$i22","r0.\u003corg.apache.xerces.validators.schema.identity.XPathMatcher: int fCurrentStep\u003e","$i21","$i19"],"use":["r3","$i20","$i22","r0.\u003corg.apache.xerces.validators.schema.identity.XPathMatcher: int fCurrentStep\u003e","$i21","$i19","r0"],"callees":[],"nodes":["CompoundStmt","DefinitionStmt","DefinitionStmt","DefinitionStmt","DefinitionStmt","DefinitionStmt","IfStmt","Local","InstanceFieldRef","Local","BinaryOp","InstanceFieldRef","Local","Local","InstanceFieldRef","Local","UnaryOp","BinaryOp","Int","Int","Local","Int","Int","Local"," + ","Constant","Int","Local","Int","Int","Int","Int","Local","Int","Int","length","Local","Local"," !\u003d ","Local","RefType","Int","1","Int","RefType","RefType","Array","Int","Int","org","apache","xerces","validators","schema","identity","X","Path","Matcher","org","apache","xerces","validators","schema","identity","X","Path","Matcher","org","apache","xerces","validators","schema","identity","X","Path","Matcher","RefType","[]","org","apache","xerces","validators","schema","identity","X","Path$","Step"],"edges":[[0,1],[0,2],[0,3],[0,4],[0,5],[0,6],[1,7],[1,8],[2,9],[2,10],[3,11],[3,12],[4,13],[4,14],[5,15],[5,16],[6,17],[7,18],[8,19],[8,20],[8,21],[9,22],[10,23],[10,24],[10,25],[11,26],[11,27],[11,28],[12,29],[13,30],[14,31],[14,32],[14,33],[15,34],[16,35],[16,36],[17,37],[17,38],[17,39],[20,40],[23,41],[25,42],[25,43],[27,44],[32,45],[36,46],[37,47],[39,48],[40,49],[40,50],[40,51],[40,52],[40,53],[40,54],[40,55],[40,56],[40,57],[44,58],[44,59],[44,60],[44,61],[44,62],[44,63],[44,64],[44,65],[44,66],[45,67],[45,68],[45,69],[45,70],[45,71],[45,72],[45,73],[45,74],[45,75],[46,76],[46,77],[76,78],[76,79],[76,80],[76,81],[76,82],[76,83],[76,84],[76,85],[76,86]],"ID":27},{"def":["r0.\u003corg.apache.xerces.validators.schema.identity.XPathMatcher: java.lang.String fMatchedString\u003e","$z7","$r13","i5","$r11","$r12","r0.\u003corg.apache.xerces.validators.schema.identity.XPathMatcher: boolean fMatched\u003e"],"use":["r2","r0.\u003corg.apache.xerces.validators.schema.identity.XPathMatcher: java.lang.String fMatchedString\u003e","$z7","$r13","r0.\u003corg.apache.xerces.validators.schema.identity.XPathMatcher: org.apache.xerces.utils.StringPool fStringPool\u003e","i41","i5","$r11","$r12","r0","r0.\u003corg.apache.xerces.validators.schema.identity.XPathMatcher: boolean fMatched\u003e"],"callees":["matched"],"nodes":["CompoundStmt","DefinitionStmt","DefinitionStmt","DefinitionStmt","DefinitionStmt","DefinitionStmt","DefinitionStmt","Invoke","GotoStmt","DefinitionStmt","IfStmt","InstanceFieldRef","Constant","Local","Invoke","Local","InstanceFieldRef","Local","Invoke","InstanceFieldRef","Local","Local","InstanceFieldRef","Local","InstanceFieldRef","BinaryOp","Boolean","Local","Boolean","1","Int","Int","RefType","RefType","Local","RefType","RefType","RefType","Local","RefType","RefType","RefType","RefType","Local","RefType","Boolean","Boolean","Local","Boolean","Local"," !\u003d ","Constant","RefType","org","apache","xerces","utils","String","Pool","org","apache","xerces","utils","String","Pool","RefType","org","apache","xerces","utils","String","Pool","java","lang","String","java","lang","String","RefType","java","lang","String","java","lang","String","java","lang","String","java","lang","String","RefType","java","lang","String","RefType","Boolean","0","Int","org","apache","xerces","validators","schema","identity","X","Path","Matcher","org","apache","xerces","validators","schema","identity","X","Path","Matcher","org","apache","xerces","validators","schema","identity","X","Path","Matcher","org","apache","xerces","validators","schema","identity","X","Path","Matcher","org","apache","xerces","validators","schema","identity","X","Path","Matcher"],"edges":[[0,1],[0,2],[0,3],[0,4],[0,5],[0,6],[0,7],[0,8],[0,9],[0,10],[1,11],[1,12],[2,13],[2,14],[3,15],[3,16],[4,17],[4,18],[5,19],[5,20],[6,21],[6,22],[9,23],[9,24],[10,25],[11,26],[11,27],[11,28],[12,29],[12,30],[13,31],[15,32],[16,33],[16,34],[16,35],[17,36],[19,37],[19,38],[19,39],[20,40],[21,41],[22,42],[22,43],[22,44],[23,45],[24,46],[24,47],[24,48],[25,49],[25,50],[25,51],[27,52],[32,53],[32,54],[32,55],[32,56],[32,57],[32,58],[33,59],[33,60],[33,61],[33,62],[33,63],[33,64],[34,65],[35,66],[35,67],[35,68],[35,69],[35,70],[35,71],[36,72],[36,73],[36,74],[37,75],[37,76],[37,77],[38,78],[39,79],[39,80],[39,81],[40,82],[40,83],[40,84],[41,85],[41,86],[41,87],[42,88],[42,89],[42,90],[43,91],[44,92],[44,93],[44,94],[47,95],[49,96],[51,97],[51,98],[52,99],[52,100],[52,101],[52,102],[52,103],[52,104],[52,105],[52,106],[52,107],[65,108],[65,109],[65,110],[65,111],[65,112],[65,113],[65,114],[65,115],[65,116],[78,117],[78,118],[78,119],[78,120],[78,121],[78,122],[78,123],[78,124],[78,125],[91,126],[91,127],[91,128],[91,129],[91,130],[91,131],[91,132],[91,133],[91,134],[95,135],[95,136],[95,137],[95,138],[95,139],[95,140],[95,141],[95,142],[95,143]],"ID":28},{"def":["i41"],"use":["r2","i41"],"callees":[],"nodes":["CompoundStmt","DefinitionStmt","Local","Invoke","Int"],"edges":[[0,1],[1,2],[1,3],[2,4]],"ID":29},{"def":["$i15","r0.\u003corg.apache.xerces.validators.schema.identity.XPathMatcher: int fNoMatchDepth\u003e","$i16"],"use":["$i15","r0.\u003corg.apache.xerces.validators.schema.identity.XPathMatcher: int fNoMatchDepth\u003e","$i16","r0"],"callees":[],"nodes":["CompoundStmt","DefinitionStmt","DefinitionStmt","DefinitionStmt","ReturnVoidStmt","Local","InstanceFieldRef","Local","BinaryOp","InstanceFieldRef","Local","Int","Int","Local","Int","Int","Local"," + ","Constant","Int","Local","Int","Int","RefType","Int","1","Int","RefType","org","apache","xerces","validators","schema","identity","X","Path","Matcher","org","apache","xerces","validators","schema","identity","X","Path","Matcher"],"edges":[[0,1],[0,2],[0,3],[0,4],[1,5],[1,6],[2,7],[2,8],[3,9],[3,10],[5,11],[6,12],[6,13],[6,14],[7,15],[8,16],[8,17],[8,18],[9,19],[9,20],[9,21],[10,22],[13,23],[16,24],[18,25],[18,26],[20,27],[23,28],[23,29],[23,30],[23,31],[23,32],[23,33],[23,34],[23,35],[23,36],[27,37],[27,38],[27,39],[27,40],[27,41],[27,42],[27,43],[27,44],[27,45]],"ID":30},{"def":[],"use":[],"callees":[],"nodes":["CompoundStmt","ReturnVoidStmt"],"edges":[[0,1]],"ID":31}],"edgeSet":[[7,6,2],[19,31,2],[21,31,2],[10,17,2],[12,17,2],[5,7,1],[26,29,2],[9,11,2],[8,9,1],[12,13,1],[17,19,2],[24,25,1],[25,27,2],[6,5,0],[24,25,2],[4,1,0],[29,23,0],[16,1,0],[23,28,1],[30,1,0],[0,2,0],[5,8,2],[28,30,1],[8,10,2],[3,4,1],[7,8,1],[15,16,1],[27,28,1],[27,28,2],[23,24,2],[13,17,2],[19,21,1],[28,31,2],[3,5,2],[2,3,1],[14,15,1],[15,17,2],[18,19,1],[22,23,1],[26,27,1],[14,15,2],[20,19,0],[22,28,2],[31,1,0],[10,12,1],[9,10,1],[2,4,2],[13,14,1],[17,18,1],[18,20,2],[21,22,1],[25,26,1],[11,10,0]],"ENTRY":{"def":[],"use":[],"callees":[],"nodes":["CompoundStmt"],"edges":[],"ID":0},"EXIT":{"def":[],"use":[],"callees":[],"nodes":["CompoundStmt"],"edges":[],"ID":1},"method_name":"startElement"},{"blocks":[{"def":[],"use":[],"callees":[],"nodes":["CompoundStmt"],"edges":[],"ID":0},{"def":[],"use":[],"callees":[],"nodes":["CompoundStmt"],"edges":[],"ID":1},{"def":["i0","i1","$z0","r0","r1"],"use":["@parameter0: char[]","@parameter2: int","r0.\u003corg.apache.xerces.validators.schema.identity.XPathMatcher: boolean fBufferContent\u003e","@this: org.apache.xerces.validators.schema.identity.XPathMatcher","$z0","@parameter1: int","r0"],"callees":[],"nodes":["CompoundStmt","DefinitionStmt","DefinitionStmt","DefinitionStmt","DefinitionStmt","DefinitionStmt","IfStmt","Local","ThisRef","Local","Param","Local","Param","Local","Param","Local","InstanceFieldRef","BinaryOp","RefType","RefType","Array","Array","Int","Int","Int","Int","Boolean","Boolean","Local","Boolean","Local"," \u003d\u003d ","Constant","org","apache","xerces","validators","schema","identity","X","Path","Matcher","org","apache","xerces","validators","schema","identity","X","Path","Matcher","Char","[]","Char","[]","RefType","Boolean","0","Int","org","apache","xerces","validators","schema","identity","X","Path","Matcher"],"edges":[[0,1],[0,2],[0,3],[0,4],[0,5],[0,6],[1,7],[1,8],[2,9],[2,10],[3,11],[3,12],[4,13],[4,14],[5,15],[5,16],[6,17],[7,18],[8,19],[9,20],[10,21],[11,22],[12,23],[13,24],[14,25],[15,26],[16,27],[16,28],[16,29],[17,30],[17,31],[17,32],[18,33],[18,34],[18,35],[18,36],[18,37],[18,38],[18,39],[18,40],[18,41],[19,42],[19,43],[19,44],[19,45],[19,46],[19,47],[19,48],[19,49],[19,50],[20,51],[20,52],[21,53],[21,54],[28,55],[30,56],[32,57],[32,58],[55,59],[55,60],[55,61],[55,62],[55,63],[55,64],[55,65],[55,66],[55,67]],"ID":2},{"def":["$i2"],"use":["r0.\u003corg.apache.xerces.validators.schema.identity.XPathMatcher: int fNoMatchDepth\u003e","$i2","r0"],"callees":[],"nodes":["CompoundStmt","DefinitionStmt","IfStmt","Local","InstanceFieldRef","BinaryOp","Int","Int","Local","Int","Local"," !\u003d ","Constant","RefType","Int","0","Int","org","apache","xerces","validators","schema","identity","X","Path","Matcher"],"edges":[[0,1],[0,2],[1,3],[1,4],[2,5],[3,6],[4,7],[4,8],[4,9],[5,10],[5,11],[5,12],[8,13],[10,14],[12,15],[12,16],[13,17],[13,18],[13,19],[13,20],[13,21],[13,22],[13,23],[13,24],[13,25]],"ID":3},{"def":["$r2"],"use":["$r2","i0","i1","r0.\u003corg.apache.xerces.validators.schema.identity.XPathMatcher: java.lang.StringBuffer fMatchedBuffer\u003e","r0","r1"],"callees":[],"nodes":["CompoundStmt","DefinitionStmt","Invoke","ReturnVoidStmt","Local","InstanceFieldRef","RefType","RefType","Local","RefType","java","lang","String","Buffer","java","lang","String","Buffer","RefType","java","lang","String","Buffer","org","apache","xerces","validators","schema","identity","X","Path","Matcher"],"edges":[[0,1],[0,2],[0,3],[1,4],[1,5],[4,6],[5,7],[5,8],[5,9],[6,10],[6,11],[6,12],[6,13],[7,14],[7,15],[7,16],[7,17],[8,18],[9,19],[9,20],[9,21],[9,22],[18,23],[18,24],[18,25],[18,26],[18,27],[18,28],[18,29],[18,30],[18,31]],"ID":4}],"edgeSet":[[4,1,0],[0,2,0],[2,3,1],[2,4,2],[3,4,1],[3,4,2]],"ENTRY":{"def":[],"use":[],"callees":[],"nodes":["CompoundStmt"],"edges":[],"ID":0},"EXIT":{"def":[],"use":[],"callees":[],"nodes":["CompoundStmt"],"edges":[],"ID":1},"method_name":"characters"},{"blocks":[{"def":[],"use":[],"callees":[],"nodes":["CompoundStmt"],"edges":[],"ID":0},{"def":[],"use":[],"callees":[],"nodes":["CompoundStmt"],"edges":[],"ID":1},{"def":["$r2","r0.\u003corg.apache.xerces.validators.schema.identity.XPathMatcher: int fCurrentStep\u003e","$i0","$i1","r0","r1"],"use":["@parameter0: org.apache.xerces.utils.QName","r0.\u003corg.apache.xerces.validators.schema.identity.XPathMatcher: org.apache.xerces.utils.IntStack fStepIndexes\u003e","$r2","@this: org.apache.xerces.validators.schema.identity.XPathMatcher","r0.\u003corg.apache.xerces.validators.schema.identity.XPathMatcher: int fNoMatchDepth\u003e","$i0","$i1","r0"],"callees":[],"nodes":["CompoundStmt","DefinitionStmt","DefinitionStmt","DefinitionStmt","DefinitionStmt","DefinitionStmt","DefinitionStmt","IfStmt","Local","ThisRef","Local","Param","Local","InstanceFieldRef","Local","Invoke","InstanceFieldRef","Local","Local","InstanceFieldRef","BinaryOp","RefType","RefType","RefType","RefType","RefType","RefType","Local","RefType","Int","Int","Local","Int","Int","Int","Int","Local","Int","Local"," \u003c\u003d ","Constant","org","apache","xerces","validators","schema","identity","X","Path","Matcher","org","apache","xerces","validators","schema","identity","X","Path","Matcher","org","apache","xerces","utils","Q","Name","org","apache","xerces","utils","Q","Name","org","apache","xerces","utils","Int","Stack","org","apache","xerces","utils","Int","Stack","RefType","org","apache","xerces","utils","Int","Stack","RefType","RefType","Int","0","Int","org","apache","xerces","validators","schema","identity","X","Path","Matcher","org","apache","xerces","validators","schema","identity","X","Path","Matcher","org","apache","xerces","validators","schema","identity","X","Path","Matcher"],"edges":[[0,1],[0,2],[0,3],[0,4],[0,5],[0,6],[0,7],[1,8],[1,9],[2,10],[2,11],[3,12],[3,13],[4,14],[4,15],[5,16],[5,17],[6,18],[6,19],[7,20],[8,21],[9,22],[10,23],[11,24],[12,25],[13,26],[13,27],[13,28],[14,29],[16,30],[16,31],[16,32],[17,33],[18,34],[19,35],[19,36],[19,37],[20,38],[20,39],[20,40],[21,41],[21,42],[21,43],[21,44],[21,45],[21,46],[21,47],[21,48],[21,49],[22,50],[22,51],[22,52],[22,53],[22,54],[22,55],[22,56],[22,57],[22,58],[23,59],[23,60],[23,61],[23,62],[23,63],[23,64],[24,65],[24,66],[24,67],[24,68],[24,69],[24,70],[25,71],[25,72],[25,73],[25,74],[25,75],[25,76],[26,77],[26,78],[26,79],[26,80],[26,81],[26,82],[27,83],[28,84],[28,85],[28,86],[28,87],[28,88],[28,89],[31,90],[36,91],[38,92],[40,93],[40,94],[83,95],[83,96],[83,97],[83,98],[83,99],[83,100],[83,101],[83,102],[83,103],[90,104],[90,105],[90,106],[90,107],[90,108],[90,109],[90,110],[90,111],[90,112],[91,113],[91,114],[91,115],[91,116],[91,117],[91,118],[91,119],[91,120],[91,121]],"ID":2},{"def":["r0.\u003corg.apache.xerces.validators.schema.identity.XPathMatcher: int fNoMatchDepth\u003e","$i2","$i3"],"use":["r0.\u003corg.apache.xerces.validators.schema.identity.XPathMatcher: int fNoMatchDepth\u003e","$i2","r0","$i3"],"callees":[],"nodes":["CompoundStmt","DefinitionStmt","DefinitionStmt","DefinitionStmt","ReturnVoidStmt","Local","InstanceFieldRef","Local","BinaryOp","InstanceFieldRef","Local","Int","Int","Local","Int","Int","Local"," - ","Constant","Int","Local","Int","Int","RefType","Int","1","Int","RefType","org","apache","xerces","validators","schema","identity","X","Path","Matcher","org","apache","xerces","validators","schema","identity","X","Path","Matcher"],"edges":[[0,1],[0,2],[0,3],[0,4],[1,5],[1,6],[2,7],[2,8],[3,9],[3,10],[5,11],[6,12],[6,13],[6,14],[7,15],[8,16],[8,17],[8,18],[9,19],[9,20],[9,21],[10,22],[13,23],[16,24],[18,25],[18,26],[20,27],[23,28],[23,29],[23,30],[23,31],[23,32],[23,33],[23,34],[23,35],[23,36],[27,37],[27,38],[27,39],[27,40],[27,41],[27,42],[27,43],[27,44],[27,45]],"ID":3},{"def":["$z0"],"use":["r0.\u003corg.apache.xerces.validators.schema.identity.XPathMatcher: boolean fBufferContent\u003e","$z0","r0"],"callees":[],"nodes":["CompoundStmt","DefinitionStmt","IfStmt","Local","InstanceFieldRef","BinaryOp","Boolean","Boolean","Local","Boolean","Local"," \u003d\u003d ","Constant","RefType","Boolean","0","Int","org","apache","xerces","validators","schema","identity","X","Path","Matcher"],"edges":[[0,1],[0,2],[1,3],[1,4],[2,5],[3,6],[4,7],[4,8],[4,9],[5,10],[5,11],[5,12],[8,13],[10,14],[12,15],[12,16],[13,17],[13,18],[13,19],[13,20],[13,21],[13,22],[13,23],[13,24],[13,25]],"ID":4},{"def":["r0.\u003corg.apache.xerces.validators.schema.identity.XPathMatcher: java.lang.String fMatchedString\u003e","r0.\u003corg.apache.xerces.validators.schema.identity.XPathMatcher: boolean fBufferContent\u003e","$r3","$r4","$r5"],"use":["r0.\u003corg.apache.xerces.validators.schema.identity.XPathMatcher: java.lang.String fMatchedString\u003e","$r3","$r4","$r5","r0","r0.\u003corg.apache.xerces.validators.schema.identity.XPathMatcher: java.lang.StringBuffer fMatchedBuffer\u003e"],"callees":["clear","matched"],"nodes":["CompoundStmt","DefinitionStmt","DefinitionStmt","DefinitionStmt","DefinitionStmt","DefinitionStmt","Invoke","Invoke","ReturnVoidStmt","InstanceFieldRef","Constant","Local","InstanceFieldRef","Local","Invoke","InstanceFieldRef","Local","Local","InstanceFieldRef","Boolean","Local","Boolean","0","Int","RefType","RefType","Local","RefType","RefType","RefType","Local","RefType","RefType","RefType","RefType","Local","RefType","RefType","java","lang","String","Buffer","java","lang","String","Buffer","RefType","java","lang","String","Buffer","java","lang","String","java","lang","String","RefType","java","lang","String","java","lang","String","java","lang","String","java","lang","String","RefType","java","lang","String","org","apache","xerces","validators","schema","identity","X","Path","Matcher","org","apache","xerces","validators","schema","identity","X","Path","Matcher","org","apache","xerces","validators","schema","identity","X","Path","Matcher","org","apache","xerces","validators","schema","identity","X","Path","Matcher"],"edges":[[0,1],[0,2],[0,3],[0,4],[0,5],[0,6],[0,7],[0,8],[1,9],[1,10],[2,11],[2,12],[3,13],[3,14],[4,15],[4,16],[5,17],[5,18],[9,19],[9,20],[9,21],[10,22],[10,23],[11,24],[12,25],[12,26],[12,27],[13,28],[15,29],[15,30],[15,31],[16,32],[17,33],[18,34],[18,35],[18,36],[20,37],[24,38],[24,39],[24,40],[24,41],[25,42],[25,43],[25,44],[25,45],[26,46],[27,47],[27,48],[27,49],[27,50],[28,51],[28,52],[28,53],[29,54],[29,55],[29,56],[30,57],[31,58],[31,59],[31,60],[32,61],[32,62],[32,63],[33,64],[33,65],[33,66],[34,67],[34,68],[34,69],[35,70],[36,71],[36,72],[36,73],[37,74],[37,75],[37,76],[37,77],[37,78],[37,79],[37,80],[37,81],[37,82],[46,83],[46,84],[46,85],[46,86],[46,87],[46,88],[46,89],[46,90],[46,91],[57,92],[57,93],[57,94],[57,95],[57,96],[57,97],[57,98],[57,99],[57,100],[70,101],[70,102],[70,103],[70,104],[70,105],[70,106],[70,107],[70,108],[70,109]],"ID":5}],"edgeSet":[[3,1,0],[5,1,0],[0,2,0],[2,3,1],[2,4,2],[4,5,1],[4,5,2]],"ENTRY":{"def":[],"use":[],"callees":[],"nodes":["CompoundStmt"],"edges":[],"ID":0},"EXIT":{"def":[],"use":[],"callees":[],"nodes":["CompoundStmt"],"edges":[],"ID":1},"method_name":"endElement"},{"blocks":[{"def":[],"use":[],"callees":[],"nodes":["CompoundStmt"],"edges":[],"ID":0},{"def":[],"use":[],"callees":[],"nodes":["CompoundStmt"],"edges":[],"ID":1},{"def":["r0"],"use":["@this: org.apache.xerces.validators.schema.identity.XPathMatcher","r0"],"callees":["clear"],"nodes":["CompoundStmt","DefinitionStmt","Invoke","ReturnVoidStmt","Local","ThisRef","RefType","RefType","org","apache","xerces","validators","schema","identity","X","Path","Matcher","org","apache","xerces","validators","schema","identity","X","Path","Matcher"],"edges":[[0,1],[0,2],[0,3],[1,4],[1,5],[4,6],[5,7],[6,8],[6,9],[6,10],[6,11],[6,12],[6,13],[6,14],[6,15],[6,16],[7,17],[7,18],[7,19],[7,20],[7,21],[7,22],[7,23],[7,24],[7,25]],"ID":2}],"edgeSet":[[0,2,0],[2,1,0]],"ENTRY":{"def":[],"use":[],"callees":[],"nodes":["CompoundStmt"],"edges":[],"ID":0},"EXIT":{"def":[],"use":[],"callees":[],"nodes":["CompoundStmt"],"edges":[],"ID":1},"method_name":"endDocumentFragment"},{"blocks":[{"def":[],"use":[],"callees":[],"nodes":["CompoundStmt"],"edges":[],"ID":0},{"def":[],"use":[],"callees":[],"nodes":["CompoundStmt"],"edges":[],"ID":1},{"def":["$r3","r15","i0","r0","r1"],"use":["$r3","@this: org.apache.xerces.validators.schema.identity.XPathMatcher","r15","i0","r0"],"callees":[],"nodes":["CompoundStmt","DefinitionStmt","DefinitionStmt","Invoke","DefinitionStmt","DefinitionStmt","DefinitionStmt","IfStmt","Local","ThisRef","Local","NewExpr","Local","Local","Local","Invoke","Local","Invoke","BinaryOp","RefType","RefType","RefType","RefType","RefType","RefType","RefType","Int","Local"," \u003d\u003d ","Constant","org","apache","xerces","validators","schema","identity","X","Path","Matcher","org","apache","xerces","validators","schema","identity","X","Path","Matcher","java","lang","String","Buffer","java","lang","String","Buffer","java","lang","String","Buffer","java","lang","String","Buffer","java","lang","String","Int","-","1","Int"],"edges":[[0,1],[0,2],[0,3],[0,4],[0,5],[0,6],[0,7],[1,8],[1,9],[2,10],[2,11],[4,12],[4,13],[5,14],[5,15],[6,16],[6,17],[7,18],[8,19],[9,20],[10,21],[11,22],[12,23],[13,24],[14,25],[16,26],[18,27],[18,28],[18,29],[19,30],[19,31],[19,32],[19,33],[19,34],[19,35],[19,36],[19,37],[19,38],[20,39],[20,40],[20,41],[20,42],[20,43],[20,44],[20,45],[20,46],[20,47],[21,48],[21,49],[21,50],[21,51],[22,52],[22,53],[22,54],[22,55],[23,56],[23,57],[23,58],[23,59],[24,60],[24,61],[24,62],[24,63],[25,64],[25,65],[25,66],[27,67],[29,68],[29,69],[29,70]],"ID":2},{"def":["r2","$i6","$i8","r15","$r6","i7"],"use":["r2","$i6","$i8","i0","r15","r0.\u003corg.apache.xerces.validators.schema.identity.XPathMatcher: org.apache.xerces.validators.schema.identity.XPath$LocationPath fLocationPath\u003e","$r6","r0","i7","r1","$r6.\u003corg.apache.xerces.validators.schema.identity.XPath$LocationPath: org.apache.xerces.validators.schema.identity.XPath$Step[] steps\u003e"],"callees":[],"nodes":["CompoundStmt","DefinitionStmt","DefinitionStmt","Invoke","Invoke","DefinitionStmt","DefinitionStmt","DefinitionStmt","GotoStmt","DefinitionStmt","IfStmt","Local","BinaryOp","Local","Invoke","Local","InstanceFieldRef","Local","InstanceFieldRef","Local","Constant","Local","UnaryOp","BinaryOp","Int","Local"," + ","Constant","RefType","RefType","RefType","Local","RefType","Array","Array","Local","Array","Int","0","Int","Int","length","Local","Local"," \u003c ","Local","Int","1","Int","java","lang","String","org","apache","xerces","validators","schema","identity","X","Path$","Location","Path","org","apache","xerces","validators","schema","identity","X","Path$","Location","Path","RefType","org","apache","xerces","validators","schema","identity","X","Path$","Location","Path","RefType","[]","RefType","[]","RefType","RefType","[]","Array","Int","Int","org","apache","xerces","validators","schema","identity","X","Path","Matcher","org","apache","xerces","validators","schema","identity","X","Path$","Step","org","apache","xerces","validators","schema","identity","X","Path$","Step","org","apache","xerces","validators","schema","identity","X","Path$","Location","Path","org","apache","xerces","validators","schema","identity","X","Path$","Step","RefType","[]","org","apache","xerces","validators","schema","identity","X","Path$","Step"],"edges":[[0,1],[0,2],[0,3],[0,4],[0,5],[0,6],[0,7],[0,8],[0,9],[0,10],[1,11],[1,12],[2,13],[2,14],[5,15],[5,16],[6,17],[6,18],[7,19],[7,20],[9,21],[9,22],[10,23],[11,24],[12,25],[12,26],[12,27],[13,28],[15,29],[16,30],[16,31],[16,32],[17,33],[18,34],[18,35],[18,36],[19,37],[20,38],[20,39],[21,40],[22,41],[22,42],[23,43],[23,44],[23,45],[25,46],[27,47],[27,48],[28,49],[28,50],[28,51],[29,52],[29,53],[29,54],[29,55],[29,56],[29,57],[29,58],[29,59],[29,60],[29,61],[30,62],[30,63],[30,64],[30,65],[30,66],[30,67],[30,68],[30,69],[30,70],[30,71],[31,72],[32,73],[32,74],[32,75],[32,76],[32,77],[32,78],[32,79],[32,80],[32,81],[32,82],[33,83],[33,84],[34,85],[34,86],[35,87],[36,88],[36,89],[42,90],[43,91],[45,92],[72,93],[72,94],[72,95],[72,96],[72,97],[72,98],[72,99],[72,100],[72,101],[83,102],[83,103],[83,104],[83,105],[83,106],[83,107],[83,108],[83,109],[83,110],[85,111],[85,112],[85,113],[85,114],[85,115],[85,116],[85,117],[85,118],[85,119],[87,120],[87,121],[87,122],[87,123],[87,124],[87,125],[87,126],[87,127],[87,128],[87,129],[88,130],[88,131],[88,132],[88,133],[88,134],[88,135],[88,136],[88,137],[88,138],[90,139],[90,140],[139,141],[139,142],[139,143],[139,144],[139,145],[139,146],[139,147],[139,148],[139,149]],"ID":3},{"def":["$i1"],"use":["r0.\u003corg.apache.xerces.validators.schema.identity.XPathMatcher: int fCurrentStep\u003e","$i1","r0","i7"],"callees":[],"nodes":["CompoundStmt","DefinitionStmt","IfStmt","Local","InstanceFieldRef","BinaryOp","Int","Int","Local","Int","Local"," !\u003d ","Local","RefType","Int","Int","org","apache","xerces","validators","schema","identity","X","Path","Matcher"],"edges":[[0,1],[0,2],[1,3],[1,4],[2,5],[3,6],[4,7],[4,8],[4,9],[5,10],[5,11],[5,12],[8,13],[10,14],[12,15],[13,16],[13,17],[13,18],[13,19],[13,20],[13,21],[13,22],[13,23],[13,24]],"ID":4},{"def":["$r7","$r8","$i2","$i3"],"use":["r2","r2[i7]","$r7","$r8","$i2","i7","$i3","r1"],"callees":["toString"],"nodes":["CompoundStmt","Invoke","DefinitionStmt","DefinitionStmt","Invoke","DefinitionStmt","DefinitionStmt","IfStmt","Local","ArrayRef","Local","Invoke","Local","UnaryOp","Local","BinaryOp","BinaryOp","RefType","RefType","Local","Local","RefType","Int","length","Local","Int","Local"," - ","Constant","Local"," \u003e\u003d ","Local","org","apache","xerces","validators","schema","identity","X","Path$","Step","org","apache","xerces","validators","schema","identity","X","Path$","Step","Array","Int","java","lang","String","Array","Int","1","Int","Int","Int","RefType","[]","RefType","[]","org","apache","xerces","validators","schema","identity","X","Path$","Step","org","apache","xerces","validators","schema","identity","X","Path$","Step"],"edges":[[0,1],[0,2],[0,3],[0,4],[0,5],[0,6],[0,7],[2,8],[2,9],[3,10],[3,11],[5,12],[5,13],[6,14],[6,15],[7,16],[8,17],[9,18],[9,19],[9,20],[10,21],[12,22],[13,23],[13,24],[14,25],[15,26],[15,27],[15,28],[16,29],[16,30],[16,31],[17,32],[17,33],[17,34],[17,35],[17,36],[17,37],[17,38],[17,39],[17,40],[18,41],[18,42],[18,43],[18,44],[18,45],[18,46],[18,47],[18,48],[18,49],[19,50],[20,51],[21,52],[21,53],[21,54],[24,55],[26,56],[28,57],[28,58],[29,59],[31,60],[50,61],[50,62],[55,63],[55,64],[61,65],[61,66],[61,67],[61,68],[61,69],[61,70],[61,71],[61,72],[61,73],[63,74],[63,75],[63,76],[63,77],[63,78],[63,79],[63,80],[63,81],[63,82]],"ID":5},{"def":["i7"],"use":["i7","r1"],"callees":[],"nodes":["CompoundStmt","Invoke","DefinitionStmt","Local","BinaryOp","Int","Local"," + ","Constant","Int","1","Int"],"edges":[[0,1],[0,2],[2,3],[2,4],[3,5],[4,6],[4,7],[4,8],[6,9],[8,10],[8,11]],"ID":6},{"def":["$i5","$i4"],"use":["r2","$i5","r0.\u003corg.apache.xerces.validators.schema.identity.XPathMatcher: int fCurrentStep\u003e","r0","$i4"],"callees":[],"nodes":["CompoundStmt","DefinitionStmt","DefinitionStmt","IfStmt","Local","InstanceFieldRef","Local","UnaryOp","BinaryOp","Int","Int","Local","Int","Int","length","Local","Local"," !\u003d ","Local","RefType","Array","Int","Int","org","apache","xerces","validators","schema","identity","X","Path","Matcher","RefType","[]","org","apache","xerces","validators","schema","identity","X","Path$","Step"],"edges":[[0,1],[0,2],[0,3],[1,4],[1,5],[2,6],[2,7],[3,8],[4,9],[5,10],[5,11],[5,12],[6,13],[7,14],[7,15],[8,16],[8,17],[8,18],[11,19],[15,20],[16,21],[18,22],[19,23],[19,24],[19,25],[19,26],[19,27],[19,28],[19,29],[19,30],[19,31],[20,32],[20,33],[32,34],[32,35],[32,36],[32,37],[32,38],[32,39],[32,40],[32,41],[32,42]],"ID":7},{"def":["$r13"],"use":["$r13","r1"],"callees":[],"nodes":["CompoundStmt","Invoke","Invoke","DefinitionStmt","ReturnStmt","Local","Invoke","Local","RefType","RefType","java","lang","String","java","lang","String"],"edges":[[0,1],[0,2],[0,3],[0,4],[3,5],[3,6],[4,7],[5,8],[7,9],[8,10],[8,11],[8,12],[9,13],[9,14],[9,15]],"ID":8}],"edgeSet":[[6,3,0],[8,1,0],[3,7,1],[0,2,0],[2,3,1],[4,5,1],[5,6,1],[7,8,1],[2,3,2],[4,5,2],[5,6,2],[3,4,2],[7,8,2]],"ENTRY":{"def":[],"use":[],"callees":[],"nodes":["CompoundStmt"],"edges":[],"ID":0},"EXIT":{"def":[],"use":[],"callees":[],"nodes":["CompoundStmt"],"edges":[],"ID":1},"method_name":"toString"},{"blocks":[{"def":[],"use":[],"callees":[],"nodes":["CompoundStmt"],"edges":[],"ID":0},{"def":[],"use":[],"callees":[],"nodes":["CompoundStmt"],"edges":[],"ID":1},{"def":["r0.\u003corg.apache.xerces.validators.schema.identity.XPathMatcher: java.lang.String fMatchedString\u003e","$r1","r0.\u003corg.apache.xerces.validators.schema.identity.XPathMatcher: boolean fBufferContent\u003e","r0","r0.\u003corg.apache.xerces.validators.schema.identity.XPathMatcher: boolean fMatched\u003e"],"use":["$r1","@this: org.apache.xerces.validators.schema.identity.XPathMatcher","r0","r0.\u003corg.apache.xerces.validators.schema.identity.XPathMatcher: java.lang.StringBuffer fMatchedBuffer\u003e"],"callees":[],"nodes":["CompoundStmt","DefinitionStmt","DefinitionStmt","DefinitionStmt","Invoke","DefinitionStmt","DefinitionStmt","ReturnVoidStmt","Local","ThisRef","InstanceFieldRef","Constant","Local","InstanceFieldRef","InstanceFieldRef","Constant","InstanceFieldRef","Constant","RefType","RefType","Boolean","Local","Boolean","0","Int","RefType","RefType","Local","RefType","Boolean","Local","Boolean","0","Int","RefType","Local","RefType","Null","org","apache","xerces","validators","schema","identity","X","Path","Matcher","org","apache","xerces","validators","schema","identity","X","Path","Matcher","RefType","java","lang","String","Buffer","java","lang","String","Buffer","RefType","java","lang","String","Buffer","RefType","java","lang","String","RefType","java","lang","String","org","apache","xerces","validators","schema","identity","X","Path","Matcher","org","apache","xerces","validators","schema","identity","X","Path","Matcher","org","apache","xerces","validators","schema","identity","X","Path","Matcher","org","apache","xerces","validators","schema","identity","X","Path","Matcher"],"edges":[[0,1],[0,2],[0,3],[0,4],[0,5],[0,6],[0,7],[1,8],[1,9],[2,10],[2,11],[3,12],[3,13],[5,14],[5,15],[6,16],[6,17],[8,18],[9,19],[10,20],[10,21],[10,22],[11,23],[11,24],[12,25],[13,26],[13,27],[13,28],[14,29],[14,30],[14,31],[15,32],[15,33],[16,34],[16,35],[16,36],[17,37],[18,38],[18,39],[18,40],[18,41],[18,42],[18,43],[18,44],[18,45],[18,46],[19,47],[19,48],[19,49],[19,50],[19,51],[19,52],[19,53],[19,54],[19,55],[21,56],[25,57],[25,58],[25,59],[25,60],[26,61],[26,62],[26,63],[26,64],[27,65],[28,66],[28,67],[28,68],[28,69],[30,70],[34,71],[34,72],[34,73],[35,74],[36,75],[36,76],[36,77],[56,78],[56,79],[56,80],[56,81],[56,82],[56,83],[56,84],[56,85],[56,86],[65,87],[65,88],[65,89],[65,90],[65,91],[65,92],[65,93],[65,94],[65,95],[70,96],[70,97],[70,98],[70,99],[70,100],[70,101],[70,102],[70,103],[70,104],[74,105],[74,106],[74,107],[74,108],[74,109],[74,110],[74,111],[74,112],[74,113]],"ID":2}],"edgeSet":[[0,2,0],[2,1,0]],"ENTRY":{"def":[],"use":[],"callees":[],"nodes":["CompoundStmt"],"edges":[],"ID":0},"EXIT":{"def":[],"use":[],"callees":[],"nodes":["CompoundStmt"],"edges":[],"ID":1},"method_name":"clear"},{"blocks":[{"def":[],"use":[],"callees":[],"nodes":["CompoundStmt"],"edges":[],"ID":0},{"def":[],"use":[],"callees":[],"nodes":["CompoundStmt"],"edges":[],"ID":1},{"def":["r2","$r3","i0","i2","r0","r1"],"use":["$r3","@this: org.apache.xerces.validators.schema.identity.XPathMatcher","i0","i2","@parameter0: java.lang.String","r1"],"callees":[],"nodes":["CompoundStmt","DefinitionStmt","DefinitionStmt","DefinitionStmt","Invoke","DefinitionStmt","DefinitionStmt","DefinitionStmt","GotoStmt","IfStmt","Local","ThisRef","Local","Param","Local","NewExpr","Local","Local","Local","Invoke","Local","Constant","BinaryOp","RefType","RefType","RefType","RefType","RefType","RefType","RefType","RefType","Int","Int","0","Int","Local"," \u003c ","Local","org","apache","xerces","validators","schema","identity","X","Path","Matcher","org","apache","xerces","validators","schema","identity","X","Path","Matcher","java","lang","String","java","lang","String","java","lang","String","Buffer","java","lang","String","Buffer","java","lang","String","Buffer","java","lang","String","Buffer","Int","Int"],"edges":[[0,1],[0,2],[0,3],[0,4],[0,5],[0,6],[0,7],[0,8],[0,9],[1,10],[1,11],[2,12],[2,13],[3,14],[3,15],[5,16],[5,17],[6,18],[6,19],[7,20],[7,21],[9,22],[10,23],[11,24],[12,25],[13,26],[14,27],[15,28],[16,29],[17,30],[18,31],[20,32],[21,33],[21,34],[22,35],[22,36],[22,37],[23,38],[23,39],[23,40],[23,41],[23,42],[23,43],[23,44],[23,45],[23,46],[24,47],[24,48],[24,49],[24,50],[24,51],[24,52],[24,53],[24,54],[24,55],[25,56],[25,57],[25,58],[26,59],[26,60],[26,61],[27,62],[27,63],[27,64],[27,65],[28,66],[28,67],[28,68],[28,69],[29,70],[29,71],[29,72],[29,73],[30,74],[30,75],[30,76],[30,77],[35,78],[37,79]],"ID":2},{"def":["c1"],"use":["i2","c1","r1"],"callees":[],"nodes":["CompoundStmt","DefinitionStmt","SwitchStmt","Local","Invoke","Local","Char","Char"],"edges":[[0,1],[0,2],[1,3],[1,4],[2,5],[3,6],[5,7]],"ID":3},{"def":["i2"],"use":["r2","i2"],"callees":[],"nodes":["CompoundStmt","Invoke","GotoStmt","DefinitionStmt","Local","BinaryOp","Int","Local"," + ","Constant","Int","1","Int"],"edges":[[0,1],[0,2],[0,3],[3,4],[3,5],[4,6],[5,7],[5,8],[5,9],[7,10],[9,11],[9,12]],"ID":4},{"def":[],"use":["r2","c1"],"callees":[],"nodes":["CompoundStmt","Invoke"],"edges":[[0,1]],"ID":5},{"def":["$r6"],"use":["r2","$r6"],"callees":[],"nodes":["CompoundStmt","DefinitionStmt","ReturnStmt","Local","Invoke","Local","RefType","RefType","java","lang","String","java","lang","String"],"edges":[[0,1],[0,2],[1,3],[1,4],[2,5],[3,6],[5,7],[6,8],[6,9],[6,10],[7,11],[7,12],[7,13]],"ID":6}],"edgeSet":[[4,2,0],[6,1,0],[3,4,6],[3,5,7],[2,6,1],[0,2,0],[5,4,0],[2,3,2]],"ENTRY":{"def":[],"use":[],"callees":[],"nodes":["CompoundStmt"],"edges":[],"ID":0},"EXIT":{"def":[],"use":[],"callees":[],"nodes":["CompoundStmt"],"edges":[],"ID":1},"method_name":"normalize"}],"label":"1"}