{"data":[{"blocks":[{"def":[],"use":[],"callees":[],"nodes":["CompoundStmt"],"edges":[],"ID":0},{"def":[],"use":[],"callees":[],"nodes":["CompoundStmt"],"edges":[],"ID":1},{"def":["$r2","$r3","r0","r1"],"use":["$r2","$r3","@this: org.apache.html.dom.HTMLElementImpl","@parameter0: java.lang.String","r0","r1"],"callees":[],"nodes":["CompoundStmt","DefinitionStmt","DefinitionStmt","DefinitionStmt","DefinitionStmt","ReturnStmt","Local","ThisRef","Local","Param","Local","Invoke","Local","Invoke","Local","RefType","RefType","RefType","RefType","RefType","RefType","RefType","org","apache","html","dom","H","T","M","L","Element","Impl","org","apache","html","dom","H","T","M","L","Element","Impl","java","lang","String","java","lang","String","java","lang","String","java","lang","String","java","lang","String"],"edges":[[0,1],[0,2],[0,3],[0,4],[0,5],[1,6],[1,7],[2,8],[2,9],[3,10],[3,11],[4,12],[4,13],[5,14],[6,15],[7,16],[8,17],[9,18],[10,19],[12,20],[14,21],[15,22],[15,23],[15,24],[15,25],[15,26],[15,27],[15,28],[15,29],[15,30],[15,31],[16,32],[16,33],[16,34],[16,35],[16,36],[16,37],[16,38],[16,39],[16,40],[16,41],[17,42],[17,43],[17,44],[18,45],[18,46],[18,47],[19,48],[19,49],[19,50],[20,51],[20,52],[20,53],[21,54],[21,55],[21,56]],"ID":2}],"edgeSet":[[0,2,0],[2,1,0]],"ENTRY":{"def":[],"use":[],"callees":[],"nodes":["CompoundStmt"],"edges":[],"ID":0},"EXIT":{"def":[],"use":[],"callees":[],"nodes":["CompoundStmt"],"edges":[],"ID":1},"method_name":"getAttribute"},{"blocks":[{"def":[],"use":[],"callees":[],"nodes":["CompoundStmt"],"edges":[],"ID":0},{"def":[],"use":[],"callees":[],"nodes":["CompoundStmt"],"edges":[],"ID":1},{"def":["r0","r1"],"use":["@this: org.apache.html.dom.HTMLLegendElementImpl","r0","r1"],"callees":["getAttribute"],"nodes":["CompoundStmt","DefinitionStmt","DefinitionStmt","IfStmt","Local","ThisRef","Local","Invoke","BinaryOp","RefType","RefType","RefType","Local"," \u003d\u003d ","Constant","org","apache","html","dom","H","T","M","L","Legend","Element","Impl","org","apache","html","dom","H","T","M","L","Legend","Element","Impl","java","lang","String","RefType","Null","java","lang","String"],"edges":[[0,1],[0,2],[0,3],[1,4],[1,5],[2,6],[2,7],[3,8],[4,9],[5,10],[6,11],[8,12],[8,13],[8,14],[9,15],[9,16],[9,17],[9,18],[9,19],[9,20],[9,21],[9,22],[9,23],[9,24],[9,25],[10,26],[10,27],[10,28],[10,29],[10,30],[10,31],[10,32],[10,33],[10,34],[10,35],[10,36],[11,37],[11,38],[11,39],[12,40],[14,41],[40,42],[40,43],[40,44]],"ID":2},{"def":["$i0"],"use":["$i0","r1"],"callees":[],"nodes":["CompoundStmt","DefinitionStmt","IfStmt","Local","Invoke","BinaryOp","Int","Local"," \u003c\u003d ","Constant","Int","1","Int"],"edges":[[0,1],[0,2],[1,3],[1,4],[2,5],[3,6],[5,7],[5,8],[5,9],[7,10],[9,11],[9,12]],"ID":3},{"def":["r1"],"use":["r1"],"callees":[],"nodes":["CompoundStmt","DefinitionStmt","ReturnStmt","Local","Invoke","Local","RefType","RefType","java","lang","String","java","lang","String"],"edges":[[0,1],[0,2],[1,3],[1,4],[2,5],[3,6],[5,7],[6,8],[6,9],[6,10],[7,11],[7,12],[7,13]],"ID":4}],"edgeSet":[[4,1,0],[0,2,0],[2,3,1],[2,4,2],[3,4,1],[3,4,2]],"ENTRY":{"def":[],"use":[],"callees":[],"nodes":["CompoundStmt"],"edges":[],"ID":0},"EXIT":{"def":[],"use":[],"callees":[],"nodes":["CompoundStmt"],"edges":[],"ID":1},"method_name":"getAccessKey"},{"blocks":[{"def":[],"use":[],"callees":[],"nodes":["CompoundStmt"],"edges":[],"ID":0},{"def":[],"use":[],"callees":[],"nodes":["CompoundStmt"],"edges":[],"ID":1},{"def":["r0","r1"],"use":["@this: org.apache.html.dom.HTMLLegendElementImpl","@parameter0: java.lang.String","r1"],"callees":[],"nodes":["CompoundStmt","DefinitionStmt","DefinitionStmt","IfStmt","Local","ThisRef","Local","Param","BinaryOp","RefType","RefType","RefType","RefType","Local"," \u003d\u003d ","Constant","org","apache","html","dom","H","T","M","L","Legend","Element","Impl","org","apache","html","dom","H","T","M","L","Legend","Element","Impl","java","lang","String","java","lang","String","RefType","Null","java","lang","String"],"edges":[[0,1],[0,2],[0,3],[1,4],[1,5],[2,6],[2,7],[3,8],[4,9],[5,10],[6,11],[7,12],[8,13],[8,14],[8,15],[9,16],[9,17],[9,18],[9,19],[9,20],[9,21],[9,22],[9,23],[9,24],[9,25],[9,26],[10,27],[10,28],[10,29],[10,30],[10,31],[10,32],[10,33],[10,34],[10,35],[10,36],[10,37],[11,38],[11,39],[11,40],[12,41],[12,42],[12,43],[13,44],[15,45],[44,46],[44,47],[44,48]],"ID":2},{"def":["$i0"],"use":["$i0","r1"],"callees":[],"nodes":["CompoundStmt","DefinitionStmt","IfStmt","Local","Invoke","BinaryOp","Int","Local"," \u003c\u003d ","Constant","Int","1","Int"],"edges":[[0,1],[0,2],[1,3],[1,4],[2,5],[3,6],[5,7],[5,8],[5,9],[7,10],[9,11],[9,12]],"ID":3},{"def":["r1"],"use":["r0","r1"],"callees":[],"nodes":["CompoundStmt","DefinitionStmt","Invoke","ReturnVoidStmt","Local","Invoke","RefType","java","lang","String"],"edges":[[0,1],[0,2],[0,3],[1,4],[1,5],[4,6],[6,7],[6,8],[6,9]],"ID":4}],"edgeSet":[[4,1,0],[0,2,0],[2,3,1],[2,4,2],[3,4,1],[3,4,2]],"ENTRY":{"def":[],"use":[],"callees":[],"nodes":["CompoundStmt"],"edges":[],"ID":0},"EXIT":{"def":[],"use":[],"callees":[],"nodes":["CompoundStmt"],"edges":[],"ID":1},"method_name":"setAccessKey"},{"blocks":[{"def":[],"use":[],"callees":[],"nodes":["CompoundStmt"],"edges":[],"ID":0},{"def":[],"use":[],"callees":[],"nodes":["CompoundStmt"],"edges":[],"ID":1},{"def":["$r1","r0"],"use":["$r1","@this: org.apache.html.dom.HTMLLegendElementImpl","r0"],"callees":["getAttribute"],"nodes":["CompoundStmt","DefinitionStmt","DefinitionStmt","ReturnStmt","Local","ThisRef","Local","Invoke","Local","RefType","RefType","RefType","RefType","org","apache","html","dom","H","T","M","L","Legend","Element","Impl","org","apache","html","dom","H","T","M","L","Legend","Element","Impl","java","lang","String","java","lang","String"],"edges":[[0,1],[0,2],[0,3],[1,4],[1,5],[2,6],[2,7],[3,8],[4,9],[5,10],[6,11],[8,12],[9,13],[9,14],[9,15],[9,16],[9,17],[9,18],[9,19],[9,20],[9,21],[9,22],[9,23],[10,24],[10,25],[10,26],[10,27],[10,28],[10,29],[10,30],[10,31],[10,32],[10,33],[10,34],[11,35],[11,36],[11,37],[12,38],[12,39],[12,40]],"ID":2}],"edgeSet":[[0,2,0],[2,1,0]],"ENTRY":{"def":[],"use":[],"callees":[],"nodes":["CompoundStmt"],"edges":[],"ID":0},"EXIT":{"def":[],"use":[],"callees":[],"nodes":["CompoundStmt"],"edges":[],"ID":1},"method_name":"getAlign"},{"blocks":[{"def":[],"use":[],"callees":[],"nodes":["CompoundStmt"],"edges":[],"ID":0},{"def":[],"use":[],"callees":[],"nodes":["CompoundStmt"],"edges":[],"ID":1},{"def":["r0","r1"],"use":["@this: org.apache.html.dom.HTMLLegendElementImpl","@parameter0: java.lang.String","r0","r1"],"callees":[],"nodes":["CompoundStmt","DefinitionStmt","DefinitionStmt","Invoke","ReturnVoidStmt","Local","ThisRef","Local","Param","RefType","RefType","RefType","RefType","org","apache","html","dom","H","T","M","L","Legend","Element","Impl","org","apache","html","dom","H","T","M","L","Legend","Element","Impl","java","lang","String","java","lang","String"],"edges":[[0,1],[0,2],[0,3],[0,4],[1,5],[1,6],[2,7],[2,8],[5,9],[6,10],[7,11],[8,12],[9,13],[9,14],[9,15],[9,16],[9,17],[9,18],[9,19],[9,20],[9,21],[9,22],[9,23],[10,24],[10,25],[10,26],[10,27],[10,28],[10,29],[10,30],[10,31],[10,32],[10,33],[10,34],[11,35],[11,36],[11,37],[12,38],[12,39],[12,40]],"ID":2}],"edgeSet":[[0,2,0],[2,1,0]],"ENTRY":{"def":[],"use":[],"callees":[],"nodes":["CompoundStmt"],"edges":[],"ID":0},"EXIT":{"def":[],"use":[],"callees":[],"nodes":["CompoundStmt"],"edges":[],"ID":1},"method_name":"setAlign"},{"blocks":[{"def":[],"use":[],"callees":[],"nodes":["CompoundStmt"],"edges":[],"ID":0},{"def":[],"use":[],"callees":[],"nodes":["CompoundStmt"],"edges":[],"ID":1},{"def":["r2","r0","r1"],"use":["r2","@parameter0: org.apache.html.dom.HTMLDocumentImpl","@parameter1: java.lang.String","@this: org.apache.html.dom.HTMLLegendElementImpl","r0","r1"],"callees":["\u003cinit\u003e"],"nodes":["CompoundStmt","DefinitionStmt","DefinitionStmt","DefinitionStmt","Invoke","ReturnVoidStmt","Local","ThisRef","Local","Param","Local","Param","RefType","RefType","RefType","RefType","RefType","RefType","org","apache","html","dom","H","T","M","L","Legend","Element","Impl","org","apache","html","dom","H","T","M","L","Legend","Element","Impl","org","apache","html","dom","H","T","M","L","Document","Impl","org","apache","html","dom","H","T","M","L","Document","Impl","java","lang","String","java","lang","String"],"edges":[[0,1],[0,2],[0,3],[0,4],[0,5],[1,6],[1,7],[2,8],[2,9],[3,10],[3,11],[6,12],[7,13],[8,14],[9,15],[10,16],[11,17],[12,18],[12,19],[12,20],[12,21],[12,22],[12,23],[12,24],[12,25],[12,26],[12,27],[12,28],[13,29],[13,30],[13,31],[13,32],[13,33],[13,34],[13,35],[13,36],[13,37],[13,38],[13,39],[14,40],[14,41],[14,42],[14,43],[14,44],[14,45],[14,46],[14,47],[14,48],[14,49],[15,50],[15,51],[15,52],[15,53],[15,54],[15,55],[15,56],[15,57],[15,58],[15,59],[16,60],[16,61],[16,62],[17,63],[17,64],[17,65]],"ID":2}],"edgeSet":[[0,2,0],[2,1,0]],"ENTRY":{"def":[],"use":[],"callees":[],"nodes":["CompoundStmt"],"edges":[],"ID":0},"EXIT":{"def":[],"use":[],"callees":[],"nodes":["CompoundStmt"],"edges":[],"ID":1},"method_name":"\u003cinit\u003e"}],"label":"0"}