{"data":[{"blocks":[{"def":[],"use":[],"callees":[],"nodes":["CompoundStmt"],"edges":[],"ID":0},{"def":[],"use":[],"callees":[],"nodes":["CompoundStmt"],"edges":[],"ID":1},{"def":["r2","r0.\u003corg.apache.xml.serialize.IndentPrinter: java.lang.StringBuffer _text\u003e","r0.\u003corg.apache.xml.serialize.IndentPrinter: int _nextIndent\u003e","r0.\u003corg.apache.xml.serialize.IndentPrinter: int _thisIndent\u003e","$r3","$r4","r0.\u003corg.apache.xml.serialize.IndentPrinter: java.lang.StringBuffer _line\u003e","r0.\u003corg.apache.xml.serialize.IndentPrinter: int _spaces\u003e","r0","r1"],"use":["r2","@parameter1: org.apache.xml.serialize.OutputFormat","$r3","@parameter0: java.io.Writer","$r4","@this: org.apache.xml.serialize.IndentPrinter","r0","r1"],"callees":["\u003cinit\u003e"],"nodes":["CompoundStmt","DefinitionStmt","DefinitionStmt","DefinitionStmt","Invoke","DefinitionStmt","Invoke","DefinitionStmt","DefinitionStmt","Invoke","DefinitionStmt","DefinitionStmt","DefinitionStmt","DefinitionStmt","ReturnVoidStmt","Local","ThisRef","Local","Param","Local","Param","Local","NewExpr","InstanceFieldRef","Local","Local","NewExpr","InstanceFieldRef","Local","InstanceFieldRef","Constant","InstanceFieldRef","Constant","InstanceFieldRef","Constant","RefType","RefType","RefType","RefType","RefType","RefType","RefType","RefType","RefType","Local","RefType","RefType","RefType","RefType","RefType","Local","RefType","RefType","Int","Local","Int","0","Int","Int","Local","Int","0","Int","Int","Local","Int","0","Int","org","apache","xml","serialize","Indent","Printer","org","apache","xml","serialize","Indent","Printer","java","io","Writer","java","io","Writer","org","apache","xml","serialize","Output","Format","org","apache","xml","serialize","Output","Format","java","lang","String","Buffer","java","lang","String","Buffer","java","lang","String","Buffer","RefType","java","lang","String","Buffer","java","lang","String","Buffer","java","lang","String","Buffer","java","lang","String","Buffer","java","lang","String","Buffer","RefType","java","lang","String","Buffer","java","lang","String","Buffer","RefType","RefType","RefType","org","apache","xml","serialize","Indent","Printer","org","apache","xml","serialize","Indent","Printer","org","apache","xml","serialize","Indent","Printer","org","apache","xml","serialize","Indent","Printer","org","apache","xml","serialize","Indent","Printer"],"edges":[[0,1],[0,2],[0,3],[0,4],[0,5],[0,6],[0,7],[0,8],[0,9],[0,10],[0,11],[0,12],[0,13],[0,14],[1,15],[1,16],[2,17],[2,18],[3,19],[3,20],[5,21],[5,22],[7,23],[7,24],[8,25],[8,26],[10,27],[10,28],[11,29],[11,30],[12,31],[12,32],[13,33],[13,34],[15,35],[16,36],[17,37],[18,38],[19,39],[20,40],[21,41],[22,42],[23,43],[23,44],[23,45],[24,46],[25,47],[26,48],[27,49],[27,50],[27,51],[28,52],[29,53],[29,54],[29,55],[30,56],[30,57],[31,58],[31,59],[31,60],[32,61],[32,62],[33,63],[33,64],[33,65],[34,66],[34,67],[35,68],[35,69],[35,70],[35,71],[35,72],[35,73],[36,74],[36,75],[36,76],[36,77],[36,78],[36,79],[37,80],[37,81],[37,82],[38,83],[38,84],[38,85],[39,86],[39,87],[39,88],[39,89],[39,90],[39,91],[40,92],[40,93],[40,94],[40,95],[40,96],[40,97],[41,98],[41,99],[41,100],[41,101],[42,102],[42,103],[42,104],[42,105],[43,106],[43,107],[43,108],[43,109],[44,110],[45,111],[45,112],[45,113],[45,114],[46,115],[46,116],[46,117],[46,118],[47,119],[47,120],[47,121],[47,122],[48,123],[48,124],[48,125],[48,126],[49,127],[49,128],[49,129],[49,130],[50,131],[51,132],[51,133],[51,134],[51,135],[52,136],[52,137],[52,138],[52,139],[54,140],[59,141],[64,142],[110,143],[110,144],[110,145],[110,146],[110,147],[110,148],[131,149],[131,150],[131,151],[131,152],[131,153],[131,154],[140,155],[140,156],[140,157],[140,158],[140,159],[140,160],[141,161],[141,162],[141,163],[141,164],[141,165],[141,166],[142,167],[142,168],[142,169],[142,170],[142,171],[142,172]],"ID":2}],"edgeSet":[[0,2,0],[2,1,0]],"ENTRY":{"def":[],"use":[],"callees":[],"nodes":["CompoundStmt"],"edges":[],"ID":0},"EXIT":{"def":[],"use":[],"callees":[],"nodes":["CompoundStmt"],"edges":[],"ID":1},"method_name":"\u003cinit\u003e"},{"blocks":[{"def":[],"use":[],"callees":[],"nodes":["CompoundStmt"],"edges":[],"ID":0},{"def":[],"use":[],"callees":[],"nodes":["CompoundStmt"],"edges":[],"ID":1},{"def":["$i0","r0"],"use":["@this: org.apache.xml.serialize.OutputFormat","$i0","r0.\u003corg.apache.xml.serialize.OutputFormat: int _indent\u003e","r0"],"callees":[],"nodes":["CompoundStmt","DefinitionStmt","DefinitionStmt","IfStmt","Local","ThisRef","Local","InstanceFieldRef","BinaryOp","RefType","RefType","Int","Int","Local","Int","Local"," \u003c\u003d ","Constant","org","apache","xml","serialize","Output","Format","org","apache","xml","serialize","Output","Format","RefType","Int","0","Int","org","apache","xml","serialize","Output","Format"],"edges":[[0,1],[0,2],[0,3],[1,4],[1,5],[2,6],[2,7],[3,8],[4,9],[5,10],[6,11],[7,12],[7,13],[7,14],[8,15],[8,16],[8,17],[9,18],[9,19],[9,20],[9,21],[9,22],[9,23],[10,24],[10,25],[10,26],[10,27],[10,28],[10,29],[13,30],[15,31],[17,32],[17,33],[30,34],[30,35],[30,36],[30,37],[30,38],[30,39]],"ID":2},{"def":["$z0"],"use":["$z0"],"callees":[],"nodes":["CompoundStmt","DefinitionStmt","GotoStmt","ReturnStmt","Local","Constant","Local","Boolean","1","Int","Boolean"],"edges":[[0,1],[0,2],[0,3],[1,4],[1,5],[3,6],[4,7],[5,8],[5,9],[6,10]],"ID":3},{"def":["$z0"],"use":[],"callees":[],"nodes":["CompoundStmt","DefinitionStmt","Local","Constant","Boolean","0","Int"],"edges":[[0,1],[1,2],[1,3],[2,4],[3,5],[3,6]],"ID":4}],"edgeSet":[[3,1,0],[0,2,0],[2,3,1],[2,4,2],[4,3,0]],"ENTRY":{"def":[],"use":[],"callees":[],"nodes":["CompoundStmt"],"edges":[],"ID":0},"EXIT":{"def":[],"use":[],"callees":[],"nodes":["CompoundStmt"],"edges":[],"ID":1},"method_name":"getIndenting"},{"blocks":[{"def":[],"use":[],"callees":[],"nodes":["CompoundStmt"],"edges":[],"ID":0},{"def":[],"use":[],"callees":[],"nodes":["CompoundStmt"],"edges":[],"ID":1},{"def":["$i0","r0"],"use":["@this: org.apache.xml.serialize.OutputFormat","r0.\u003corg.apache.xml.serialize.OutputFormat: int _lineWidth\u003e","$i0","r0"],"callees":[],"nodes":["CompoundStmt","DefinitionStmt","DefinitionStmt","ReturnStmt","Local","ThisRef","Local","InstanceFieldRef","Local","RefType","RefType","Int","Int","Local","Int","Int","org","apache","xml","serialize","Output","Format","org","apache","xml","serialize","Output","Format","RefType","org","apache","xml","serialize","Output","Format"],"edges":[[0,1],[0,2],[0,3],[1,4],[1,5],[2,6],[2,7],[3,8],[4,9],[5,10],[6,11],[7,12],[7,13],[7,14],[8,15],[9,16],[9,17],[9,18],[9,19],[9,20],[9,21],[10,22],[10,23],[10,24],[10,25],[10,26],[10,27],[13,28],[28,29],[28,30],[28,31],[28,32],[28,33],[28,34]],"ID":2}],"edgeSet":[[0,2,0],[2,1,0]],"ENTRY":{"def":[],"use":[],"callees":[],"nodes":["CompoundStmt"],"edges":[],"ID":0},"EXIT":{"def":[],"use":[],"callees":[],"nodes":["CompoundStmt"],"edges":[],"ID":1},"method_name":"getLineWidth"},{"blocks":[{"def":[],"use":[],"callees":[],"nodes":["CompoundStmt"],"edges":[],"ID":0},{"def":[],"use":[],"callees":[],"nodes":["CompoundStmt"],"edges":[],"ID":1},{"def":["$r2","z0","$i0","r0"],"use":["$r2","r0.\u003corg.apache.xml.serialize.IndentPrinter: java.lang.StringBuffer _line\u003e","@parameter0: boolean","@this: org.apache.xml.serialize.IndentPrinter","$i0","r0"],"callees":[],"nodes":["CompoundStmt","DefinitionStmt","DefinitionStmt","DefinitionStmt","DefinitionStmt","IfStmt","Local","ThisRef","Local","Param","Local","InstanceFieldRef","Local","Invoke","BinaryOp","RefType","RefType","Boolean","Boolean","RefType","RefType","Local","RefType","Int","Local"," \u003c\u003d ","Constant","org","apache","xml","serialize","Indent","Printer","org","apache","xml","serialize","Indent","Printer","java","lang","String","Buffer","java","lang","String","Buffer","RefType","java","lang","String","Buffer","Int","0","Int","org","apache","xml","serialize","Indent","Printer"],"edges":[[0,1],[0,2],[0,3],[0,4],[0,5],[1,6],[1,7],[2,8],[2,9],[3,10],[3,11],[4,12],[4,13],[5,14],[6,15],[7,16],[8,17],[9,18],[10,19],[11,20],[11,21],[11,22],[12,23],[14,24],[14,25],[14,26],[15,27],[15,28],[15,29],[15,30],[15,31],[15,32],[16,33],[16,34],[16,35],[16,36],[16,37],[16,38],[19,39],[19,40],[19,41],[19,42],[20,43],[20,44],[20,45],[20,46],[21,47],[22,48],[22,49],[22,50],[22,51],[24,52],[26,53],[26,54],[47,55],[47,56],[47,57],[47,58],[47,59],[47,60]],"ID":2},{"def":["$r3"],"use":["r0.\u003corg.apache.xml.serialize.Printer: org.apache.xml.serialize.OutputFormat _format\u003e","r0"],"callees":[],"nodes":["CompoundStmt","DefinitionStmt","Local","InstanceFieldRef","RefType","RefType","Local","RefType","org","apache","xml","serialize","Output","Format","org","apache","xml","serialize","Output","Format","RefType","org","apache","xml","serialize","Output","Format","org","apache","xml","serialize","Indent","Printer"],"edges":[[0,1],[1,2],[1,3],[2,4],[3,5],[3,6],[3,7],[4,8],[4,9],[4,10],[4,11],[4,12],[4,13],[5,14],[5,15],[5,16],[5,17],[5,18],[5,19],[6,20],[7,21],[7,22],[7,23],[7,24],[7,25],[7,26],[20,27],[20,28],[20,29],[20,30],[20,31],[20,32]],"ID":3},{"def":["$z1"],"use":["$r3"],"callees":["getIndenting"],"nodes":["CompoundStmt","DefinitionStmt","Local","Invoke","Boolean"],"edges":[[0,1],[1,2],[1,3],[2,4]],"ID":4},{"def":[],"use":["$z1"],"callees":[],"nodes":["CompoundStmt","IfStmt","BinaryOp","Local"," \u003d\u003d ","Constant","Boolean","0","Int"],"edges":[[0,1],[1,2],[2,3],[2,4],[2,5],[3,6],[5,7],[5,8]],"ID":5},{"def":[],"use":["z0"],"callees":[],"nodes":["CompoundStmt","IfStmt","BinaryOp","Local"," !\u003d ","Constant","Boolean","0","Int"],"edges":[[0,1],[1,2],[2,3],[2,4],[2,5],[3,6],[5,7],[5,8]],"ID":6},{"def":["$r4","i5","$i1"],"use":["r0.\u003corg.apache.xml.serialize.IndentPrinter: int _thisIndent\u003e","r0.\u003corg.apache.xml.serialize.Printer: org.apache.xml.serialize.OutputFormat _format\u003e","i5","r0"],"callees":[],"nodes":["CompoundStmt","DefinitionStmt","DefinitionStmt","DefinitionStmt","Local","InstanceFieldRef","Local","BinaryOp","Local","InstanceFieldRef","Int","Int","Local","Int","Int","Constant"," * ","Local","RefType","RefType","Local","RefType","RefType","2","Int","Int","org","apache","xml","serialize","Output","Format","org","apache","xml","serialize","Output","Format","RefType","org","apache","xml","serialize","Output","Format","org","apache","xml","serialize","Indent","Printer","org","apache","xml","serialize","Indent","Printer"],"edges":[[0,1],[0,2],[0,3],[1,4],[1,5],[2,6],[2,7],[3,8],[3,9],[4,10],[5,11],[5,12],[5,13],[6,14],[7,15],[7,16],[7,17],[8,18],[9,19],[9,20],[9,21],[12,22],[15,23],[15,24],[17,25],[18,26],[18,27],[18,28],[18,29],[18,30],[18,31],[19,32],[19,33],[19,34],[19,35],[19,36],[19,37],[20,38],[21,39],[21,40],[21,41],[21,42],[21,43],[21,44],[22,45],[22,46],[22,47],[22,48],[22,49],[22,50],[38,51],[38,52],[38,53],[38,54],[38,55],[38,56]],"ID":7},{"def":["$i2"],"use":["$r4"],"callees":["getLineWidth"],"nodes":["CompoundStmt","DefinitionStmt","Local","Invoke","Int"],"edges":[[0,1],[1,2],[1,3],[2,4]],"ID":8},{"def":[],"use":["$i1","$i2"],"callees":[],"nodes":["CompoundStmt","IfStmt","BinaryOp","Local"," \u003c\u003d ","Local","Int","Int"],"edges":[[0,1],[1,2],[2,3],[2,4],[2,5],[3,6],[5,7]],"ID":9},{"def":["$r6"],"use":["r0.\u003corg.apache.xml.serialize.Printer: org.apache.xml.serialize.OutputFormat _format\u003e","r0"],"callees":[],"nodes":["CompoundStmt","DefinitionStmt","Local","InstanceFieldRef","RefType","RefType","Local","RefType","org","apache","xml","serialize","Output","Format","org","apache","xml","serialize","Output","Format","RefType","org","apache","xml","serialize","Output","Format","org","apache","xml","serialize","Indent","Printer"],"edges":[[0,1],[1,2],[1,3],[2,4],[3,5],[3,6],[3,7],[4,8],[4,9],[4,10],[4,11],[4,12],[4,13],[5,14],[5,15],[5,16],[5,17],[5,18],[5,19],[6,20],[7,21],[7,22],[7,23],[7,24],[7,25],[7,26],[20,27],[20,28],[20,29],[20,30],[20,31],[20,32]],"ID":10},{"def":["$i3"],"use":["$r6"],"callees":["getLineWidth"],"nodes":["CompoundStmt","DefinitionStmt","Local","Invoke","Int"],"edges":[[0,1],[1,2],[1,3],[2,4]],"ID":11},{"def":[],"use":["$i3"],"callees":[],"nodes":["CompoundStmt","IfStmt","BinaryOp","Local"," \u003c\u003d ","Constant","Int","0","Int"],"edges":[[0,1],[1,2],[2,3],[2,4],[2,5],[3,6],[5,7],[5,8]],"ID":12},{"def":["$r7"],"use":["r0.\u003corg.apache.xml.serialize.Printer: org.apache.xml.serialize.OutputFormat _format\u003e","r0"],"callees":[],"nodes":["CompoundStmt","DefinitionStmt","Local","InstanceFieldRef","RefType","RefType","Local","RefType","org","apache","xml","serialize","Output","Format","org","apache","xml","serialize","Output","Format","RefType","org","apache","xml","serialize","Output","Format","org","apache","xml","serialize","Indent","Printer"],"edges":[[0,1],[1,2],[1,3],[2,4],[3,5],[3,6],[3,7],[4,8],[4,9],[4,10],[4,11],[4,12],[4,13],[5,14],[5,15],[5,16],[5,17],[5,18],[5,19],[6,20],[7,21],[7,22],[7,23],[7,24],[7,25],[7,26],[20,27],[20,28],[20,29],[20,30],[20,31],[20,32]],"ID":13},{"def":["$i4"],"use":["$r7"],"callees":["getLineWidth"],"nodes":["CompoundStmt","DefinitionStmt","Local","Invoke","Int"],"edges":[[0,1],[1,2],[1,3],[2,4]],"ID":14},{"def":["i5"],"use":["i5","$i4"],"callees":[],"nodes":["CompoundStmt","DefinitionStmt","GotoStmt","IfStmt","Local","BinaryOp","BinaryOp","Int","Local"," / ","Constant","Local"," \u003e ","Constant","Int","2","Int","Int","0","Int"],"edges":[[0,1],[0,2],[0,3],[1,4],[1,5],[3,6],[4,7],[5,8],[5,9],[5,10],[6,11],[6,12],[6,13],[8,14],[10,15],[10,16],[11,17],[13,18],[13,19]],"ID":15},{"def":["$r5"],"use":["r0","r0.\u003corg.apache.xml.serialize.Printer: java.io.Writer _writer\u003e"],"callees":[],"nodes":["CompoundStmt","DefinitionStmt","Local","InstanceFieldRef","RefType","RefType","Local","RefType","java","io","Writer","java","io","Writer","RefType","java","io","Writer","org","apache","xml","serialize","Indent","Printer"],"edges":[[0,1],[1,2],[1,3],[2,4],[3,5],[3,6],[3,7],[4,8],[4,9],[4,10],[5,11],[5,12],[5,13],[6,14],[7,15],[7,16],[7,17],[14,18],[14,19],[14,20],[14,21],[14,22],[14,23]],"ID":16},{"def":[],"use":["$r5"],"callees":[],"nodes":["CompoundStmt","Invoke"],"edges":[[0,1]],"ID":17},{"def":["i5"],"use":["i5"],"callees":[],"nodes":["CompoundStmt","DefinitionStmt","Local","BinaryOp","Int","Local"," + ","Constant","Int","-","1","Int"],"edges":[[0,1],[1,2],[1,3],[2,4],[3,5],[3,6],[3,7],[5,8],[7,9],[7,10],[7,11]],"ID":18},{"def":["r0.\u003corg.apache.xml.serialize.IndentPrinter: int _thisIndent\u003e","$i6","r0.\u003corg.apache.xml.serialize.IndentPrinter: int _spaces\u003e","$r11","$r10"],"use":["r0.\u003corg.apache.xml.serialize.IndentPrinter: int _nextIndent\u003e","$i6","r0.\u003corg.apache.xml.serialize.IndentPrinter: java.lang.StringBuffer _line\u003e","r0","r0.\u003corg.apache.xml.serialize.Printer: java.io.Writer _writer\u003e"],"callees":[],"nodes":["CompoundStmt","DefinitionStmt","DefinitionStmt","DefinitionStmt","DefinitionStmt","DefinitionStmt","Local","InstanceFieldRef","InstanceFieldRef","Local","InstanceFieldRef","Constant","Local","InstanceFieldRef","Local","InstanceFieldRef","Int","Int","Local","Int","Int","Local","Int","Int","Int","Local","Int","0","Int","RefType","RefType","Local","RefType","RefType","RefType","Local","RefType","RefType","RefType","RefType","java","io","Writer","java","io","Writer","RefType","java","io","Writer","java","lang","String","Buffer","java","lang","String","Buffer","RefType","java","lang","String","Buffer","org","apache","xml","serialize","Indent","Printer","org","apache","xml","serialize","Indent","Printer","org","apache","xml","serialize","Indent","Printer","org","apache","xml","serialize","Indent","Printer","org","apache","xml","serialize","Indent","Printer"],"edges":[[0,1],[0,2],[0,3],[0,4],[0,5],[1,6],[1,7],[2,8],[2,9],[3,10],[3,11],[4,12],[4,13],[5,14],[5,15],[6,16],[7,17],[7,18],[7,19],[8,20],[8,21],[8,22],[9,23],[10,24],[10,25],[10,26],[11,27],[11,28],[12,29],[13,30],[13,31],[13,32],[14,33],[15,34],[15,35],[15,36],[18,37],[21,38],[25,39],[29,40],[29,41],[29,42],[30,43],[30,44],[30,45],[31,46],[32,47],[32,48],[32,49],[33,50],[33,51],[33,52],[33,53],[34,54],[34,55],[34,56],[34,57],[35,58],[36,59],[36,60],[36,61],[36,62],[37,63],[37,64],[37,65],[37,66],[37,67],[37,68],[38,69],[38,70],[38,71],[38,72],[38,73],[38,74],[39,75],[39,76],[39,77],[39,78],[39,79],[39,80],[46,81],[46,82],[46,83],[46,84],[46,85],[46,86],[58,87],[58,88],[58,89],[58,90],[58,91],[58,92]],"ID":19},{"def":["$r12"],"use":["$r11"],"callees":[],"nodes":["CompoundStmt","DefinitionStmt","Local","Invoke","RefType","java","lang","String"],"edges":[[0,1],[1,2],[1,3],[2,4],[4,5],[4,6],[4,7]],"ID":20},{"def":[],"use":["$r12","$r10"],"callees":[],"nodes":["CompoundStmt","Invoke"],"edges":[[0,1]],"ID":21},{"def":["$r13"],"use":[],"callees":[],"nodes":["CompoundStmt","DefinitionStmt","Local","NewExpr","RefType","RefType","java","lang","String","Buffer","java","lang","String","Buffer"],"edges":[[0,1],[1,2],[1,3],[2,4],[3,5],[4,6],[4,7],[4,8],[4,9],[5,10],[5,11],[5,12],[5,13]],"ID":22},{"def":[],"use":["$r13"],"callees":[],"nodes":["CompoundStmt","Invoke"],"edges":[[0,1]],"ID":23},{"def":["r0.\u003corg.apache.xml.serialize.IndentPrinter: java.lang.StringBuffer _line\u003e"],"use":["$r13","r0"],"callees":[],"nodes":["CompoundStmt","DefinitionStmt","GotoStmt","ReturnVoidStmt","InstanceFieldRef","Local","RefType","Local","RefType","RefType","java","lang","String","Buffer","RefType","java","lang","String","Buffer","java","lang","String","Buffer","org","apache","xml","serialize","Indent","Printer"],"edges":[[0,1],[0,2],[0,3],[1,4],[1,5],[4,6],[4,7],[4,8],[5,9],[6,10],[6,11],[6,12],[6,13],[7,14],[8,15],[8,16],[8,17],[8,18],[9,19],[9,20],[9,21],[9,22],[14,23],[14,24],[14,25],[14,26],[14,27],[14,28]],"ID":24},{"def":["$r8","$r9","r1"],"use":["@caughtexception","r0.\u003corg.apache.xml.serialize.Printer: java.io.IOException _exception\u003e","$r8","$r9","r0"],"callees":[],"nodes":["CompoundStmt","DefinitionStmt","DefinitionStmt","DefinitionStmt","IfStmt","Local","CaughtException","Local","Local","Local","InstanceFieldRef","BinaryOp","RefType","RefType","RefType","RefType","RefType","RefType","Local","RefType","Local"," !\u003d ","Constant","java","io","I","O","Exception","java","lang","Throwable","java","io","I","O","Exception","java","io","I","O","Exception","java","io","I","O","Exception","java","io","I","O","Exception","RefType","java","io","I","O","Exception","RefType","Null","org","apache","xml","serialize","Indent","Printer","java","io","I","O","Exception"],"edges":[[0,1],[0,2],[0,3],[0,4],[1,5],[1,6],[2,7],[2,8],[3,9],[3,10],[4,11],[5,12],[6,13],[7,14],[8,15],[9,16],[10,17],[10,18],[10,19],[11,20],[11,21],[11,22],[12,23],[12,24],[12,25],[12,26],[12,27],[13,28],[13,29],[13,30],[14,31],[14,32],[14,33],[14,34],[14,35],[15,36],[15,37],[15,38],[15,39],[15,40],[16,41],[16,42],[16,43],[16,44],[16,45],[17,46],[17,47],[17,48],[17,49],[17,50],[18,51],[19,52],[19,53],[19,54],[19,55],[19,56],[20,57],[22,58],[51,59],[51,60],[51,61],[51,62],[51,63],[51,64],[57,65],[57,66],[57,67],[57,68],[57,69]],"ID":25},{"def":["r0.\u003corg.apache.xml.serialize.Printer: java.io.IOException _exception\u003e"],"use":["r0","r1"],"callees":[],"nodes":["CompoundStmt","DefinitionStmt","InstanceFieldRef","Local","RefType","Local","RefType","RefType","java","io","I","O","Exception","RefType","java","io","I","O","Exception","java","io","I","O","Exception","org","apache","xml","serialize","Indent","Printer"],"edges":[[0,1],[1,2],[1,3],[2,4],[2,5],[2,6],[3,7],[4,8],[4,9],[4,10],[4,11],[4,12],[5,13],[6,14],[6,15],[6,16],[6,17],[6,18],[7,19],[7,20],[7,21],[7,22],[7,23],[13,24],[13,25],[13,26],[13,27],[13,28],[13,29]],"ID":26}],"edgeSet":[[26,24,0],[2,25,5],[4,25,5],[5,19,2],[8,25,5],[10,25,5],[14,25,5],[9,15,2],[16,25,5],[15,19,1],[4,5,0],[8,9,0],[16,17,0],[20,21,0],[12,13,1],[20,25,5],[22,25,5],[24,1,0],[0,2,0],[3,4,0],[7,8,0],[11,12,0],[19,20,0],[23,24,0],[15,16,2],[25,24,2],[3,25,5],[7,25,5],[6,19,2],[11,25,5],[13,25,5],[17,25,5],[12,15,2],[10,11,0],[14,15,0],[19,25,5],[22,23,0],[2,3,1],[6,7,1],[21,25,5],[18,15,0],[23,25,5],[2,24,2],[13,14,0],[17,18,0],[21,22,0],[5,6,1],[9,10,1],[25,26,1]],"ENTRY":{"def":[],"use":[],"callees":[],"nodes":["CompoundStmt"],"edges":[],"ID":0},"EXIT":{"def":[],"use":[],"callees":[],"nodes":["CompoundStmt"],"edges":[],"ID":1},"method_name":"flushLine"},{"blocks":[{"def":[],"use":[],"callees":[],"nodes":["CompoundStmt"],"edges":[],"ID":0},{"def":[],"use":[],"callees":[],"nodes":["CompoundStmt"],"edges":[],"ID":1},{"def":["$r1","r0"],"use":["$r1","r0.\u003corg.apache.xml.serialize.Printer: java.io.StringWriter _dtdWriter\u003e","@this: org.apache.xml.serialize.IndentPrinter","r0"],"callees":[],"nodes":["CompoundStmt","DefinitionStmt","DefinitionStmt","IfStmt","Local","ThisRef","Local","InstanceFieldRef","BinaryOp","RefType","RefType","RefType","RefType","Local","RefType","Local"," !\u003d ","Constant","org","apache","xml","serialize","Indent","Printer","org","apache","xml","serialize","Indent","Printer","java","io","String","Writer","java","io","String","Writer","RefType","java","io","String","Writer","RefType","Null","org","apache","xml","serialize","Indent","Printer","java","io","String","Writer"],"edges":[[0,1],[0,2],[0,3],[1,4],[1,5],[2,6],[2,7],[3,8],[4,9],[5,10],[6,11],[7,12],[7,13],[7,14],[8,15],[8,16],[8,17],[9,18],[9,19],[9,20],[9,21],[9,22],[9,23],[10,24],[10,25],[10,26],[10,27],[10,28],[10,29],[11,30],[11,31],[11,32],[11,33],[12,34],[12,35],[12,36],[12,37],[13,38],[14,39],[14,40],[14,41],[14,42],[15,43],[17,44],[38,45],[38,46],[38,47],[38,48],[38,49],[38,50],[43,51],[43,52],[43,53],[43,54]],"ID":2},{"def":["r0.\u003corg.apache.xml.serialize.IndentPrinter: java.lang.StringBuffer _text\u003e","r0.\u003corg.apache.xml.serialize.Printer: java.io.Writer _docWriter\u003e","$r2","$r3","$r5","$r6","r0.\u003corg.apache.xml.serialize.Printer: java.io.StringWriter _dtdWriter\u003e","$r7","$r8","r0.\u003corg.apache.xml.serialize.Printer: java.io.Writer _writer\u003e"],"use":["r0.\u003corg.apache.xml.serialize.IndentPrinter: java.lang.StringBuffer _text\u003e","$r2","$r3","$r5","r0.\u003corg.apache.xml.serialize.IndentPrinter: java.lang.StringBuffer _line\u003e","$r6","r0.\u003corg.apache.xml.serialize.Printer: java.io.StringWriter _dtdWriter\u003e","$r7","$r8","r0","r0.\u003corg.apache.xml.serialize.Printer: java.io.Writer _writer\u003e"],"callees":["flushLine"],"nodes":["CompoundStmt","DefinitionStmt","DefinitionStmt","Invoke","DefinitionStmt","Invoke","DefinitionStmt","Invoke","DefinitionStmt","Invoke","DefinitionStmt","DefinitionStmt","DefinitionStmt","DefinitionStmt","DefinitionStmt","ReturnVoidStmt","Local","InstanceFieldRef","Local","InstanceFieldRef","Local","NewExpr","InstanceFieldRef","Local","Local","NewExpr","InstanceFieldRef","Local","Local","InstanceFieldRef","InstanceFieldRef","Local","Local","InstanceFieldRef","InstanceFieldRef","Local","RefType","RefType","Local","RefType","RefType","RefType","Local","RefType","RefType","RefType","RefType","Local","RefType","RefType","RefType","RefType","RefType","Local","RefType","RefType","RefType","RefType","Local","RefType","RefType","Local","RefType","RefType","RefType","RefType","Local","RefType","RefType","Local","RefType","RefType","java","lang","String","Buffer","java","lang","String","Buffer","RefType","java","lang","String","Buffer","java","lang","String","Buffer","java","lang","String","Buffer","RefType","java","lang","String","Buffer","java","lang","String","Buffer","java","lang","String","Buffer","java","lang","String","Buffer","RefType","java","lang","String","Buffer","java","lang","String","Buffer","java","io","String","Writer","java","io","String","Writer","java","io","String","Writer","RefType","java","io","String","Writer","java","io","String","Writer","java","io","Writer","java","io","Writer","RefType","java","io","Writer","java","io","Writer","RefType","java","io","Writer","java","io","Writer","java","io","String","Writer","java","io","String","Writer","RefType","java","io","String","Writer","java","io","Writer","RefType","java","io","Writer","java","io","String","Writer","org","apache","xml","serialize","Indent","Printer","org","apache","xml","serialize","Indent","Printer","org","apache","xml","serialize","Indent","Printer","org","apache","xml","serialize","Indent","Printer","org","apache","xml","serialize","Indent","Printer","org","apache","xml","serialize","Indent","Printer","org","apache","xml","serialize","Indent","Printer","org","apache","xml","serialize","Indent","Printer"],"edges":[[0,1],[0,2],[0,3],[0,4],[0,5],[0,6],[0,7],[0,8],[0,9],[0,10],[0,11],[0,12],[0,13],[0,14],[0,15],[1,16],[1,17],[2,18],[2,19],[4,20],[4,21],[6,22],[6,23],[8,24],[8,25],[10,26],[10,27],[11,28],[11,29],[12,30],[12,31],[13,32],[13,33],[14,34],[14,35],[16,36],[17,37],[17,38],[17,39],[18,40],[19,41],[19,42],[19,43],[20,44],[21,45],[22,46],[22,47],[22,48],[23,49],[24,50],[25,51],[26,52],[26,53],[26,54],[27,55],[28,56],[29,57],[29,58],[29,59],[30,60],[30,61],[30,62],[31,63],[32,64],[33,65],[33,66],[33,67],[34,68],[34,69],[34,70],[35,71],[36,72],[36,73],[36,74],[36,75],[37,76],[37,77],[37,78],[37,79],[38,80],[39,81],[39,82],[39,83],[39,84],[40,85],[40,86],[40,87],[40,88],[41,89],[41,90],[41,91],[41,92],[42,93],[43,94],[43,95],[43,96],[43,97],[44,98],[44,99],[44,100],[44,101],[45,102],[45,103],[45,104],[45,105],[46,106],[46,107],[46,108],[46,109],[47,110],[48,111],[48,112],[48,113],[48,114],[49,115],[49,116],[49,117],[49,118],[50,119],[50,120],[50,121],[50,122],[51,123],[51,124],[51,125],[51,126],[52,127],[52,128],[52,129],[52,130],[53,131],[54,132],[54,133],[54,134],[54,135],[55,136],[55,137],[55,138],[55,139],[56,140],[56,141],[56,142],[57,143],[57,144],[57,145],[58,146],[59,147],[59,148],[59,149],[60,150],[60,151],[60,152],[61,153],[62,154],[62,155],[62,156],[63,157],[63,158],[63,159],[64,160],[64,161],[64,162],[64,163],[65,164],[65,165],[65,166],[65,167],[66,168],[67,169],[67,170],[67,171],[67,172],[68,173],[68,174],[68,175],[69,176],[70,177],[70,178],[70,179],[71,180],[71,181],[71,182],[71,183],[80,184],[80,185],[80,186],[80,187],[80,188],[80,189],[93,190],[93,191],[93,192],[93,193],[93,194],[93,195],[110,196],[110,197],[110,198],[110,199],[110,200],[110,201],[131,202],[131,203],[131,204],[131,205],[131,206],[131,207],[146,208],[146,209],[146,210],[146,211],[146,212],[146,213],[153,214],[153,215],[153,216],[153,217],[153,218],[153,219],[168,220],[168,221],[168,222],[168,223],[168,224],[168,225],[176,226],[176,227],[176,228],[176,229],[176,230],[176,231]],"ID":3}],"edgeSet":[[3,1,0],[0,2,0],[2,3,1],[2,3,2]],"ENTRY":{"def":[],"use":[],"callees":[],"nodes":["CompoundStmt"],"edges":[],"ID":0},"EXIT":{"def":[],"use":[],"callees":[],"nodes":["CompoundStmt"],"edges":[],"ID":1},"method_name":"enterDTD"},{"blocks":[{"def":[],"use":[],"callees":[],"nodes":["CompoundStmt"],"edges":[],"ID":0},{"def":[],"use":[],"callees":[],"nodes":["CompoundStmt"],"edges":[],"ID":1},{"def":["$r1","$r2","r0"],"use":["$r1","$r2","r0.\u003corg.apache.xml.serialize.Printer: java.io.StringWriter _dtdWriter\u003e","@this: org.apache.xml.serialize.IndentPrinter","r0","r0.\u003corg.apache.xml.serialize.Printer: java.io.Writer _writer\u003e"],"callees":[],"nodes":["CompoundStmt","DefinitionStmt","DefinitionStmt","DefinitionStmt","IfStmt","Local","ThisRef","Local","InstanceFieldRef","Local","InstanceFieldRef","BinaryOp","RefType","RefType","RefType","RefType","Local","RefType","RefType","RefType","Local","RefType","Local"," !\u003d ","Local","org","apache","xml","serialize","Indent","Printer","org","apache","xml","serialize","Indent","Printer","java","io","Writer","java","io","Writer","RefType","java","io","Writer","java","io","String","Writer","java","io","String","Writer","RefType","java","io","String","Writer","RefType","RefType","org","apache","xml","serialize","Indent","Printer","org","apache","xml","serialize","Indent","Printer","java","io","Writer","java","io","String","Writer"],"edges":[[0,1],[0,2],[0,3],[0,4],[1,5],[1,6],[2,7],[2,8],[3,9],[3,10],[4,11],[5,12],[6,13],[7,14],[8,15],[8,16],[8,17],[9,18],[10,19],[10,20],[10,21],[11,22],[11,23],[11,24],[12,25],[12,26],[12,27],[12,28],[12,29],[12,30],[13,31],[13,32],[13,33],[13,34],[13,35],[13,36],[14,37],[14,38],[14,39],[15,40],[15,41],[15,42],[16,43],[17,44],[17,45],[17,46],[18,47],[18,48],[18,49],[18,50],[19,51],[19,52],[19,53],[19,54],[20,55],[21,56],[21,57],[21,58],[21,59],[22,60],[24,61],[43,62],[43,63],[43,64],[43,65],[43,66],[43,67],[55,68],[55,69],[55,70],[55,71],[55,72],[55,73],[60,74],[60,75],[60,76],[61,77],[61,78],[61,79],[61,80]],"ID":2},{"def":["r0.\u003corg.apache.xml.serialize.IndentPrinter: java.lang.StringBuffer _text\u003e","$r3","$r4","$r6","$r7","$r8","$r9","r0.\u003corg.apache.xml.serialize.Printer: java.io.Writer _writer\u003e"],"use":["r0.\u003corg.apache.xml.serialize.IndentPrinter: java.lang.StringBuffer _text\u003e","r0.\u003corg.apache.xml.serialize.Printer: java.io.Writer _docWriter\u003e","$r3","$r4","r0.\u003corg.apache.xml.serialize.IndentPrinter: java.lang.StringBuffer _line\u003e","$r6","r0.\u003corg.apache.xml.serialize.Printer: java.io.StringWriter _dtdWriter\u003e","$r7","$r8","$r9","r0"],"callees":["flushLine"],"nodes":["CompoundStmt","DefinitionStmt","DefinitionStmt","Invoke","DefinitionStmt","Invoke","DefinitionStmt","Invoke","DefinitionStmt","DefinitionStmt","DefinitionStmt","DefinitionStmt","ReturnStmt","Local","InstanceFieldRef","Local","InstanceFieldRef","Local","NewExpr","InstanceFieldRef","Local","Local","InstanceFieldRef","InstanceFieldRef","Local","Local","InstanceFieldRef","Local","Invoke","Local","RefType","RefType","Local","RefType","RefType","RefType","Local","RefType","RefType","RefType","RefType","Local","RefType","RefType","RefType","RefType","Local","RefType","RefType","Local","RefType","RefType","RefType","RefType","Local","RefType","RefType","RefType","java","lang","String","Buffer","java","lang","String","Buffer","RefType","java","lang","String","Buffer","java","lang","String","Buffer","java","lang","String","Buffer","RefType","java","lang","String","Buffer","java","lang","String","Buffer","java","lang","String","Buffer","java","lang","String","Buffer","RefType","java","lang","String","Buffer","java","lang","String","Buffer","java","io","Writer","java","io","Writer","RefType","java","io","Writer","java","io","Writer","RefType","java","io","Writer","java","io","Writer","java","io","String","Writer","java","io","String","Writer","RefType","java","io","String","Writer","java","lang","String","java","lang","String","org","apache","xml","serialize","Indent","Printer","org","apache","xml","serialize","Indent","Printer","org","apache","xml","serialize","Indent","Printer","org","apache","xml","serialize","Indent","Printer","org","apache","xml","serialize","Indent","Printer","org","apache","xml","serialize","Indent","Printer"],"edges":[[0,1],[0,2],[0,3],[0,4],[0,5],[0,6],[0,7],[0,8],[0,9],[0,10],[0,11],[0,12],[1,13],[1,14],[2,15],[2,16],[4,17],[4,18],[6,19],[6,20],[8,21],[8,22],[9,23],[9,24],[10,25],[10,26],[11,27],[11,28],[12,29],[13,30],[14,31],[14,32],[14,33],[15,34],[16,35],[16,36],[16,37],[17,38],[18,39],[19,40],[19,41],[19,42],[20,43],[21,44],[22,45],[22,46],[22,47],[23,48],[23,49],[23,50],[24,51],[25,52],[26,53],[26,54],[26,55],[27,56],[29,57],[30,58],[30,59],[30,60],[30,61],[31,62],[31,63],[31,64],[31,65],[32,66],[33,67],[33,68],[33,69],[33,70],[34,71],[34,72],[34,73],[34,74],[35,75],[35,76],[35,77],[35,78],[36,79],[37,80],[37,81],[37,82],[37,83],[38,84],[38,85],[38,86],[38,87],[39,88],[39,89],[39,90],[39,91],[40,92],[40,93],[40,94],[40,95],[41,96],[42,97],[42,98],[42,99],[42,100],[43,101],[43,102],[43,103],[43,104],[44,105],[44,106],[44,107],[45,108],[45,109],[45,110],[46,111],[47,112],[47,113],[47,114],[48,115],[48,116],[48,117],[49,118],[50,119],[50,120],[50,121],[51,122],[51,123],[51,124],[52,125],[52,126],[52,127],[52,128],[53,129],[53,130],[53,131],[53,132],[54,133],[55,134],[55,135],[55,136],[55,137],[56,138],[56,139],[56,140],[57,141],[57,142],[57,143],[66,144],[66,145],[66,146],[66,147],[66,148],[66,149],[79,150],[79,151],[79,152],[79,153],[79,154],[79,155],[96,156],[96,157],[96,158],[96,159],[96,160],[96,161],[111,162],[111,163],[111,164],[111,165],[111,166],[111,167],[118,168],[118,169],[118,170],[118,171],[118,172],[118,173],[133,174],[133,175],[133,176],[133,177],[133,178],[133,179]],"ID":3},{"def":[],"use":[],"callees":[],"nodes":["CompoundStmt","ReturnStmt","Constant","Null"],"edges":[[0,1],[1,2],[2,3]],"ID":4}],"edgeSet":[[3,1,0],[4,1,0],[0,2,0],[2,3,1],[2,4,2]],"ENTRY":{"def":[],"use":[],"callees":[],"nodes":["CompoundStmt"],"edges":[],"ID":0},"EXIT":{"def":[],"use":[],"callees":[],"nodes":["CompoundStmt"],"edges":[],"ID":1},"method_name":"leaveDTD"},{"blocks":[{"def":[],"use":[],"callees":[],"nodes":["CompoundStmt"],"edges":[],"ID":0},{"def":[],"use":[],"callees":[],"nodes":["CompoundStmt"],"edges":[],"ID":1},{"def":["$r2","r0","r1"],"use":["r0.\u003corg.apache.xml.serialize.IndentPrinter: java.lang.StringBuffer _text\u003e","$r2","@this: org.apache.xml.serialize.IndentPrinter","@parameter0: java.lang.String","r0","r1"],"callees":[],"nodes":["CompoundStmt","DefinitionStmt","DefinitionStmt","DefinitionStmt","Invoke","ReturnVoidStmt","Local","ThisRef","Local","Param","Local","InstanceFieldRef","RefType","RefType","RefType","RefType","RefType","RefType","Local","RefType","org","apache","xml","serialize","Indent","Printer","org","apache","xml","serialize","Indent","Printer","java","lang","String","java","lang","String","java","lang","String","Buffer","java","lang","String","Buffer","RefType","java","lang","String","Buffer","org","apache","xml","serialize","Indent","Printer"],"edges":[[0,1],[0,2],[0,3],[0,4],[0,5],[1,6],[1,7],[2,8],[2,9],[3,10],[3,11],[6,12],[7,13],[8,14],[9,15],[10,16],[11,17],[11,18],[11,19],[12,20],[12,21],[12,22],[12,23],[12,24],[12,25],[13,26],[13,27],[13,28],[13,29],[13,30],[13,31],[14,32],[14,33],[14,34],[15,35],[15,36],[15,37],[16,38],[16,39],[16,40],[16,41],[17,42],[17,43],[17,44],[17,45],[18,46],[19,47],[19,48],[19,49],[19,50],[46,51],[46,52],[46,53],[46,54],[46,55],[46,56]],"ID":2}],"edgeSet":[[0,2,0],[2,1,0]],"ENTRY":{"def":[],"use":[],"callees":[],"nodes":["CompoundStmt"],"edges":[],"ID":0},"EXIT":{"def":[],"use":[],"callees":[],"nodes":["CompoundStmt"],"edges":[],"ID":1},"method_name":"printText"},{"blocks":[{"def":[],"use":[],"callees":[],"nodes":["CompoundStmt"],"edges":[],"ID":0},{"def":[],"use":[],"callees":[],"nodes":["CompoundStmt"],"edges":[],"ID":1},{"def":["$r2","r0","r1"],"use":["r0.\u003corg.apache.xml.serialize.IndentPrinter: java.lang.StringBuffer _text\u003e","$r2","@parameter0: java.lang.StringBuffer","@this: org.apache.xml.serialize.IndentPrinter","r0","r1"],"callees":[],"nodes":["CompoundStmt","DefinitionStmt","DefinitionStmt","DefinitionStmt","Invoke","ReturnVoidStmt","Local","ThisRef","Local","Param","Local","InstanceFieldRef","RefType","RefType","RefType","RefType","RefType","RefType","Local","RefType","org","apache","xml","serialize","Indent","Printer","org","apache","xml","serialize","Indent","Printer","java","lang","String","Buffer","java","lang","String","Buffer","java","lang","String","Buffer","java","lang","String","Buffer","RefType","java","lang","String","Buffer","org","apache","xml","serialize","Indent","Printer"],"edges":[[0,1],[0,2],[0,3],[0,4],[0,5],[1,6],[1,7],[2,8],[2,9],[3,10],[3,11],[6,12],[7,13],[8,14],[9,15],[10,16],[11,17],[11,18],[11,19],[12,20],[12,21],[12,22],[12,23],[12,24],[12,25],[13,26],[13,27],[13,28],[13,29],[13,30],[13,31],[14,32],[14,33],[14,34],[14,35],[15,36],[15,37],[15,38],[15,39],[16,40],[16,41],[16,42],[16,43],[17,44],[17,45],[17,46],[17,47],[18,48],[19,49],[19,50],[19,51],[19,52],[48,53],[48,54],[48,55],[48,56],[48,57],[48,58]],"ID":2}],"edgeSet":[[0,2,0],[2,1,0]],"ENTRY":{"def":[],"use":[],"callees":[],"nodes":["CompoundStmt"],"edges":[],"ID":0},"EXIT":{"def":[],"use":[],"callees":[],"nodes":["CompoundStmt"],"edges":[],"ID":1},"method_name":"printText"},{"blocks":[{"def":[],"use":[],"callees":[],"nodes":["CompoundStmt"],"edges":[],"ID":0},{"def":[],"use":[],"callees":[],"nodes":["CompoundStmt"],"edges":[],"ID":1},{"def":["$r1","c0","r0"],"use":["r0.\u003corg.apache.xml.serialize.IndentPrinter: java.lang.StringBuffer _text\u003e","$r1","@parameter0: char","@this: org.apache.xml.serialize.IndentPrinter","c0","r0"],"callees":[],"nodes":["CompoundStmt","DefinitionStmt","DefinitionStmt","DefinitionStmt","Invoke","ReturnVoidStmt","Local","ThisRef","Local","Param","Local","InstanceFieldRef","RefType","RefType","Char","Char","RefType","RefType","Local","RefType","org","apache","xml","serialize","Indent","Printer","org","apache","xml","serialize","Indent","Printer","java","lang","String","Buffer","java","lang","String","Buffer","RefType","java","lang","String","Buffer","org","apache","xml","serialize","Indent","Printer"],"edges":[[0,1],[0,2],[0,3],[0,4],[0,5],[1,6],[1,7],[2,8],[2,9],[3,10],[3,11],[6,12],[7,13],[8,14],[9,15],[10,16],[11,17],[11,18],[11,19],[12,20],[12,21],[12,22],[12,23],[12,24],[12,25],[13,26],[13,27],[13,28],[13,29],[13,30],[13,31],[16,32],[16,33],[16,34],[16,35],[17,36],[17,37],[17,38],[17,39],[18,40],[19,41],[19,42],[19,43],[19,44],[40,45],[40,46],[40,47],[40,48],[40,49],[40,50]],"ID":2}],"edgeSet":[[0,2,0],[2,1,0]],"ENTRY":{"def":[],"use":[],"callees":[],"nodes":["CompoundStmt"],"edges":[],"ID":0},"EXIT":{"def":[],"use":[],"callees":[],"nodes":["CompoundStmt"],"edges":[],"ID":1},"method_name":"printText"},{"blocks":[{"def":[],"use":[],"callees":[],"nodes":["CompoundStmt"],"edges":[],"ID":0},{"def":[],"use":[],"callees":[],"nodes":["CompoundStmt"],"edges":[],"ID":1},{"def":["$r2","i0","i1","r0","r1"],"use":["r0.\u003corg.apache.xml.serialize.IndentPrinter: java.lang.StringBuffer _text\u003e","@parameter0: char[]","@parameter2: int","$r2","i0","i1","@this: org.apache.xml.serialize.IndentPrinter","@parameter1: int","r0","r1"],"callees":[],"nodes":["CompoundStmt","DefinitionStmt","DefinitionStmt","DefinitionStmt","DefinitionStmt","DefinitionStmt","Invoke","ReturnVoidStmt","Local","ThisRef","Local","Param","Local","Param","Local","Param","Local","InstanceFieldRef","RefType","RefType","Array","Array","Int","Int","Int","Int","RefType","RefType","Local","RefType","org","apache","xml","serialize","Indent","Printer","org","apache","xml","serialize","Indent","Printer","Char","[]","Char","[]","java","lang","String","Buffer","java","lang","String","Buffer","RefType","java","lang","String","Buffer","org","apache","xml","serialize","Indent","Printer"],"edges":[[0,1],[0,2],[0,3],[0,4],[0,5],[0,6],[0,7],[1,8],[1,9],[2,10],[2,11],[3,12],[3,13],[4,14],[4,15],[5,16],[5,17],[8,18],[9,19],[10,20],[11,21],[12,22],[13,23],[14,24],[15,25],[16,26],[17,27],[17,28],[17,29],[18,30],[18,31],[18,32],[18,33],[18,34],[18,35],[19,36],[19,37],[19,38],[19,39],[19,40],[19,41],[20,42],[20,43],[21,44],[21,45],[26,46],[26,47],[26,48],[26,49],[27,50],[27,51],[27,52],[27,53],[28,54],[29,55],[29,56],[29,57],[29,58],[54,59],[54,60],[54,61],[54,62],[54,63],[54,64]],"ID":2}],"edgeSet":[[0,2,0],[2,1,0]],"ENTRY":{"def":[],"use":[],"callees":[],"nodes":["CompoundStmt"],"edges":[],"ID":0},"EXIT":{"def":[],"use":[],"callees":[],"nodes":["CompoundStmt"],"edges":[],"ID":1},"method_name":"printText"},{"blocks":[{"def":[],"use":[],"callees":[],"nodes":["CompoundStmt"],"edges":[],"ID":0},{"def":[],"use":[],"callees":[],"nodes":["CompoundStmt"],"edges":[],"ID":1},{"def":["$r1","r0"],"use":["$r1","@this: org.apache.xml.serialize.OutputFormat","r0.\u003corg.apache.xml.serialize.OutputFormat: java.lang.String _lineSeparator\u003e","r0"],"callees":[],"nodes":["CompoundStmt","DefinitionStmt","DefinitionStmt","ReturnStmt","Local","ThisRef","Local","InstanceFieldRef","Local","RefType","RefType","RefType","RefType","Local","RefType","RefType","org","apache","xml","serialize","Output","Format","org","apache","xml","serialize","Output","Format","java","lang","String","java","lang","String","RefType","java","lang","String","java","lang","String","org","apache","xml","serialize","Output","Format"],"edges":[[0,1],[0,2],[0,3],[1,4],[1,5],[2,6],[2,7],[3,8],[4,9],[5,10],[6,11],[7,12],[7,13],[7,14],[8,15],[9,16],[9,17],[9,18],[9,19],[9,20],[9,21],[10,22],[10,23],[10,24],[10,25],[10,26],[10,27],[11,28],[11,29],[11,30],[12,31],[12,32],[12,33],[13,34],[14,35],[14,36],[14,37],[15,38],[15,39],[15,40],[34,41],[34,42],[34,43],[34,44],[34,45],[34,46]],"ID":2}],"edgeSet":[[0,2,0],[2,1,0]],"ENTRY":{"def":[],"use":[],"callees":[],"nodes":["CompoundStmt"],"edges":[],"ID":0},"EXIT":{"def":[],"use":[],"callees":[],"nodes":["CompoundStmt"],"edges":[],"ID":1},"method_name":"getLineSeparator"},{"blocks":[{"def":[],"use":[],"callees":[],"nodes":["CompoundStmt"],"edges":[],"ID":0},{"def":[],"use":[],"callees":[],"nodes":["CompoundStmt"],"edges":[],"ID":1},{"def":["$r2","$i0","r0"],"use":["r0.\u003corg.apache.xml.serialize.IndentPrinter: java.lang.StringBuffer _text\u003e","$r2","@this: org.apache.xml.serialize.IndentPrinter","$i0","r0"],"callees":[],"nodes":["CompoundStmt","DefinitionStmt","DefinitionStmt","DefinitionStmt","IfStmt","Local","ThisRef","Local","InstanceFieldRef","Local","Invoke","BinaryOp","RefType","RefType","RefType","RefType","Local","RefType","Int","Local"," \u003c\u003d ","Constant","org","apache","xml","serialize","Indent","Printer","org","apache","xml","serialize","Indent","Printer","java","lang","String","Buffer","java","lang","String","Buffer","RefType","java","lang","String","Buffer","Int","0","Int","org","apache","xml","serialize","Indent","Printer"],"edges":[[0,1],[0,2],[0,3],[0,4],[1,5],[1,6],[2,7],[2,8],[3,9],[3,10],[4,11],[5,12],[6,13],[7,14],[8,15],[8,16],[8,17],[9,18],[11,19],[11,20],[11,21],[12,22],[12,23],[12,24],[12,25],[12,26],[12,27],[13,28],[13,29],[13,30],[13,31],[13,32],[13,33],[14,34],[14,35],[14,36],[14,37],[15,38],[15,39],[15,40],[15,41],[16,42],[17,43],[17,44],[17,45],[17,46],[19,47],[21,48],[21,49],[42,50],[42,51],[42,52],[42,53],[42,54],[42,55]],"ID":2},{"def":["$r3","$i3"],"use":["r0.\u003corg.apache.xml.serialize.Printer: org.apache.xml.serialize.OutputFormat _format\u003e","$r3","r0","$i3"],"callees":["getLineWidth"],"nodes":["CompoundStmt","DefinitionStmt","DefinitionStmt","IfStmt","Local","InstanceFieldRef","Local","Invoke","BinaryOp","RefType","RefType","Local","RefType","Int","Local"," \u003c\u003d ","Constant","org","apache","xml","serialize","Output","Format","org","apache","xml","serialize","Output","Format","RefType","org","apache","xml","serialize","Output","Format","Int","0","Int","org","apache","xml","serialize","Indent","Printer"],"edges":[[0,1],[0,2],[0,3],[1,4],[1,5],[2,6],[2,7],[3,8],[4,9],[5,10],[5,11],[5,12],[6,13],[8,14],[8,15],[8,16],[9,17],[9,18],[9,19],[9,20],[9,21],[9,22],[10,23],[10,24],[10,25],[10,26],[10,27],[10,28],[11,29],[12,30],[12,31],[12,32],[12,33],[12,34],[12,35],[14,36],[16,37],[16,38],[29,39],[29,40],[29,41],[29,42],[29,43],[29,44]],"ID":3},{"def":["$i6","$i7","$r13","$i8","$i9","$i11","$i10","$i13","$i12","$r11","$r12"],"use":["r0.\u003corg.apache.xml.serialize.IndentPrinter: int _thisIndent\u003e","r0.\u003corg.apache.xml.serialize.IndentPrinter: java.lang.StringBuffer _text\u003e","$r13","$i6","$i7","r0.\u003corg.apache.xml.serialize.Printer: org.apache.xml.serialize.OutputFormat _format\u003e","$i8","$i9","$i11","$i10","$i13","$i12","r0.\u003corg.apache.xml.serialize.IndentPrinter: java.lang.StringBuffer _line\u003e","$r11","r0.\u003corg.apache.xml.serialize.IndentPrinter: int _spaces\u003e","$r12","r0"],"callees":["getLineWidth"],"nodes":["CompoundStmt","DefinitionStmt","DefinitionStmt","DefinitionStmt","DefinitionStmt","DefinitionStmt","DefinitionStmt","DefinitionStmt","DefinitionStmt","DefinitionStmt","DefinitionStmt","DefinitionStmt","IfStmt","Local","InstanceFieldRef","Local","InstanceFieldRef","Local","Invoke","Local","BinaryOp","Local","InstanceFieldRef","Local","BinaryOp","Local","InstanceFieldRef","Local","Invoke","Local","BinaryOp","Local","InstanceFieldRef","Local","Invoke","BinaryOp","Int","Int","Local","Int","RefType","RefType","Local","RefType","Int","Int","Local"," + ","Local","Int","Int","Local","Int","Int","Local"," + ","Local","RefType","RefType","Local","RefType","Int","Int","Local"," + ","Local","RefType","RefType","Local","RefType","Int","Local"," \u003c\u003d ","Local","RefType","java","lang","String","Buffer","java","lang","String","Buffer","RefType","java","lang","String","Buffer","Int","Int","RefType","Int","Int","java","lang","String","Buffer","java","lang","String","Buffer","RefType","java","lang","String","Buffer","Int","Int","org","apache","xml","serialize","Output","Format","org","apache","xml","serialize","Output","Format","RefType","org","apache","xml","serialize","Output","Format","Int","Int","org","apache","xml","serialize","Indent","Printer","org","apache","xml","serialize","Indent","Printer","org","apache","xml","serialize","Indent","Printer","org","apache","xml","serialize","Indent","Printer","org","apache","xml","serialize","Indent","Printer"],"edges":[[0,1],[0,2],[0,3],[0,4],[0,5],[0,6],[0,7],[0,8],[0,9],[0,10],[0,11],[0,12],[1,13],[1,14],[2,15],[2,16],[3,17],[3,18],[4,19],[4,20],[5,21],[5,22],[6,23],[6,24],[7,25],[7,26],[8,27],[8,28],[9,29],[9,30],[10,31],[10,32],[11,33],[11,34],[12,35],[13,36],[14,37],[14,38],[14,39],[15,40],[16,41],[16,42],[16,43],[17,44],[19,45],[20,46],[20,47],[20,48],[21,49],[22,50],[22,51],[22,52],[23,53],[24,54],[24,55],[24,56],[25,57],[26,58],[26,59],[26,60],[27,61],[29,62],[30,63],[30,64],[30,65],[31,66],[32,67],[32,68],[32,69],[33,70],[35,71],[35,72],[35,73],[38,74],[40,75],[40,76],[40,77],[40,78],[41,79],[41,80],[41,81],[41,82],[42,83],[43,84],[43,85],[43,86],[43,87],[46,88],[48,89],[51,90],[54,91],[56,92],[57,93],[57,94],[57,95],[57,96],[58,97],[58,98],[58,99],[58,100],[59,101],[60,102],[60,103],[60,104],[60,105],[63,106],[65,107],[66,108],[66,109],[66,110],[66,111],[66,112],[66,113],[67,114],[67,115],[67,116],[67,117],[67,118],[67,119],[68,120],[69,121],[69,122],[69,123],[69,124],[69,125],[69,126],[71,127],[73,128],[74,129],[74,130],[74,131],[74,132],[74,133],[74,134],[83,135],[83,136],[83,137],[83,138],[83,139],[83,140],[90,141],[90,142],[90,143],[90,144],[90,145],[90,146],[101,147],[101,148],[101,149],[101,150],[101,151],[101,152],[120,153],[120,154],[120,155],[120,156],[120,157],[120,158]],"ID":4},{"def":[],"use":["r0"],"callees":["flushLine"],"nodes":["CompoundStmt","Invoke"],"edges":[[0,1]],"ID":5},{"def":["$r15"],"use":["r0","r0.\u003corg.apache.xml.serialize.Printer: java.io.Writer _writer\u003e"],"callees":[],"nodes":["CompoundStmt","DefinitionStmt","Local","InstanceFieldRef","RefType","RefType","Local","RefType","java","io","Writer","java","io","Writer","RefType","java","io","Writer","org","apache","xml","serialize","Indent","Printer"],"edges":[[0,1],[1,2],[1,3],[2,4],[3,5],[3,6],[3,7],[4,8],[4,9],[4,10],[5,11],[5,12],[5,13],[6,14],[7,15],[7,16],[7,17],[14,18],[14,19],[14,20],[14,21],[14,22],[14,23]],"ID":6},{"def":["$r14"],"use":["r0.\u003corg.apache.xml.serialize.Printer: org.apache.xml.serialize.OutputFormat _format\u003e","r0"],"callees":[],"nodes":["CompoundStmt","DefinitionStmt","Local","InstanceFieldRef","RefType","RefType","Local","RefType","org","apache","xml","serialize","Output","Format","org","apache","xml","serialize","Output","Format","RefType","org","apache","xml","serialize","Output","Format","org","apache","xml","serialize","Indent","Printer"],"edges":[[0,1],[1,2],[1,3],[2,4],[3,5],[3,6],[3,7],[4,8],[4,9],[4,10],[4,11],[4,12],[4,13],[5,14],[5,15],[5,16],[5,17],[5,18],[5,19],[6,20],[7,21],[7,22],[7,23],[7,24],[7,25],[7,26],[20,27],[20,28],[20,29],[20,30],[20,31],[20,32]],"ID":7},{"def":["$r16"],"use":["$r14"],"callees":["getLineSeparator"],"nodes":["CompoundStmt","DefinitionStmt","Local","Invoke","RefType","java","lang","String"],"edges":[[0,1],[1,2],[1,3],[2,4],[4,5],[4,6],[4,7]],"ID":8},{"def":[],"use":["$r15","$r16"],"callees":[],"nodes":["CompoundStmt","Invoke"],"edges":[[0,1]],"ID":9},{"def":["$i14"],"use":["$i14","r0.\u003corg.apache.xml.serialize.IndentPrinter: int _spaces\u003e","r0"],"callees":[],"nodes":["CompoundStmt","GotoStmt","DefinitionStmt","IfStmt","Local","InstanceFieldRef","BinaryOp","Int","Int","Local","Int","Local"," \u003e ","Constant","RefType","Int","0","Int","org","apache","xml","serialize","Indent","Printer"],"edges":[[0,1],[0,2],[0,3],[2,4],[2,5],[3,6],[4,7],[5,8],[5,9],[5,10],[6,11],[6,12],[6,13],[9,14],[11,15],[13,16],[13,17],[14,18],[14,19],[14,20],[14,21],[14,22],[14,23]],"ID":10},{"def":["$r17","$r18","r1"],"use":["@caughtexception","$r17","$r18","r0.\u003corg.apache.xml.serialize.Printer: java.io.IOException _exception\u003e","r0"],"callees":[],"nodes":["CompoundStmt","DefinitionStmt","DefinitionStmt","DefinitionStmt","IfStmt","Local","CaughtException","Local","Local","Local","InstanceFieldRef","BinaryOp","RefType","RefType","RefType","RefType","RefType","RefType","Local","RefType","Local"," !\u003d ","Constant","java","io","I","O","Exception","java","lang","Throwable","java","io","I","O","Exception","java","io","I","O","Exception","java","io","I","O","Exception","java","io","I","O","Exception","RefType","java","io","I","O","Exception","RefType","Null","org","apache","xml","serialize","Indent","Printer","java","io","I","O","Exception"],"edges":[[0,1],[0,2],[0,3],[0,4],[1,5],[1,6],[2,7],[2,8],[3,9],[3,10],[4,11],[5,12],[6,13],[7,14],[8,15],[9,16],[10,17],[10,18],[10,19],[11,20],[11,21],[11,22],[12,23],[12,24],[12,25],[12,26],[12,27],[13,28],[13,29],[13,30],[14,31],[14,32],[14,33],[14,34],[14,35],[15,36],[15,37],[15,38],[15,39],[15,40],[16,41],[16,42],[16,43],[16,44],[16,45],[17,46],[17,47],[17,48],[17,49],[17,50],[18,51],[19,52],[19,53],[19,54],[19,55],[19,56],[20,57],[22,58],[51,59],[51,60],[51,61],[51,62],[51,63],[51,64],[57,65],[57,66],[57,67],[57,68],[57,69]],"ID":11},{"def":["r0.\u003corg.apache.xml.serialize.Printer: java.io.IOException _exception\u003e"],"use":["r0","r1"],"callees":[],"nodes":["CompoundStmt","DefinitionStmt","GotoStmt","InstanceFieldRef","Local","RefType","Local","RefType","RefType","java","io","I","O","Exception","RefType","java","io","I","O","Exception","java","io","I","O","Exception","org","apache","xml","serialize","Indent","Printer"],"edges":[[0,1],[0,2],[1,3],[1,4],[3,5],[3,6],[3,7],[4,8],[5,9],[5,10],[5,11],[5,12],[5,13],[6,14],[7,15],[7,16],[7,17],[7,18],[7,19],[8,20],[8,21],[8,22],[8,23],[8,24],[14,25],[14,26],[14,27],[14,28],[14,29],[14,30]],"ID":12},{"def":["$i5","$r4","r0.\u003corg.apache.xml.serialize.IndentPrinter: int _spaces\u003e","$i4"],"use":["$i5","$r4","r0.\u003corg.apache.xml.serialize.IndentPrinter: java.lang.StringBuffer _line\u003e","r0.\u003corg.apache.xml.serialize.IndentPrinter: int _spaces\u003e","r0","$i4"],"callees":[],"nodes":["CompoundStmt","DefinitionStmt","Invoke","DefinitionStmt","DefinitionStmt","DefinitionStmt","Local","InstanceFieldRef","Local","InstanceFieldRef","Local","BinaryOp","InstanceFieldRef","Local","RefType","RefType","Local","RefType","Int","Int","Local","Int","Int","Local"," - ","Constant","Int","Local","Int","Int","java","lang","String","Buffer","java","lang","String","Buffer","RefType","java","lang","String","Buffer","RefType","Int","1","Int","RefType","org","apache","xml","serialize","Indent","Printer","org","apache","xml","serialize","Indent","Printer","org","apache","xml","serialize","Indent","Printer"],"edges":[[0,1],[0,2],[0,3],[0,4],[0,5],[1,6],[1,7],[3,8],[3,9],[4,10],[4,11],[5,12],[5,13],[6,14],[7,15],[7,16],[7,17],[8,18],[9,19],[9,20],[9,21],[10,22],[11,23],[11,24],[11,25],[12,26],[12,27],[12,28],[13,29],[14,30],[14,31],[14,32],[14,33],[15,34],[15,35],[15,36],[15,37],[16,38],[17,39],[17,40],[17,41],[17,42],[20,43],[23,44],[25,45],[25,46],[27,47],[38,48],[38,49],[38,50],[38,51],[38,52],[38,53],[43,54],[43,55],[43,56],[43,57],[43,58],[43,59],[47,60],[47,61],[47,62],[47,63],[47,64],[47,65]],"ID":13},{"def":["r0.\u003corg.apache.xml.serialize.IndentPrinter: java.lang.StringBuffer _text\u003e","$r6","$r7","$r9","$i1","r0.\u003corg.apache.xml.serialize.IndentPrinter: int _spaces\u003e","$i2"],"use":["r0.\u003corg.apache.xml.serialize.IndentPrinter: java.lang.StringBuffer _text\u003e","r0.\u003corg.apache.xml.serialize.IndentPrinter: java.lang.StringBuffer _line\u003e","$r6","$r7","$r9","r0.\u003corg.apache.xml.serialize.IndentPrinter: int _spaces\u003e","$i1","$i2","r0"],"callees":[],"nodes":["CompoundStmt","DefinitionStmt","DefinitionStmt","Invoke","DefinitionStmt","Invoke","DefinitionStmt","DefinitionStmt","DefinitionStmt","DefinitionStmt","ReturnVoidStmt","Local","InstanceFieldRef","Local","InstanceFieldRef","Local","NewExpr","InstanceFieldRef","Local","Local","InstanceFieldRef","Local","BinaryOp","InstanceFieldRef","Local","RefType","RefType","Local","RefType","RefType","RefType","Local","RefType","RefType","RefType","RefType","Local","RefType","RefType","Int","Int","Local","Int","Int","Local"," + ","Constant","Int","Local","Int","Int","java","lang","String","Buffer","java","lang","String","Buffer","RefType","java","lang","String","Buffer","java","lang","String","Buffer","java","lang","String","Buffer","RefType","java","lang","String","Buffer","java","lang","String","Buffer","java","lang","String","Buffer","java","lang","String","Buffer","RefType","java","lang","String","Buffer","java","lang","String","Buffer","RefType","Int","1","Int","RefType","org","apache","xml","serialize","Indent","Printer","org","apache","xml","serialize","Indent","Printer","org","apache","xml","serialize","Indent","Printer","org","apache","xml","serialize","Indent","Printer","org","apache","xml","serialize","Indent","Printer"],"edges":[[0,1],[0,2],[0,3],[0,4],[0,5],[0,6],[0,7],[0,8],[0,9],[0,10],[1,11],[1,12],[2,13],[2,14],[4,15],[4,16],[6,17],[6,18],[7,19],[7,20],[8,21],[8,22],[9,23],[9,24],[11,25],[12,26],[12,27],[12,28],[13,29],[14,30],[14,31],[14,32],[15,33],[16,34],[17,35],[17,36],[17,37],[18,38],[19,39],[20,40],[20,41],[20,42],[21,43],[22,44],[22,45],[22,46],[23,47],[23,48],[23,49],[24,50],[25,51],[25,52],[25,53],[25,54],[26,55],[26,56],[26,57],[26,58],[27,59],[28,60],[28,61],[28,62],[28,63],[29,64],[29,65],[29,66],[29,67],[30,68],[30,69],[30,70],[30,71],[31,72],[32,73],[32,74],[32,75],[32,76],[33,77],[33,78],[33,79],[33,80],[34,81],[34,82],[34,83],[34,84],[35,85],[35,86],[35,87],[35,88],[36,89],[37,90],[37,91],[37,92],[37,93],[38,94],[38,95],[38,96],[38,97],[41,98],[44,99],[46,100],[46,101],[48,102],[59,103],[59,104],[59,105],[59,106],[59,107],[59,108],[72,109],[72,110],[72,111],[72,112],[72,113],[72,114],[89,115],[89,116],[89,117],[89,118],[89,119],[89,120],[98,121],[98,122],[98,123],[98,124],[98,125],[98,126],[102,127],[102,128],[102,129],[102,130],[102,131],[102,132]],"ID":14}],"edgeSet":[[8,11,5],[12,10,0],[9,11,5],[11,10,2],[13,10,0],[14,1,0],[2,14,2],[3,10,2],[4,10,2],[10,14,1],[0,2,0],[5,6,0],[5,11,5],[6,7,0],[7,8,0],[8,9,0],[9,10,0],[10,13,2],[2,3,1],[3,4,1],[4,5,1],[6,11,5],[11,12,1],[7,11,5]],"ENTRY":{"def":[],"use":[],"callees":[],"nodes":["CompoundStmt"],"edges":[],"ID":0},"EXIT":{"def":[],"use":[],"callees":[],"nodes":["CompoundStmt"],"edges":[],"ID":1},"method_name":"printSpace"},{"blocks":[{"def":[],"use":[],"callees":[],"nodes":["CompoundStmt"],"edges":[],"ID":0},{"def":[],"use":[],"callees":[],"nodes":["CompoundStmt"],"edges":[],"ID":1},{"def":["r0"],"use":["@this: org.apache.xml.serialize.IndentPrinter","r0"],"callees":["breakLine"],"nodes":["CompoundStmt","DefinitionStmt","Invoke","ReturnVoidStmt","Local","ThisRef","RefType","RefType","org","apache","xml","serialize","Indent","Printer","org","apache","xml","serialize","Indent","Printer"],"edges":[[0,1],[0,2],[0,3],[1,4],[1,5],[4,6],[5,7],[6,8],[6,9],[6,10],[6,11],[6,12],[6,13],[7,14],[7,15],[7,16],[7,17],[7,18],[7,19]],"ID":2}],"edgeSet":[[0,2,0],[2,1,0]],"ENTRY":{"def":[],"use":[],"callees":[],"nodes":["CompoundStmt"],"edges":[],"ID":0},"EXIT":{"def":[],"use":[],"callees":[],"nodes":["CompoundStmt"],"edges":[],"ID":1},"method_name":"breakLine"},{"blocks":[{"def":[],"use":[],"callees":[],"nodes":["CompoundStmt"],"edges":[],"ID":0},{"def":[],"use":[],"callees":[],"nodes":["CompoundStmt"],"edges":[],"ID":1},{"def":["$r2","z0","$i0","r0"],"use":["r0.\u003corg.apache.xml.serialize.IndentPrinter: java.lang.StringBuffer _text\u003e","$r2","@parameter0: boolean","@this: org.apache.xml.serialize.IndentPrinter","$i0","r0"],"callees":[],"nodes":["CompoundStmt","DefinitionStmt","DefinitionStmt","DefinitionStmt","DefinitionStmt","IfStmt","Local","ThisRef","Local","Param","Local","InstanceFieldRef","Local","Invoke","BinaryOp","RefType","RefType","Boolean","Boolean","RefType","RefType","Local","RefType","Int","Local"," \u003c\u003d ","Constant","org","apache","xml","serialize","Indent","Printer","org","apache","xml","serialize","Indent","Printer","java","lang","String","Buffer","java","lang","String","Buffer","RefType","java","lang","String","Buffer","Int","0","Int","org","apache","xml","serialize","Indent","Printer"],"edges":[[0,1],[0,2],[0,3],[0,4],[0,5],[1,6],[1,7],[2,8],[2,9],[3,10],[3,11],[4,12],[4,13],[5,14],[6,15],[7,16],[8,17],[9,18],[10,19],[11,20],[11,21],[11,22],[12,23],[14,24],[14,25],[14,26],[15,27],[15,28],[15,29],[15,30],[15,31],[15,32],[16,33],[16,34],[16,35],[16,36],[16,37],[16,38],[19,39],[19,40],[19,41],[19,42],[20,43],[20,44],[20,45],[20,46],[21,47],[22,48],[22,49],[22,50],[22,51],[24,52],[26,53],[26,54],[47,55],[47,56],[47,57],[47,58],[47,59],[47,60]],"ID":2},{"def":["$i1"],"use":["r0.\u003corg.apache.xml.serialize.IndentPrinter: int _spaces\u003e","$i1","r0"],"callees":[],"nodes":["CompoundStmt","GotoStmt","DefinitionStmt","IfStmt","Local","InstanceFieldRef","BinaryOp","Int","Int","Local","Int","Local"," \u003e ","Constant","RefType","Int","0","Int","org","apache","xml","serialize","Indent","Printer"],"edges":[[0,1],[0,2],[0,3],[2,4],[2,5],[3,6],[4,7],[5,8],[5,9],[5,10],[6,11],[6,12],[6,13],[9,14],[11,15],[13,16],[13,17],[14,18],[14,19],[14,20],[14,21],[14,22],[14,23]],"ID":3},{"def":["$r6","r0.\u003corg.apache.xml.serialize.IndentPrinter: int _spaces\u003e","$i2","$i3"],"use":["r0.\u003corg.apache.xml.serialize.IndentPrinter: java.lang.StringBuffer _line\u003e","$r6","r0.\u003corg.apache.xml.serialize.IndentPrinter: int _spaces\u003e","$i2","r0","$i3"],"callees":[],"nodes":["CompoundStmt","DefinitionStmt","Invoke","DefinitionStmt","DefinitionStmt","DefinitionStmt","Local","InstanceFieldRef","Local","InstanceFieldRef","Local","BinaryOp","InstanceFieldRef","Local","RefType","RefType","Local","RefType","Int","Int","Local","Int","Int","Local"," - ","Constant","Int","Local","Int","Int","java","lang","String","Buffer","java","lang","String","Buffer","RefType","java","lang","String","Buffer","RefType","Int","1","Int","RefType","org","apache","xml","serialize","Indent","Printer","org","apache","xml","serialize","Indent","Printer","org","apache","xml","serialize","Indent","Printer"],"edges":[[0,1],[0,2],[0,3],[0,4],[0,5],[1,6],[1,7],[3,8],[3,9],[4,10],[4,11],[5,12],[5,13],[6,14],[7,15],[7,16],[7,17],[8,18],[9,19],[9,20],[9,21],[10,22],[11,23],[11,24],[11,25],[12,26],[12,27],[12,28],[13,29],[14,30],[14,31],[14,32],[14,33],[15,34],[15,35],[15,36],[15,37],[16,38],[17,39],[17,40],[17,41],[17,42],[20,43],[23,44],[25,45],[25,46],[27,47],[38,48],[38,49],[38,50],[38,51],[38,52],[38,53],[43,54],[43,55],[43,56],[43,57],[43,58],[43,59],[47,60],[47,61],[47,62],[47,63],[47,64],[47,65]],"ID":4},{"def":["r0.\u003corg.apache.xml.serialize.IndentPrinter: java.lang.StringBuffer _text\u003e","$r8","$r9","$r11"],"use":["r0.\u003corg.apache.xml.serialize.IndentPrinter: java.lang.StringBuffer _text\u003e","z0","r0.\u003corg.apache.xml.serialize.IndentPrinter: java.lang.StringBuffer _line\u003e","$r8","$r9","$r11","r0"],"callees":["flushLine"],"nodes":["CompoundStmt","DefinitionStmt","DefinitionStmt","Invoke","DefinitionStmt","Invoke","DefinitionStmt","Invoke","Local","InstanceFieldRef","Local","InstanceFieldRef","Local","NewExpr","InstanceFieldRef","Local","RefType","RefType","Local","RefType","RefType","RefType","Local","RefType","RefType","RefType","RefType","Local","RefType","RefType","java","lang","String","Buffer","java","lang","String","Buffer","RefType","java","lang","String","Buffer","java","lang","String","Buffer","java","lang","String","Buffer","RefType","java","lang","String","Buffer","java","lang","String","Buffer","java","lang","String","Buffer","java","lang","String","Buffer","RefType","java","lang","String","Buffer","java","lang","String","Buffer","org","apache","xml","serialize","Indent","Printer","org","apache","xml","serialize","Indent","Printer","org","apache","xml","serialize","Indent","Printer"],"edges":[[0,1],[0,2],[0,3],[0,4],[0,5],[0,6],[0,7],[1,8],[1,9],[2,10],[2,11],[4,12],[4,13],[6,14],[6,15],[8,16],[9,17],[9,18],[9,19],[10,20],[11,21],[11,22],[11,23],[12,24],[13,25],[14,26],[14,27],[14,28],[15,29],[16,30],[16,31],[16,32],[16,33],[17,34],[17,35],[17,36],[17,37],[18,38],[19,39],[19,40],[19,41],[19,42],[20,43],[20,44],[20,45],[20,46],[21,47],[21,48],[21,49],[21,50],[22,51],[23,52],[23,53],[23,54],[23,55],[24,56],[24,57],[24,58],[24,59],[25,60],[25,61],[25,62],[25,63],[26,64],[26,65],[26,66],[26,67],[27,68],[28,69],[28,70],[28,71],[28,72],[29,73],[29,74],[29,75],[29,76],[38,77],[38,78],[38,79],[38,80],[38,81],[38,82],[51,83],[51,84],[51,85],[51,86],[51,87],[51,88],[68,89],[68,90],[68,91],[68,92],[68,93],[68,94]],"ID":5},{"def":["$r4"],"use":["r0","r0.\u003corg.apache.xml.serialize.Printer: java.io.Writer _writer\u003e"],"callees":[],"nodes":["CompoundStmt","DefinitionStmt","Local","InstanceFieldRef","RefType","RefType","Local","RefType","java","io","Writer","java","io","Writer","RefType","java","io","Writer","org","apache","xml","serialize","Indent","Printer"],"edges":[[0,1],[1,2],[1,3],[2,4],[3,5],[3,6],[3,7],[4,8],[4,9],[4,10],[5,11],[5,12],[5,13],[6,14],[7,15],[7,16],[7,17],[14,18],[14,19],[14,20],[14,21],[14,22],[14,23]],"ID":6},{"def":["$r3"],"use":["r0.\u003corg.apache.xml.serialize.Printer: org.apache.xml.serialize.OutputFormat _format\u003e","r0"],"callees":[],"nodes":["CompoundStmt","DefinitionStmt","Local","InstanceFieldRef","RefType","RefType","Local","RefType","org","apache","xml","serialize","Output","Format","org","apache","xml","serialize","Output","Format","RefType","org","apache","xml","serialize","Output","Format","org","apache","xml","serialize","Indent","Printer"],"edges":[[0,1],[1,2],[1,3],[2,4],[3,5],[3,6],[3,7],[4,8],[4,9],[4,10],[4,11],[4,12],[4,13],[5,14],[5,15],[5,16],[5,17],[5,18],[5,19],[6,20],[7,21],[7,22],[7,23],[7,24],[7,25],[7,26],[20,27],[20,28],[20,29],[20,30],[20,31],[20,32]],"ID":7},{"def":["$r5"],"use":["$r3"],"callees":["getLineSeparator"],"nodes":["CompoundStmt","DefinitionStmt","Local","Invoke","RefType","java","lang","String"],"edges":[[0,1],[1,2],[1,3],[2,4],[4,5],[4,6],[4,7]],"ID":8},{"def":[],"use":["$r4","$r5"],"callees":[],"nodes":["CompoundStmt","Invoke"],"edges":[[0,1]],"ID":9},{"def":[],"use":[],"callees":[],"nodes":["CompoundStmt","GotoStmt","ReturnVoidStmt"],"edges":[[0,1],[0,2]],"ID":10},{"def":["$r13","$r12","r1"],"use":["$r13","@caughtexception","r0.\u003corg.apache.xml.serialize.Printer: java.io.IOException _exception\u003e","$r12","r0"],"callees":[],"nodes":["CompoundStmt","DefinitionStmt","DefinitionStmt","DefinitionStmt","IfStmt","Local","CaughtException","Local","Local","Local","InstanceFieldRef","BinaryOp","RefType","RefType","RefType","RefType","RefType","RefType","Local","RefType","Local"," !\u003d ","Constant","java","io","I","O","Exception","java","lang","Throwable","java","io","I","O","Exception","java","io","I","O","Exception","java","io","I","O","Exception","java","io","I","O","Exception","RefType","java","io","I","O","Exception","RefType","Null","org","apache","xml","serialize","Indent","Printer","java","io","I","O","Exception"],"edges":[[0,1],[0,2],[0,3],[0,4],[1,5],[1,6],[2,7],[2,8],[3,9],[3,10],[4,11],[5,12],[6,13],[7,14],[8,15],[9,16],[10,17],[10,18],[10,19],[11,20],[11,21],[11,22],[12,23],[12,24],[12,25],[12,26],[12,27],[13,28],[13,29],[13,30],[14,31],[14,32],[14,33],[14,34],[14,35],[15,36],[15,37],[15,38],[15,39],[15,40],[16,41],[16,42],[16,43],[16,44],[16,45],[17,46],[17,47],[17,48],[17,49],[17,50],[18,51],[19,52],[19,53],[19,54],[19,55],[19,56],[20,57],[22,58],[51,59],[51,60],[51,61],[51,62],[51,63],[51,64],[57,65],[57,66],[57,67],[57,68],[57,69]],"ID":11},{"def":["r0.\u003corg.apache.xml.serialize.Printer: java.io.IOException _exception\u003e"],"use":["r0","r1"],"callees":[],"nodes":["CompoundStmt","DefinitionStmt","InstanceFieldRef","Local","RefType","Local","RefType","RefType","java","io","I","O","Exception","RefType","java","io","I","O","Exception","java","io","I","O","Exception","org","apache","xml","serialize","Indent","Printer"],"edges":[[0,1],[1,2],[1,3],[2,4],[2,5],[2,6],[3,7],[4,8],[4,9],[4,10],[4,11],[4,12],[5,13],[6,14],[6,15],[6,16],[6,17],[6,18],[7,19],[7,20],[7,21],[7,22],[7,23],[13,24],[13,25],[13,26],[13,27],[13,28],[13,29]],"ID":12}],"edgeSet":[[8,11,5],[12,10,0],[9,11,5],[11,10,2],[10,1,0],[0,2,0],[2,5,2],[3,5,1],[5,6,0],[5,11,5],[6,7,0],[7,8,0],[8,9,0],[9,10,0],[2,3,1],[6,11,5],[11,12,1],[4,3,0],[3,4,2],[7,11,5]],"ENTRY":{"def":[],"use":[],"callees":[],"nodes":["CompoundStmt"],"edges":[],"ID":0},"EXIT":{"def":[],"use":[],"callees":[],"nodes":["CompoundStmt"],"edges":[],"ID":1},"method_name":"breakLine"},{"blocks":[{"def":[],"use":[],"callees":[],"nodes":["CompoundStmt"],"edges":[],"ID":0},{"def":[],"use":[],"callees":[],"nodes":["CompoundStmt"],"edges":[],"ID":1},{"def":["$r2","z0","$i0","r0"],"use":["$r2","r0.\u003corg.apache.xml.serialize.IndentPrinter: java.lang.StringBuffer _line\u003e","@parameter0: boolean","@this: org.apache.xml.serialize.IndentPrinter","$i0","r0"],"callees":[],"nodes":["CompoundStmt","DefinitionStmt","DefinitionStmt","DefinitionStmt","DefinitionStmt","IfStmt","Local","ThisRef","Local","Param","Local","InstanceFieldRef","Local","Invoke","BinaryOp","RefType","RefType","Boolean","Boolean","RefType","RefType","Local","RefType","Int","Local"," \u003c\u003d ","Constant","org","apache","xml","serialize","Indent","Printer","org","apache","xml","serialize","Indent","Printer","java","lang","String","Buffer","java","lang","String","Buffer","RefType","java","lang","String","Buffer","Int","0","Int","org","apache","xml","serialize","Indent","Printer"],"edges":[[0,1],[0,2],[0,3],[0,4],[0,5],[1,6],[1,7],[2,8],[2,9],[3,10],[3,11],[4,12],[4,13],[5,14],[6,15],[7,16],[8,17],[9,18],[10,19],[11,20],[11,21],[11,22],[12,23],[14,24],[14,25],[14,26],[15,27],[15,28],[15,29],[15,30],[15,31],[15,32],[16,33],[16,34],[16,35],[16,36],[16,37],[16,38],[19,39],[19,40],[19,41],[19,42],[20,43],[20,44],[20,45],[20,46],[21,47],[22,48],[22,49],[22,50],[22,51],[24,52],[26,53],[26,54],[47,55],[47,56],[47,57],[47,58],[47,59],[47,60]],"ID":2},{"def":["$r3"],"use":["r0.\u003corg.apache.xml.serialize.Printer: org.apache.xml.serialize.OutputFormat _format\u003e","r0"],"callees":[],"nodes":["CompoundStmt","DefinitionStmt","Local","InstanceFieldRef","RefType","RefType","Local","RefType","org","apache","xml","serialize","Output","Format","org","apache","xml","serialize","Output","Format","RefType","org","apache","xml","serialize","Output","Format","org","apache","xml","serialize","Indent","Printer"],"edges":[[0,1],[1,2],[1,3],[2,4],[3,5],[3,6],[3,7],[4,8],[4,9],[4,10],[4,11],[4,12],[4,13],[5,14],[5,15],[5,16],[5,17],[5,18],[5,19],[6,20],[7,21],[7,22],[7,23],[7,24],[7,25],[7,26],[20,27],[20,28],[20,29],[20,30],[20,31],[20,32]],"ID":3},{"def":["$z1"],"use":["$r3"],"callees":["getIndenting"],"nodes":["CompoundStmt","DefinitionStmt","Local","Invoke","Boolean"],"edges":[[0,1],[1,2],[1,3],[2,4]],"ID":4},{"def":[],"use":["$z1"],"callees":[],"nodes":["CompoundStmt","IfStmt","BinaryOp","Local"," \u003d\u003d ","Constant","Boolean","0","Int"],"edges":[[0,1],[1,2],[2,3],[2,4],[2,5],[3,6],[5,7],[5,8]],"ID":5},{"def":[],"use":["z0"],"callees":[],"nodes":["CompoundStmt","IfStmt","BinaryOp","Local"," !\u003d ","Constant","Boolean","0","Int"],"edges":[[0,1],[1,2],[2,3],[2,4],[2,5],[3,6],[5,7],[5,8]],"ID":6},{"def":["$r4","i5","$i1"],"use":["r0.\u003corg.apache.xml.serialize.IndentPrinter: int _thisIndent\u003e","r0.\u003corg.apache.xml.serialize.Printer: org.apache.xml.serialize.OutputFormat _format\u003e","i5","r0"],"callees":[],"nodes":["CompoundStmt","DefinitionStmt","DefinitionStmt","DefinitionStmt","Local","InstanceFieldRef","Local","BinaryOp","Local","InstanceFieldRef","Int","Int","Local","Int","Int","Constant"," * ","Local","RefType","RefType","Local","RefType","RefType","2","Int","Int","org","apache","xml","serialize","Output","Format","org","apache","xml","serialize","Output","Format","RefType","org","apache","xml","serialize","Output","Format","org","apache","xml","serialize","Indent","Printer","org","apache","xml","serialize","Indent","Printer"],"edges":[[0,1],[0,2],[0,3],[1,4],[1,5],[2,6],[2,7],[3,8],[3,9],[4,10],[5,11],[5,12],[5,13],[6,14],[7,15],[7,16],[7,17],[8,18],[9,19],[9,20],[9,21],[12,22],[15,23],[15,24],[17,25],[18,26],[18,27],[18,28],[18,29],[18,30],[18,31],[19,32],[19,33],[19,34],[19,35],[19,36],[19,37],[20,38],[21,39],[21,40],[21,41],[21,42],[21,43],[21,44],[22,45],[22,46],[22,47],[22,48],[22,49],[22,50],[38,51],[38,52],[38,53],[38,54],[38,55],[38,56]],"ID":7},{"def":["$i2"],"use":["$r4"],"callees":["getLineWidth"],"nodes":["CompoundStmt","DefinitionStmt","Local","Invoke","Int"],"edges":[[0,1],[1,2],[1,3],[2,4]],"ID":8},{"def":[],"use":["$i1","$i2"],"callees":[],"nodes":["CompoundStmt","IfStmt","BinaryOp","Local"," \u003c\u003d ","Local","Int","Int"],"edges":[[0,1],[1,2],[2,3],[2,4],[2,5],[3,6],[5,7]],"ID":9},{"def":["$r6"],"use":["r0.\u003corg.apache.xml.serialize.Printer: org.apache.xml.serialize.OutputFormat _format\u003e","r0"],"callees":[],"nodes":["CompoundStmt","DefinitionStmt","Local","InstanceFieldRef","RefType","RefType","Local","RefType","org","apache","xml","serialize","Output","Format","org","apache","xml","serialize","Output","Format","RefType","org","apache","xml","serialize","Output","Format","org","apache","xml","serialize","Indent","Printer"],"edges":[[0,1],[1,2],[1,3],[2,4],[3,5],[3,6],[3,7],[4,8],[4,9],[4,10],[4,11],[4,12],[4,13],[5,14],[5,15],[5,16],[5,17],[5,18],[5,19],[6,20],[7,21],[7,22],[7,23],[7,24],[7,25],[7,26],[20,27],[20,28],[20,29],[20,30],[20,31],[20,32]],"ID":10},{"def":["$i3"],"use":["$r6"],"callees":["getLineWidth"],"nodes":["CompoundStmt","DefinitionStmt","Local","Invoke","Int"],"edges":[[0,1],[1,2],[1,3],[2,4]],"ID":11},{"def":[],"use":["$i3"],"callees":[],"nodes":["CompoundStmt","IfStmt","BinaryOp","Local"," \u003c\u003d ","Constant","Int","0","Int"],"edges":[[0,1],[1,2],[2,3],[2,4],[2,5],[3,6],[5,7],[5,8]],"ID":12},{"def":["$r7"],"use":["r0.\u003corg.apache.xml.serialize.Printer: org.apache.xml.serialize.OutputFormat _format\u003e","r0"],"callees":[],"nodes":["CompoundStmt","DefinitionStmt","Local","InstanceFieldRef","RefType","RefType","Local","RefType","org","apache","xml","serialize","Output","Format","org","apache","xml","serialize","Output","Format","RefType","org","apache","xml","serialize","Output","Format","org","apache","xml","serialize","Indent","Printer"],"edges":[[0,1],[1,2],[1,3],[2,4],[3,5],[3,6],[3,7],[4,8],[4,9],[4,10],[4,11],[4,12],[4,13],[5,14],[5,15],[5,16],[5,17],[5,18],[5,19],[6,20],[7,21],[7,22],[7,23],[7,24],[7,25],[7,26],[20,27],[20,28],[20,29],[20,30],[20,31],[20,32]],"ID":13},{"def":["$i4"],"use":["$r7"],"callees":["getLineWidth"],"nodes":["CompoundStmt","DefinitionStmt","Local","Invoke","Int"],"edges":[[0,1],[1,2],[1,3],[2,4]],"ID":14},{"def":["i5"],"use":["i5","$i4"],"callees":[],"nodes":["CompoundStmt","DefinitionStmt","GotoStmt","IfStmt","Local","BinaryOp","BinaryOp","Int","Local"," / ","Constant","Local"," \u003e ","Constant","Int","2","Int","Int","0","Int"],"edges":[[0,1],[0,2],[0,3],[1,4],[1,5],[3,6],[4,7],[5,8],[5,9],[5,10],[6,11],[6,12],[6,13],[8,14],[10,15],[10,16],[11,17],[13,18],[13,19]],"ID":15},{"def":["$r5"],"use":["r0","r0.\u003corg.apache.xml.serialize.Printer: java.io.Writer _writer\u003e"],"callees":[],"nodes":["CompoundStmt","DefinitionStmt","Local","InstanceFieldRef","RefType","RefType","Local","RefType","java","io","Writer","java","io","Writer","RefType","java","io","Writer","org","apache","xml","serialize","Indent","Printer"],"edges":[[0,1],[1,2],[1,3],[2,4],[3,5],[3,6],[3,7],[4,8],[4,9],[4,10],[5,11],[5,12],[5,13],[6,14],[7,15],[7,16],[7,17],[14,18],[14,19],[14,20],[14,21],[14,22],[14,23]],"ID":16},{"def":[],"use":["$r5"],"callees":[],"nodes":["CompoundStmt","Invoke"],"edges":[[0,1]],"ID":17},{"def":["i5"],"use":["i5"],"callees":[],"nodes":["CompoundStmt","DefinitionStmt","Local","BinaryOp","Int","Local"," + ","Constant","Int","-","1","Int"],"edges":[[0,1],[1,2],[1,3],[2,4],[3,5],[3,6],[3,7],[5,8],[7,9],[7,10],[7,11]],"ID":18},{"def":["r0.\u003corg.apache.xml.serialize.IndentPrinter: int _thisIndent\u003e","$i6","r0.\u003corg.apache.xml.serialize.IndentPrinter: int _spaces\u003e","$r11","$r10"],"use":["r0.\u003corg.apache.xml.serialize.IndentPrinter: int _nextIndent\u003e","$i6","r0.\u003corg.apache.xml.serialize.IndentPrinter: java.lang.StringBuffer _line\u003e","r0","r0.\u003corg.apache.xml.serialize.Printer: java.io.Writer _writer\u003e"],"callees":[],"nodes":["CompoundStmt","DefinitionStmt","DefinitionStmt","DefinitionStmt","DefinitionStmt","DefinitionStmt","Local","InstanceFieldRef","InstanceFieldRef","Local","InstanceFieldRef","Constant","Local","InstanceFieldRef","Local","InstanceFieldRef","Int","Int","Local","Int","Int","Local","Int","Int","Int","Local","Int","0","Int","RefType","RefType","Local","RefType","RefType","RefType","Local","RefType","RefType","RefType","RefType","java","io","Writer","java","io","Writer","RefType","java","io","Writer","java","lang","String","Buffer","java","lang","String","Buffer","RefType","java","lang","String","Buffer","org","apache","xml","serialize","Indent","Printer","org","apache","xml","serialize","Indent","Printer","org","apache","xml","serialize","Indent","Printer","org","apache","xml","serialize","Indent","Printer","org","apache","xml","serialize","Indent","Printer"],"edges":[[0,1],[0,2],[0,3],[0,4],[0,5],[1,6],[1,7],[2,8],[2,9],[3,10],[3,11],[4,12],[4,13],[5,14],[5,15],[6,16],[7,17],[7,18],[7,19],[8,20],[8,21],[8,22],[9,23],[10,24],[10,25],[10,26],[11,27],[11,28],[12,29],[13,30],[13,31],[13,32],[14,33],[15,34],[15,35],[15,36],[18,37],[21,38],[25,39],[29,40],[29,41],[29,42],[30,43],[30,44],[30,45],[31,46],[32,47],[32,48],[32,49],[33,50],[33,51],[33,52],[33,53],[34,54],[34,55],[34,56],[34,57],[35,58],[36,59],[36,60],[36,61],[36,62],[37,63],[37,64],[37,65],[37,66],[37,67],[37,68],[38,69],[38,70],[38,71],[38,72],[38,73],[38,74],[39,75],[39,76],[39,77],[39,78],[39,79],[39,80],[46,81],[46,82],[46,83],[46,84],[46,85],[46,86],[58,87],[58,88],[58,89],[58,90],[58,91],[58,92]],"ID":19},{"def":["$r12"],"use":["$r11"],"callees":[],"nodes":["CompoundStmt","DefinitionStmt","Local","Invoke","RefType","java","lang","String"],"edges":[[0,1],[1,2],[1,3],[2,4],[4,5],[4,6],[4,7]],"ID":20},{"def":[],"use":["$r12","$r10"],"callees":[],"nodes":["CompoundStmt","Invoke"],"edges":[[0,1]],"ID":21},{"def":["$r13"],"use":[],"callees":[],"nodes":["CompoundStmt","DefinitionStmt","Local","NewExpr","RefType","RefType","java","lang","String","Buffer","java","lang","String","Buffer"],"edges":[[0,1],[1,2],[1,3],[2,4],[3,5],[4,6],[4,7],[4,8],[4,9],[5,10],[5,11],[5,12],[5,13]],"ID":22},{"def":[],"use":["$r13"],"callees":[],"nodes":["CompoundStmt","Invoke"],"edges":[[0,1]],"ID":23},{"def":["r0.\u003corg.apache.xml.serialize.IndentPrinter: java.lang.StringBuffer _line\u003e"],"use":["$r13","r0"],"callees":[],"nodes":["CompoundStmt","DefinitionStmt","GotoStmt","ReturnVoidStmt","InstanceFieldRef","Local","RefType","Local","RefType","RefType","java","lang","String","Buffer","RefType","java","lang","String","Buffer","java","lang","String","Buffer","org","apache","xml","serialize","Indent","Printer"],"edges":[[0,1],[0,2],[0,3],[1,4],[1,5],[4,6],[4,7],[4,8],[5,9],[6,10],[6,11],[6,12],[6,13],[7,14],[8,15],[8,16],[8,17],[8,18],[9,19],[9,20],[9,21],[9,22],[14,23],[14,24],[14,25],[14,26],[14,27],[14,28]],"ID":24},{"def":["$r8","$r9","r1"],"use":["@caughtexception","r0.\u003corg.apache.xml.serialize.Printer: java.io.IOException _exception\u003e","$r8","$r9","r0"],"callees":[],"nodes":["CompoundStmt","DefinitionStmt","DefinitionStmt","DefinitionStmt","IfStmt","Local","CaughtException","Local","Local","Local","InstanceFieldRef","BinaryOp","RefType","RefType","RefType","RefType","RefType","RefType","Local","RefType","Local"," !\u003d ","Constant","java","io","I","O","Exception","java","lang","Throwable","java","io","I","O","Exception","java","io","I","O","Exception","java","io","I","O","Exception","java","io","I","O","Exception","RefType","java","io","I","O","Exception","RefType","Null","org","apache","xml","serialize","Indent","Printer","java","io","I","O","Exception"],"edges":[[0,1],[0,2],[0,3],[0,4],[1,5],[1,6],[2,7],[2,8],[3,9],[3,10],[4,11],[5,12],[6,13],[7,14],[8,15],[9,16],[10,17],[10,18],[10,19],[11,20],[11,21],[11,22],[12,23],[12,24],[12,25],[12,26],[12,27],[13,28],[13,29],[13,30],[14,31],[14,32],[14,33],[14,34],[14,35],[15,36],[15,37],[15,38],[15,39],[15,40],[16,41],[16,42],[16,43],[16,44],[16,45],[17,46],[17,47],[17,48],[17,49],[17,50],[18,51],[19,52],[19,53],[19,54],[19,55],[19,56],[20,57],[22,58],[51,59],[51,60],[51,61],[51,62],[51,63],[51,64],[57,65],[57,66],[57,67],[57,68],[57,69]],"ID":25},{"def":["r0.\u003corg.apache.xml.serialize.Printer: java.io.IOException _exception\u003e"],"use":["r0","r1"],"callees":[],"nodes":["CompoundStmt","DefinitionStmt","InstanceFieldRef","Local","RefType","Local","RefType","RefType","java","io","I","O","Exception","RefType","java","io","I","O","Exception","java","io","I","O","Exception","org","apache","xml","serialize","Indent","Printer"],"edges":[[0,1],[1,2],[1,3],[2,4],[2,5],[2,6],[3,7],[4,8],[4,9],[4,10],[4,11],[4,12],[5,13],[6,14],[6,15],[6,16],[6,17],[6,18],[7,19],[7,20],[7,21],[7,22],[7,23],[13,24],[13,25],[13,26],[13,27],[13,28],[13,29]],"ID":26}],"edgeSet":[[26,24,0],[2,25,5],[4,25,5],[5,19,2],[8,25,5],[10,25,5],[14,25,5],[9,15,2],[16,25,5],[15,19,1],[4,5,0],[8,9,0],[16,17,0],[20,21,0],[12,13,1],[20,25,5],[22,25,5],[24,1,0],[0,2,0],[3,4,0],[7,8,0],[11,12,0],[19,20,0],[23,24,0],[15,16,2],[25,24,2],[3,25,5],[7,25,5],[6,19,2],[11,25,5],[13,25,5],[17,25,5],[12,15,2],[10,11,0],[14,15,0],[19,25,5],[22,23,0],[2,3,1],[6,7,1],[21,25,5],[18,15,0],[23,25,5],[2,24,2],[13,14,0],[17,18,0],[21,22,0],[5,6,1],[9,10,1],[25,26,1]],"ENTRY":{"def":[],"use":[],"callees":[],"nodes":["CompoundStmt"],"edges":[],"ID":0},"EXIT":{"def":[],"use":[],"callees":[],"nodes":["CompoundStmt"],"edges":[],"ID":1},"method_name":"flushLine"},{"blocks":[{"def":[],"use":[],"callees":[],"nodes":["CompoundStmt"],"edges":[],"ID":0},{"def":[],"use":[],"callees":[],"nodes":["CompoundStmt"],"edges":[],"ID":1},{"def":["$r2","$i0","r0"],"use":["$r2","r0.\u003corg.apache.xml.serialize.IndentPrinter: java.lang.StringBuffer _line\u003e","@this: org.apache.xml.serialize.IndentPrinter","$i0","r0"],"callees":[],"nodes":["CompoundStmt","DefinitionStmt","DefinitionStmt","DefinitionStmt","IfStmt","Local","ThisRef","Local","InstanceFieldRef","Local","Invoke","BinaryOp","RefType","RefType","RefType","RefType","Local","RefType","Int","Local"," \u003e ","Constant","org","apache","xml","serialize","Indent","Printer","org","apache","xml","serialize","Indent","Printer","java","lang","String","Buffer","java","lang","String","Buffer","RefType","java","lang","String","Buffer","Int","0","Int","org","apache","xml","serialize","Indent","Printer"],"edges":[[0,1],[0,2],[0,3],[0,4],[1,5],[1,6],[2,7],[2,8],[3,9],[3,10],[4,11],[5,12],[6,13],[7,14],[8,15],[8,16],[8,17],[9,18],[11,19],[11,20],[11,21],[12,22],[12,23],[12,24],[12,25],[12,26],[12,27],[13,28],[13,29],[13,30],[13,31],[13,32],[13,33],[14,34],[14,35],[14,36],[14,37],[15,38],[15,39],[15,40],[15,41],[16,42],[17,43],[17,44],[17,45],[17,46],[19,47],[21,48],[21,49],[42,50],[42,51],[42,52],[42,53],[42,54],[42,55]],"ID":2},{"def":["$r3","$i1"],"use":["r0.\u003corg.apache.xml.serialize.IndentPrinter: java.lang.StringBuffer _text\u003e","$r3","$i1","r0"],"callees":[],"nodes":["CompoundStmt","DefinitionStmt","DefinitionStmt","IfStmt","Local","InstanceFieldRef","Local","Invoke","BinaryOp","RefType","RefType","Local","RefType","Int","Local"," \u003c\u003d ","Constant","java","lang","String","Buffer","java","lang","String","Buffer","RefType","java","lang","String","Buffer","Int","0","Int","org","apache","xml","serialize","Indent","Printer"],"edges":[[0,1],[0,2],[0,3],[1,4],[1,5],[2,6],[2,7],[3,8],[4,9],[5,10],[5,11],[5,12],[6,13],[8,14],[8,15],[8,16],[9,17],[9,18],[9,19],[9,20],[10,21],[10,22],[10,23],[10,24],[11,25],[12,26],[12,27],[12,28],[12,29],[14,30],[16,31],[16,32],[25,33],[25,34],[25,35],[25,36],[25,37],[25,38]],"ID":3},{"def":[],"use":["r0"],"callees":["breakLine"],"nodes":["CompoundStmt","Invoke"],"edges":[[0,1]],"ID":4},{"def":["$r6"],"use":["r0","r0.\u003corg.apache.xml.serialize.Printer: java.io.Writer _writer\u003e"],"callees":[],"nodes":["CompoundStmt","DefinitionStmt","Local","InstanceFieldRef","RefType","RefType","Local","RefType","java","io","Writer","java","io","Writer","RefType","java","io","Writer","org","apache","xml","serialize","Indent","Printer"],"edges":[[0,1],[1,2],[1,3],[2,4],[3,5],[3,6],[3,7],[4,8],[4,9],[4,10],[5,11],[5,12],[5,13],[6,14],[7,15],[7,16],[7,17],[14,18],[14,19],[14,20],[14,21],[14,22],[14,23]],"ID":5},{"def":[],"use":["$r6"],"callees":[],"nodes":["CompoundStmt","Invoke"],"edges":[[0,1]],"ID":6},{"def":[],"use":[],"callees":[],"nodes":["CompoundStmt","GotoStmt","ReturnVoidStmt"],"edges":[[0,1],[0,2]],"ID":7},{"def":["$r4","$r5","r1"],"use":["@caughtexception","$r4","$r5","r0.\u003corg.apache.xml.serialize.Printer: java.io.IOException _exception\u003e","r0"],"callees":[],"nodes":["CompoundStmt","DefinitionStmt","DefinitionStmt","DefinitionStmt","IfStmt","Local","CaughtException","Local","Local","Local","InstanceFieldRef","BinaryOp","RefType","RefType","RefType","RefType","RefType","RefType","Local","RefType","Local"," !\u003d ","Constant","java","io","I","O","Exception","java","lang","Throwable","java","io","I","O","Exception","java","io","I","O","Exception","java","io","I","O","Exception","java","io","I","O","Exception","RefType","java","io","I","O","Exception","RefType","Null","org","apache","xml","serialize","Indent","Printer","java","io","I","O","Exception"],"edges":[[0,1],[0,2],[0,3],[0,4],[1,5],[1,6],[2,7],[2,8],[3,9],[3,10],[4,11],[5,12],[6,13],[7,14],[8,15],[9,16],[10,17],[10,18],[10,19],[11,20],[11,21],[11,22],[12,23],[12,24],[12,25],[12,26],[12,27],[13,28],[13,29],[13,30],[14,31],[14,32],[14,33],[14,34],[14,35],[15,36],[15,37],[15,38],[15,39],[15,40],[16,41],[16,42],[16,43],[16,44],[16,45],[17,46],[17,47],[17,48],[17,49],[17,50],[18,51],[19,52],[19,53],[19,54],[19,55],[19,56],[20,57],[22,58],[51,59],[51,60],[51,61],[51,62],[51,63],[51,64],[57,65],[57,66],[57,67],[57,68],[57,69]],"ID":8},{"def":["r0.\u003corg.apache.xml.serialize.Printer: java.io.IOException _exception\u003e"],"use":["r0","r1"],"callees":[],"nodes":["CompoundStmt","DefinitionStmt","InstanceFieldRef","Local","RefType","Local","RefType","RefType","java","io","I","O","Exception","RefType","java","io","I","O","Exception","java","io","I","O","Exception","org","apache","xml","serialize","Indent","Printer"],"edges":[[0,1],[1,2],[1,3],[2,4],[2,5],[2,6],[3,7],[4,8],[4,9],[4,10],[4,11],[4,12],[5,13],[6,14],[6,15],[6,16],[6,17],[6,18],[7,19],[7,20],[7,21],[7,22],[7,23],[13,24],[13,25],[13,26],[13,27],[13,28],[13,29]],"ID":9}],"edgeSet":[[5,8,5],[9,7,0],[6,8,5],[8,7,2],[7,1,0],[0,2,0],[4,5,0],[5,6,0],[6,7,0],[2,3,1],[2,4,2],[3,4,1],[3,5,2],[3,8,5],[8,9,1],[4,8,5]],"ENTRY":{"def":[],"use":[],"callees":[],"nodes":["CompoundStmt"],"edges":[],"ID":0},"EXIT":{"def":[],"use":[],"callees":[],"nodes":["CompoundStmt"],"edges":[],"ID":1},"method_name":"flush"},{"blocks":[{"def":[],"use":[],"callees":[],"nodes":["CompoundStmt"],"edges":[],"ID":0},{"def":[],"use":[],"callees":[],"nodes":["CompoundStmt"],"edges":[],"ID":1},{"def":["$i0","r0"],"use":["@this: org.apache.xml.serialize.OutputFormat","$i0","r0.\u003corg.apache.xml.serialize.OutputFormat: int _indent\u003e","r0"],"callees":[],"nodes":["CompoundStmt","DefinitionStmt","DefinitionStmt","ReturnStmt","Local","ThisRef","Local","InstanceFieldRef","Local","RefType","RefType","Int","Int","Local","Int","Int","org","apache","xml","serialize","Output","Format","org","apache","xml","serialize","Output","Format","RefType","org","apache","xml","serialize","Output","Format"],"edges":[[0,1],[0,2],[0,3],[1,4],[1,5],[2,6],[2,7],[3,8],[4,9],[5,10],[6,11],[7,12],[7,13],[7,14],[8,15],[9,16],[9,17],[9,18],[9,19],[9,20],[9,21],[10,22],[10,23],[10,24],[10,25],[10,26],[10,27],[13,28],[28,29],[28,30],[28,31],[28,32],[28,33],[28,34]],"ID":2}],"edgeSet":[[0,2,0],[2,1,0]],"ENTRY":{"def":[],"use":[],"callees":[],"nodes":["CompoundStmt"],"edges":[],"ID":0},"EXIT":{"def":[],"use":[],"callees":[],"nodes":["CompoundStmt"],"edges":[],"ID":1},"method_name":"getIndent"},{"blocks":[{"def":[],"use":[],"callees":[],"nodes":["CompoundStmt"],"edges":[],"ID":0},{"def":[],"use":[],"callees":[],"nodes":["CompoundStmt"],"edges":[],"ID":1},{"def":["r0.\u003corg.apache.xml.serialize.IndentPrinter: int _nextIndent\u003e","$r1","$i0","$i1","$i2","r0"],"use":["r0.\u003corg.apache.xml.serialize.IndentPrinter: int _nextIndent\u003e","r0.\u003corg.apache.xml.serialize.Printer: org.apache.xml.serialize.OutputFormat _format\u003e","$r1","@this: org.apache.xml.serialize.IndentPrinter","$i0","$i1","$i2","r0"],"callees":["getIndent"],"nodes":["CompoundStmt","DefinitionStmt","DefinitionStmt","DefinitionStmt","DefinitionStmt","DefinitionStmt","DefinitionStmt","ReturnVoidStmt","Local","ThisRef","Local","InstanceFieldRef","Local","InstanceFieldRef","Local","Invoke","Local","BinaryOp","InstanceFieldRef","Local","RefType","RefType","Int","Int","Local","Int","RefType","RefType","Local","RefType","Int","Int","Local"," + ","Local","Int","Local","Int","Int","org","apache","xml","serialize","Indent","Printer","org","apache","xml","serialize","Indent","Printer","RefType","org","apache","xml","serialize","Output","Format","org","apache","xml","serialize","Output","Format","RefType","org","apache","xml","serialize","Output","Format","Int","Int","RefType","org","apache","xml","serialize","Indent","Printer","org","apache","xml","serialize","Indent","Printer","org","apache","xml","serialize","Indent","Printer"],"edges":[[0,1],[0,2],[0,3],[0,4],[0,5],[0,6],[0,7],[1,8],[1,9],[2,10],[2,11],[3,12],[3,13],[4,14],[4,15],[5,16],[5,17],[6,18],[6,19],[8,20],[9,21],[10,22],[11,23],[11,24],[11,25],[12,26],[13,27],[13,28],[13,29],[14,30],[16,31],[17,32],[17,33],[17,34],[18,35],[18,36],[18,37],[19,38],[20,39],[20,40],[20,41],[20,42],[20,43],[20,44],[21,45],[21,46],[21,47],[21,48],[21,49],[21,50],[24,51],[26,52],[26,53],[26,54],[26,55],[26,56],[26,57],[27,58],[27,59],[27,60],[27,61],[27,62],[27,63],[28,64],[29,65],[29,66],[29,67],[29,68],[29,69],[29,70],[32,71],[34,72],[36,73],[51,74],[51,75],[51,76],[51,77],[51,78],[51,79],[64,80],[64,81],[64,82],[64,83],[64,84],[64,85],[73,86],[73,87],[73,88],[73,89],[73,90],[73,91]],"ID":2}],"edgeSet":[[0,2,0],[2,1,0]],"ENTRY":{"def":[],"use":[],"callees":[],"nodes":["CompoundStmt"],"edges":[],"ID":0},"EXIT":{"def":[],"use":[],"callees":[],"nodes":["CompoundStmt"],"edges":[],"ID":1},"method_name":"indent"},{"blocks":[{"def":[],"use":[],"callees":[],"nodes":["CompoundStmt"],"edges":[],"ID":0},{"def":[],"use":[],"callees":[],"nodes":["CompoundStmt"],"edges":[],"ID":1},{"def":["r0.\u003corg.apache.xml.serialize.IndentPrinter: int _nextIndent\u003e","$r1","$i0","$i1","$i2","r0","$i3"],"use":["r0.\u003corg.apache.xml.serialize.IndentPrinter: int _nextIndent\u003e","r0.\u003corg.apache.xml.serialize.Printer: org.apache.xml.serialize.OutputFormat _format\u003e","$r1","@this: org.apache.xml.serialize.IndentPrinter","$i0","$i1","$i2","r0","$i3"],"callees":["getIndent"],"nodes":["CompoundStmt","DefinitionStmt","DefinitionStmt","DefinitionStmt","DefinitionStmt","DefinitionStmt","DefinitionStmt","DefinitionStmt","IfStmt","Local","ThisRef","Local","InstanceFieldRef","Local","InstanceFieldRef","Local","Invoke","Local","BinaryOp","InstanceFieldRef","Local","Local","InstanceFieldRef","BinaryOp","RefType","RefType","Int","Int","Local","Int","RefType","RefType","Local","RefType","Int","Int","Local"," - ","Local","Int","Local","Int","Int","Int","Int","Local","Int","Local"," \u003e\u003d ","Constant","org","apache","xml","serialize","Indent","Printer","org","apache","xml","serialize","Indent","Printer","RefType","org","apache","xml","serialize","Output","Format","org","apache","xml","serialize","Output","Format","RefType","org","apache","xml","serialize","Output","Format","Int","Int","RefType","RefType","Int","0","Int","org","apache","xml","serialize","Indent","Printer","org","apache","xml","serialize","Indent","Printer","org","apache","xml","serialize","Indent","Printer","org","apache","xml","serialize","Indent","Printer"],"edges":[[0,1],[0,2],[0,3],[0,4],[0,5],[0,6],[0,7],[0,8],[1,9],[1,10],[2,11],[2,12],[3,13],[3,14],[4,15],[4,16],[5,17],[5,18],[6,19],[6,20],[7,21],[7,22],[8,23],[9,24],[10,25],[11,26],[12,27],[12,28],[12,29],[13,30],[14,31],[14,32],[14,33],[15,34],[17,35],[18,36],[18,37],[18,38],[19,39],[19,40],[19,41],[20,42],[21,43],[22,44],[22,45],[22,46],[23,47],[23,48],[23,49],[24,50],[24,51],[24,52],[24,53],[24,54],[24,55],[25,56],[25,57],[25,58],[25,59],[25,60],[25,61],[28,62],[30,63],[30,64],[30,65],[30,66],[30,67],[30,68],[31,69],[31,70],[31,71],[31,72],[31,73],[31,74],[32,75],[33,76],[33,77],[33,78],[33,79],[33,80],[33,81],[36,82],[38,83],[40,84],[45,85],[47,86],[49,87],[49,88],[62,89],[62,90],[62,91],[62,92],[62,93],[62,94],[75,95],[75,96],[75,97],[75,98],[75,99],[75,100],[84,101],[84,102],[84,103],[84,104],[84,105],[84,106],[85,107],[85,108],[85,109],[85,110],[85,111],[85,112]],"ID":2},{"def":["r0.\u003corg.apache.xml.serialize.IndentPrinter: int _nextIndent\u003e","$i5","$i6","$i7","$i8","$r2","$r3","$i4"],"use":["$i5","r0.\u003corg.apache.xml.serialize.IndentPrinter: java.lang.StringBuffer _text\u003e","$i6","$i7","$i8","$r2","$r3","r0.\u003corg.apache.xml.serialize.IndentPrinter: java.lang.StringBuffer _line\u003e","r0.\u003corg.apache.xml.serialize.IndentPrinter: int _spaces\u003e","r0","$i4"],"callees":[],"nodes":["CompoundStmt","DefinitionStmt","DefinitionStmt","DefinitionStmt","DefinitionStmt","DefinitionStmt","DefinitionStmt","DefinitionStmt","DefinitionStmt","IfStmt","InstanceFieldRef","Constant","Local","InstanceFieldRef","Local","Invoke","Local","InstanceFieldRef","Local","BinaryOp","Local","InstanceFieldRef","Local","Invoke","Local","BinaryOp","BinaryOp","Int","Local","Int","0","Int","RefType","RefType","Local","RefType","Int","Int","Int","Local","Int","Int","Local"," + ","Local","RefType","RefType","Local","RefType","Int","Int","Local"," + ","Local","Local"," !\u003d ","Constant","RefType","java","lang","String","Buffer","java","lang","String","Buffer","RefType","java","lang","String","Buffer","RefType","Int","Int","java","lang","String","Buffer","java","lang","String","Buffer","RefType","java","lang","String","Buffer","Int","Int","Int","0","Int","org","apache","xml","serialize","Indent","Printer","org","apache","xml","serialize","Indent","Printer","org","apache","xml","serialize","Indent","Printer","org","apache","xml","serialize","Indent","Printer"],"edges":[[0,1],[0,2],[0,3],[0,4],[0,5],[0,6],[0,7],[0,8],[0,9],[1,10],[1,11],[2,12],[2,13],[3,14],[3,15],[4,16],[4,17],[5,18],[5,19],[6,20],[6,21],[7,22],[7,23],[8,24],[8,25],[9,26],[10,27],[10,28],[10,29],[11,30],[11,31],[12,32],[13,33],[13,34],[13,35],[14,36],[16,37],[17,38],[17,39],[17,40],[18,41],[19,42],[19,43],[19,44],[20,45],[21,46],[21,47],[21,48],[22,49],[24,50],[25,51],[25,52],[25,53],[26,54],[26,55],[26,56],[28,57],[32,58],[32,59],[32,60],[32,61],[33,62],[33,63],[33,64],[33,65],[34,66],[35,67],[35,68],[35,69],[35,70],[39,71],[42,72],[44,73],[45,74],[45,75],[45,76],[45,77],[46,78],[46,79],[46,80],[46,81],[47,82],[48,83],[48,84],[48,85],[48,86],[51,87],[53,88],[54,89],[56,90],[56,91],[57,92],[57,93],[57,94],[57,95],[57,96],[57,97],[66,98],[66,99],[66,100],[66,101],[66,102],[66,103],[71,104],[71,105],[71,106],[71,107],[71,108],[71,109],[82,110],[82,111],[82,112],[82,113],[82,114],[82,115]],"ID":3},{"def":["r0.\u003corg.apache.xml.serialize.IndentPrinter: int _thisIndent\u003e","$i9"],"use":["r0.\u003corg.apache.xml.serialize.IndentPrinter: int _nextIndent\u003e","$i9","r0"],"callees":[],"nodes":["CompoundStmt","DefinitionStmt","DefinitionStmt","ReturnVoidStmt","Local","InstanceFieldRef","InstanceFieldRef","Local","Int","Int","Local","Int","Int","Local","Int","Int","RefType","RefType","org","apache","xml","serialize","Indent","Printer","org","apache","xml","serialize","Indent","Printer"],"edges":[[0,1],[0,2],[0,3],[1,4],[1,5],[2,6],[2,7],[4,8],[5,9],[5,10],[5,11],[6,12],[6,13],[6,14],[7,15],[10,16],[13,17],[16,18],[16,19],[16,20],[16,21],[16,22],[16,23],[17,24],[17,25],[17,26],[17,27],[17,28],[17,29]],"ID":4}],"edgeSet":[[4,1,0],[0,2,0],[2,3,1],[3,4,1],[2,3,2],[3,4,2]],"ENTRY":{"def":[],"use":[],"callees":[],"nodes":["CompoundStmt"],"edges":[],"ID":0},"EXIT":{"def":[],"use":[],"callees":[],"nodes":["CompoundStmt"],"edges":[],"ID":1},"method_name":"unindent"},{"blocks":[{"def":[],"use":[],"callees":[],"nodes":["CompoundStmt"],"edges":[],"ID":0},{"def":[],"use":[],"callees":[],"nodes":["CompoundStmt"],"edges":[],"ID":1},{"def":["$i0","r0"],"use":["r0.\u003corg.apache.xml.serialize.IndentPrinter: int _nextIndent\u003e","@this: org.apache.xml.serialize.IndentPrinter","$i0","r0"],"callees":[],"nodes":["CompoundStmt","DefinitionStmt","DefinitionStmt","ReturnStmt","Local","ThisRef","Local","InstanceFieldRef","Local","RefType","RefType","Int","Int","Local","Int","Int","org","apache","xml","serialize","Indent","Printer","org","apache","xml","serialize","Indent","Printer","RefType","org","apache","xml","serialize","Indent","Printer"],"edges":[[0,1],[0,2],[0,3],[1,4],[1,5],[2,6],[2,7],[3,8],[4,9],[5,10],[6,11],[7,12],[7,13],[7,14],[8,15],[9,16],[9,17],[9,18],[9,19],[9,20],[9,21],[10,22],[10,23],[10,24],[10,25],[10,26],[10,27],[13,28],[28,29],[28,30],[28,31],[28,32],[28,33],[28,34]],"ID":2}],"edgeSet":[[0,2,0],[2,1,0]],"ENTRY":{"def":[],"use":[],"callees":[],"nodes":["CompoundStmt"],"edges":[],"ID":0},"EXIT":{"def":[],"use":[],"callees":[],"nodes":["CompoundStmt"],"edges":[],"ID":1},"method_name":"getNextIndent"},{"blocks":[{"def":[],"use":[],"callees":[],"nodes":["CompoundStmt"],"edges":[],"ID":0},{"def":[],"use":[],"callees":[],"nodes":["CompoundStmt"],"edges":[],"ID":1},{"def":["r0.\u003corg.apache.xml.serialize.IndentPrinter: int _nextIndent\u003e","i0","r0"],"use":["i0","@parameter0: int","@this: org.apache.xml.serialize.IndentPrinter","r0"],"callees":[],"nodes":["CompoundStmt","DefinitionStmt","DefinitionStmt","DefinitionStmt","ReturnVoidStmt","Local","ThisRef","Local","Param","InstanceFieldRef","Local","RefType","RefType","Int","Int","Int","Local","Int","Int","org","apache","xml","serialize","Indent","Printer","org","apache","xml","serialize","Indent","Printer","RefType","org","apache","xml","serialize","Indent","Printer"],"edges":[[0,1],[0,2],[0,3],[0,4],[1,5],[1,6],[2,7],[2,8],[3,9],[3,10],[5,11],[6,12],[7,13],[8,14],[9,15],[9,16],[9,17],[10,18],[11,19],[11,20],[11,21],[11,22],[11,23],[11,24],[12,25],[12,26],[12,27],[12,28],[12,29],[12,30],[16,31],[31,32],[31,33],[31,34],[31,35],[31,36],[31,37]],"ID":2}],"edgeSet":[[0,2,0],[2,1,0]],"ENTRY":{"def":[],"use":[],"callees":[],"nodes":["CompoundStmt"],"edges":[],"ID":0},"EXIT":{"def":[],"use":[],"callees":[],"nodes":["CompoundStmt"],"edges":[],"ID":1},"method_name":"setNextIndent"},{"blocks":[{"def":[],"use":[],"callees":[],"nodes":["CompoundStmt"],"edges":[],"ID":0},{"def":[],"use":[],"callees":[],"nodes":["CompoundStmt"],"edges":[],"ID":1},{"def":["r0.\u003corg.apache.xml.serialize.IndentPrinter: int _thisIndent\u003e","i0","r0"],"use":["i0","@parameter0: int","@this: org.apache.xml.serialize.IndentPrinter","r0"],"callees":[],"nodes":["CompoundStmt","DefinitionStmt","DefinitionStmt","DefinitionStmt","ReturnVoidStmt","Local","ThisRef","Local","Param","InstanceFieldRef","Local","RefType","RefType","Int","Int","Int","Local","Int","Int","org","apache","xml","serialize","Indent","Printer","org","apache","xml","serialize","Indent","Printer","RefType","org","apache","xml","serialize","Indent","Printer"],"edges":[[0,1],[0,2],[0,3],[0,4],[1,5],[1,6],[2,7],[2,8],[3,9],[3,10],[5,11],[6,12],[7,13],[8,14],[9,15],[9,16],[9,17],[10,18],[11,19],[11,20],[11,21],[11,22],[11,23],[11,24],[12,25],[12,26],[12,27],[12,28],[12,29],[12,30],[16,31],[31,32],[31,33],[31,34],[31,35],[31,36],[31,37]],"ID":2}],"edgeSet":[[0,2,0],[2,1,0]],"ENTRY":{"def":[],"use":[],"callees":[],"nodes":["CompoundStmt"],"edges":[],"ID":0},"EXIT":{"def":[],"use":[],"callees":[],"nodes":["CompoundStmt"],"edges":[],"ID":1},"method_name":"setThisIndent"}],"label":"0"}