{"data":[{"blocks":[{"def":[],"use":[],"callees":[],"nodes":["CompoundStmt"],"edges":[],"ID":0},{"def":[],"use":[],"callees":[],"nodes":["CompoundStmt"],"edges":[],"ID":1},{"def":["r6","r7","r0"],"use":["r6","r0","@this: org.apache.html.dom.HTMLTitleElementImpl"],"callees":[],"nodes":["CompoundStmt","DefinitionStmt","DefinitionStmt","DefinitionStmt","GotoStmt","IfStmt","Local","ThisRef","Local","Invoke","Local","Constant","BinaryOp","RefType","RefType","RefType","RefType","RefType","Local"," !\u003d ","Constant","org","apache","html","dom","H","T","M","L","Title","Element","Impl","org","apache","html","dom","H","T","M","L","Title","Element","Impl","org","w3c","dom","Node","java","lang","String","java","lang","String","RefType","Null","org","w3c","dom","Node"],"edges":[[0,1],[0,2],[0,3],[0,4],[0,5],[1,6],[1,7],[2,8],[2,9],[3,10],[3,11],[5,12],[6,13],[7,14],[8,15],[10,16],[11,17],[12,18],[12,19],[12,20],[13,21],[13,22],[13,23],[13,24],[13,25],[13,26],[13,27],[13,28],[13,29],[13,30],[13,31],[14,32],[14,33],[14,34],[14,35],[14,36],[14,37],[14,38],[14,39],[14,40],[14,41],[14,42],[15,43],[15,44],[15,45],[15,46],[16,47],[16,48],[16,49],[17,50],[17,51],[17,52],[18,53],[20,54],[53,55],[53,56],[53,57],[53,58]],"ID":2},{"def":["$z0"],"use":["r6","$z0"],"callees":[],"nodes":["CompoundStmt","DefinitionStmt","IfStmt","Local","InstanceOfExpr","BinaryOp","Boolean","Boolean","Local","RefType","Local"," \u003d\u003d ","Constant","RefType","org","w3c","dom","Text","Boolean","0","Int","org","w3c","dom","Node"],"edges":[[0,1],[0,2],[1,3],[1,4],[2,5],[3,6],[4,7],[4,8],[4,9],[5,10],[5,11],[5,12],[8,13],[9,14],[9,15],[9,16],[9,17],[10,18],[12,19],[12,20],[13,21],[13,22],[13,23],[13,24]],"ID":3},{"def":["$r1","$r2","r6","$r3","r7","$r4","$r5"],"use":["$r1","r6","$r2","r7","$r3","$r4","$r5"],"callees":[],"nodes":["CompoundStmt","DefinitionStmt","Invoke","DefinitionStmt","DefinitionStmt","DefinitionStmt","DefinitionStmt","DefinitionStmt","DefinitionStmt","Local","NewExpr","Local","Invoke","Local","CastExpr","Local","Invoke","Local","Invoke","Local","Invoke","Local","Invoke","RefType","RefType","RefType","RefType","RefType","RefType","Local","RefType","RefType","RefType","RefType","java","lang","String","Buffer","java","lang","String","Buffer","java","lang","String","Buffer","org","w3c","dom","Text","org","w3c","dom","Text","org","w3c","dom","Text","RefType","java","lang","String","java","lang","String","Buffer","java","lang","String","org","w3c","dom","Node","org","w3c","dom","Node"],"edges":[[0,1],[0,2],[0,3],[0,4],[0,5],[0,6],[0,7],[0,8],[1,9],[1,10],[3,11],[3,12],[4,13],[4,14],[5,15],[5,16],[6,17],[6,18],[7,19],[7,20],[8,21],[8,22],[9,23],[10,24],[11,25],[13,26],[14,27],[14,28],[14,29],[15,30],[17,31],[19,32],[21,33],[23,34],[23,35],[23,36],[23,37],[24,38],[24,39],[24,40],[24,41],[25,42],[25,43],[25,44],[25,45],[26,46],[26,47],[26,48],[26,49],[27,50],[27,51],[27,52],[27,53],[28,54],[28,55],[28,56],[28,57],[29,58],[30,59],[30,60],[30,61],[31,62],[31,63],[31,64],[31,65],[32,66],[32,67],[32,68],[33,69],[33,70],[33,71],[33,72],[58,73],[58,74],[58,75],[58,76]],"ID":4},{"def":[],"use":["r7"],"callees":[],"nodes":["CompoundStmt","ReturnStmt","Local","RefType","java","lang","String"],"edges":[[0,1],[1,2],[2,3],[3,4],[3,5],[3,6]],"ID":5}],"edgeSet":[[4,2,0],[5,1,0],[0,2,0],[2,5,1],[3,4,1],[3,4,2],[2,3,2]],"ENTRY":{"def":[],"use":[],"callees":[],"nodes":["CompoundStmt"],"edges":[],"ID":0},"EXIT":{"def":[],"use":[],"callees":[],"nodes":["CompoundStmt"],"edges":[],"ID":1},"method_name":"getText"},{"blocks":[{"def":[],"use":[],"callees":[],"nodes":["CompoundStmt"],"edges":[],"ID":0},{"def":[],"use":[],"callees":[],"nodes":["CompoundStmt"],"edges":[],"ID":1},{"def":["r8","r0","r1"],"use":["r8","@parameter0: java.lang.String","r0","@this: org.apache.html.dom.HTMLTitleElementImpl"],"callees":[],"nodes":["CompoundStmt","DefinitionStmt","DefinitionStmt","DefinitionStmt","GotoStmt","IfStmt","Local","ThisRef","Local","Param","Local","Invoke","BinaryOp","RefType","RefType","RefType","RefType","RefType","Local"," !\u003d ","Constant","org","apache","html","dom","H","T","M","L","Title","Element","Impl","org","apache","html","dom","H","T","M","L","Title","Element","Impl","java","lang","String","java","lang","String","org","w3c","dom","Node","RefType","Null","org","w3c","dom","Node"],"edges":[[0,1],[0,2],[0,3],[0,4],[0,5],[1,6],[1,7],[2,8],[2,9],[3,10],[3,11],[5,12],[6,13],[7,14],[8,15],[9,16],[10,17],[12,18],[12,19],[12,20],[13,21],[13,22],[13,23],[13,24],[13,25],[13,26],[13,27],[13,28],[13,29],[13,30],[13,31],[14,32],[14,33],[14,34],[14,35],[14,36],[14,37],[14,38],[14,39],[14,40],[14,41],[14,42],[15,43],[15,44],[15,45],[16,46],[16,47],[16,48],[17,49],[17,50],[17,51],[17,52],[18,53],[20,54],[53,55],[53,56],[53,57],[53,58]],"ID":2},{"def":["r2","r8"],"use":["r2","r8","r0"],"callees":[],"nodes":["CompoundStmt","DefinitionStmt","Invoke","DefinitionStmt","Local","Invoke","Local","Local","RefType","RefType","RefType","org","w3c","dom","Node","org","w3c","dom","Node","org","w3c","dom","Node"],"edges":[[0,1],[0,2],[0,3],[1,4],[1,5],[3,6],[3,7],[4,8],[6,9],[7,10],[8,11],[8,12],[8,13],[8,14],[9,15],[9,16],[9,17],[9,18],[10,19],[10,20],[10,21],[10,22]],"ID":3},{"def":["$r4","$r5","$r6"],"use":["$r4","$r5","$r6","r0","r1"],"callees":[],"nodes":["CompoundStmt","DefinitionStmt","DefinitionStmt","DefinitionStmt","Invoke","ReturnVoidStmt","Local","Invoke","Local","Invoke","Local","Invoke","RefType","RefType","RefType","org","w3c","dom","Document","org","w3c","dom","Text","org","w3c","dom","Node"],"edges":[[0,1],[0,2],[0,3],[0,4],[0,5],[1,6],[1,7],[2,8],[2,9],[3,10],[3,11],[6,12],[8,13],[10,14],[12,15],[12,16],[12,17],[12,18],[13,19],[13,20],[13,21],[13,22],[14,23],[14,24],[14,25],[14,26]],"ID":4}],"edgeSet":[[4,1,0],[0,2,0],[2,4,1],[3,2,0],[2,3,2]],"ENTRY":{"def":[],"use":[],"callees":[],"nodes":["CompoundStmt"],"edges":[],"ID":0},"EXIT":{"def":[],"use":[],"callees":[],"nodes":["CompoundStmt"],"edges":[],"ID":1},"method_name":"setText"},{"blocks":[{"def":[],"use":[],"callees":[],"nodes":["CompoundStmt"],"edges":[],"ID":0},{"def":[],"use":[],"callees":[],"nodes":["CompoundStmt"],"edges":[],"ID":1},{"def":["r2","r0","r1"],"use":["r2","@parameter0: org.apache.html.dom.HTMLDocumentImpl","@parameter1: java.lang.String","r0","@this: org.apache.html.dom.HTMLTitleElementImpl","r1"],"callees":["\u003cinit\u003e"],"nodes":["CompoundStmt","DefinitionStmt","DefinitionStmt","DefinitionStmt","Invoke","ReturnVoidStmt","Local","ThisRef","Local","Param","Local","Param","RefType","RefType","RefType","RefType","RefType","RefType","org","apache","html","dom","H","T","M","L","Title","Element","Impl","org","apache","html","dom","H","T","M","L","Title","Element","Impl","org","apache","html","dom","H","T","M","L","Document","Impl","org","apache","html","dom","H","T","M","L","Document","Impl","java","lang","String","java","lang","String"],"edges":[[0,1],[0,2],[0,3],[0,4],[0,5],[1,6],[1,7],[2,8],[2,9],[3,10],[3,11],[6,12],[7,13],[8,14],[9,15],[10,16],[11,17],[12,18],[12,19],[12,20],[12,21],[12,22],[12,23],[12,24],[12,25],[12,26],[12,27],[12,28],[13,29],[13,30],[13,31],[13,32],[13,33],[13,34],[13,35],[13,36],[13,37],[13,38],[13,39],[14,40],[14,41],[14,42],[14,43],[14,44],[14,45],[14,46],[14,47],[14,48],[14,49],[15,50],[15,51],[15,52],[15,53],[15,54],[15,55],[15,56],[15,57],[15,58],[15,59],[16,60],[16,61],[16,62],[17,63],[17,64],[17,65]],"ID":2}],"edgeSet":[[0,2,0],[2,1,0]],"ENTRY":{"def":[],"use":[],"callees":[],"nodes":["CompoundStmt"],"edges":[],"ID":0},"EXIT":{"def":[],"use":[],"callees":[],"nodes":["CompoundStmt"],"edges":[],"ID":1},"method_name":"\u003cinit\u003e"}],"label":"0"}