{"data":[{"blocks":[{"def":[],"use":[],"callees":[],"nodes":["CompoundStmt"],"edges":[],"ID":0},{"def":[],"use":[],"callees":[],"nodes":["CompoundStmt"],"edges":[],"ID":1},{"def":["r2","r0","r1"],"use":["@this: org.apache.html.dom.HTMLFieldSetElementImpl","r2","@parameter0: org.apache.html.dom.HTMLDocumentImpl","@parameter1: java.lang.String","r0","r1"],"callees":["\u003cinit\u003e"],"nodes":["CompoundStmt","DefinitionStmt","DefinitionStmt","DefinitionStmt","Invoke","ReturnVoidStmt","Local","ThisRef","Local","Param","Local","Param","RefType","RefType","RefType","RefType","RefType","RefType","org","apache","html","dom","H","T","M","L","Field","Set","Element","Impl","org","apache","html","dom","H","T","M","L","Field","Set","Element","Impl","org","apache","html","dom","H","T","M","L","Document","Impl","org","apache","html","dom","H","T","M","L","Document","Impl","java","lang","String","java","lang","String"],"edges":[[0,1],[0,2],[0,3],[0,4],[0,5],[1,6],[1,7],[2,8],[2,9],[3,10],[3,11],[6,12],[7,13],[8,14],[9,15],[10,16],[11,17],[12,18],[12,19],[12,20],[12,21],[12,22],[12,23],[12,24],[12,25],[12,26],[12,27],[12,28],[12,29],[13,30],[13,31],[13,32],[13,33],[13,34],[13,35],[13,36],[13,37],[13,38],[13,39],[13,40],[13,41],[14,42],[14,43],[14,44],[14,45],[14,46],[14,47],[14,48],[14,49],[14,50],[14,51],[15,52],[15,53],[15,54],[15,55],[15,56],[15,57],[15,58],[15,59],[15,60],[15,61],[16,62],[16,63],[16,64],[17,65],[17,66],[17,67]],"ID":2}],"edgeSet":[[0,2,0],[2,1,0]],"ENTRY":{"def":[],"use":[],"callees":[],"nodes":["CompoundStmt"],"edges":[],"ID":0},"EXIT":{"def":[],"use":[],"callees":[],"nodes":["CompoundStmt"],"edges":[],"ID":1},"method_name":"\u003cinit\u003e"}],"label":"0"}