{"data":[{"blocks":[{"def":[],"use":[],"callees":[],"nodes":["CompoundStmt"],"edges":[],"ID":0},{"def":[],"use":[],"callees":[],"nodes":["CompoundStmt"],"edges":[],"ID":1},{"def":["r2","r0.\u003corg.apache.xerces.dom.DocumentTypeImpl: org.apache.xerces.dom.NamedNodeMapImpl notations\u003e","$r3","r0.\u003corg.apache.xerces.dom.DocumentTypeImpl: org.apache.xerces.dom.NamedNodeMapImpl entities\u003e","$r4","$r5","r0.\u003corg.apache.xerces.dom.DocumentTypeImpl: java.lang.String name\u003e","r0.\u003corg.apache.xerces.dom.DocumentTypeImpl: org.apache.xerces.dom.NamedNodeMapImpl elements\u003e","r0","r1"],"use":["r2","$r3","$r4","$r5","@this: org.apache.xerces.dom.DocumentTypeImpl","@parameter0: org.apache.xerces.dom.DocumentImpl","@parameter1: java.lang.String","r0","r1"],"callees":["\u003cinit\u003e"],"nodes":["CompoundStmt","DefinitionStmt","DefinitionStmt","DefinitionStmt","Invoke","DefinitionStmt","DefinitionStmt","Invoke","DefinitionStmt","DefinitionStmt","Invoke","DefinitionStmt","DefinitionStmt","Invoke","DefinitionStmt","ReturnVoidStmt","Local","ThisRef","Local","Param","Local","Param","InstanceFieldRef","Local","Local","NewExpr","InstanceFieldRef","Local","Local","NewExpr","InstanceFieldRef","Local","Local","NewExpr","InstanceFieldRef","Local","RefType","RefType","RefType","RefType","RefType","RefType","RefType","Local","RefType","RefType","RefType","RefType","RefType","Local","RefType","RefType","RefType","RefType","RefType","Local","RefType","RefType","RefType","RefType","RefType","Local","RefType","RefType","org","apache","xerces","dom","Document","Type","Impl","org","apache","xerces","dom","Document","Type","Impl","org","apache","xerces","dom","Document","Impl","org","apache","xerces","dom","Document","Impl","java","lang","String","java","lang","String","java","lang","String","RefType","java","lang","String","java","lang","String","org","apache","xerces","dom","Named","Node","Map","Impl","org","apache","xerces","dom","Named","Node","Map","Impl","org","apache","xerces","dom","Named","Node","Map","Impl","RefType","org","apache","xerces","dom","Named","Node","Map","Impl","org","apache","xerces","dom","Named","Node","Map","Impl","org","apache","xerces","dom","Named","Node","Map","Impl","org","apache","xerces","dom","Named","Node","Map","Impl","org","apache","xerces","dom","Named","Node","Map","Impl","RefType","org","apache","xerces","dom","Named","Node","Map","Impl","org","apache","xerces","dom","Named","Node","Map","Impl","org","apache","xerces","dom","Named","Node","Map","Impl","org","apache","xerces","dom","Named","Node","Map","Impl","org","apache","xerces","dom","Named","Node","Map","Impl","RefType","org","apache","xerces","dom","Named","Node","Map","Impl","org","apache","xerces","dom","Named","Node","Map","Impl","org","apache","xerces","dom","Document","Type","Impl","org","apache","xerces","dom","Document","Type","Impl","org","apache","xerces","dom","Document","Type","Impl","org","apache","xerces","dom","Document","Type","Impl"],"edges":[[0,1],[0,2],[0,3],[0,4],[0,5],[0,6],[0,7],[0,8],[0,9],[0,10],[0,11],[0,12],[0,13],[0,14],[0,15],[1,16],[1,17],[2,18],[2,19],[3,20],[3,21],[5,22],[5,23],[6,24],[6,25],[8,26],[8,27],[9,28],[9,29],[11,30],[11,31],[12,32],[12,33],[14,34],[14,35],[16,36],[17,37],[18,38],[19,39],[20,40],[21,41],[22,42],[22,43],[22,44],[23,45],[24,46],[25,47],[26,48],[26,49],[26,50],[27,51],[28,52],[29,53],[30,54],[30,55],[30,56],[31,57],[32,58],[33,59],[34,60],[34,61],[34,62],[35,63],[36,64],[36,65],[36,66],[36,67],[36,68],[36,69],[36,70],[37,71],[37,72],[37,73],[37,74],[37,75],[37,76],[37,77],[38,78],[38,79],[38,80],[38,81],[38,82],[38,83],[39,84],[39,85],[39,86],[39,87],[39,88],[39,89],[40,90],[40,91],[40,92],[41,93],[41,94],[41,95],[42,96],[42,97],[42,98],[43,99],[44,100],[44,101],[44,102],[45,103],[45,104],[45,105],[46,106],[46,107],[46,108],[46,109],[46,110],[46,111],[46,112],[46,113],[47,114],[47,115],[47,116],[47,117],[47,118],[47,119],[47,120],[47,121],[48,122],[48,123],[48,124],[48,125],[48,126],[48,127],[48,128],[48,129],[49,130],[50,131],[50,132],[50,133],[50,134],[50,135],[50,136],[50,137],[50,138],[51,139],[51,140],[51,141],[51,142],[51,143],[51,144],[51,145],[51,146],[52,147],[52,148],[52,149],[52,150],[52,151],[52,152],[52,153],[52,154],[53,155],[53,156],[53,157],[53,158],[53,159],[53,160],[53,161],[53,162],[54,163],[54,164],[54,165],[54,166],[54,167],[54,168],[54,169],[54,170],[55,171],[56,172],[56,173],[56,174],[56,175],[56,176],[56,177],[56,178],[56,179],[57,180],[57,181],[57,182],[57,183],[57,184],[57,185],[57,186],[57,187],[58,188],[58,189],[58,190],[58,191],[58,192],[58,193],[58,194],[58,195],[59,196],[59,197],[59,198],[59,199],[59,200],[59,201],[59,202],[59,203],[60,204],[60,205],[60,206],[60,207],[60,208],[60,209],[60,210],[60,211],[61,212],[62,213],[62,214],[62,215],[62,216],[62,217],[62,218],[62,219],[62,220],[63,221],[63,222],[63,223],[63,224],[63,225],[63,226],[63,227],[63,228],[99,229],[99,230],[99,231],[99,232],[99,233],[99,234],[99,235],[130,236],[130,237],[130,238],[130,239],[130,240],[130,241],[130,242],[171,243],[171,244],[171,245],[171,246],[171,247],[171,248],[171,249],[212,250],[212,251],[212,252],[212,253],[212,254],[212,255],[212,256]],"ID":2}],"edgeSet":[[0,2,0],[2,1,0]],"ENTRY":{"def":[],"use":[],"callees":[],"nodes":["CompoundStmt"],"edges":[],"ID":0},"EXIT":{"def":[],"use":[],"callees":[],"nodes":["CompoundStmt"],"edges":[],"ID":1},"method_name":"\u003cinit\u003e"},{"blocks":[{"def":[],"use":[],"callees":[],"nodes":["CompoundStmt"],"edges":[],"ID":0},{"def":[],"use":[],"callees":[],"nodes":["CompoundStmt"],"edges":[],"ID":1},{"def":["r2","r3","r4","r0.\u003corg.apache.xerces.dom.DocumentTypeImpl: java.lang.String publicID\u003e","r0.\u003corg.apache.xerces.dom.DocumentTypeImpl: java.lang.String systemID\u003e","r0","r1"],"use":["@parameter2: java.lang.String","r2","r3","r4","@this: org.apache.xerces.dom.DocumentTypeImpl","@parameter0: org.apache.xerces.dom.DocumentImpl","@parameter1: java.lang.String","@parameter3: java.lang.String","r0","r1"],"callees":["\u003cinit\u003e"],"nodes":["CompoundStmt","DefinitionStmt","DefinitionStmt","DefinitionStmt","DefinitionStmt","DefinitionStmt","Invoke","DefinitionStmt","DefinitionStmt","ReturnVoidStmt","Local","ThisRef","Local","Param","Local","Param","Local","Param","Local","Param","InstanceFieldRef","Local","InstanceFieldRef","Local","RefType","RefType","RefType","RefType","RefType","RefType","RefType","RefType","RefType","RefType","RefType","Local","RefType","RefType","RefType","Local","RefType","RefType","org","apache","xerces","dom","Document","Type","Impl","org","apache","xerces","dom","Document","Type","Impl","org","apache","xerces","dom","Document","Impl","org","apache","xerces","dom","Document","Impl","java","lang","String","java","lang","String","java","lang","String","java","lang","String","java","lang","String","java","lang","String","java","lang","String","RefType","java","lang","String","java","lang","String","java","lang","String","RefType","java","lang","String","java","lang","String","org","apache","xerces","dom","Document","Type","Impl","org","apache","xerces","dom","Document","Type","Impl"],"edges":[[0,1],[0,2],[0,3],[0,4],[0,5],[0,6],[0,7],[0,8],[0,9],[1,10],[1,11],[2,12],[2,13],[3,14],[3,15],[4,16],[4,17],[5,18],[5,19],[7,20],[7,21],[8,22],[8,23],[10,24],[11,25],[12,26],[13,27],[14,28],[15,29],[16,30],[17,31],[18,32],[19,33],[20,34],[20,35],[20,36],[21,37],[22,38],[22,39],[22,40],[23,41],[24,42],[24,43],[24,44],[24,45],[24,46],[24,47],[24,48],[25,49],[25,50],[25,51],[25,52],[25,53],[25,54],[25,55],[26,56],[26,57],[26,58],[26,59],[26,60],[26,61],[27,62],[27,63],[27,64],[27,65],[27,66],[27,67],[28,68],[28,69],[28,70],[29,71],[29,72],[29,73],[30,74],[30,75],[30,76],[31,77],[31,78],[31,79],[32,80],[32,81],[32,82],[33,83],[33,84],[33,85],[34,86],[34,87],[34,88],[35,89],[36,90],[36,91],[36,92],[37,93],[37,94],[37,95],[38,96],[38,97],[38,98],[39,99],[40,100],[40,101],[40,102],[41,103],[41,104],[41,105],[89,106],[89,107],[89,108],[89,109],[89,110],[89,111],[89,112],[99,113],[99,114],[99,115],[99,116],[99,117],[99,118],[99,119]],"ID":2}],"edgeSet":[[0,2,0],[2,1,0]],"ENTRY":{"def":[],"use":[],"callees":[],"nodes":["CompoundStmt"],"edges":[],"ID":0},"EXIT":{"def":[],"use":[],"callees":[],"nodes":["CompoundStmt"],"edges":[],"ID":1},"method_name":"\u003cinit\u003e"},{"blocks":[{"def":[],"use":[],"callees":[],"nodes":["CompoundStmt"],"edges":[],"ID":0},{"def":[],"use":[],"callees":[],"nodes":["CompoundStmt"],"edges":[],"ID":1},{"def":["$s0","$s1","r0"],"use":["r0.\u003corg.apache.xerces.dom.NodeImpl: short flags\u003e","$s0","$s1","@this: org.apache.xerces.dom.NodeImpl","r0"],"callees":[],"nodes":["CompoundStmt","DefinitionStmt","DefinitionStmt","DefinitionStmt","IfStmt","Local","ThisRef","Local","InstanceFieldRef","Local","BinaryOp","BinaryOp","RefType","RefType","Short","Short","Local","Short","Short","Local"," \u0026 ","Constant","Local"," \u003d\u003d ","Constant","org","apache","xerces","dom","Node","Impl","org","apache","xerces","dom","Node","Impl","RefType","Short","2","Int","Short","0","Int","org","apache","xerces","dom","Node","Impl"],"edges":[[0,1],[0,2],[0,3],[0,4],[1,5],[1,6],[2,7],[2,8],[3,9],[3,10],[4,11],[5,12],[6,13],[7,14],[8,15],[8,16],[8,17],[9,18],[10,19],[10,20],[10,21],[11,22],[11,23],[11,24],[12,25],[12,26],[12,27],[12,28],[12,29],[12,30],[13,31],[13,32],[13,33],[13,34],[13,35],[13,36],[16,37],[19,38],[21,39],[21,40],[22,41],[24,42],[24,43],[37,44],[37,45],[37,46],[37,47],[37,48],[37,49]],"ID":2},{"def":["$z0"],"use":["$z0"],"callees":[],"nodes":["CompoundStmt","DefinitionStmt","GotoStmt","ReturnStmt","Local","Constant","Local","Boolean","1","Int","Boolean"],"edges":[[0,1],[0,2],[0,3],[1,4],[1,5],[3,6],[4,7],[5,8],[5,9],[6,10]],"ID":3},{"def":["$z0"],"use":[],"callees":[],"nodes":["CompoundStmt","DefinitionStmt","Local","Constant","Boolean","0","Int"],"edges":[[0,1],[1,2],[1,3],[2,4],[3,5],[3,6]],"ID":4}],"edgeSet":[[3,1,0],[0,2,0],[2,3,1],[2,4,2],[4,3,0]],"ENTRY":{"def":[],"use":[],"callees":[],"nodes":["CompoundStmt"],"edges":[],"ID":0},"EXIT":{"def":[],"use":[],"callees":[],"nodes":["CompoundStmt"],"edges":[],"ID":1},"method_name":"needsSyncData"},{"blocks":[{"def":[],"use":[],"callees":[],"nodes":["CompoundStmt"],"edges":[],"ID":0},{"def":[],"use":[],"callees":[],"nodes":["CompoundStmt"],"edges":[],"ID":1},{"def":["r0"],"use":["@this: org.apache.xerces.dom.NodeImpl","r0"],"callees":["needsSyncData"],"nodes":["CompoundStmt","DefinitionStmt","Invoke","ReturnVoidStmt","Local","ThisRef","RefType","RefType","org","apache","xerces","dom","Node","Impl","org","apache","xerces","dom","Node","Impl"],"edges":[[0,1],[0,2],[0,3],[1,4],[1,5],[4,6],[5,7],[6,8],[6,9],[6,10],[6,11],[6,12],[6,13],[7,14],[7,15],[7,16],[7,17],[7,18],[7,19]],"ID":2}],"edgeSet":[[0,2,0],[2,1,0]],"ENTRY":{"def":[],"use":[],"callees":[],"nodes":["CompoundStmt"],"edges":[],"ID":0},"EXIT":{"def":[],"use":[],"callees":[],"nodes":["CompoundStmt"],"edges":[],"ID":1},"method_name":"synchronizeData"},{"blocks":[{"def":[],"use":[],"callees":[],"nodes":["CompoundStmt"],"edges":[],"ID":0},{"def":[],"use":[],"callees":[],"nodes":["CompoundStmt"],"edges":[],"ID":1},{"def":["$z0","r0"],"use":["@this: org.apache.xerces.dom.DocumentTypeImpl","$z0","r0"],"callees":["needsSyncData"],"nodes":["CompoundStmt","DefinitionStmt","DefinitionStmt","IfStmt","Local","ThisRef","Local","Invoke","BinaryOp","RefType","RefType","Boolean","Local"," \u003d\u003d ","Constant","org","apache","xerces","dom","Document","Type","Impl","org","apache","xerces","dom","Document","Type","Impl","Boolean","0","Int"],"edges":[[0,1],[0,2],[0,3],[1,4],[1,5],[2,6],[2,7],[3,8],[4,9],[5,10],[6,11],[8,12],[8,13],[8,14],[9,15],[9,16],[9,17],[9,18],[9,19],[9,20],[9,21],[10,22],[10,23],[10,24],[10,25],[10,26],[10,27],[10,28],[12,29],[14,30],[14,31]],"ID":2},{"def":["$r1"],"use":["$r1","r0.\u003corg.apache.xerces.dom.DocumentTypeImpl: java.lang.String publicID\u003e","r0"],"callees":["synchronizeData"],"nodes":["CompoundStmt","Invoke","DefinitionStmt","ReturnStmt","Local","InstanceFieldRef","Local","RefType","RefType","Local","RefType","RefType","java","lang","String","java","lang","String","RefType","java","lang","String","java","lang","String","org","apache","xerces","dom","Document","Type","Impl"],"edges":[[0,1],[0,2],[0,3],[2,4],[2,5],[3,6],[4,7],[5,8],[5,9],[5,10],[6,11],[7,12],[7,13],[7,14],[8,15],[8,16],[8,17],[9,18],[10,19],[10,20],[10,21],[11,22],[11,23],[11,24],[18,25],[18,26],[18,27],[18,28],[18,29],[18,30],[18,31]],"ID":3}],"edgeSet":[[3,1,0],[0,2,0],[2,3,1],[2,3,2]],"ENTRY":{"def":[],"use":[],"callees":[],"nodes":["CompoundStmt"],"edges":[],"ID":0},"EXIT":{"def":[],"use":[],"callees":[],"nodes":["CompoundStmt"],"edges":[],"ID":1},"method_name":"getPublicId"},{"blocks":[{"def":[],"use":[],"callees":[],"nodes":["CompoundStmt"],"edges":[],"ID":0},{"def":[],"use":[],"callees":[],"nodes":["CompoundStmt"],"edges":[],"ID":1},{"def":["$z0","r0"],"use":["@this: org.apache.xerces.dom.DocumentTypeImpl","$z0","r0"],"callees":["needsSyncData"],"nodes":["CompoundStmt","DefinitionStmt","DefinitionStmt","IfStmt","Local","ThisRef","Local","Invoke","BinaryOp","RefType","RefType","Boolean","Local"," \u003d\u003d ","Constant","org","apache","xerces","dom","Document","Type","Impl","org","apache","xerces","dom","Document","Type","Impl","Boolean","0","Int"],"edges":[[0,1],[0,2],[0,3],[1,4],[1,5],[2,6],[2,7],[3,8],[4,9],[5,10],[6,11],[8,12],[8,13],[8,14],[9,15],[9,16],[9,17],[9,18],[9,19],[9,20],[9,21],[10,22],[10,23],[10,24],[10,25],[10,26],[10,27],[10,28],[12,29],[14,30],[14,31]],"ID":2},{"def":["$r1"],"use":["$r1","r0.\u003corg.apache.xerces.dom.DocumentTypeImpl: java.lang.String systemID\u003e","r0"],"callees":["synchronizeData"],"nodes":["CompoundStmt","Invoke","DefinitionStmt","ReturnStmt","Local","InstanceFieldRef","Local","RefType","RefType","Local","RefType","RefType","java","lang","String","java","lang","String","RefType","java","lang","String","java","lang","String","org","apache","xerces","dom","Document","Type","Impl"],"edges":[[0,1],[0,2],[0,3],[2,4],[2,5],[3,6],[4,7],[5,8],[5,9],[5,10],[6,11],[7,12],[7,13],[7,14],[8,15],[8,16],[8,17],[9,18],[10,19],[10,20],[10,21],[11,22],[11,23],[11,24],[18,25],[18,26],[18,27],[18,28],[18,29],[18,30],[18,31]],"ID":3}],"edgeSet":[[3,1,0],[0,2,0],[2,3,1],[2,3,2]],"ENTRY":{"def":[],"use":[],"callees":[],"nodes":["CompoundStmt"],"edges":[],"ID":0},"EXIT":{"def":[],"use":[],"callees":[],"nodes":["CompoundStmt"],"edges":[],"ID":1},"method_name":"getSystemId"},{"blocks":[{"def":[],"use":[],"callees":[],"nodes":["CompoundStmt"],"edges":[],"ID":0},{"def":[],"use":[],"callees":[],"nodes":["CompoundStmt"],"edges":[],"ID":1},{"def":["$z0","r0","r1"],"use":["@this: org.apache.xerces.dom.DocumentTypeImpl","$z0","@parameter0: java.lang.String","r0"],"callees":["needsSyncData"],"nodes":["CompoundStmt","DefinitionStmt","DefinitionStmt","DefinitionStmt","IfStmt","Local","ThisRef","Local","Param","Local","Invoke","BinaryOp","RefType","RefType","RefType","RefType","Boolean","Local"," \u003d\u003d ","Constant","org","apache","xerces","dom","Document","Type","Impl","org","apache","xerces","dom","Document","Type","Impl","java","lang","String","java","lang","String","Boolean","0","Int"],"edges":[[0,1],[0,2],[0,3],[0,4],[1,5],[1,6],[2,7],[2,8],[3,9],[3,10],[4,11],[5,12],[6,13],[7,14],[8,15],[9,16],[11,17],[11,18],[11,19],[12,20],[12,21],[12,22],[12,23],[12,24],[12,25],[12,26],[13,27],[13,28],[13,29],[13,30],[13,31],[13,32],[13,33],[14,34],[14,35],[14,36],[15,37],[15,38],[15,39],[17,40],[19,41],[19,42]],"ID":2},{"def":["r0.\u003corg.apache.xerces.dom.DocumentTypeImpl: java.lang.String internalSubset\u003e"],"use":["r0","r1"],"callees":["synchronizeData"],"nodes":["CompoundStmt","Invoke","DefinitionStmt","ReturnVoidStmt","InstanceFieldRef","Local","RefType","Local","RefType","RefType","java","lang","String","RefType","java","lang","String","java","lang","String","org","apache","xerces","dom","Document","Type","Impl"],"edges":[[0,1],[0,2],[0,3],[2,4],[2,5],[4,6],[4,7],[4,8],[5,9],[6,10],[6,11],[6,12],[7,13],[8,14],[8,15],[8,16],[9,17],[9,18],[9,19],[13,20],[13,21],[13,22],[13,23],[13,24],[13,25],[13,26]],"ID":3}],"edgeSet":[[3,1,0],[0,2,0],[2,3,1],[2,3,2]],"ENTRY":{"def":[],"use":[],"callees":[],"nodes":["CompoundStmt"],"edges":[],"ID":0},"EXIT":{"def":[],"use":[],"callees":[],"nodes":["CompoundStmt"],"edges":[],"ID":1},"method_name":"setInternalSubset"},{"blocks":[{"def":[],"use":[],"callees":[],"nodes":["CompoundStmt"],"edges":[],"ID":0},{"def":[],"use":[],"callees":[],"nodes":["CompoundStmt"],"edges":[],"ID":1},{"def":["$z0","r0"],"use":["@this: org.apache.xerces.dom.DocumentTypeImpl","$z0","r0"],"callees":["needsSyncData"],"nodes":["CompoundStmt","DefinitionStmt","DefinitionStmt","IfStmt","Local","ThisRef","Local","Invoke","BinaryOp","RefType","RefType","Boolean","Local"," \u003d\u003d ","Constant","org","apache","xerces","dom","Document","Type","Impl","org","apache","xerces","dom","Document","Type","Impl","Boolean","0","Int"],"edges":[[0,1],[0,2],[0,3],[1,4],[1,5],[2,6],[2,7],[3,8],[4,9],[5,10],[6,11],[8,12],[8,13],[8,14],[9,15],[9,16],[9,17],[9,18],[9,19],[9,20],[9,21],[10,22],[10,23],[10,24],[10,25],[10,26],[10,27],[10,28],[12,29],[14,30],[14,31]],"ID":2},{"def":["$r1"],"use":["$r1","r0.\u003corg.apache.xerces.dom.DocumentTypeImpl: java.lang.String internalSubset\u003e","r0"],"callees":["synchronizeData"],"nodes":["CompoundStmt","Invoke","DefinitionStmt","ReturnStmt","Local","InstanceFieldRef","Local","RefType","RefType","Local","RefType","RefType","java","lang","String","java","lang","String","RefType","java","lang","String","java","lang","String","org","apache","xerces","dom","Document","Type","Impl"],"edges":[[0,1],[0,2],[0,3],[2,4],[2,5],[3,6],[4,7],[5,8],[5,9],[5,10],[6,11],[7,12],[7,13],[7,14],[8,15],[8,16],[8,17],[9,18],[10,19],[10,20],[10,21],[11,22],[11,23],[11,24],[18,25],[18,26],[18,27],[18,28],[18,29],[18,30],[18,31]],"ID":3}],"edgeSet":[[3,1,0],[0,2,0],[2,3,1],[2,3,2]],"ENTRY":{"def":[],"use":[],"callees":[],"nodes":["CompoundStmt"],"edges":[],"ID":0},"EXIT":{"def":[],"use":[],"callees":[],"nodes":["CompoundStmt"],"edges":[],"ID":1},"method_name":"getInternalSubset"},{"blocks":[{"def":[],"use":[],"callees":[],"nodes":["CompoundStmt"],"edges":[],"ID":0},{"def":[],"use":[],"callees":[],"nodes":["CompoundStmt"],"edges":[],"ID":1},{"def":["r0"],"use":["@this: org.apache.xerces.dom.DocumentTypeImpl"],"callees":[],"nodes":["CompoundStmt","DefinitionStmt","ReturnStmt","Local","ThisRef","Constant","RefType","RefType","1","0","Int","org","apache","xerces","dom","Document","Type","Impl","org","apache","xerces","dom","Document","Type","Impl"],"edges":[[0,1],[0,2],[1,3],[1,4],[2,5],[3,6],[4,7],[5,8],[5,9],[5,10],[6,11],[6,12],[6,13],[6,14],[6,15],[6,16],[6,17],[7,18],[7,19],[7,20],[7,21],[7,22],[7,23],[7,24]],"ID":2}],"edgeSet":[[0,2,0],[2,1,0]],"ENTRY":{"def":[],"use":[],"callees":[],"nodes":["CompoundStmt"],"edges":[],"ID":0},"EXIT":{"def":[],"use":[],"callees":[],"nodes":["CompoundStmt"],"edges":[],"ID":1},"method_name":"getNodeType"},{"blocks":[{"def":[],"use":[],"callees":[],"nodes":["CompoundStmt"],"edges":[],"ID":0},{"def":[],"use":[],"callees":[],"nodes":["CompoundStmt"],"edges":[],"ID":1},{"def":["$z0","r0"],"use":["@this: org.apache.xerces.dom.DocumentTypeImpl","$z0","r0"],"callees":["needsSyncData"],"nodes":["CompoundStmt","DefinitionStmt","DefinitionStmt","IfStmt","Local","ThisRef","Local","Invoke","BinaryOp","RefType","RefType","Boolean","Local"," \u003d\u003d ","Constant","org","apache","xerces","dom","Document","Type","Impl","org","apache","xerces","dom","Document","Type","Impl","Boolean","0","Int"],"edges":[[0,1],[0,2],[0,3],[1,4],[1,5],[2,6],[2,7],[3,8],[4,9],[5,10],[6,11],[8,12],[8,13],[8,14],[9,15],[9,16],[9,17],[9,18],[9,19],[9,20],[9,21],[10,22],[10,23],[10,24],[10,25],[10,26],[10,27],[10,28],[12,29],[14,30],[14,31]],"ID":2},{"def":["$r1"],"use":["$r1","r0.\u003corg.apache.xerces.dom.DocumentTypeImpl: java.lang.String name\u003e","r0"],"callees":["synchronizeData"],"nodes":["CompoundStmt","Invoke","DefinitionStmt","ReturnStmt","Local","InstanceFieldRef","Local","RefType","RefType","Local","RefType","RefType","java","lang","String","java","lang","String","RefType","java","lang","String","java","lang","String","org","apache","xerces","dom","Document","Type","Impl"],"edges":[[0,1],[0,2],[0,3],[2,4],[2,5],[3,6],[4,7],[5,8],[5,9],[5,10],[6,11],[7,12],[7,13],[7,14],[8,15],[8,16],[8,17],[9,18],[10,19],[10,20],[10,21],[11,22],[11,23],[11,24],[18,25],[18,26],[18,27],[18,28],[18,29],[18,30],[18,31]],"ID":3}],"edgeSet":[[3,1,0],[0,2,0],[2,3,1],[2,3,2]],"ENTRY":{"def":[],"use":[],"callees":[],"nodes":["CompoundStmt"],"edges":[],"ID":0},"EXIT":{"def":[],"use":[],"callees":[],"nodes":["CompoundStmt"],"edges":[],"ID":1},"method_name":"getNodeName"},{"blocks":[{"def":[],"use":[],"callees":[],"nodes":["CompoundStmt"],"edges":[],"ID":0},{"def":[],"use":[],"callees":[],"nodes":["CompoundStmt"],"edges":[],"ID":1},{"def":["$s0","$s1","r0"],"use":["r0.\u003corg.apache.xerces.dom.NodeImpl: short flags\u003e","$s0","$s1","@this: org.apache.xerces.dom.NodeImpl","r0"],"callees":[],"nodes":["CompoundStmt","DefinitionStmt","DefinitionStmt","DefinitionStmt","IfStmt","Local","ThisRef","Local","InstanceFieldRef","Local","BinaryOp","BinaryOp","RefType","RefType","Short","Short","Local","Short","Short","Local"," \u0026 ","Constant","Local"," \u003d\u003d ","Constant","org","apache","xerces","dom","Node","Impl","org","apache","xerces","dom","Node","Impl","RefType","Short","3","2","Int","Short","0","Int","org","apache","xerces","dom","Node","Impl"],"edges":[[0,1],[0,2],[0,3],[0,4],[1,5],[1,6],[2,7],[2,8],[3,9],[3,10],[4,11],[5,12],[6,13],[7,14],[8,15],[8,16],[8,17],[9,18],[10,19],[10,20],[10,21],[11,22],[11,23],[11,24],[12,25],[12,26],[12,27],[12,28],[12,29],[12,30],[13,31],[13,32],[13,33],[13,34],[13,35],[13,36],[16,37],[19,38],[21,39],[21,40],[21,41],[22,42],[24,43],[24,44],[37,45],[37,46],[37,47],[37,48],[37,49],[37,50]],"ID":2},{"def":["$z0"],"use":["$z0"],"callees":[],"nodes":["CompoundStmt","DefinitionStmt","GotoStmt","ReturnStmt","Local","Constant","Local","Boolean","1","Int","Boolean"],"edges":[[0,1],[0,2],[0,3],[1,4],[1,5],[3,6],[4,7],[5,8],[5,9],[6,10]],"ID":3},{"def":["$z0"],"use":[],"callees":[],"nodes":["CompoundStmt","DefinitionStmt","Local","Constant","Boolean","0","Int"],"edges":[[0,1],[1,2],[1,3],[2,4],[3,5],[3,6]],"ID":4}],"edgeSet":[[3,1,0],[0,2,0],[2,3,1],[2,4,2],[4,3,0]],"ENTRY":{"def":[],"use":[],"callees":[],"nodes":["CompoundStmt"],"edges":[],"ID":0},"EXIT":{"def":[],"use":[],"callees":[],"nodes":["CompoundStmt"],"edges":[],"ID":1},"method_name":"isSpecified"},{"blocks":[{"def":[],"use":[],"callees":[],"nodes":["CompoundStmt"],"edges":[],"ID":0},{"def":[],"use":[],"callees":[],"nodes":["CompoundStmt"],"edges":[],"ID":1},{"def":["$r4","r0","r1"],"use":["$r4","@parameter0: org.apache.xerces.dom.NamedNodeMapImpl","r1.\u003corg.apache.xerces.dom.NamedNodeMapImpl: java.util.Vector nodes\u003e","@this: org.apache.xerces.dom.NamedNodeMapImpl","r1"],"callees":[],"nodes":["CompoundStmt","DefinitionStmt","DefinitionStmt","DefinitionStmt","IfStmt","Local","ThisRef","Local","Param","Local","InstanceFieldRef","BinaryOp","RefType","RefType","RefType","RefType","RefType","RefType","Local","RefType","Local"," \u003d\u003d ","Constant","org","apache","xerces","dom","Named","Node","Map","Impl","org","apache","xerces","dom","Named","Node","Map","Impl","org","apache","xerces","dom","Named","Node","Map","Impl","org","apache","xerces","dom","Named","Node","Map","Impl","java","util","Vector","java","util","Vector","RefType","java","util","Vector","RefType","Null","org","apache","xerces","dom","Named","Node","Map","Impl","java","util","Vector"],"edges":[[0,1],[0,2],[0,3],[0,4],[1,5],[1,6],[2,7],[2,8],[3,9],[3,10],[4,11],[5,12],[6,13],[7,14],[8,15],[9,16],[10,17],[10,18],[10,19],[11,20],[11,21],[11,22],[12,23],[12,24],[12,25],[12,26],[12,27],[12,28],[12,29],[12,30],[13,31],[13,32],[13,33],[13,34],[13,35],[13,36],[13,37],[13,38],[14,39],[14,40],[14,41],[14,42],[14,43],[14,44],[14,45],[14,46],[15,47],[15,48],[15,49],[15,50],[15,51],[15,52],[15,53],[15,54],[16,55],[16,56],[16,57],[17,58],[17,59],[17,60],[18,61],[19,62],[19,63],[19,64],[20,65],[22,66],[61,67],[61,68],[61,69],[61,70],[61,71],[61,72],[61,73],[61,74],[65,75],[65,76],[65,77]],"ID":2},{"def":["$r5","$r6","r0.\u003corg.apache.xerces.dom.NamedNodeMapImpl: java.util.Vector nodes\u003e","i2","$r7","$i0","$i1"],"use":["$r5","$r6","$r7","i2","r1.\u003corg.apache.xerces.dom.NamedNodeMapImpl: java.util.Vector nodes\u003e","$i0","$i1","r0","r1"],"callees":[],"nodes":["CompoundStmt","DefinitionStmt","DefinitionStmt","DefinitionStmt","Invoke","DefinitionStmt","DefinitionStmt","GotoStmt","DefinitionStmt","DefinitionStmt","IfStmt","Local","NewExpr","Local","InstanceFieldRef","Local","Invoke","InstanceFieldRef","Local","Local","Constant","Local","InstanceFieldRef","Local","Invoke","BinaryOp","RefType","RefType","RefType","RefType","Local","RefType","Int","RefType","Local","RefType","RefType","Int","0","Int","RefType","RefType","Local","RefType","Int","Local"," \u003c ","Local","java","util","Vector","java","util","Vector","java","util","Vector","java","util","Vector","RefType","java","util","Vector","java","util","Vector","RefType","java","util","Vector","java","util","Vector","java","util","Vector","java","util","Vector","RefType","java","util","Vector","Int","Int","org","apache","xerces","dom","Named","Node","Map","Impl","org","apache","xerces","dom","Named","Node","Map","Impl","org","apache","xerces","dom","Named","Node","Map","Impl"],"edges":[[0,1],[0,2],[0,3],[0,4],[0,5],[0,6],[0,7],[0,8],[0,9],[0,10],[1,11],[1,12],[2,13],[2,14],[3,15],[3,16],[5,17],[5,18],[6,19],[6,20],[8,21],[8,22],[9,23],[9,24],[10,25],[11,26],[12,27],[13,28],[14,29],[14,30],[14,31],[15,32],[17,33],[17,34],[17,35],[18,36],[19,37],[20,38],[20,39],[21,40],[22,41],[22,42],[22,43],[23,44],[25,45],[25,46],[25,47],[26,48],[26,49],[26,50],[27,51],[27,52],[27,53],[28,54],[28,55],[28,56],[29,57],[29,58],[29,59],[30,60],[31,61],[31,62],[31,63],[33,64],[33,65],[33,66],[34,67],[35,68],[35,69],[35,70],[36,71],[36,72],[36,73],[40,74],[40,75],[40,76],[41,77],[41,78],[41,79],[42,80],[43,81],[43,82],[43,83],[45,84],[47,85],[60,86],[60,87],[60,88],[60,89],[60,90],[60,91],[60,92],[60,93],[67,94],[67,95],[67,96],[67,97],[67,98],[67,99],[67,100],[67,101],[80,102],[80,103],[80,104],[80,105],[80,106],[80,107],[80,108],[80,109]],"ID":3},{"def":["r2","r3","i2","$r8","$z0","$r9","$r11","$r10"],"use":["r2","r3","i2","r0.\u003corg.apache.xerces.dom.NamedNodeMapImpl: java.util.Vector nodes\u003e","$r8","$z0","r1.\u003corg.apache.xerces.dom.NamedNodeMapImpl: java.util.Vector nodes\u003e","$r9","$r11","r0","r1","$r10"],"callees":["cloneNode","isSpecified"],"nodes":["CompoundStmt","DefinitionStmt","DefinitionStmt","DefinitionStmt","DefinitionStmt","DefinitionStmt","DefinitionStmt","Invoke","DefinitionStmt","Invoke","DefinitionStmt","Local","InstanceFieldRef","Local","Invoke","Local","CastExpr","Local","Invoke","Local","CastExpr","Local","Invoke","Local","InstanceFieldRef","Local","BinaryOp","RefType","RefType","Local","RefType","RefType","RefType","RefType","RefType","Local","RefType","RefType","RefType","RefType","Local","Boolean","RefType","RefType","Local","RefType","Int","Local"," + ","Constant","java","util","Vector","java","util","Vector","RefType","java","util","Vector","java","lang","Object","org","apache","xerces","dom","Node","Impl","org","apache","xerces","dom","Node","Impl","org","apache","xerces","dom","Node","Impl","RefType","org","w3c","dom","Node","org","apache","xerces","dom","Node","Impl","org","apache","xerces","dom","Node","Impl","org","apache","xerces","dom","Node","Impl","RefType","java","util","Vector","java","util","Vector","RefType","java","util","Vector","Int","1","Int","org","apache","xerces","dom","Named","Node","Map","Impl","java","lang","Object","org","w3c","dom","Node","org","apache","xerces","dom","Named","Node","Map","Impl"],"edges":[[0,1],[0,2],[0,3],[0,4],[0,5],[0,6],[0,7],[0,8],[0,9],[0,10],[1,11],[1,12],[2,13],[2,14],[3,15],[3,16],[4,17],[4,18],[5,19],[5,20],[6,21],[6,22],[8,23],[8,24],[10,25],[10,26],[11,27],[12,28],[12,29],[12,30],[13,31],[15,32],[16,33],[16,34],[16,35],[17,36],[19,37],[20,38],[20,39],[20,40],[21,41],[23,42],[24,43],[24,44],[24,45],[25,46],[26,47],[26,48],[26,49],[27,50],[27,51],[27,52],[28,53],[28,54],[28,55],[29,56],[30,57],[30,58],[30,59],[31,60],[31,61],[31,62],[32,63],[32,64],[32,65],[32,66],[32,67],[32,68],[33,69],[33,70],[33,71],[33,72],[33,73],[33,74],[34,75],[34,76],[34,77],[34,78],[34,79],[34,80],[35,81],[36,82],[36,83],[36,84],[36,85],[37,86],[37,87],[37,88],[37,89],[37,90],[37,91],[38,92],[38,93],[38,94],[38,95],[38,96],[38,97],[39,98],[39,99],[39,100],[39,101],[39,102],[39,103],[40,104],[42,105],[42,106],[42,107],[43,108],[43,109],[43,110],[44,111],[45,112],[45,113],[45,114],[47,115],[49,116],[49,117],[56,118],[56,119],[56,120],[56,121],[56,122],[56,123],[56,124],[56,125],[81,126],[81,127],[81,128],[104,129],[104,130],[104,131],[104,132],[111,133],[111,134],[111,135],[111,136],[111,137],[111,138],[111,139],[111,140]],"ID":4},{"def":[],"use":[],"callees":[],"nodes":["CompoundStmt","ReturnVoidStmt"],"edges":[[0,1]],"ID":5}],"edgeSet":[[5,1,0],[0,2,0],[2,5,2],[3,5,1],[2,3,1],[4,3,0],[3,4,2]],"ENTRY":{"def":[],"use":[],"callees":[],"nodes":["CompoundStmt"],"edges":[],"ID":0},"EXIT":{"def":[],"use":[],"callees":[],"nodes":["CompoundStmt"],"edges":[],"ID":1},"method_name":"cloneContent"},{"blocks":[{"def":[],"use":[],"callees":[],"nodes":["CompoundStmt"],"edges":[],"ID":0},{"def":[],"use":[],"callees":[],"nodes":["CompoundStmt"],"edges":[],"ID":1},{"def":["r2","$r3","r0","r1"],"use":["r2","$r3","@parameter0: org.apache.xerces.dom.NodeImpl","@this: org.apache.xerces.dom.NamedNodeMapImpl","r0","r1"],"callees":["cloneContent","\u003cinit\u003e"],"nodes":["CompoundStmt","DefinitionStmt","DefinitionStmt","DefinitionStmt","Invoke","DefinitionStmt","Invoke","ReturnStmt","Local","ThisRef","Local","Param","Local","NewExpr","Local","Local","Local","RefType","RefType","RefType","RefType","RefType","RefType","RefType","RefType","RefType","org","apache","xerces","dom","Named","Node","Map","Impl","org","apache","xerces","dom","Named","Node","Map","Impl","org","apache","xerces","dom","Node","Impl","org","apache","xerces","dom","Node","Impl","org","apache","xerces","dom","Named","Node","Map","Impl","org","apache","xerces","dom","Named","Node","Map","Impl","org","apache","xerces","dom","Named","Node","Map","Impl","org","apache","xerces","dom","Named","Node","Map","Impl","org","apache","xerces","dom","Named","Node","Map","Impl"],"edges":[[0,1],[0,2],[0,3],[0,4],[0,5],[0,6],[0,7],[1,8],[1,9],[2,10],[2,11],[3,12],[3,13],[5,14],[5,15],[7,16],[8,17],[9,18],[10,19],[11,20],[12,21],[13,22],[14,23],[15,24],[16,25],[17,26],[17,27],[17,28],[17,29],[17,30],[17,31],[17,32],[17,33],[18,34],[18,35],[18,36],[18,37],[18,38],[18,39],[18,40],[18,41],[19,42],[19,43],[19,44],[19,45],[19,46],[19,47],[20,48],[20,49],[20,50],[20,51],[20,52],[20,53],[21,54],[21,55],[21,56],[21,57],[21,58],[21,59],[21,60],[21,61],[22,62],[22,63],[22,64],[22,65],[22,66],[22,67],[22,68],[22,69],[23,70],[23,71],[23,72],[23,73],[23,74],[23,75],[23,76],[23,77],[24,78],[24,79],[24,80],[24,81],[24,82],[24,83],[24,84],[24,85],[25,86],[25,87],[25,88],[25,89],[25,90],[25,91],[25,92],[25,93]],"ID":2}],"edgeSet":[[0,2,0],[2,1,0]],"ENTRY":{"def":[],"use":[],"callees":[],"nodes":["CompoundStmt"],"edges":[],"ID":0},"EXIT":{"def":[],"use":[],"callees":[],"nodes":["CompoundStmt"],"edges":[],"ID":1},"method_name":"cloneMap"},{"blocks":[{"def":[],"use":[],"callees":[],"nodes":["CompoundStmt"],"edges":[],"ID":0},{"def":[],"use":[],"callees":[],"nodes":["CompoundStmt"],"edges":[],"ID":1},{"def":["$r2","$r3","$r4","$r5","$r6","$r7","$r8","r1.\u003corg.apache.xerces.dom.DocumentTypeImpl: org.apache.xerces.dom.NamedNodeMapImpl elements\u003e","z0","r1.\u003corg.apache.xerces.dom.DocumentTypeImpl: org.apache.xerces.dom.NamedNodeMapImpl entities\u003e","r0","r1","r1.\u003corg.apache.xerces.dom.DocumentTypeImpl: org.apache.xerces.dom.NamedNodeMapImpl notations\u003e"],"use":["$r2","$r3","$r4","$r5","@this: org.apache.xerces.dom.DocumentTypeImpl","$r6","$r7","@parameter0: boolean","$r8","r0.\u003corg.apache.xerces.dom.DocumentTypeImpl: org.apache.xerces.dom.NamedNodeMapImpl notations\u003e","z0","r0.\u003corg.apache.xerces.dom.DocumentTypeImpl: org.apache.xerces.dom.NamedNodeMapImpl entities\u003e","r0.\u003corg.apache.xerces.dom.DocumentTypeImpl: org.apache.xerces.dom.NamedNodeMapImpl elements\u003e","r0","r1"],"callees":["cloneMap","cloneNode"],"nodes":["CompoundStmt","DefinitionStmt","DefinitionStmt","DefinitionStmt","DefinitionStmt","DefinitionStmt","DefinitionStmt","DefinitionStmt","DefinitionStmt","DefinitionStmt","DefinitionStmt","DefinitionStmt","DefinitionStmt","DefinitionStmt","ReturnStmt","Local","ThisRef","Local","Param","Local","Invoke","Local","CastExpr","Local","InstanceFieldRef","Local","Invoke","InstanceFieldRef","Local","Local","InstanceFieldRef","Local","Invoke","InstanceFieldRef","Local","Local","InstanceFieldRef","Local","Invoke","InstanceFieldRef","Local","Local","RefType","RefType","Boolean","Boolean","RefType","RefType","RefType","RefType","Local","RefType","RefType","Local","RefType","RefType","RefType","Local","RefType","RefType","RefType","RefType","Local","RefType","RefType","RefType","Local","RefType","RefType","RefType","RefType","Local","RefType","RefType","RefType","Local","RefType","RefType","RefType","org","apache","xerces","dom","Document","Type","Impl","org","apache","xerces","dom","Document","Type","Impl","org","w3c","dom","Node","org","apache","xerces","dom","Document","Type","Impl","org","apache","xerces","dom","Document","Type","Impl","org","apache","xerces","dom","Document","Type","Impl","RefType","org","apache","xerces","dom","Named","Node","Map","Impl","org","apache","xerces","dom","Named","Node","Map","Impl","RefType","org","apache","xerces","dom","Named","Node","Map","Impl","org","apache","xerces","dom","Named","Node","Map","Impl","org","apache","xerces","dom","Named","Node","Map","Impl","RefType","org","apache","xerces","dom","Named","Node","Map","Impl","org","apache","xerces","dom","Named","Node","Map","Impl","org","apache","xerces","dom","Named","Node","Map","Impl","org","apache","xerces","dom","Named","Node","Map","Impl","RefType","org","apache","xerces","dom","Named","Node","Map","Impl","org","apache","xerces","dom","Named","Node","Map","Impl","org","apache","xerces","dom","Named","Node","Map","Impl","RefType","org","apache","xerces","dom","Named","Node","Map","Impl","org","apache","xerces","dom","Named","Node","Map","Impl","org","apache","xerces","dom","Named","Node","Map","Impl","org","apache","xerces","dom","Named","Node","Map","Impl","RefType","org","apache","xerces","dom","Named","Node","Map","Impl","org","apache","xerces","dom","Named","Node","Map","Impl","org","apache","xerces","dom","Named","Node","Map","Impl","RefType","org","apache","xerces","dom","Named","Node","Map","Impl","org","apache","xerces","dom","Named","Node","Map","Impl","org","apache","xerces","dom","Document","Type","Impl","org","w3c","dom","Node","org","apache","xerces","dom","Document","Type","Impl","org","apache","xerces","dom","Document","Type","Impl","org","apache","xerces","dom","Document","Type","Impl","org","apache","xerces","dom","Document","Type","Impl","org","apache","xerces","dom","Document","Type","Impl","org","apache","xerces","dom","Document","Type","Impl"],"edges":[[0,1],[0,2],[0,3],[0,4],[0,5],[0,6],[0,7],[0,8],[0,9],[0,10],[0,11],[0,12],[0,13],[0,14],[1,15],[1,16],[2,17],[2,18],[3,19],[3,20],[4,21],[4,22],[5,23],[5,24],[6,25],[6,26],[7,27],[7,28],[8,29],[8,30],[9,31],[9,32],[10,33],[10,34],[11,35],[11,36],[12,37],[12,38],[13,39],[13,40],[14,41],[15,42],[16,43],[17,44],[18,45],[19,46],[21,47],[22,48],[22,49],[22,50],[23,51],[24,52],[24,53],[24,54],[25,55],[27,56],[27,57],[27,58],[28,59],[29,60],[30,61],[30,62],[30,63],[31,64],[33,65],[33,66],[33,67],[34,68],[35,69],[36,70],[36,71],[36,72],[37,73],[39,74],[39,75],[39,76],[40,77],[41,78],[42,79],[42,80],[42,81],[42,82],[42,83],[42,84],[42,85],[43,86],[43,87],[43,88],[43,89],[43,90],[43,91],[43,92],[46,93],[46,94],[46,95],[46,96],[47,97],[47,98],[47,99],[47,100],[47,101],[47,102],[47,103],[48,104],[48,105],[48,106],[48,107],[48,108],[48,109],[48,110],[49,111],[49,112],[49,113],[49,114],[49,115],[49,116],[49,117],[50,118],[51,119],[51,120],[51,121],[51,122],[51,123],[51,124],[51,125],[51,126],[52,127],[52,128],[52,129],[52,130],[52,131],[52,132],[52,133],[52,134],[53,135],[54,136],[54,137],[54,138],[54,139],[54,140],[54,141],[54,142],[54,143],[55,144],[55,145],[55,146],[55,147],[55,148],[55,149],[55,150],[55,151],[56,152],[56,153],[56,154],[56,155],[56,156],[56,157],[56,158],[56,159],[57,160],[58,161],[58,162],[58,163],[58,164],[58,165],[58,166],[58,167],[58,168],[59,169],[59,170],[59,171],[59,172],[59,173],[59,174],[59,175],[59,176],[60,177],[60,178],[60,179],[60,180],[60,181],[60,182],[60,183],[60,184],[61,185],[61,186],[61,187],[61,188],[61,189],[61,190],[61,191],[61,192],[62,193],[63,194],[63,195],[63,196],[63,197],[63,198],[63,199],[63,200],[63,201],[64,202],[64,203],[64,204],[64,205],[64,206],[64,207],[64,208],[64,209],[65,210],[65,211],[65,212],[65,213],[65,214],[65,215],[65,216],[65,217],[66,218],[67,219],[67,220],[67,221],[67,222],[67,223],[67,224],[67,225],[67,226],[68,227],[68,228],[68,229],[68,230],[68,231],[68,232],[68,233],[68,234],[69,235],[69,236],[69,237],[69,238],[69,239],[69,240],[69,241],[69,242],[70,243],[70,244],[70,245],[70,246],[70,247],[70,248],[70,249],[70,250],[71,251],[72,252],[72,253],[72,254],[72,255],[72,256],[72,257],[72,258],[72,259],[73,260],[73,261],[73,262],[73,263],[73,264],[73,265],[73,266],[73,267],[74,268],[74,269],[74,270],[74,271],[74,272],[74,273],[74,274],[74,275],[75,276],[76,277],[76,278],[76,279],[76,280],[76,281],[76,282],[76,283],[76,284],[77,285],[77,286],[77,287],[77,288],[77,289],[77,290],[77,291],[77,292],[78,293],[78,294],[78,295],[78,296],[78,297],[78,298],[78,299],[118,300],[118,301],[118,302],[118,303],[135,304],[135,305],[135,306],[135,307],[135,308],[135,309],[135,310],[160,311],[160,312],[160,313],[160,314],[160,315],[160,316],[160,317],[193,318],[193,319],[193,320],[193,321],[193,322],[193,323],[193,324],[218,325],[218,326],[218,327],[218,328],[218,329],[218,330],[218,331],[251,332],[251,333],[251,334],[251,335],[251,336],[251,337],[251,338],[276,339],[276,340],[276,341],[276,342],[276,343],[276,344],[276,345]],"ID":2}],"edgeSet":[[0,2,0],[2,1,0]],"ENTRY":{"def":[],"use":[],"callees":[],"nodes":["CompoundStmt"],"edges":[],"ID":0},"EXIT":{"def":[],"use":[],"callees":[],"nodes":["CompoundStmt"],"edges":[],"ID":1},"method_name":"cloneNode"},{"blocks":[{"def":[],"use":[],"callees":[],"nodes":["CompoundStmt"],"edges":[],"ID":0},{"def":[],"use":[],"callees":[],"nodes":["CompoundStmt"],"edges":[],"ID":1},{"def":["$r2","$r3","$r4","r0","r1"],"use":["r0.\u003corg.apache.xerces.dom.DocumentTypeImpl: org.apache.xerces.dom.NamedNodeMapImpl notations\u003e","$r2","$r3","r0.\u003corg.apache.xerces.dom.DocumentTypeImpl: org.apache.xerces.dom.NamedNodeMapImpl entities\u003e","$r4","@this: org.apache.xerces.dom.DocumentTypeImpl","@parameter0: org.apache.xerces.dom.DocumentImpl","r0.\u003corg.apache.xerces.dom.DocumentTypeImpl: org.apache.xerces.dom.NamedNodeMapImpl elements\u003e","r0","r1"],"callees":["setOwnerDocument"],"nodes":["CompoundStmt","DefinitionStmt","DefinitionStmt","Invoke","DefinitionStmt","Invoke","DefinitionStmt","Invoke","DefinitionStmt","Invoke","ReturnVoidStmt","Local","ThisRef","Local","Param","Local","InstanceFieldRef","Local","InstanceFieldRef","Local","InstanceFieldRef","RefType","RefType","RefType","RefType","RefType","RefType","Local","RefType","RefType","RefType","Local","RefType","RefType","RefType","Local","RefType","org","apache","xerces","dom","Document","Type","Impl","org","apache","xerces","dom","Document","Type","Impl","org","apache","xerces","dom","Document","Impl","org","apache","xerces","dom","Document","Impl","org","apache","xerces","dom","Named","Node","Map","Impl","org","apache","xerces","dom","Named","Node","Map","Impl","RefType","org","apache","xerces","dom","Named","Node","Map","Impl","org","apache","xerces","dom","Named","Node","Map","Impl","org","apache","xerces","dom","Named","Node","Map","Impl","RefType","org","apache","xerces","dom","Named","Node","Map","Impl","org","apache","xerces","dom","Named","Node","Map","Impl","org","apache","xerces","dom","Named","Node","Map","Impl","RefType","org","apache","xerces","dom","Named","Node","Map","Impl","org","apache","xerces","dom","Document","Type","Impl","org","apache","xerces","dom","Document","Type","Impl","org","apache","xerces","dom","Document","Type","Impl"],"edges":[[0,1],[0,2],[0,3],[0,4],[0,5],[0,6],[0,7],[0,8],[0,9],[0,10],[1,11],[1,12],[2,13],[2,14],[4,15],[4,16],[6,17],[6,18],[8,19],[8,20],[11,21],[12,22],[13,23],[14,24],[15,25],[16,26],[16,27],[16,28],[17,29],[18,30],[18,31],[18,32],[19,33],[20,34],[20,35],[20,36],[21,37],[21,38],[21,39],[21,40],[21,41],[21,42],[21,43],[22,44],[22,45],[22,46],[22,47],[22,48],[22,49],[22,50],[23,51],[23,52],[23,53],[23,54],[23,55],[23,56],[24,57],[24,58],[24,59],[24,60],[24,61],[24,62],[25,63],[25,64],[25,65],[25,66],[25,67],[25,68],[25,69],[25,70],[26,71],[26,72],[26,73],[26,74],[26,75],[26,76],[26,77],[26,78],[27,79],[28,80],[28,81],[28,82],[28,83],[28,84],[28,85],[28,86],[28,87],[29,88],[29,89],[29,90],[29,91],[29,92],[29,93],[29,94],[29,95],[30,96],[30,97],[30,98],[30,99],[30,100],[30,101],[30,102],[30,103],[31,104],[32,105],[32,106],[32,107],[32,108],[32,109],[32,110],[32,111],[32,112],[33,113],[33,114],[33,115],[33,116],[33,117],[33,118],[33,119],[33,120],[34,121],[34,122],[34,123],[34,124],[34,125],[34,126],[34,127],[34,128],[35,129],[36,130],[36,131],[36,132],[36,133],[36,134],[36,135],[36,136],[36,137],[79,138],[79,139],[79,140],[79,141],[79,142],[79,143],[79,144],[104,145],[104,146],[104,147],[104,148],[104,149],[104,150],[104,151],[129,152],[129,153],[129,154],[129,155],[129,156],[129,157],[129,158]],"ID":2}],"edgeSet":[[0,2,0],[2,1,0]],"ENTRY":{"def":[],"use":[],"callees":[],"nodes":["CompoundStmt"],"edges":[],"ID":0},"EXIT":{"def":[],"use":[],"callees":[],"nodes":["CompoundStmt"],"edges":[],"ID":1},"method_name":"setOwnerDocument"},{"blocks":[{"def":[],"use":[],"callees":[],"nodes":["CompoundStmt"],"edges":[],"ID":0},{"def":[],"use":[],"callees":[],"nodes":["CompoundStmt"],"edges":[],"ID":1},{"def":["$z0","r0"],"use":["@this: org.apache.xerces.dom.DocumentTypeImpl","$z0","r0"],"callees":["needsSyncData"],"nodes":["CompoundStmt","DefinitionStmt","DefinitionStmt","IfStmt","Local","ThisRef","Local","Invoke","BinaryOp","RefType","RefType","Boolean","Local"," \u003d\u003d ","Constant","org","apache","xerces","dom","Document","Type","Impl","org","apache","xerces","dom","Document","Type","Impl","Boolean","0","Int"],"edges":[[0,1],[0,2],[0,3],[1,4],[1,5],[2,6],[2,7],[3,8],[4,9],[5,10],[6,11],[8,12],[8,13],[8,14],[9,15],[9,16],[9,17],[9,18],[9,19],[9,20],[9,21],[10,22],[10,23],[10,24],[10,25],[10,26],[10,27],[10,28],[12,29],[14,30],[14,31]],"ID":2},{"def":["$r1"],"use":["$r1","r0.\u003corg.apache.xerces.dom.DocumentTypeImpl: java.lang.String name\u003e","r0"],"callees":["synchronizeData"],"nodes":["CompoundStmt","Invoke","DefinitionStmt","ReturnStmt","Local","InstanceFieldRef","Local","RefType","RefType","Local","RefType","RefType","java","lang","String","java","lang","String","RefType","java","lang","String","java","lang","String","org","apache","xerces","dom","Document","Type","Impl"],"edges":[[0,1],[0,2],[0,3],[2,4],[2,5],[3,6],[4,7],[5,8],[5,9],[5,10],[6,11],[7,12],[7,13],[7,14],[8,15],[8,16],[8,17],[9,18],[10,19],[10,20],[10,21],[11,22],[11,23],[11,24],[18,25],[18,26],[18,27],[18,28],[18,29],[18,30],[18,31]],"ID":3}],"edgeSet":[[3,1,0],[0,2,0],[2,3,1],[2,3,2]],"ENTRY":{"def":[],"use":[],"callees":[],"nodes":["CompoundStmt"],"edges":[],"ID":0},"EXIT":{"def":[],"use":[],"callees":[],"nodes":["CompoundStmt"],"edges":[],"ID":1},"method_name":"getName"},{"blocks":[{"def":[],"use":[],"callees":[],"nodes":["CompoundStmt"],"edges":[],"ID":0},{"def":[],"use":[],"callees":[],"nodes":["CompoundStmt"],"edges":[],"ID":1},{"def":["$s0","$s1","r0"],"use":["r0.\u003corg.apache.xerces.dom.NodeImpl: short flags\u003e","$s0","$s1","@this: org.apache.xerces.dom.NodeImpl","r0"],"callees":[],"nodes":["CompoundStmt","DefinitionStmt","DefinitionStmt","DefinitionStmt","IfStmt","Local","ThisRef","Local","InstanceFieldRef","Local","BinaryOp","BinaryOp","RefType","RefType","Short","Short","Local","Short","Short","Local"," \u0026 ","Constant","Local"," \u003d\u003d ","Constant","org","apache","xerces","dom","Node","Impl","org","apache","xerces","dom","Node","Impl","RefType","Short","4","Int","Short","0","Int","org","apache","xerces","dom","Node","Impl"],"edges":[[0,1],[0,2],[0,3],[0,4],[1,5],[1,6],[2,7],[2,8],[3,9],[3,10],[4,11],[5,12],[6,13],[7,14],[8,15],[8,16],[8,17],[9,18],[10,19],[10,20],[10,21],[11,22],[11,23],[11,24],[12,25],[12,26],[12,27],[12,28],[12,29],[12,30],[13,31],[13,32],[13,33],[13,34],[13,35],[13,36],[16,37],[19,38],[21,39],[21,40],[22,41],[24,42],[24,43],[37,44],[37,45],[37,46],[37,47],[37,48],[37,49]],"ID":2},{"def":["$z0"],"use":["$z0"],"callees":[],"nodes":["CompoundStmt","DefinitionStmt","GotoStmt","ReturnStmt","Local","Constant","Local","Boolean","1","Int","Boolean"],"edges":[[0,1],[0,2],[0,3],[1,4],[1,5],[3,6],[4,7],[5,8],[5,9],[6,10]],"ID":3},{"def":["$z0"],"use":[],"callees":[],"nodes":["CompoundStmt","DefinitionStmt","Local","Constant","Boolean","0","Int"],"edges":[[0,1],[1,2],[1,3],[2,4],[3,5],[3,6]],"ID":4}],"edgeSet":[[3,1,0],[0,2,0],[2,3,1],[2,4,2],[4,3,0]],"ENTRY":{"def":[],"use":[],"callees":[],"nodes":["CompoundStmt"],"edges":[],"ID":0},"EXIT":{"def":[],"use":[],"callees":[],"nodes":["CompoundStmt"],"edges":[],"ID":1},"method_name":"needsSyncChildren"},{"blocks":[{"def":[],"use":[],"callees":[],"nodes":["CompoundStmt"],"edges":[],"ID":0},{"def":[],"use":[],"callees":[],"nodes":["CompoundStmt"],"edges":[],"ID":1},{"def":["r0"],"use":["@this: org.apache.xerces.dom.ParentNode","r0"],"callees":["needsSyncChildren"],"nodes":["CompoundStmt","DefinitionStmt","Invoke","ReturnVoidStmt","Local","ThisRef","RefType","RefType","org","apache","xerces","dom","Parent","Node","org","apache","xerces","dom","Parent","Node"],"edges":[[0,1],[0,2],[0,3],[1,4],[1,5],[4,6],[5,7],[6,8],[6,9],[6,10],[6,11],[6,12],[6,13],[7,14],[7,15],[7,16],[7,17],[7,18],[7,19]],"ID":2}],"edgeSet":[[0,2,0],[2,1,0]],"ENTRY":{"def":[],"use":[],"callees":[],"nodes":["CompoundStmt"],"edges":[],"ID":0},"EXIT":{"def":[],"use":[],"callees":[],"nodes":["CompoundStmt"],"edges":[],"ID":1},"method_name":"synchronizeChildren"},{"blocks":[{"def":[],"use":[],"callees":[],"nodes":["CompoundStmt"],"edges":[],"ID":0},{"def":[],"use":[],"callees":[],"nodes":["CompoundStmt"],"edges":[],"ID":1},{"def":["$z0","r0"],"use":["@this: org.apache.xerces.dom.DocumentTypeImpl","$z0","r0"],"callees":["needsSyncChildren"],"nodes":["CompoundStmt","DefinitionStmt","DefinitionStmt","IfStmt","Local","ThisRef","Local","Invoke","BinaryOp","RefType","RefType","Boolean","Local"," \u003d\u003d ","Constant","org","apache","xerces","dom","Document","Type","Impl","org","apache","xerces","dom","Document","Type","Impl","Boolean","0","Int"],"edges":[[0,1],[0,2],[0,3],[1,4],[1,5],[2,6],[2,7],[3,8],[4,9],[5,10],[6,11],[8,12],[8,13],[8,14],[9,15],[9,16],[9,17],[9,18],[9,19],[9,20],[9,21],[10,22],[10,23],[10,24],[10,25],[10,26],[10,27],[10,28],[12,29],[14,30],[14,31]],"ID":2},{"def":["$r1"],"use":["$r1","r0.\u003corg.apache.xerces.dom.DocumentTypeImpl: org.apache.xerces.dom.NamedNodeMapImpl entities\u003e","r0"],"callees":["synchronizeChildren"],"nodes":["CompoundStmt","Invoke","DefinitionStmt","ReturnStmt","Local","InstanceFieldRef","Local","RefType","RefType","Local","RefType","RefType","org","apache","xerces","dom","Named","Node","Map","Impl","org","apache","xerces","dom","Named","Node","Map","Impl","RefType","org","apache","xerces","dom","Named","Node","Map","Impl","org","apache","xerces","dom","Named","Node","Map","Impl","org","apache","xerces","dom","Document","Type","Impl"],"edges":[[0,1],[0,2],[0,3],[2,4],[2,5],[3,6],[4,7],[5,8],[5,9],[5,10],[6,11],[7,12],[7,13],[7,14],[7,15],[7,16],[7,17],[7,18],[7,19],[8,20],[8,21],[8,22],[8,23],[8,24],[8,25],[8,26],[8,27],[9,28],[10,29],[10,30],[10,31],[10,32],[10,33],[10,34],[10,35],[10,36],[11,37],[11,38],[11,39],[11,40],[11,41],[11,42],[11,43],[11,44],[28,45],[28,46],[28,47],[28,48],[28,49],[28,50],[28,51]],"ID":3}],"edgeSet":[[3,1,0],[0,2,0],[2,3,1],[2,3,2]],"ENTRY":{"def":[],"use":[],"callees":[],"nodes":["CompoundStmt"],"edges":[],"ID":0},"EXIT":{"def":[],"use":[],"callees":[],"nodes":["CompoundStmt"],"edges":[],"ID":1},"method_name":"getEntities"},{"blocks":[{"def":[],"use":[],"callees":[],"nodes":["CompoundStmt"],"edges":[],"ID":0},{"def":[],"use":[],"callees":[],"nodes":["CompoundStmt"],"edges":[],"ID":1},{"def":["$z0","r0"],"use":["@this: org.apache.xerces.dom.DocumentTypeImpl","$z0","r0"],"callees":["needsSyncChildren"],"nodes":["CompoundStmt","DefinitionStmt","DefinitionStmt","IfStmt","Local","ThisRef","Local","Invoke","BinaryOp","RefType","RefType","Boolean","Local"," \u003d\u003d ","Constant","org","apache","xerces","dom","Document","Type","Impl","org","apache","xerces","dom","Document","Type","Impl","Boolean","0","Int"],"edges":[[0,1],[0,2],[0,3],[1,4],[1,5],[2,6],[2,7],[3,8],[4,9],[5,10],[6,11],[8,12],[8,13],[8,14],[9,15],[9,16],[9,17],[9,18],[9,19],[9,20],[9,21],[10,22],[10,23],[10,24],[10,25],[10,26],[10,27],[10,28],[12,29],[14,30],[14,31]],"ID":2},{"def":["$r1"],"use":["r0.\u003corg.apache.xerces.dom.DocumentTypeImpl: org.apache.xerces.dom.NamedNodeMapImpl notations\u003e","$r1","r0"],"callees":["synchronizeChildren"],"nodes":["CompoundStmt","Invoke","DefinitionStmt","ReturnStmt","Local","InstanceFieldRef","Local","RefType","RefType","Local","RefType","RefType","org","apache","xerces","dom","Named","Node","Map","Impl","org","apache","xerces","dom","Named","Node","Map","Impl","RefType","org","apache","xerces","dom","Named","Node","Map","Impl","org","apache","xerces","dom","Named","Node","Map","Impl","org","apache","xerces","dom","Document","Type","Impl"],"edges":[[0,1],[0,2],[0,3],[2,4],[2,5],[3,6],[4,7],[5,8],[5,9],[5,10],[6,11],[7,12],[7,13],[7,14],[7,15],[7,16],[7,17],[7,18],[7,19],[8,20],[8,21],[8,22],[8,23],[8,24],[8,25],[8,26],[8,27],[9,28],[10,29],[10,30],[10,31],[10,32],[10,33],[10,34],[10,35],[10,36],[11,37],[11,38],[11,39],[11,40],[11,41],[11,42],[11,43],[11,44],[28,45],[28,46],[28,47],[28,48],[28,49],[28,50],[28,51]],"ID":3}],"edgeSet":[[3,1,0],[0,2,0],[2,3,1],[2,3,2]],"ENTRY":{"def":[],"use":[],"callees":[],"nodes":["CompoundStmt"],"edges":[],"ID":0},"EXIT":{"def":[],"use":[],"callees":[],"nodes":["CompoundStmt"],"edges":[],"ID":1},"method_name":"getNotations"},{"blocks":[{"def":[],"use":[],"callees":[],"nodes":["CompoundStmt"],"edges":[],"ID":0},{"def":[],"use":[],"callees":[],"nodes":["CompoundStmt"],"edges":[],"ID":1},{"def":["z0","z1","$z2","r0"],"use":["@parameter1: boolean","@this: org.apache.xerces.dom.DocumentTypeImpl","@parameter0: boolean","$z2","r0"],"callees":["needsSyncChildren"],"nodes":["CompoundStmt","DefinitionStmt","DefinitionStmt","DefinitionStmt","DefinitionStmt","IfStmt","Local","ThisRef","Local","Param","Local","Param","Local","Invoke","BinaryOp","RefType","RefType","Boolean","Boolean","Boolean","Boolean","Boolean","Local"," \u003d\u003d ","Constant","org","apache","xerces","dom","Document","Type","Impl","org","apache","xerces","dom","Document","Type","Impl","Boolean","0","Int"],"edges":[[0,1],[0,2],[0,3],[0,4],[0,5],[1,6],[1,7],[2,8],[2,9],[3,10],[3,11],[4,12],[4,13],[5,14],[6,15],[7,16],[8,17],[9,18],[10,19],[11,20],[12,21],[14,22],[14,23],[14,24],[15,25],[15,26],[15,27],[15,28],[15,29],[15,30],[15,31],[16,32],[16,33],[16,34],[16,35],[16,36],[16,37],[16,38],[22,39],[24,40],[24,41]],"ID":2},{"def":["$r1","$r2","$r3"],"use":["r0.\u003corg.apache.xerces.dom.DocumentTypeImpl: org.apache.xerces.dom.NamedNodeMapImpl notations\u003e","$r1","$r2","$r3","z0","r0.\u003corg.apache.xerces.dom.DocumentTypeImpl: org.apache.xerces.dom.NamedNodeMapImpl entities\u003e","z1","r0.\u003corg.apache.xerces.dom.DocumentTypeImpl: org.apache.xerces.dom.NamedNodeMapImpl elements\u003e","r0"],"callees":["synchronizeChildren","setReadOnly"],"nodes":["CompoundStmt","Invoke","Invoke","DefinitionStmt","Invoke","DefinitionStmt","Invoke","DefinitionStmt","Invoke","ReturnVoidStmt","Local","InstanceFieldRef","Local","InstanceFieldRef","Local","InstanceFieldRef","RefType","RefType","Local","RefType","RefType","RefType","Local","RefType","RefType","RefType","Local","RefType","org","apache","xerces","dom","Named","Node","Map","Impl","org","apache","xerces","dom","Named","Node","Map","Impl","RefType","org","apache","xerces","dom","Named","Node","Map","Impl","org","apache","xerces","dom","Named","Node","Map","Impl","org","apache","xerces","dom","Named","Node","Map","Impl","RefType","org","apache","xerces","dom","Named","Node","Map","Impl","org","apache","xerces","dom","Named","Node","Map","Impl","org","apache","xerces","dom","Named","Node","Map","Impl","RefType","org","apache","xerces","dom","Named","Node","Map","Impl","org","apache","xerces","dom","Document","Type","Impl","org","apache","xerces","dom","Document","Type","Impl","org","apache","xerces","dom","Document","Type","Impl"],"edges":[[0,1],[0,2],[0,3],[0,4],[0,5],[0,6],[0,7],[0,8],[0,9],[3,10],[3,11],[5,12],[5,13],[7,14],[7,15],[10,16],[11,17],[11,18],[11,19],[12,20],[13,21],[13,22],[13,23],[14,24],[15,25],[15,26],[15,27],[16,28],[16,29],[16,30],[16,31],[16,32],[16,33],[16,34],[16,35],[17,36],[17,37],[17,38],[17,39],[17,40],[17,41],[17,42],[17,43],[18,44],[19,45],[19,46],[19,47],[19,48],[19,49],[19,50],[19,51],[19,52],[20,53],[20,54],[20,55],[20,56],[20,57],[20,58],[20,59],[20,60],[21,61],[21,62],[21,63],[21,64],[21,65],[21,66],[21,67],[21,68],[22,69],[23,70],[23,71],[23,72],[23,73],[23,74],[23,75],[23,76],[23,77],[24,78],[24,79],[24,80],[24,81],[24,82],[24,83],[24,84],[24,85],[25,86],[25,87],[25,88],[25,89],[25,90],[25,91],[25,92],[25,93],[26,94],[27,95],[27,96],[27,97],[27,98],[27,99],[27,100],[27,101],[27,102],[44,103],[44,104],[44,105],[44,106],[44,107],[44,108],[44,109],[69,110],[69,111],[69,112],[69,113],[69,114],[69,115],[69,116],[94,117],[94,118],[94,119],[94,120],[94,121],[94,122],[94,123]],"ID":3}],"edgeSet":[[3,1,0],[0,2,0],[2,3,1],[2,3,2]],"ENTRY":{"def":[],"use":[],"callees":[],"nodes":["CompoundStmt"],"edges":[],"ID":0},"EXIT":{"def":[],"use":[],"callees":[],"nodes":["CompoundStmt"],"edges":[],"ID":1},"method_name":"setReadOnly"},{"blocks":[{"def":[],"use":[],"callees":[],"nodes":["CompoundStmt"],"edges":[],"ID":0},{"def":[],"use":[],"callees":[],"nodes":["CompoundStmt"],"edges":[],"ID":1},{"def":["$z0","r0"],"use":["@this: org.apache.xerces.dom.DocumentTypeImpl","$z0","r0"],"callees":["needsSyncChildren"],"nodes":["CompoundStmt","DefinitionStmt","DefinitionStmt","IfStmt","Local","ThisRef","Local","Invoke","BinaryOp","RefType","RefType","Boolean","Local"," \u003d\u003d ","Constant","org","apache","xerces","dom","Document","Type","Impl","org","apache","xerces","dom","Document","Type","Impl","Boolean","0","Int"],"edges":[[0,1],[0,2],[0,3],[1,4],[1,5],[2,6],[2,7],[3,8],[4,9],[5,10],[6,11],[8,12],[8,13],[8,14],[9,15],[9,16],[9,17],[9,18],[9,19],[9,20],[9,21],[10,22],[10,23],[10,24],[10,25],[10,26],[10,27],[10,28],[12,29],[14,30],[14,31]],"ID":2},{"def":["$r1"],"use":["$r1","r0.\u003corg.apache.xerces.dom.DocumentTypeImpl: org.apache.xerces.dom.NamedNodeMapImpl elements\u003e","r0"],"callees":["synchronizeChildren"],"nodes":["CompoundStmt","Invoke","DefinitionStmt","ReturnStmt","Local","InstanceFieldRef","Local","RefType","RefType","Local","RefType","RefType","org","apache","xerces","dom","Named","Node","Map","Impl","org","apache","xerces","dom","Named","Node","Map","Impl","RefType","org","apache","xerces","dom","Named","Node","Map","Impl","org","apache","xerces","dom","Named","Node","Map","Impl","org","apache","xerces","dom","Document","Type","Impl"],"edges":[[0,1],[0,2],[0,3],[2,4],[2,5],[3,6],[4,7],[5,8],[5,9],[5,10],[6,11],[7,12],[7,13],[7,14],[7,15],[7,16],[7,17],[7,18],[7,19],[8,20],[8,21],[8,22],[8,23],[8,24],[8,25],[8,26],[8,27],[9,28],[10,29],[10,30],[10,31],[10,32],[10,33],[10,34],[10,35],[10,36],[11,37],[11,38],[11,39],[11,40],[11,41],[11,42],[11,43],[11,44],[28,45],[28,46],[28,47],[28,48],[28,49],[28,50],[28,51]],"ID":3}],"edgeSet":[[3,1,0],[0,2,0],[2,3,1],[2,3,2]],"ENTRY":{"def":[],"use":[],"callees":[],"nodes":["CompoundStmt"],"edges":[],"ID":0},"EXIT":{"def":[],"use":[],"callees":[],"nodes":["CompoundStmt"],"edges":[],"ID":1},"method_name":"getElements"}],"label":"0"}