{"data":[{"blocks":[{"def":[],"use":[],"callees":[],"nodes":["CompoundStmt"],"edges":[],"ID":0},{"def":[],"use":[],"callees":[],"nodes":["CompoundStmt"],"edges":[],"ID":1},{"def":["$r1","r0"],"use":["$r1","@this: org.apache.xml.serialize.XHTMLSerializer","r0"],"callees":["\u003cinit\u003e"],"nodes":["CompoundStmt","DefinitionStmt","DefinitionStmt","Invoke","Invoke","ReturnVoidStmt","Local","ThisRef","Local","NewExpr","RefType","RefType","RefType","RefType","org","apache","xml","serialize","X","H","T","M","L","Serializer","org","apache","xml","serialize","X","H","T","M","L","Serializer","org","apache","xml","serialize","Output","Format","org","apache","xml","serialize","Output","Format"],"edges":[[0,1],[0,2],[0,3],[0,4],[0,5],[1,6],[1,7],[2,8],[2,9],[6,10],[7,11],[8,12],[9,13],[10,14],[10,15],[10,16],[10,17],[10,18],[10,19],[10,20],[10,21],[10,22],[10,23],[11,24],[11,25],[11,26],[11,27],[11,28],[11,29],[11,30],[11,31],[11,32],[11,33],[12,34],[12,35],[12,36],[12,37],[12,38],[12,39],[13,40],[13,41],[13,42],[13,43],[13,44],[13,45]],"ID":2}],"edgeSet":[[0,2,0],[2,1,0]],"ENTRY":{"def":[],"use":[],"callees":[],"nodes":["CompoundStmt"],"edges":[],"ID":0},"EXIT":{"def":[],"use":[],"callees":[],"nodes":["CompoundStmt"],"edges":[],"ID":1},"method_name":"\u003cinit\u003e"},{"blocks":[{"def":[],"use":[],"callees":[],"nodes":["CompoundStmt"],"edges":[],"ID":0},{"def":[],"use":[],"callees":[],"nodes":["CompoundStmt"],"edges":[],"ID":1},{"def":["r0","r1"],"use":["@this: org.apache.xml.serialize.XHTMLSerializer","@parameter0: org.apache.xml.serialize.OutputFormat","r1"],"callees":[],"nodes":["CompoundStmt","DefinitionStmt","DefinitionStmt","IfStmt","Local","ThisRef","Local","Param","BinaryOp","RefType","RefType","RefType","RefType","Local"," \u003d\u003d ","Constant","org","apache","xml","serialize","X","H","T","M","L","Serializer","org","apache","xml","serialize","X","H","T","M","L","Serializer","org","apache","xml","serialize","Output","Format","org","apache","xml","serialize","Output","Format","RefType","Null","org","apache","xml","serialize","Output","Format"],"edges":[[0,1],[0,2],[0,3],[1,4],[1,5],[2,6],[2,7],[3,8],[4,9],[5,10],[6,11],[7,12],[8,13],[8,14],[8,15],[9,16],[9,17],[9,18],[9,19],[9,20],[9,21],[9,22],[9,23],[9,24],[9,25],[10,26],[10,27],[10,28],[10,29],[10,30],[10,31],[10,32],[10,33],[10,34],[10,35],[11,36],[11,37],[11,38],[11,39],[11,40],[11,41],[12,42],[12,43],[12,44],[12,45],[12,46],[12,47],[13,48],[15,49],[48,50],[48,51],[48,52],[48,53],[48,54],[48,55]],"ID":2},{"def":["$r3"],"use":["$r3","r0","r1"],"callees":["\u003cinit\u003e"],"nodes":["CompoundStmt","DefinitionStmt","GotoStmt","Invoke","ReturnVoidStmt","Local","Local","RefType","RefType","org","apache","xml","serialize","Output","Format","org","apache","xml","serialize","Output","Format"],"edges":[[0,1],[0,2],[0,3],[0,4],[1,5],[1,6],[5,7],[6,8],[7,9],[7,10],[7,11],[7,12],[7,13],[7,14],[8,15],[8,16],[8,17],[8,18],[8,19],[8,20]],"ID":3},{"def":["$r3"],"use":["$r3"],"callees":["\u003cinit\u003e"],"nodes":["CompoundStmt","DefinitionStmt","Invoke","Local","NewExpr","RefType","RefType","org","apache","xml","serialize","Output","Format","org","apache","xml","serialize","Output","Format"],"edges":[[0,1],[0,2],[1,3],[1,4],[3,5],[4,6],[5,7],[5,8],[5,9],[5,10],[5,11],[5,12],[6,13],[6,14],[6,15],[6,16],[6,17],[6,18]],"ID":4}],"edgeSet":[[3,1,0],[0,2,0],[2,3,1],[2,4,2],[4,3,0]],"ENTRY":{"def":[],"use":[],"callees":[],"nodes":["CompoundStmt"],"edges":[],"ID":0},"EXIT":{"def":[],"use":[],"callees":[],"nodes":["CompoundStmt"],"edges":[],"ID":1},"method_name":"\u003cinit\u003e"},{"blocks":[{"def":[],"use":[],"callees":[],"nodes":["CompoundStmt"],"edges":[],"ID":0},{"def":[],"use":[],"callees":[],"nodes":["CompoundStmt"],"edges":[],"ID":1},{"def":["$i0","r0"],"use":["$i0","@this: org.apache.xml.serialize.BaseMarkupSerializer","r0.\u003corg.apache.xml.serialize.BaseMarkupSerializer: int _elementStateCount\u003e","r0"],"callees":[],"nodes":["CompoundStmt","DefinitionStmt","DefinitionStmt","IfStmt","Local","ThisRef","Local","InstanceFieldRef","BinaryOp","RefType","RefType","Int","Int","Local","Int","Local"," \u003c\u003d ","Constant","org","apache","xml","serialize","Base","Markup","Serializer","org","apache","xml","serialize","Base","Markup","Serializer","RefType","Int","1","Int","org","apache","xml","serialize","Base","Markup","Serializer"],"edges":[[0,1],[0,2],[0,3],[1,4],[1,5],[2,6],[2,7],[3,8],[4,9],[5,10],[6,11],[7,12],[7,13],[7,14],[8,15],[8,16],[8,17],[9,18],[9,19],[9,20],[9,21],[9,22],[9,23],[9,24],[10,25],[10,26],[10,27],[10,28],[10,29],[10,30],[10,31],[13,32],[15,33],[17,34],[17,35],[32,36],[32,37],[32,38],[32,39],[32,40],[32,41],[32,42]],"ID":2},{"def":["$r1"],"use":["$r1"],"callees":[],"nodes":["CompoundStmt","DefinitionStmt","Invoke","ThrowStmt","Local","NewExpr","Local","RefType","RefType","RefType","java","lang","Illegal","State","Exception","java","lang","Illegal","State","Exception","java","lang","Illegal","State","Exception"],"edges":[[0,1],[0,2],[0,3],[1,4],[1,5],[3,6],[4,7],[5,8],[6,9],[7,10],[7,11],[7,12],[7,13],[7,14],[8,15],[8,16],[8,17],[8,18],[8,19],[9,20],[9,21],[9,22],[9,23],[9,24]],"ID":3},{"def":["r0.\u003corg.apache.xml.serialize.BaseMarkupSerializer: boolean _prepared\u003e"],"use":["r0"],"callees":[],"nodes":["CompoundStmt","DefinitionStmt","ReturnStmt","InstanceFieldRef","Constant","Constant","Boolean","Local","Boolean","0","Int","1","Int","RefType","org","apache","xml","serialize","Base","Markup","Serializer"],"edges":[[0,1],[0,2],[1,3],[1,4],[2,5],[3,6],[3,7],[3,8],[4,9],[4,10],[5,11],[5,12],[7,13],[13,14],[13,15],[13,16],[13,17],[13,18],[13,19],[13,20]],"ID":4}],"edgeSet":[[3,1,0],[4,1,0],[0,2,0],[2,3,1],[2,4,2]],"ENTRY":{"def":[],"use":[],"callees":[],"nodes":["CompoundStmt"],"edges":[],"ID":0},"EXIT":{"def":[],"use":[],"callees":[],"nodes":["CompoundStmt"],"edges":[],"ID":1},"method_name":"reset"},{"blocks":[{"def":[],"use":[],"callees":[],"nodes":["CompoundStmt"],"edges":[],"ID":0},{"def":[],"use":[],"callees":[],"nodes":["CompoundStmt"],"edges":[],"ID":1},{"def":["r0","r1"],"use":["@parameter0: java.io.Writer","@this: org.apache.xml.serialize.BaseMarkupSerializer","r1"],"callees":[],"nodes":["CompoundStmt","DefinitionStmt","DefinitionStmt","IfStmt","Local","ThisRef","Local","Param","BinaryOp","RefType","RefType","RefType","RefType","Local"," !\u003d ","Constant","org","apache","xml","serialize","Base","Markup","Serializer","org","apache","xml","serialize","Base","Markup","Serializer","java","io","Writer","java","io","Writer","RefType","Null","java","io","Writer"],"edges":[[0,1],[0,2],[0,3],[1,4],[1,5],[2,6],[2,7],[3,8],[4,9],[5,10],[6,11],[7,12],[8,13],[8,14],[8,15],[9,16],[9,17],[9,18],[9,19],[9,20],[9,21],[9,22],[10,23],[10,24],[10,25],[10,26],[10,27],[10,28],[10,29],[11,30],[11,31],[11,32],[12,33],[12,34],[12,35],[13,36],[15,37],[36,38],[36,39],[36,40]],"ID":2},{"def":["$r2"],"use":["$r2"],"callees":[],"nodes":["CompoundStmt","DefinitionStmt","Invoke","ThrowStmt","Local","NewExpr","Local","RefType","RefType","RefType","java","lang","Null","Pointer","Exception","java","lang","Null","Pointer","Exception","java","lang","Null","Pointer","Exception"],"edges":[[0,1],[0,2],[0,3],[1,4],[1,5],[3,6],[4,7],[5,8],[6,9],[7,10],[7,11],[7,12],[7,13],[7,14],[8,15],[8,16],[8,17],[8,18],[8,19],[9,20],[9,21],[9,22],[9,23],[9,24]],"ID":3},{"def":["r0.\u003corg.apache.xml.serialize.BaseMarkupSerializer: java.io.OutputStream _output\u003e","r0.\u003corg.apache.xml.serialize.BaseMarkupSerializer: java.io.Writer _writer\u003e"],"use":["r0","r1"],"callees":["reset"],"nodes":["CompoundStmt","DefinitionStmt","DefinitionStmt","Invoke","ReturnVoidStmt","InstanceFieldRef","Local","InstanceFieldRef","Constant","RefType","Local","RefType","RefType","RefType","Local","RefType","Null","java","io","Writer","RefType","java","io","Writer","java","io","Writer","java","io","Output","Stream","RefType","java","io","Output","Stream","org","apache","xml","serialize","Base","Markup","Serializer","org","apache","xml","serialize","Base","Markup","Serializer"],"edges":[[0,1],[0,2],[0,3],[0,4],[1,5],[1,6],[2,7],[2,8],[5,9],[5,10],[5,11],[6,12],[7,13],[7,14],[7,15],[8,16],[9,17],[9,18],[9,19],[10,20],[11,21],[11,22],[11,23],[12,24],[12,25],[12,26],[13,27],[13,28],[13,29],[13,30],[14,31],[15,32],[15,33],[15,34],[15,35],[20,36],[20,37],[20,38],[20,39],[20,40],[20,41],[20,42],[31,43],[31,44],[31,45],[31,46],[31,47],[31,48],[31,49]],"ID":4}],"edgeSet":[[3,1,0],[4,1,0],[0,2,0],[2,3,1],[2,4,2]],"ENTRY":{"def":[],"use":[],"callees":[],"nodes":["CompoundStmt"],"edges":[],"ID":0},"EXIT":{"def":[],"use":[],"callees":[],"nodes":["CompoundStmt"],"edges":[],"ID":1},"method_name":"setOutputCharStream"},{"blocks":[{"def":[],"use":[],"callees":[],"nodes":["CompoundStmt"],"edges":[],"ID":0},{"def":[],"use":[],"callees":[],"nodes":["CompoundStmt"],"edges":[],"ID":1},{"def":["r2","r0","r1"],"use":["r2","@parameter1: org.apache.xml.serialize.OutputFormat","@parameter0: java.io.Writer","@this: org.apache.xml.serialize.XHTMLSerializer"],"callees":[],"nodes":["CompoundStmt","DefinitionStmt","DefinitionStmt","DefinitionStmt","IfStmt","Local","ThisRef","Local","Param","Local","Param","BinaryOp","RefType","RefType","RefType","RefType","RefType","RefType","Local"," \u003d\u003d ","Constant","org","apache","xml","serialize","X","H","T","M","L","Serializer","org","apache","xml","serialize","X","H","T","M","L","Serializer","java","io","Writer","java","io","Writer","org","apache","xml","serialize","Output","Format","org","apache","xml","serialize","Output","Format","RefType","Null","org","apache","xml","serialize","Output","Format"],"edges":[[0,1],[0,2],[0,3],[0,4],[1,5],[1,6],[2,7],[2,8],[3,9],[3,10],[4,11],[5,12],[6,13],[7,14],[8,15],[9,16],[10,17],[11,18],[11,19],[11,20],[12,21],[12,22],[12,23],[12,24],[12,25],[12,26],[12,27],[12,28],[12,29],[12,30],[13,31],[13,32],[13,33],[13,34],[13,35],[13,36],[13,37],[13,38],[13,39],[13,40],[14,41],[14,42],[14,43],[15,44],[15,45],[15,46],[16,47],[16,48],[16,49],[16,50],[16,51],[16,52],[17,53],[17,54],[17,55],[17,56],[17,57],[17,58],[18,59],[20,60],[59,61],[59,62],[59,63],[59,64],[59,65],[59,66]],"ID":2},{"def":["$r4"],"use":["r2","$r4","r0","r1"],"callees":["\u003cinit\u003e","setOutputCharStream"],"nodes":["CompoundStmt","DefinitionStmt","GotoStmt","Invoke","Invoke","ReturnVoidStmt","Local","Local","RefType","RefType","org","apache","xml","serialize","Output","Format","org","apache","xml","serialize","Output","Format"],"edges":[[0,1],[0,2],[0,3],[0,4],[0,5],[1,6],[1,7],[6,8],[7,9],[8,10],[8,11],[8,12],[8,13],[8,14],[8,15],[9,16],[9,17],[9,18],[9,19],[9,20],[9,21]],"ID":3},{"def":["$r4"],"use":["$r4"],"callees":["\u003cinit\u003e"],"nodes":["CompoundStmt","DefinitionStmt","Invoke","Local","NewExpr","RefType","RefType","org","apache","xml","serialize","Output","Format","org","apache","xml","serialize","Output","Format"],"edges":[[0,1],[0,2],[1,3],[1,4],[3,5],[4,6],[5,7],[5,8],[5,9],[5,10],[5,11],[5,12],[6,13],[6,14],[6,15],[6,16],[6,17],[6,18]],"ID":4}],"edgeSet":[[3,1,0],[0,2,0],[2,3,1],[2,4,2],[4,3,0]],"ENTRY":{"def":[],"use":[],"callees":[],"nodes":["CompoundStmt"],"edges":[],"ID":0},"EXIT":{"def":[],"use":[],"callees":[],"nodes":["CompoundStmt"],"edges":[],"ID":1},"method_name":"\u003cinit\u003e"},{"blocks":[{"def":[],"use":[],"callees":[],"nodes":["CompoundStmt"],"edges":[],"ID":0},{"def":[],"use":[],"callees":[],"nodes":["CompoundStmt"],"edges":[],"ID":1},{"def":["r0","r1"],"use":["@parameter0: java.io.OutputStream","@this: org.apache.xml.serialize.BaseMarkupSerializer","r1"],"callees":[],"nodes":["CompoundStmt","DefinitionStmt","DefinitionStmt","IfStmt","Local","ThisRef","Local","Param","BinaryOp","RefType","RefType","RefType","RefType","Local"," !\u003d ","Constant","org","apache","xml","serialize","Base","Markup","Serializer","org","apache","xml","serialize","Base","Markup","Serializer","java","io","Output","Stream","java","io","Output","Stream","RefType","Null","java","io","Output","Stream"],"edges":[[0,1],[0,2],[0,3],[1,4],[1,5],[2,6],[2,7],[3,8],[4,9],[5,10],[6,11],[7,12],[8,13],[8,14],[8,15],[9,16],[9,17],[9,18],[9,19],[9,20],[9,21],[9,22],[10,23],[10,24],[10,25],[10,26],[10,27],[10,28],[10,29],[11,30],[11,31],[11,32],[11,33],[12,34],[12,35],[12,36],[12,37],[13,38],[15,39],[38,40],[38,41],[38,42],[38,43]],"ID":2},{"def":["$r2"],"use":["$r2"],"callees":[],"nodes":["CompoundStmt","DefinitionStmt","Invoke","ThrowStmt","Local","NewExpr","Local","RefType","RefType","RefType","java","lang","Null","Pointer","Exception","java","lang","Null","Pointer","Exception","java","lang","Null","Pointer","Exception"],"edges":[[0,1],[0,2],[0,3],[1,4],[1,5],[3,6],[4,7],[5,8],[6,9],[7,10],[7,11],[7,12],[7,13],[7,14],[8,15],[8,16],[8,17],[8,18],[8,19],[9,20],[9,21],[9,22],[9,23],[9,24]],"ID":3},{"def":["r0.\u003corg.apache.xml.serialize.BaseMarkupSerializer: java.io.OutputStream _output\u003e","r0.\u003corg.apache.xml.serialize.BaseMarkupSerializer: java.io.Writer _writer\u003e"],"use":["r0","r1"],"callees":["reset"],"nodes":["CompoundStmt","DefinitionStmt","DefinitionStmt","Invoke","ReturnVoidStmt","InstanceFieldRef","Local","InstanceFieldRef","Constant","RefType","Local","RefType","RefType","RefType","Local","RefType","Null","java","io","Output","Stream","RefType","java","io","Output","Stream","java","io","Output","Stream","java","io","Writer","RefType","java","io","Writer","org","apache","xml","serialize","Base","Markup","Serializer","org","apache","xml","serialize","Base","Markup","Serializer"],"edges":[[0,1],[0,2],[0,3],[0,4],[1,5],[1,6],[2,7],[2,8],[5,9],[5,10],[5,11],[6,12],[7,13],[7,14],[7,15],[8,16],[9,17],[9,18],[9,19],[9,20],[10,21],[11,22],[11,23],[11,24],[11,25],[12,26],[12,27],[12,28],[12,29],[13,30],[13,31],[13,32],[14,33],[15,34],[15,35],[15,36],[21,37],[21,38],[21,39],[21,40],[21,41],[21,42],[21,43],[33,44],[33,45],[33,46],[33,47],[33,48],[33,49],[33,50]],"ID":4}],"edgeSet":[[3,1,0],[4,1,0],[0,2,0],[2,3,1],[2,4,2]],"ENTRY":{"def":[],"use":[],"callees":[],"nodes":["CompoundStmt"],"edges":[],"ID":0},"EXIT":{"def":[],"use":[],"callees":[],"nodes":["CompoundStmt"],"edges":[],"ID":1},"method_name":"setOutputByteStream"},{"blocks":[{"def":[],"use":[],"callees":[],"nodes":["CompoundStmt"],"edges":[],"ID":0},{"def":[],"use":[],"callees":[],"nodes":["CompoundStmt"],"edges":[],"ID":1},{"def":["r2","r0","r1"],"use":["r2","@parameter1: org.apache.xml.serialize.OutputFormat","@this: org.apache.xml.serialize.XHTMLSerializer","@parameter0: java.io.OutputStream"],"callees":[],"nodes":["CompoundStmt","DefinitionStmt","DefinitionStmt","DefinitionStmt","IfStmt","Local","ThisRef","Local","Param","Local","Param","BinaryOp","RefType","RefType","RefType","RefType","RefType","RefType","Local"," \u003d\u003d ","Constant","org","apache","xml","serialize","X","H","T","M","L","Serializer","org","apache","xml","serialize","X","H","T","M","L","Serializer","java","io","Output","Stream","java","io","Output","Stream","org","apache","xml","serialize","Output","Format","org","apache","xml","serialize","Output","Format","RefType","Null","org","apache","xml","serialize","Output","Format"],"edges":[[0,1],[0,2],[0,3],[0,4],[1,5],[1,6],[2,7],[2,8],[3,9],[3,10],[4,11],[5,12],[6,13],[7,14],[8,15],[9,16],[10,17],[11,18],[11,19],[11,20],[12,21],[12,22],[12,23],[12,24],[12,25],[12,26],[12,27],[12,28],[12,29],[12,30],[13,31],[13,32],[13,33],[13,34],[13,35],[13,36],[13,37],[13,38],[13,39],[13,40],[14,41],[14,42],[14,43],[14,44],[15,45],[15,46],[15,47],[15,48],[16,49],[16,50],[16,51],[16,52],[16,53],[16,54],[17,55],[17,56],[17,57],[17,58],[17,59],[17,60],[18,61],[20,62],[61,63],[61,64],[61,65],[61,66],[61,67],[61,68]],"ID":2},{"def":["$r4"],"use":["r2","$r4","r0","r1"],"callees":["setOutputByteStream","\u003cinit\u003e"],"nodes":["CompoundStmt","DefinitionStmt","GotoStmt","Invoke","Invoke","ReturnVoidStmt","Local","Local","RefType","RefType","org","apache","xml","serialize","Output","Format","org","apache","xml","serialize","Output","Format"],"edges":[[0,1],[0,2],[0,3],[0,4],[0,5],[1,6],[1,7],[6,8],[7,9],[8,10],[8,11],[8,12],[8,13],[8,14],[8,15],[9,16],[9,17],[9,18],[9,19],[9,20],[9,21]],"ID":3},{"def":["$r4"],"use":["$r4"],"callees":["\u003cinit\u003e"],"nodes":["CompoundStmt","DefinitionStmt","Invoke","Local","NewExpr","RefType","RefType","org","apache","xml","serialize","Output","Format","org","apache","xml","serialize","Output","Format"],"edges":[[0,1],[0,2],[1,3],[1,4],[3,5],[4,6],[5,7],[5,8],[5,9],[5,10],[5,11],[5,12],[6,13],[6,14],[6,15],[6,16],[6,17],[6,18]],"ID":4}],"edgeSet":[[3,1,0],[0,2,0],[2,3,1],[2,4,2],[4,3,0]],"ENTRY":{"def":[],"use":[],"callees":[],"nodes":["CompoundStmt"],"edges":[],"ID":0},"EXIT":{"def":[],"use":[],"callees":[],"nodes":["CompoundStmt"],"edges":[],"ID":1},"method_name":"\u003cinit\u003e"},{"blocks":[{"def":[],"use":[],"callees":[],"nodes":["CompoundStmt"],"edges":[],"ID":0},{"def":[],"use":[],"callees":[],"nodes":["CompoundStmt"],"edges":[],"ID":1},{"def":["r0","r1"],"use":["@this: org.apache.xml.serialize.XHTMLSerializer","@parameter0: org.apache.xml.serialize.OutputFormat","r1"],"callees":[],"nodes":["CompoundStmt","DefinitionStmt","DefinitionStmt","IfStmt","Local","ThisRef","Local","Param","BinaryOp","RefType","RefType","RefType","RefType","Local"," \u003d\u003d ","Constant","org","apache","xml","serialize","X","H","T","M","L","Serializer","org","apache","xml","serialize","X","H","T","M","L","Serializer","org","apache","xml","serialize","Output","Format","org","apache","xml","serialize","Output","Format","RefType","Null","org","apache","xml","serialize","Output","Format"],"edges":[[0,1],[0,2],[0,3],[1,4],[1,5],[2,6],[2,7],[3,8],[4,9],[5,10],[6,11],[7,12],[8,13],[8,14],[8,15],[9,16],[9,17],[9,18],[9,19],[9,20],[9,21],[9,22],[9,23],[9,24],[9,25],[10,26],[10,27],[10,28],[10,29],[10,30],[10,31],[10,32],[10,33],[10,34],[10,35],[11,36],[11,37],[11,38],[11,39],[11,40],[11,41],[12,42],[12,43],[12,44],[12,45],[12,46],[12,47],[13,48],[15,49],[48,50],[48,51],[48,52],[48,53],[48,54],[48,55]],"ID":2},{"def":["$r3"],"use":["$r3","r0","r1"],"callees":["setOutputFormat"],"nodes":["CompoundStmt","DefinitionStmt","GotoStmt","Invoke","ReturnVoidStmt","Local","Local","RefType","RefType","org","apache","xml","serialize","Output","Format","org","apache","xml","serialize","Output","Format"],"edges":[[0,1],[0,2],[0,3],[0,4],[1,5],[1,6],[5,7],[6,8],[7,9],[7,10],[7,11],[7,12],[7,13],[7,14],[8,15],[8,16],[8,17],[8,18],[8,19],[8,20]],"ID":3},{"def":["$r3"],"use":["$r3"],"callees":["\u003cinit\u003e"],"nodes":["CompoundStmt","DefinitionStmt","Invoke","Local","NewExpr","RefType","RefType","org","apache","xml","serialize","Output","Format","org","apache","xml","serialize","Output","Format"],"edges":[[0,1],[0,2],[1,3],[1,4],[3,5],[4,6],[5,7],[5,8],[5,9],[5,10],[5,11],[5,12],[6,13],[6,14],[6,15],[6,16],[6,17],[6,18]],"ID":4}],"edgeSet":[[3,1,0],[0,2,0],[2,3,1],[2,4,2],[4,3,0]],"ENTRY":{"def":[],"use":[],"callees":[],"nodes":["CompoundStmt"],"edges":[],"ID":0},"EXIT":{"def":[],"use":[],"callees":[],"nodes":["CompoundStmt"],"edges":[],"ID":1},"method_name":"setOutputFormat"}],"label":"0"}