{"data":[{"blocks":[{"def":[],"use":[],"callees":[],"nodes":["CompoundStmt"],"edges":[],"ID":0},{"def":[],"use":[],"callees":[],"nodes":["CompoundStmt"],"edges":[],"ID":1},{"def":["r2","r0","r1"],"use":["r2","@this: org.apache.html.dom.NameNodeListImpl","@parameter0: org.apache.xerces.dom.NodeImpl","@parameter1: java.lang.String","r0","r1"],"callees":[],"nodes":["CompoundStmt","DefinitionStmt","DefinitionStmt","DefinitionStmt","Invoke","ReturnVoidStmt","Local","ThisRef","Local","Param","Local","Param","RefType","RefType","RefType","RefType","RefType","RefType","org","apache","html","dom","Name","Node","List","Impl","org","apache","html","dom","Name","Node","List","Impl","org","apache","xerces","dom","Node","Impl","org","apache","xerces","dom","Node","Impl","java","lang","String","java","lang","String"],"edges":[[0,1],[0,2],[0,3],[0,4],[0,5],[1,6],[1,7],[2,8],[2,9],[3,10],[3,11],[6,12],[7,13],[8,14],[9,15],[10,16],[11,17],[12,18],[12,19],[12,20],[12,21],[12,22],[12,23],[12,24],[12,25],[13,26],[13,27],[13,28],[13,29],[13,30],[13,31],[13,32],[13,33],[14,34],[14,35],[14,36],[14,37],[14,38],[14,39],[15,40],[15,41],[15,42],[15,43],[15,44],[15,45],[16,46],[16,47],[16,48],[17,49],[17,50],[17,51]],"ID":2}],"edgeSet":[[0,2,0],[2,1,0]],"ENTRY":{"def":[],"use":[],"callees":[],"nodes":["CompoundStmt"],"edges":[],"ID":0},"EXIT":{"def":[],"use":[],"callees":[],"nodes":["CompoundStmt"],"edges":[],"ID":1},"method_name":"\u003cinit\u003e"},{"blocks":[{"def":[],"use":[],"callees":[],"nodes":["CompoundStmt"],"edges":[],"ID":0},{"def":[],"use":[],"callees":[],"nodes":["CompoundStmt"],"edges":[],"ID":1},{"def":["r7","r0"],"use":["r7","@parameter0: org.w3c.dom.Node","@this: org.apache.html.dom.NameNodeListImpl"],"callees":[],"nodes":["CompoundStmt","DefinitionStmt","DefinitionStmt","GotoStmt","IfStmt","Local","ThisRef","Local","Param","BinaryOp","RefType","RefType","RefType","RefType","Local"," !\u003d ","Constant","org","apache","html","dom","Name","Node","List","Impl","org","apache","html","dom","Name","Node","List","Impl","org","w3c","dom","Node","org","w3c","dom","Node","RefType","Null","org","w3c","dom","Node"],"edges":[[0,1],[0,2],[0,3],[0,4],[1,5],[1,6],[2,7],[2,8],[4,9],[5,10],[6,11],[7,12],[8,13],[9,14],[9,15],[9,16],[10,17],[10,18],[10,19],[10,20],[10,21],[10,22],[10,23],[10,24],[11,25],[11,26],[11,27],[11,28],[11,29],[11,30],[11,31],[11,32],[12,33],[12,34],[12,35],[12,36],[13,37],[13,38],[13,39],[13,40],[14,41],[16,42],[41,43],[41,44],[41,45],[41,46]],"ID":2},{"def":["$z0"],"use":["r7","$z0"],"callees":[],"nodes":["CompoundStmt","DefinitionStmt","IfStmt","Local","Invoke","BinaryOp","Boolean","Local"," \u003d\u003d ","Constant","Boolean","0","Int"],"edges":[[0,1],[0,2],[1,3],[1,4],[2,5],[3,6],[5,7],[5,8],[5,9],[7,10],[9,11],[9,12]],"ID":3},{"def":["r7","$r10"],"use":["r7","r0.\u003corg.apache.xerces.dom.DeepNodeListImpl: org.apache.xerces.dom.NodeImpl rootNode\u003e","r0","$r10"],"callees":[],"nodes":["CompoundStmt","DefinitionStmt","GotoStmt","DefinitionStmt","IfStmt","Local","Invoke","Local","InstanceFieldRef","BinaryOp","RefType","RefType","RefType","Local","RefType","Local"," \u003d\u003d ","Local","org","w3c","dom","Node","org","apache","xerces","dom","Node","Impl","org","apache","xerces","dom","Node","Impl","RefType","org","apache","xerces","dom","Node","Impl","RefType","RefType","org","apache","html","dom","Name","Node","List","Impl","org","w3c","dom","Node","org","apache","xerces","dom","Node","Impl"],"edges":[[0,1],[0,2],[0,3],[0,4],[1,5],[1,6],[3,7],[3,8],[4,9],[5,10],[7,11],[8,12],[8,13],[8,14],[9,15],[9,16],[9,17],[10,18],[10,19],[10,20],[10,21],[11,22],[11,23],[11,24],[11,25],[11,26],[11,27],[12,28],[12,29],[12,30],[12,31],[12,32],[12,33],[13,34],[14,35],[14,36],[14,37],[14,38],[14,39],[14,40],[15,41],[17,42],[34,43],[34,44],[34,45],[34,46],[34,47],[34,48],[34,49],[34,50],[41,51],[41,52],[41,53],[41,54],[42,55],[42,56],[42,57],[42,58],[42,59],[42,60]],"ID":4},{"def":["$r2"],"use":["$r2","r7","r0.\u003corg.apache.xerces.dom.DeepNodeListImpl: org.apache.xerces.dom.NodeImpl rootNode\u003e","r0"],"callees":[],"nodes":["CompoundStmt","DefinitionStmt","IfStmt","Local","InstanceFieldRef","BinaryOp","RefType","RefType","Local","RefType","Local"," \u003d\u003d ","Local","org","apache","xerces","dom","Node","Impl","org","apache","xerces","dom","Node","Impl","RefType","org","apache","xerces","dom","Node","Impl","RefType","RefType","org","apache","html","dom","Name","Node","List","Impl","org","w3c","dom","Node","org","apache","xerces","dom","Node","Impl"],"edges":[[0,1],[0,2],[1,3],[1,4],[2,5],[3,6],[4,7],[4,8],[4,9],[5,10],[5,11],[5,12],[6,13],[6,14],[6,15],[6,16],[6,17],[6,18],[7,19],[7,20],[7,21],[7,22],[7,23],[7,24],[8,25],[9,26],[9,27],[9,28],[9,29],[9,30],[9,31],[10,32],[12,33],[25,34],[25,35],[25,36],[25,37],[25,38],[25,39],[25,40],[25,41],[32,42],[32,43],[32,44],[32,45],[33,46],[33,47],[33,48],[33,49],[33,50],[33,51]],"ID":5},{"def":["r8","$r6"],"use":["r7","$r6"],"callees":[],"nodes":["CompoundStmt","DefinitionStmt","DefinitionStmt","IfStmt","Local","Invoke","Local","Local","BinaryOp","RefType","RefType","RefType","Constant"," \u003d\u003d ","Local","org","w3c","dom","Node","org","w3c","dom","Node","org","w3c","dom","Node","Null","RefType","org","w3c","dom","Node"],"edges":[[0,1],[0,2],[0,3],[1,4],[1,5],[2,6],[2,7],[3,8],[4,9],[6,10],[7,11],[8,12],[8,13],[8,14],[9,15],[9,16],[9,17],[9,18],[10,19],[10,20],[10,21],[10,22],[11,23],[11,24],[11,25],[11,26],[12,27],[14,28],[28,29],[28,30],[28,31],[28,32]],"ID":6},{"def":["r7"],"use":["r8"],"callees":[],"nodes":["CompoundStmt","DefinitionStmt","GotoStmt","Local","Local","RefType","RefType","org","w3c","dom","Node","org","w3c","dom","Node"],"edges":[[0,1],[0,2],[1,3],[1,4],[3,5],[4,6],[5,7],[5,8],[5,9],[5,10],[6,11],[6,12],[6,13],[6,14]],"ID":7},{"def":["$r3","r9"],"use":["r7","$r3","r0.\u003corg.apache.xerces.dom.DeepNodeListImpl: org.apache.xerces.dom.NodeImpl rootNode\u003e","r0"],"callees":[],"nodes":["CompoundStmt","DefinitionStmt","GotoStmt","DefinitionStmt","IfStmt","Local","Constant","Local","InstanceFieldRef","BinaryOp","RefType","Null","RefType","RefType","Local","RefType","Local"," !\u003d ","Local","org","w3c","dom","Node","org","apache","xerces","dom","Node","Impl","org","apache","xerces","dom","Node","Impl","RefType","org","apache","xerces","dom","Node","Impl","RefType","RefType","org","apache","html","dom","Name","Node","List","Impl","org","w3c","dom","Node","org","apache","xerces","dom","Node","Impl"],"edges":[[0,1],[0,2],[0,3],[0,4],[1,5],[1,6],[3,7],[3,8],[4,9],[5,10],[6,11],[7,12],[8,13],[8,14],[8,15],[9,16],[9,17],[9,18],[10,19],[10,20],[10,21],[10,22],[12,23],[12,24],[12,25],[12,26],[12,27],[12,28],[13,29],[13,30],[13,31],[13,32],[13,33],[13,34],[14,35],[15,36],[15,37],[15,38],[15,39],[15,40],[15,41],[16,42],[18,43],[35,44],[35,45],[35,46],[35,47],[35,48],[35,49],[35,50],[35,51],[42,52],[42,53],[42,54],[42,55],[43,56],[43,57],[43,58],[43,59],[43,60],[43,61]],"ID":8},{"def":["r9"],"use":["r7","r9"],"callees":[],"nodes":["CompoundStmt","DefinitionStmt","IfStmt","Local","Invoke","BinaryOp","RefType","Local"," \u003d\u003d ","Constant","org","w3c","dom","Node","RefType","Null","org","w3c","dom","Node"],"edges":[[0,1],[0,2],[1,3],[1,4],[2,5],[3,6],[5,7],[5,8],[5,9],[6,10],[6,11],[6,12],[6,13],[7,14],[9,15],[14,16],[14,17],[14,18],[14,19]],"ID":9},{"def":["r7"],"use":["r9"],"callees":[],"nodes":["CompoundStmt","GotoStmt","DefinitionStmt","Local","Local","RefType","RefType","org","w3c","dom","Node","org","w3c","dom","Node"],"edges":[[0,1],[0,2],[2,3],[2,4],[3,5],[4,6],[5,7],[5,8],[5,9],[5,10],[6,11],[6,12],[6,13],[6,14]],"ID":10},{"def":["r7"],"use":["r7"],"callees":[],"nodes":["CompoundStmt","DefinitionStmt","Local","Invoke","RefType","org","w3c","dom","Node"],"edges":[[0,1],[1,2],[1,3],[2,4],[4,5],[4,6],[4,7],[4,8]],"ID":11},{"def":[],"use":["r7"],"callees":[],"nodes":["CompoundStmt","IfStmt","BinaryOp","Local"," \u003d\u003d ","Constant","RefType","Null","org","w3c","dom","Node"],"edges":[[0,1],[1,2],[2,3],[2,4],[2,5],[3,6],[5,7],[6,8],[6,9],[6,10],[6,11]],"ID":12},{"def":["$s0"],"use":["$s0","r7"],"callees":[],"nodes":["CompoundStmt","DefinitionStmt","IfStmt","Local","Invoke","BinaryOp","Short","Local"," !\u003d ","Constant","Short","1","Int"],"edges":[[0,1],[0,2],[1,3],[1,4],[2,5],[3,6],[5,7],[5,8],[5,9],[7,10],[9,11],[9,12]],"ID":13},{"def":["$r4","$z1","r1"],"use":["r7","$r4","$z1","r1"],"callees":[],"nodes":["CompoundStmt","DefinitionStmt","DefinitionStmt","DefinitionStmt","IfStmt","Local","CastExpr","Local","Invoke","Local","Invoke","BinaryOp","RefType","RefType","RefType","Local","RefType","Boolean","Local"," !\u003d ","Constant","org","apache","xerces","dom","Element","Impl","org","apache","xerces","dom","Element","Impl","org","apache","xerces","dom","Element","Impl","RefType","java","lang","String","Boolean","0","Int","org","w3c","dom","Node"],"edges":[[0,1],[0,2],[0,3],[0,4],[1,5],[1,6],[2,7],[2,8],[3,9],[3,10],[4,11],[5,12],[6,13],[6,14],[6,15],[7,16],[9,17],[11,18],[11,19],[11,20],[12,21],[12,22],[12,23],[12,24],[12,25],[12,26],[13,27],[13,28],[13,29],[13,30],[13,31],[13,32],[14,33],[14,34],[14,35],[14,36],[14,37],[14,38],[15,39],[16,40],[16,41],[16,42],[18,43],[20,44],[20,45],[39,46],[39,47],[39,48],[39,49]],"ID":14},{"def":["$r5","$z2"],"use":["$r5","r0.\u003corg.apache.xerces.dom.DeepNodeListImpl: java.lang.String tagName\u003e","$z2","r0","r1"],"callees":[],"nodes":["CompoundStmt","DefinitionStmt","DefinitionStmt","IfStmt","Local","InstanceFieldRef","Local","Invoke","BinaryOp","RefType","RefType","Local","RefType","Boolean","Local"," \u003d\u003d ","Constant","java","lang","String","java","lang","String","RefType","java","lang","String","Boolean","0","Int","org","apache","html","dom","Name","Node","List","Impl"],"edges":[[0,1],[0,2],[0,3],[1,4],[1,5],[2,6],[2,7],[3,8],[4,9],[5,10],[5,11],[5,12],[6,13],[8,14],[8,15],[8,16],[9,17],[9,18],[9,19],[10,20],[10,21],[10,22],[11,23],[12,24],[12,25],[12,26],[14,27],[16,28],[16,29],[23,30],[23,31],[23,32],[23,33],[23,34],[23,35],[23,36],[23,37]],"ID":15},{"def":[],"use":["r7"],"callees":[],"nodes":["CompoundStmt","ReturnStmt","Local","RefType","org","w3c","dom","Node"],"edges":[[0,1],[1,2],[2,3],[3,4],[3,5],[3,6],[3,7]],"ID":16},{"def":[],"use":[],"callees":[],"nodes":["CompoundStmt","ReturnStmt","Constant","Null"],"edges":[[0,1],[1,2],[2,3]],"ID":17}],"edgeSet":[[7,4,0],[11,8,0],[4,2,2],[10,4,0],[12,2,2],[13,2,2],[15,2,2],[2,17,1],[3,5,2],[6,7,1],[9,11,2],[12,13,1],[14,15,1],[8,9,2],[2,3,2],[16,1,0],[17,1,0],[4,12,1],[0,2,0],[5,8,2],[8,10,1],[3,4,1],[5,6,1],[6,8,2],[9,10,1],[13,14,1],[14,16,2],[15,16,1]],"ENTRY":{"def":[],"use":[],"callees":[],"nodes":["CompoundStmt"],"edges":[],"ID":0},"EXIT":{"def":[],"use":[],"callees":[],"nodes":["CompoundStmt"],"edges":[],"ID":1},"method_name":"nextMatchingElementAfter"}],"label":"0"}