{"data":[{"blocks":[{"def":[],"use":[],"callees":[],"nodes":["CompoundStmt"],"edges":[],"ID":0},{"def":[],"use":[],"callees":[],"nodes":["CompoundStmt"],"edges":[],"ID":1},{"def":["r0"],"use":["@this: org.apache.xml.serialize.HTMLdtd","r0"],"callees":[],"nodes":["CompoundStmt","DefinitionStmt","Invoke","ReturnVoidStmt","Local","ThisRef","RefType","RefType","org","apache","xml","serialize","H","T","M","Ldtd","org","apache","xml","serialize","H","T","M","Ldtd"],"edges":[[0,1],[0,2],[0,3],[1,4],[1,5],[4,6],[5,7],[6,8],[6,9],[6,10],[6,11],[6,12],[6,13],[6,14],[6,15],[7,16],[7,17],[7,18],[7,19],[7,20],[7,21],[7,22],[7,23]],"ID":2}],"edgeSet":[[0,2,0],[2,1,0]],"ENTRY":{"def":[],"use":[],"callees":[],"nodes":["CompoundStmt"],"edges":[],"ID":0},"EXIT":{"def":[],"use":[],"callees":[],"nodes":["CompoundStmt"],"edges":[],"ID":1},"method_name":"\u003cinit\u003e"},{"blocks":[{"def":[],"use":[],"callees":[],"nodes":["CompoundStmt"],"edges":[],"ID":0},{"def":[],"use":[],"callees":[],"nodes":["CompoundStmt"],"edges":[],"ID":1},{"def":["$r2","$r3","$r4","i0","r0","r1"],"use":["\u003corg.apache.xml.serialize.HTMLdtd: java.util.Hashtable _elemDefs\u003e","$r2","$r3","$r4","@parameter0: java.lang.String","@parameter1: int","r0","r1"],"callees":[],"nodes":["CompoundStmt","DefinitionStmt","DefinitionStmt","DefinitionStmt","DefinitionStmt","DefinitionStmt","DefinitionStmt","IfStmt","Local","Param","Local","Param","Local","StaticFieldRef","Local","Invoke","Local","Invoke","Local","CastExpr","BinaryOp","RefType","RefType","Int","Int","RefType","RefType","RefType","RefType","RefType","RefType","RefType","RefType","Local","Local"," !\u003d ","Constant","java","lang","String","java","lang","String","java","util","Hashtable","java","util","Hashtable","java","util","Hashtable","java","lang","String","java","lang","Object","java","lang","Integer","java","lang","Integer","java","lang","Integer","RefType","RefType","Null","java","lang","Object","java","lang","Integer"],"edges":[[0,1],[0,2],[0,3],[0,4],[0,5],[0,6],[0,7],[1,8],[1,9],[2,10],[2,11],[3,12],[3,13],[4,14],[4,15],[5,16],[5,17],[6,18],[6,19],[7,20],[8,21],[9,22],[10,23],[11,24],[12,25],[13,26],[13,27],[14,28],[16,29],[18,30],[19,31],[19,32],[19,33],[20,34],[20,35],[20,36],[21,37],[21,38],[21,39],[22,40],[22,41],[22,42],[25,43],[25,44],[25,45],[26,46],[26,47],[26,48],[27,49],[27,50],[27,51],[28,52],[28,53],[28,54],[29,55],[29,56],[29,57],[30,58],[30,59],[30,60],[31,61],[31,62],[31,63],[32,64],[32,65],[32,66],[33,67],[34,68],[36,69],[67,70],[67,71],[67,72],[68,73],[68,74],[68,75]],"ID":2},{"def":[],"use":[],"callees":[],"nodes":["CompoundStmt","ReturnStmt","Constant","0","Int"],"edges":[[0,1],[1,2],[2,3],[2,4]],"ID":3},{"def":["$i1","$i2"],"use":["i0","$i1","$i2","r1"],"callees":[],"nodes":["CompoundStmt","DefinitionStmt","DefinitionStmt","IfStmt","Local","Invoke","Local","BinaryOp","BinaryOp","Int","Int","Local"," \u0026 ","Local","Local"," !\u003d ","Local","Int","Int","Int","Int"],"edges":[[0,1],[0,2],[0,3],[1,4],[1,5],[2,6],[2,7],[3,8],[4,9],[6,10],[7,11],[7,12],[7,13],[8,14],[8,15],[8,16],[11,17],[13,18],[14,19],[16,20]],"ID":4},{"def":["$z0"],"use":["$z0"],"callees":[],"nodes":["CompoundStmt","DefinitionStmt","GotoStmt","ReturnStmt","Local","Constant","Local","Boolean","1","Int","Boolean"],"edges":[[0,1],[0,2],[0,3],[1,4],[1,5],[3,6],[4,7],[5,8],[5,9],[6,10]],"ID":5},{"def":["$z0"],"use":[],"callees":[],"nodes":["CompoundStmt","DefinitionStmt","Local","Constant","Boolean","0","Int"],"edges":[[0,1],[1,2],[1,3],[2,4],[3,5],[3,6]],"ID":6}],"edgeSet":[[3,1,0],[5,1,0],[0,2,0],[2,3,1],[2,4,2],[4,5,1],[4,6,2],[6,5,0]],"ENTRY":{"def":[],"use":[],"callees":[],"nodes":["CompoundStmt"],"edges":[],"ID":0},"EXIT":{"def":[],"use":[],"callees":[],"nodes":["CompoundStmt"],"edges":[],"ID":1},"method_name":"isElement"},{"blocks":[{"def":[],"use":[],"callees":[],"nodes":["CompoundStmt"],"edges":[],"ID":0},{"def":[],"use":[],"callees":[],"nodes":["CompoundStmt"],"edges":[],"ID":1},{"def":["$z0","r0"],"use":["$z0","@parameter0: java.lang.String","r0"],"callees":["isElement"],"nodes":["CompoundStmt","DefinitionStmt","DefinitionStmt","ReturnStmt","Local","Param","Local","Invoke","Local","RefType","RefType","Boolean","Boolean","java","lang","String","java","lang","String"],"edges":[[0,1],[0,2],[0,3],[1,4],[1,5],[2,6],[2,7],[3,8],[4,9],[5,10],[6,11],[8,12],[9,13],[9,14],[9,15],[10,16],[10,17],[10,18]],"ID":2}],"edgeSet":[[0,2,0],[2,1,0]],"ENTRY":{"def":[],"use":[],"callees":[],"nodes":["CompoundStmt"],"edges":[],"ID":0},"EXIT":{"def":[],"use":[],"callees":[],"nodes":["CompoundStmt"],"edges":[],"ID":1},"method_name":"isEmptyTag"},{"blocks":[{"def":[],"use":[],"callees":[],"nodes":["CompoundStmt"],"edges":[],"ID":0},{"def":[],"use":[],"callees":[],"nodes":["CompoundStmt"],"edges":[],"ID":1},{"def":["$z0","r0"],"use":["$z0","@parameter0: java.lang.String","r0"],"callees":["isElement"],"nodes":["CompoundStmt","DefinitionStmt","DefinitionStmt","ReturnStmt","Local","Param","Local","Invoke","Local","RefType","RefType","Boolean","Boolean","java","lang","String","java","lang","String"],"edges":[[0,1],[0,2],[0,3],[1,4],[1,5],[2,6],[2,7],[3,8],[4,9],[5,10],[6,11],[8,12],[9,13],[9,14],[9,15],[10,16],[10,17],[10,18]],"ID":2}],"edgeSet":[[0,2,0],[2,1,0]],"ENTRY":{"def":[],"use":[],"callees":[],"nodes":["CompoundStmt"],"edges":[],"ID":0},"EXIT":{"def":[],"use":[],"callees":[],"nodes":["CompoundStmt"],"edges":[],"ID":1},"method_name":"isElementContent"},{"blocks":[{"def":[],"use":[],"callees":[],"nodes":["CompoundStmt"],"edges":[],"ID":0},{"def":[],"use":[],"callees":[],"nodes":["CompoundStmt"],"edges":[],"ID":1},{"def":["$z0","r0"],"use":["$z0","@parameter0: java.lang.String","r0"],"callees":["isElement"],"nodes":["CompoundStmt","DefinitionStmt","DefinitionStmt","ReturnStmt","Local","Param","Local","Invoke","Local","RefType","RefType","Boolean","Boolean","java","lang","String","java","lang","String"],"edges":[[0,1],[0,2],[0,3],[1,4],[1,5],[2,6],[2,7],[3,8],[4,9],[5,10],[6,11],[8,12],[9,13],[9,14],[9,15],[10,16],[10,17],[10,18]],"ID":2}],"edgeSet":[[0,2,0],[2,1,0]],"ENTRY":{"def":[],"use":[],"callees":[],"nodes":["CompoundStmt"],"edges":[],"ID":0},"EXIT":{"def":[],"use":[],"callees":[],"nodes":["CompoundStmt"],"edges":[],"ID":1},"method_name":"isPreserveSpace"},{"blocks":[{"def":[],"use":[],"callees":[],"nodes":["CompoundStmt"],"edges":[],"ID":0},{"def":[],"use":[],"callees":[],"nodes":["CompoundStmt"],"edges":[],"ID":1},{"def":["$z0","r0"],"use":["$z0","@parameter0: java.lang.String","r0"],"callees":["isElement"],"nodes":["CompoundStmt","DefinitionStmt","DefinitionStmt","ReturnStmt","Local","Param","Local","Invoke","Local","RefType","RefType","Boolean","Boolean","java","lang","String","java","lang","String"],"edges":[[0,1],[0,2],[0,3],[1,4],[1,5],[2,6],[2,7],[3,8],[4,9],[5,10],[6,11],[8,12],[9,13],[9,14],[9,15],[10,16],[10,17],[10,18]],"ID":2}],"edgeSet":[[0,2,0],[2,1,0]],"ENTRY":{"def":[],"use":[],"callees":[],"nodes":["CompoundStmt"],"edges":[],"ID":0},"EXIT":{"def":[],"use":[],"callees":[],"nodes":["CompoundStmt"],"edges":[],"ID":1},"method_name":"isOptionalClosing"},{"blocks":[{"def":[],"use":[],"callees":[],"nodes":["CompoundStmt"],"edges":[],"ID":0},{"def":[],"use":[],"callees":[],"nodes":["CompoundStmt"],"edges":[],"ID":1},{"def":["$z0","r0"],"use":["$z0","@parameter0: java.lang.String","r0"],"callees":["isElement"],"nodes":["CompoundStmt","DefinitionStmt","DefinitionStmt","ReturnStmt","Local","Param","Local","Invoke","Local","RefType","RefType","Boolean","Boolean","java","lang","String","java","lang","String"],"edges":[[0,1],[0,2],[0,3],[1,4],[1,5],[2,6],[2,7],[3,8],[4,9],[5,10],[6,11],[8,12],[9,13],[9,14],[9,15],[10,16],[10,17],[10,18]],"ID":2}],"edgeSet":[[0,2,0],[2,1,0]],"ENTRY":{"def":[],"use":[],"callees":[],"nodes":["CompoundStmt"],"edges":[],"ID":0},"EXIT":{"def":[],"use":[],"callees":[],"nodes":["CompoundStmt"],"edges":[],"ID":1},"method_name":"isOnlyOpening"},{"blocks":[{"def":[],"use":[],"callees":[],"nodes":["CompoundStmt"],"edges":[],"ID":0},{"def":[],"use":[],"callees":[],"nodes":["CompoundStmt"],"edges":[],"ID":1},{"def":["$z0","r0","r1"],"use":["@parameter1: java.lang.String","$z0","@parameter0: java.lang.String","r1"],"callees":[],"nodes":["CompoundStmt","DefinitionStmt","DefinitionStmt","DefinitionStmt","IfStmt","Local","Param","Local","Param","Local","Invoke","BinaryOp","RefType","RefType","RefType","RefType","Boolean","Local"," \u003d\u003d ","Constant","java","lang","String","java","lang","String","java","lang","String","java","lang","String","Boolean","0","Int"],"edges":[[0,1],[0,2],[0,3],[0,4],[1,5],[1,6],[2,7],[2,8],[3,9],[3,10],[4,11],[5,12],[6,13],[7,14],[8,15],[9,16],[11,17],[11,18],[11,19],[12,20],[12,21],[12,22],[13,23],[13,24],[13,25],[14,26],[14,27],[14,28],[15,29],[15,30],[15,31],[17,32],[19,33],[19,34]],"ID":2},{"def":["$z17"],"use":["r0","$z17"],"callees":["isElement"],"nodes":["CompoundStmt","DefinitionStmt","IfStmt","Local","Invoke","BinaryOp","Boolean","Local"," !\u003d ","Constant","Boolean","0","Int"],"edges":[[0,1],[0,2],[1,3],[1,4],[2,5],[3,6],[5,7],[5,8],[5,9],[7,10],[9,11],[9,12]],"ID":3},{"def":["$z18"],"use":["$z18"],"callees":[],"nodes":["CompoundStmt","DefinitionStmt","GotoStmt","ReturnStmt","Local","Constant","Local","Boolean","1","Int","Boolean"],"edges":[[0,1],[0,2],[0,3],[1,4],[1,5],[3,6],[4,7],[5,8],[5,9],[6,10]],"ID":4},{"def":["$z18"],"use":[],"callees":[],"nodes":["CompoundStmt","DefinitionStmt","Local","Constant","Boolean","0","Int"],"edges":[[0,1],[1,2],[1,3],[2,4],[3,5],[3,6]],"ID":5},{"def":["$z1"],"use":["$z1","r1"],"callees":[],"nodes":["CompoundStmt","DefinitionStmt","IfStmt","Local","Invoke","BinaryOp","Boolean","Local"," \u003d\u003d ","Constant","Boolean","0","Int"],"edges":[[0,1],[0,2],[1,3],[1,4],[2,5],[3,6],[5,7],[5,8],[5,9],[7,10],[9,11],[9,12]],"ID":6},{"def":["$z16"],"use":["$z16","r0"],"callees":["isElement"],"nodes":["CompoundStmt","DefinitionStmt","ReturnStmt","Local","Invoke","Local","Boolean","Boolean"],"edges":[[0,1],[0,2],[1,3],[1,4],[2,5],[3,6],[5,7]],"ID":7},{"def":["$z2"],"use":["$z2","r1"],"callees":[],"nodes":["CompoundStmt","DefinitionStmt","IfStmt","Local","Invoke","BinaryOp","Boolean","Local"," !\u003d ","Constant","Boolean","0","Int"],"edges":[[0,1],[0,2],[1,3],[1,4],[2,5],[3,6],[5,7],[5,8],[5,9],[7,10],[9,11],[9,12]],"ID":8},{"def":["$z4"],"use":["$z4","r1"],"callees":[],"nodes":["CompoundStmt","DefinitionStmt","IfStmt","Local","Invoke","BinaryOp","Boolean","Local"," \u003d\u003d ","Constant","Boolean","0","Int"],"edges":[[0,1],[0,2],[1,3],[1,4],[2,5],[3,6],[5,7],[5,8],[5,9],[7,10],[9,11],[9,12]],"ID":9},{"def":["$z3"],"use":["$z3","r0"],"callees":["isElement"],"nodes":["CompoundStmt","DefinitionStmt","ReturnStmt","Local","Invoke","Local","Boolean","Boolean"],"edges":[[0,1],[0,2],[1,3],[1,4],[2,5],[3,6],[5,7]],"ID":10},{"def":["$z5"],"use":["r1","$z5"],"callees":[],"nodes":["CompoundStmt","DefinitionStmt","IfStmt","Local","Invoke","BinaryOp","Boolean","Local"," !\u003d ","Constant","Boolean","0","Int"],"edges":[[0,1],[0,2],[1,3],[1,4],[2,5],[3,6],[5,7],[5,8],[5,9],[7,10],[9,11],[9,12]],"ID":11},{"def":["$z7"],"use":["$z7","r1"],"callees":[],"nodes":["CompoundStmt","DefinitionStmt","IfStmt","Local","Invoke","BinaryOp","Boolean","Local"," \u003d\u003d ","Constant","Boolean","0","Int"],"edges":[[0,1],[0,2],[1,3],[1,4],[2,5],[3,6],[5,7],[5,8],[5,9],[7,10],[9,11],[9,12]],"ID":12},{"def":["$z6"],"use":["$z6","r0"],"callees":["isElement"],"nodes":["CompoundStmt","DefinitionStmt","ReturnStmt","Local","Invoke","Local","Boolean","Boolean"],"edges":[[0,1],[0,2],[1,3],[1,4],[2,5],[3,6],[5,7]],"ID":13},{"def":["$z8"],"use":["$z8","r1"],"callees":[],"nodes":["CompoundStmt","DefinitionStmt","IfStmt","Local","Invoke","BinaryOp","Boolean","Local"," !\u003d ","Constant","Boolean","0","Int"],"edges":[[0,1],[0,2],[1,3],[1,4],[2,5],[3,6],[5,7],[5,8],[5,9],[7,10],[9,11],[9,12]],"ID":14},{"def":["$z9"],"use":["$z9","r1"],"callees":[],"nodes":["CompoundStmt","DefinitionStmt","IfStmt","Local","Invoke","BinaryOp","Boolean","Local"," !\u003d ","Constant","Boolean","0","Int"],"edges":[[0,1],[0,2],[1,3],[1,4],[2,5],[3,6],[5,7],[5,8],[5,9],[7,10],[9,11],[9,12]],"ID":15},{"def":["$z10"],"use":["$z10","r1"],"callees":[],"nodes":["CompoundStmt","DefinitionStmt","IfStmt","Local","Invoke","BinaryOp","Boolean","Local"," !\u003d ","Constant","Boolean","0","Int"],"edges":[[0,1],[0,2],[1,3],[1,4],[2,5],[3,6],[5,7],[5,8],[5,9],[7,10],[9,11],[9,12]],"ID":16},{"def":["$z11"],"use":["$z11","r1"],"callees":[],"nodes":["CompoundStmt","DefinitionStmt","IfStmt","Local","Invoke","BinaryOp","Boolean","Local"," !\u003d ","Constant","Boolean","0","Int"],"edges":[[0,1],[0,2],[1,3],[1,4],[2,5],[3,6],[5,7],[5,8],[5,9],[7,10],[9,11],[9,12]],"ID":17},{"def":["$z12"],"use":["$z12","r1"],"callees":[],"nodes":["CompoundStmt","DefinitionStmt","IfStmt","Local","Invoke","BinaryOp","Boolean","Local"," \u003d\u003d ","Constant","Boolean","0","Int"],"edges":[[0,1],[0,2],[1,3],[1,4],[2,5],[3,6],[5,7],[5,8],[5,9],[7,10],[9,11],[9,12]],"ID":18},{"def":["$z19"],"use":["$z19","r0"],"callees":["isElement"],"nodes":["CompoundStmt","DefinitionStmt","ReturnStmt","Local","Invoke","Local","Boolean","Boolean"],"edges":[[0,1],[0,2],[1,3],[1,4],[2,5],[3,6],[5,7]],"ID":19},{"def":["$z13"],"use":["$z13","r1"],"callees":[],"nodes":["CompoundStmt","DefinitionStmt","IfStmt","Local","Invoke","BinaryOp","Boolean","Local"," !\u003d ","Constant","Boolean","0","Int"],"edges":[[0,1],[0,2],[1,3],[1,4],[2,5],[3,6],[5,7],[5,8],[5,9],[7,10],[9,11],[9,12]],"ID":20},{"def":["$z15"],"use":["$z15","r1"],"callees":[],"nodes":["CompoundStmt","DefinitionStmt","IfStmt","Local","Invoke","BinaryOp","Boolean","Local"," \u003d\u003d ","Constant","Boolean","0","Int"],"edges":[[0,1],[0,2],[1,3],[1,4],[2,5],[3,6],[5,7],[5,8],[5,9],[7,10],[9,11],[9,12]],"ID":21},{"def":["$z14"],"use":["$z14","r0"],"callees":["isElement"],"nodes":["CompoundStmt","DefinitionStmt","ReturnStmt","Local","Invoke","Local","Boolean","Boolean"],"edges":[[0,1],[0,2],[1,3],[1,4],[2,5],[3,6],[5,7]],"ID":22},{"def":[],"use":[],"callees":[],"nodes":["CompoundStmt","ReturnStmt","Constant","0","Int"],"edges":[[0,1],[1,2],[2,3],[2,4]],"ID":23}],"edgeSet":[[14,19,2],[15,19,2],[16,19,2],[8,9,1],[2,3,1],[3,5,2],[6,7,1],[9,11,2],[11,13,2],[12,13,1],[14,15,1],[16,17,1],[17,19,2],[18,19,1],[20,21,1],[21,23,2],[4,1,0],[7,1,0],[10,1,0],[13,1,0],[19,1,0],[22,1,0],[23,1,0],[0,2,0],[2,6,2],[9,10,1],[3,4,1],[6,8,2],[8,10,2],[11,12,1],[12,14,2],[15,16,1],[17,18,1],[18,20,2],[20,22,2],[21,22,1],[5,4,0]],"ENTRY":{"def":[],"use":[],"callees":[],"nodes":["CompoundStmt"],"edges":[],"ID":0},"EXIT":{"def":[],"use":[],"callees":[],"nodes":["CompoundStmt"],"edges":[],"ID":1},"method_name":"isClosing"},{"blocks":[{"def":[],"use":[],"callees":[],"nodes":["CompoundStmt"],"edges":[],"ID":0},{"def":[],"use":[],"callees":[],"nodes":["CompoundStmt"],"edges":[],"ID":1},{"def":["$z0","r0","r1"],"use":["@parameter1: java.lang.String","$z0","@parameter0: java.lang.String","r1"],"callees":[],"nodes":["CompoundStmt","DefinitionStmt","DefinitionStmt","DefinitionStmt","IfStmt","Local","Param","Local","Param","Local","Invoke","BinaryOp","RefType","RefType","RefType","RefType","Boolean","Local"," !\u003d ","Constant","java","lang","String","java","lang","String","java","lang","String","java","lang","String","Boolean","0","Int"],"edges":[[0,1],[0,2],[0,3],[0,4],[1,5],[1,6],[2,7],[2,8],[3,9],[3,10],[4,11],[5,12],[6,13],[7,14],[8,15],[9,16],[11,17],[11,18],[11,19],[12,20],[12,21],[12,22],[13,23],[13,24],[13,25],[14,26],[14,27],[14,28],[15,29],[15,30],[15,31],[17,32],[19,33],[19,34]],"ID":2},{"def":["$z1"],"use":["$z1","r1"],"callees":[],"nodes":["CompoundStmt","DefinitionStmt","IfStmt","Local","Invoke","BinaryOp","Boolean","Local"," \u003d\u003d ","Constant","Boolean","0","Int"],"edges":[[0,1],[0,2],[1,3],[1,4],[2,5],[3,6],[5,7],[5,8],[5,9],[7,10],[9,11],[9,12]],"ID":3},{"def":["$z2"],"use":["$z2"],"callees":[],"nodes":["CompoundStmt","DefinitionStmt","GotoStmt","ReturnStmt","Local","Constant","Local","Boolean","1","Int","Boolean"],"edges":[[0,1],[0,2],[0,3],[1,4],[1,5],[3,6],[4,7],[5,8],[5,9],[6,10]],"ID":4},{"def":["$z2"],"use":[],"callees":[],"nodes":["CompoundStmt","DefinitionStmt","Local","Constant","Boolean","0","Int"],"edges":[[0,1],[1,2],[1,3],[2,4],[3,5],[3,6]],"ID":5}],"edgeSet":[[4,1,0],[0,2,0],[2,3,1],[2,4,2],[3,4,1],[3,5,2],[5,4,0]],"ENTRY":{"def":[],"use":[],"callees":[],"nodes":["CompoundStmt"],"edges":[],"ID":0},"EXIT":{"def":[],"use":[],"callees":[],"nodes":["CompoundStmt"],"edges":[],"ID":1},"method_name":"isURI"},{"blocks":[{"def":[],"use":[],"callees":[],"nodes":["CompoundStmt"],"edges":[],"ID":0},{"def":[],"use":[],"callees":[],"nodes":["CompoundStmt"],"edges":[],"ID":1},{"def":["r2","$r3","$r4","$r5","r0","r1"],"use":["r2","$r3","$r4","$r5","@parameter1: java.lang.String","@parameter0: java.lang.String","\u003corg.apache.xml.serialize.HTMLdtd: java.util.Hashtable _boolAttrs\u003e","r0"],"callees":[],"nodes":["CompoundStmt","DefinitionStmt","DefinitionStmt","DefinitionStmt","DefinitionStmt","DefinitionStmt","DefinitionStmt","IfStmt","Local","Param","Local","Param","Local","StaticFieldRef","Local","Invoke","Local","Invoke","Local","CastExpr","BinaryOp","RefType","RefType","RefType","RefType","RefType","RefType","RefType","RefType","RefType","Array","Array","Array","Local","Local"," !\u003d ","Constant","java","lang","String","java","lang","String","java","lang","String","java","lang","String","java","util","Hashtable","java","util","Hashtable","java","util","Hashtable","java","lang","String","java","lang","Object","RefType","[]","RefType","[]","RefType","[]","RefType","Array","Null","java","lang","String","java","lang","String","java","lang","String","java","lang","Object","RefType","[]","java","lang","String"],"edges":[[0,1],[0,2],[0,3],[0,4],[0,5],[0,6],[0,7],[1,8],[1,9],[2,10],[2,11],[3,12],[3,13],[4,14],[4,15],[5,16],[5,17],[6,18],[6,19],[7,20],[8,21],[9,22],[10,23],[11,24],[12,25],[13,26],[13,27],[14,28],[16,29],[18,30],[19,31],[19,32],[19,33],[20,34],[20,35],[20,36],[21,37],[21,38],[21,39],[22,40],[22,41],[22,42],[23,43],[23,44],[23,45],[24,46],[24,47],[24,48],[25,49],[25,50],[25,51],[26,52],[26,53],[26,54],[27,55],[27,56],[27,57],[28,58],[28,59],[28,60],[29,61],[29,62],[29,63],[30,64],[30,65],[31,66],[31,67],[32,68],[32,69],[33,70],[34,71],[36,72],[64,73],[64,74],[64,75],[66,76],[66,77],[66,78],[68,79],[68,80],[68,81],[70,82],[70,83],[70,84],[71,85],[71,86],[85,87],[85,88],[85,89]],"ID":2},{"def":[],"use":[],"callees":[],"nodes":["CompoundStmt","ReturnStmt","Constant","0","Int"],"edges":[[0,1],[1,2],[2,3],[2,4]],"ID":3},{"def":["i1","$i0"],"use":["r2","i1","$i0"],"callees":[],"nodes":["CompoundStmt","DefinitionStmt","GotoStmt","DefinitionStmt","IfStmt","Local","Constant","Local","UnaryOp","BinaryOp","Int","0","Int","Int","length","Local","Local"," \u003c ","Local","Array","Int","Int","RefType","[]","java","lang","String"],"edges":[[0,1],[0,2],[0,3],[0,4],[1,5],[1,6],[3,7],[3,8],[4,9],[5,10],[6,11],[6,12],[7,13],[8,14],[8,15],[9,16],[9,17],[9,18],[15,19],[16,20],[18,21],[19,22],[19,23],[22,24],[22,25],[22,26]],"ID":4},{"def":["$r6","$z0"],"use":["r2","i1","$r6","r2[i1]","$z0","r1"],"callees":[],"nodes":["CompoundStmt","DefinitionStmt","DefinitionStmt","IfStmt","Local","ArrayRef","Local","Invoke","BinaryOp","RefType","RefType","Local","Local","Boolean","Local"," \u003d\u003d ","Constant","java","lang","String","java","lang","String","Array","Int","Boolean","0","Int","RefType","[]","java","lang","String"],"edges":[[0,1],[0,2],[0,3],[1,4],[1,5],[2,6],[2,7],[3,8],[4,9],[5,10],[5,11],[5,12],[6,13],[8,14],[8,15],[8,16],[9,17],[9,18],[9,19],[10,20],[10,21],[10,22],[11,23],[12,24],[14,25],[16,26],[16,27],[23,28],[23,29],[28,30],[28,31],[28,32]],"ID":5},{"def":[],"use":[],"callees":[],"nodes":["CompoundStmt","ReturnStmt","Constant","1","Int"],"edges":[[0,1],[1,2],[2,3],[2,4]],"ID":6},{"def":["i1"],"use":["i1"],"callees":[],"nodes":["CompoundStmt","DefinitionStmt","Local","BinaryOp","Int","Local"," + ","Constant","Int","1","Int"],"edges":[[0,1],[1,2],[1,3],[2,4],[3,5],[3,6],[3,7],[5,8],[7,9],[7,10]],"ID":7},{"def":[],"use":[],"callees":[],"nodes":["CompoundStmt","ReturnStmt","Constant","0","Int"],"edges":[[0,1],[1,2],[2,3],[2,4]],"ID":8}],"edgeSet":[[3,1,0],[7,4,0],[6,1,0],[8,1,0],[4,8,1],[0,2,0],[2,3,1],[2,4,2],[5,6,1],[5,7,2],[4,5,2]],"ENTRY":{"def":[],"use":[],"callees":[],"nodes":["CompoundStmt"],"edges":[],"ID":0},"EXIT":{"def":[],"use":[],"callees":[],"nodes":["CompoundStmt"],"edges":[],"ID":1},"method_name":"isBoolean"},{"blocks":[{"def":[],"use":[],"callees":[],"nodes":["CompoundStmt"],"edges":[],"ID":0},{"def":[],"use":[],"callees":[],"nodes":["CompoundStmt"],"edges":[],"ID":1},{"def":["r0"],"use":["@parameter0: java.lang.String"],"callees":[],"nodes":["CompoundStmt","DefinitionStmt","Local","Param","RefType","RefType","java","lang","String","java","lang","String"],"edges":[[0,1],[1,2],[1,3],[2,4],[3,5],[4,6],[4,7],[4,8],[5,9],[5,10],[5,11]],"ID":2},{"def":["$r2"],"use":["r0"],"callees":[],"nodes":["CompoundStmt","DefinitionStmt","Local","Invoke","RefType","java","lang","Class"],"edges":[[0,1],[1,2],[1,3],[2,4],[4,5],[4,6],[4,7]],"ID":3},{"def":[],"use":["$r2"],"callees":[],"nodes":["CompoundStmt","ReturnStmt","Local","RefType","java","lang","Class"],"edges":[[0,1],[1,2],[2,3],[3,4],[3,5],[3,6]],"ID":4},{"def":["$r3","$r4","$r5","r1"],"use":["@caughtexception","$r3","$r4","$r5","r1"],"callees":[],"nodes":["CompoundStmt","DefinitionStmt","DefinitionStmt","DefinitionStmt","DefinitionStmt","Invoke","ThrowStmt","Local","CaughtException","Local","Local","Local","NewExpr","Local","Invoke","Local","RefType","RefType","RefType","RefType","RefType","RefType","RefType","RefType","java","lang","Class","Not","Found","Exception","java","lang","Throwable","java","lang","Class","Not","Found","Exception","java","lang","Class","Not","Found","Exception","java","lang","No","Class","Def","Found","Error","java","lang","No","Class","Def","Found","Error","java","lang","String","java","lang","No","Class","Def","Found","Error"],"edges":[[0,1],[0,2],[0,3],[0,4],[0,5],[0,6],[1,7],[1,8],[2,9],[2,10],[3,11],[3,12],[4,13],[4,14],[6,15],[7,16],[8,17],[9,18],[10,19],[11,20],[12,21],[13,22],[15,23],[16,24],[16,25],[16,26],[16,27],[16,28],[16,29],[17,30],[17,31],[17,32],[18,33],[18,34],[18,35],[18,36],[18,37],[18,38],[19,39],[19,40],[19,41],[19,42],[19,43],[19,44],[20,45],[20,46],[20,47],[20,48],[20,49],[20,50],[20,51],[21,52],[21,53],[21,54],[21,55],[21,56],[21,57],[21,58],[22,59],[22,60],[22,61],[23,62],[23,63],[23,64],[23,65],[23,66],[23,67],[23,68]],"ID":5}],"edgeSet":[[2,5,5],[4,1,0],[3,5,5],[5,1,0],[0,2,0],[2,3,0],[3,4,0]],"ENTRY":{"def":[],"use":[],"callees":[],"nodes":["CompoundStmt"],"edges":[],"ID":0},"EXIT":{"def":[],"use":[],"callees":[],"nodes":["CompoundStmt"],"edges":[],"ID":1},"method_name":"class$"},{"blocks":[{"def":[],"use":[],"callees":[],"nodes":["CompoundStmt"],"edges":[],"ID":0},{"def":[],"use":[],"callees":[],"nodes":["CompoundStmt"],"edges":[],"ID":1},{"def":["$r1","$r2","c0","r0"],"use":["$r1","$r2","\u003corg.apache.xml.serialize.HTMLdtd: java.util.Hashtable _byName\u003e","@parameter0: java.lang.String","r0","@parameter1: char"],"callees":[],"nodes":["CompoundStmt","DefinitionStmt","DefinitionStmt","DefinitionStmt","DefinitionStmt","IfStmt","Local","Param","Local","Param","Local","StaticFieldRef","Local","Invoke","BinaryOp","RefType","RefType","Char","Char","RefType","RefType","RefType","RefType","Local"," !\u003d ","Constant","java","lang","String","java","lang","String","java","util","Hashtable","java","util","Hashtable","java","util","Hashtable","java","lang","Object","RefType","Null","java","lang","Object"],"edges":[[0,1],[0,2],[0,3],[0,4],[0,5],[1,6],[1,7],[2,8],[2,9],[3,10],[3,11],[4,12],[4,13],[5,14],[6,15],[7,16],[8,17],[9,18],[10,19],[11,20],[11,21],[12,22],[14,23],[14,24],[14,25],[15,26],[15,27],[15,28],[16,29],[16,30],[16,31],[19,32],[19,33],[19,34],[20,35],[20,36],[20,37],[21,38],[21,39],[21,40],[22,41],[22,42],[22,43],[23,44],[25,45],[44,46],[44,47],[44,48]],"ID":2},{"def":["$r3","$r4","$r6","$r7"],"use":["$r3","$r4","\u003corg.apache.xml.serialize.HTMLdtd: java.util.Hashtable _byName\u003e","$r6","$r7","c0","r0","\u003corg.apache.xml.serialize.HTMLdtd: java.util.Hashtable _byChar\u003e"],"callees":[],"nodes":["CompoundStmt","DefinitionStmt","DefinitionStmt","Invoke","Invoke","DefinitionStmt","DefinitionStmt","Invoke","ReturnVoidStmt","Local","StaticFieldRef","Local","NewExpr","Local","StaticFieldRef","Local","Invoke","RefType","RefType","RefType","RefType","RefType","RefType","RefType","RefType","RefType","java","util","Hashtable","java","util","Hashtable","java","util","Hashtable","java","lang","Character","java","lang","Character","java","util","Hashtable","java","util","Hashtable","java","util","Hashtable","java","lang","String"],"edges":[[0,1],[0,2],[0,3],[0,4],[0,5],[0,6],[0,7],[0,8],[1,9],[1,10],[2,11],[2,12],[5,13],[5,14],[6,15],[6,16],[9,17],[10,18],[10,19],[11,20],[12,21],[13,22],[14,23],[14,24],[15,25],[17,26],[17,27],[17,28],[18,29],[18,30],[18,31],[19,32],[19,33],[19,34],[20,35],[20,36],[20,37],[21,38],[21,39],[21,40],[22,41],[22,42],[22,43],[23,44],[23,45],[23,46],[24,47],[24,48],[24,49],[25,50],[25,51],[25,52]],"ID":3}],"edgeSet":[[3,1,0],[0,2,0],[2,3,1],[2,3,2]],"ENTRY":{"def":[],"use":[],"callees":[],"nodes":["CompoundStmt"],"edges":[],"ID":0},"EXIT":{"def":[],"use":[],"callees":[],"nodes":["CompoundStmt"],"edges":[],"ID":1},"method_name":"defineEntity"},{"blocks":[{"def":[],"use":[],"callees":[],"nodes":["CompoundStmt"],"edges":[],"ID":0},{"def":[],"use":[],"callees":[],"nodes":["CompoundStmt"],"edges":[],"ID":1},{"def":["r25","$r3"],"use":["$r3","\u003corg.apache.xml.serialize.HTMLdtd: java.util.Hashtable _byName\u003e"],"callees":[],"nodes":["CompoundStmt","DefinitionStmt","DefinitionStmt","IfStmt","Local","Constant","Local","StaticFieldRef","BinaryOp","RefType","Null","RefType","RefType","RefType","Local"," \u003d\u003d ","Constant","java","io","Input","Stream","java","util","Hashtable","java","util","Hashtable","java","util","Hashtable","RefType","Null","java","util","Hashtable"],"edges":[[0,1],[0,2],[0,3],[1,4],[1,5],[2,6],[2,7],[3,8],[4,9],[5,10],[6,11],[7,12],[7,13],[8,14],[8,15],[8,16],[9,17],[9,18],[9,19],[9,20],[11,21],[11,22],[11,23],[12,24],[12,25],[12,26],[13,27],[13,28],[13,29],[14,30],[16,31],[30,32],[30,33],[30,34]],"ID":2},{"def":[],"use":[],"callees":[],"nodes":["CompoundStmt","ReturnVoidStmt"],"edges":[[0,1]],"ID":3},{"def":["$r4"],"use":[],"callees":[],"nodes":["CompoundStmt","DefinitionStmt","Local","NewExpr","RefType","RefType","java","util","Hashtable","java","util","Hashtable"],"edges":[[0,1],[1,2],[1,3],[2,4],[3,5],[4,6],[4,7],[4,8],[5,9],[5,10],[5,11]],"ID":4},{"def":[],"use":["$r4"],"callees":[],"nodes":["CompoundStmt","Invoke"],"edges":[[0,1]],"ID":5},{"def":["\u003corg.apache.xml.serialize.HTMLdtd: java.util.Hashtable _byName\u003e"],"use":["$r4"],"callees":[],"nodes":["CompoundStmt","DefinitionStmt","StaticFieldRef","Local","RefType","RefType","RefType","java","util","Hashtable","java","util","Hashtable","java","util","Hashtable"],"edges":[[0,1],[1,2],[1,3],[2,4],[2,5],[3,6],[4,7],[4,8],[4,9],[5,10],[5,11],[5,12],[6,13],[6,14],[6,15]],"ID":6},{"def":["$r5"],"use":[],"callees":[],"nodes":["CompoundStmt","DefinitionStmt","Local","NewExpr","RefType","RefType","java","util","Hashtable","java","util","Hashtable"],"edges":[[0,1],[1,2],[1,3],[2,4],[3,5],[4,6],[4,7],[4,8],[5,9],[5,10],[5,11]],"ID":7},{"def":[],"use":["$r5"],"callees":[],"nodes":["CompoundStmt","Invoke"],"edges":[[0,1]],"ID":8},{"def":["\u003corg.apache.xml.serialize.HTMLdtd: java.util.Hashtable _byChar\u003e"],"use":["$r5"],"callees":[],"nodes":["CompoundStmt","DefinitionStmt","StaticFieldRef","Local","RefType","RefType","RefType","java","util","Hashtable","java","util","Hashtable","java","util","Hashtable"],"edges":[[0,1],[1,2],[1,3],[2,4],[2,5],[3,6],[4,7],[4,8],[4,9],[5,10],[5,11],[5,12],[6,13],[6,14],[6,15]],"ID":9},{"def":["$r6"],"use":["\u003corg.apache.xml.serialize.HTMLdtd: java.lang.Class class$org$apache$xml$serialize$HTMLdtd\u003e"],"callees":[],"nodes":["CompoundStmt","DefinitionStmt","Local","StaticFieldRef","RefType","RefType","RefType","java","lang","Class","java","lang","Class","java","lang","Class"],"edges":[[0,1],[1,2],[1,3],[2,4],[3,5],[3,6],[4,7],[4,8],[4,9],[5,10],[5,11],[5,12],[6,13],[6,14],[6,15]],"ID":10},{"def":[],"use":["$r6"],"callees":[],"nodes":["CompoundStmt","IfStmt","BinaryOp","Local"," !\u003d ","Constant","RefType","Null","java","lang","Class"],"edges":[[0,1],[1,2],[2,3],[2,4],[2,5],[3,6],[5,7],[6,8],[6,9],[6,10]],"ID":11},{"def":["$r26"],"use":[],"callees":["class$"],"nodes":["CompoundStmt","DefinitionStmt","Local","Invoke","RefType","java","lang","Class"],"edges":[[0,1],[1,2],[1,3],[2,4],[4,5],[4,6],[4,7]],"ID":12},{"def":["\u003corg.apache.xml.serialize.HTMLdtd: java.lang.Class class$org$apache$xml$serialize$HTMLdtd\u003e"],"use":["$r26"],"callees":[],"nodes":["CompoundStmt","DefinitionStmt","StaticFieldRef","Local","RefType","RefType","RefType","java","lang","Class","java","lang","Class","java","lang","Class"],"edges":[[0,1],[1,2],[1,3],[2,4],[2,5],[3,6],[4,7],[4,8],[4,9],[5,10],[5,11],[5,12],[6,13],[6,14],[6,15]],"ID":13},{"def":[],"use":[],"callees":[],"nodes":["CompoundStmt","GotoStmt"],"edges":[[0,1]],"ID":14},{"def":["$r26"],"use":["\u003corg.apache.xml.serialize.HTMLdtd: java.lang.Class class$org$apache$xml$serialize$HTMLdtd\u003e"],"callees":[],"nodes":["CompoundStmt","DefinitionStmt","Local","StaticFieldRef","RefType","RefType","RefType","java","lang","Class","java","lang","Class","java","lang","Class"],"edges":[[0,1],[1,2],[1,3],[2,4],[3,5],[3,6],[4,7],[4,8],[4,9],[5,10],[5,11],[5,12],[6,13],[6,14],[6,15]],"ID":15},{"def":["r25"],"use":["$r26"],"callees":[],"nodes":["CompoundStmt","DefinitionStmt","Local","Invoke","RefType","java","io","Input","Stream"],"edges":[[0,1],[1,2],[1,3],[2,4],[4,5],[4,6],[4,7],[4,8]],"ID":16},{"def":[],"use":["r25"],"callees":[],"nodes":["CompoundStmt","IfStmt","BinaryOp","Local"," !\u003d ","Constant","RefType","Null","java","io","Input","Stream"],"edges":[[0,1],[1,2],[2,3],[2,4],[2,5],[3,6],[5,7],[6,8],[6,9],[6,10],[6,11]],"ID":17},{"def":["$r9"],"use":[],"callees":[],"nodes":["CompoundStmt","DefinitionStmt","Local","NewExpr","RefType","RefType","java","lang","Runtime","Exception","java","lang","Runtime","Exception"],"edges":[[0,1],[1,2],[1,3],[2,4],[3,5],[4,6],[4,7],[4,8],[4,9],[5,10],[5,11],[5,12],[5,13]],"ID":18},{"def":[],"use":["$r9"],"callees":[],"nodes":["CompoundStmt","Invoke"],"edges":[[0,1]],"ID":19},{"def":[],"use":["$r9"],"callees":[],"nodes":["CompoundStmt","ThrowStmt","Local","RefType","java","lang","Runtime","Exception"],"edges":[[0,1],[1,2],[2,3],[3,4],[3,5],[3,6],[3,7]],"ID":20},{"def":["$r7"],"use":[],"callees":[],"nodes":["CompoundStmt","DefinitionStmt","Local","NewExpr","RefType","RefType","java","io","Buffered","Reader","java","io","Buffered","Reader"],"edges":[[0,1],[1,2],[1,3],[2,4],[3,5],[4,6],[4,7],[4,8],[4,9],[5,10],[5,11],[5,12],[5,13]],"ID":21},{"def":["$r8"],"use":[],"callees":[],"nodes":["CompoundStmt","DefinitionStmt","Local","NewExpr","RefType","RefType","java","io","Input","Stream","Reader","java","io","Input","Stream","Reader"],"edges":[[0,1],[1,2],[1,3],[2,4],[3,5],[4,6],[4,7],[4,8],[4,9],[4,10],[5,11],[5,12],[5,13],[5,14],[5,15]],"ID":22},{"def":[],"use":["r25","$r8"],"callees":[],"nodes":["CompoundStmt","Invoke"],"edges":[[0,1]],"ID":23},{"def":[],"use":["$r7","$r8"],"callees":[],"nodes":["CompoundStmt","Invoke"],"edges":[[0,1]],"ID":24},{"def":["r27"],"use":["$r7"],"callees":[],"nodes":["CompoundStmt","DefinitionStmt","Local","Local","RefType","RefType","java","io","Buffered","Reader","java","io","Buffered","Reader"],"edges":[[0,1],[1,2],[1,3],[2,4],[3,5],[4,6],[4,7],[4,8],[4,9],[5,10],[5,11],[5,12],[5,13]],"ID":25},{"def":["r28"],"use":["r27"],"callees":[],"nodes":["CompoundStmt","DefinitionStmt","Local","Invoke","RefType","java","lang","String"],"edges":[[0,1],[1,2],[1,3],[2,4],[4,5],[4,6],[4,7]],"ID":26},{"def":[],"use":[],"callees":[],"nodes":["CompoundStmt","GotoStmt"],"edges":[[0,1]],"ID":27},{"def":["$i1"],"use":["r28"],"callees":[],"nodes":["CompoundStmt","DefinitionStmt","Local","Invoke","Int"],"edges":[[0,1],[1,2],[1,3],[2,4]],"ID":28},{"def":[],"use":["$i1"],"callees":[],"nodes":["CompoundStmt","IfStmt","BinaryOp","Local"," \u003d\u003d ","Constant","Int","0","Int"],"edges":[[0,1],[1,2],[2,3],[2,4],[2,5],[3,6],[5,7],[5,8]],"ID":29},{"def":["$c2"],"use":["r28"],"callees":[],"nodes":["CompoundStmt","DefinitionStmt","Local","Invoke","Char"],"edges":[[0,1],[1,2],[1,3],[2,4]],"ID":30},{"def":[],"use":["$c2"],"callees":[],"nodes":["CompoundStmt","IfStmt","BinaryOp","Local"," !\u003d ","Constant","Char","3","5","Int"],"edges":[[0,1],[1,2],[2,3],[2,4],[2,5],[3,6],[5,7],[5,8],[5,9]],"ID":31},{"def":["r28"],"use":["r27"],"callees":[],"nodes":["CompoundStmt","DefinitionStmt","Local","Invoke","RefType","java","lang","String"],"edges":[[0,1],[1,2],[1,3],[2,4],[4,5],[4,6],[4,7]],"ID":32},{"def":[],"use":[],"callees":[],"nodes":["CompoundStmt","GotoStmt"],"edges":[[0,1]],"ID":33},{"def":["i5"],"use":["r28"],"callees":[],"nodes":["CompoundStmt","DefinitionStmt","Local","Invoke","Int"],"edges":[[0,1],[1,2],[1,3],[2,4]],"ID":34},{"def":[],"use":["i5"],"callees":[],"nodes":["CompoundStmt","IfStmt","BinaryOp","Local"," \u003c\u003d ","Constant","Int","1","Int"],"edges":[[0,1],[1,2],[2,3],[2,4],[2,5],[3,6],[5,7],[5,8]],"ID":35},{"def":["r0"],"use":["r28","i5"],"callees":[],"nodes":["CompoundStmt","DefinitionStmt","Local","Invoke","RefType","java","lang","String"],"edges":[[0,1],[1,2],[1,3],[2,4],[4,5],[4,6],[4,7]],"ID":36},{"def":["i6"],"use":["i5"],"callees":[],"nodes":["CompoundStmt","DefinitionStmt","Local","BinaryOp","Int","Local"," + ","Constant","Int","1","Int"],"edges":[[0,1],[1,2],[1,3],[2,4],[3,5],[3,6],[3,7],[5,8],[7,9],[7,10]],"ID":37},{"def":["$i3"],"use":["r28"],"callees":[],"nodes":["CompoundStmt","DefinitionStmt","Local","Invoke","Int"],"edges":[[0,1],[1,2],[1,3],[2,4]],"ID":38},{"def":[],"use":["i6","$i3"],"callees":[],"nodes":["CompoundStmt","IfStmt","BinaryOp","Local"," \u003e\u003d ","Local","Int","Int"],"edges":[[0,1],[1,2],[2,3],[2,4],[2,5],[3,6],[5,7]],"ID":39},{"def":["r29"],"use":["r28","i6"],"callees":[],"nodes":["CompoundStmt","DefinitionStmt","Local","Invoke","RefType","java","lang","String"],"edges":[[0,1],[1,2],[1,3],[2,4],[4,5],[4,6],[4,7]],"ID":40},{"def":["i7"],"use":["r29"],"callees":[],"nodes":["CompoundStmt","DefinitionStmt","Local","Invoke","Int"],"edges":[[0,1],[1,2],[1,3],[2,4]],"ID":41},{"def":[],"use":["i7"],"callees":[],"nodes":["CompoundStmt","IfStmt","BinaryOp","Local"," \u003c\u003d ","Constant","Int","0","Int"],"edges":[[0,1],[1,2],[2,3],[2,4],[2,5],[3,6],[5,7],[5,8]],"ID":42},{"def":["r29"],"use":["r29","i7"],"callees":[],"nodes":["CompoundStmt","DefinitionStmt","Local","Invoke","RefType","java","lang","String"],"edges":[[0,1],[1,2],[1,3],[2,4],[4,5],[4,6],[4,7]],"ID":43},{"def":["i0"],"use":["r29"],"callees":[],"nodes":["CompoundStmt","DefinitionStmt","Local","Invoke","Int"],"edges":[[0,1],[1,2],[1,3],[2,4]],"ID":44},{"def":["$c4"],"use":["i0"],"callees":[],"nodes":["CompoundStmt","DefinitionStmt","Local","CastExpr","Char","Char","Char","Local","Int"],"edges":[[0,1],[1,2],[1,3],[2,4],[3,5],[3,6],[3,7],[7,8]],"ID":45},{"def":[],"use":["$c4","r0"],"callees":["defineEntity"],"nodes":["CompoundStmt","Invoke"],"edges":[[0,1]],"ID":46},{"def":["r28"],"use":["r27"],"callees":[],"nodes":["CompoundStmt","DefinitionStmt","Local","Invoke","RefType","java","lang","String"],"edges":[[0,1],[1,2],[1,3],[2,4],[4,5],[4,6],[4,7]],"ID":47},{"def":[],"use":["r28"],"callees":[],"nodes":["CompoundStmt","IfStmt","BinaryOp","Local"," !\u003d ","Constant","RefType","Null","java","lang","String"],"edges":[[0,1],[1,2],[2,3],[2,4],[2,5],[3,6],[5,7],[6,8],[6,9],[6,10]],"ID":48},{"def":[],"use":["r25"],"callees":[],"nodes":["CompoundStmt","Invoke"],"edges":[[0,1]],"ID":49},{"def":[],"use":[],"callees":[],"nodes":["CompoundStmt","GotoStmt"],"edges":[[0,1]],"ID":50},{"def":[],"use":[],"callees":[],"nodes":["CompoundStmt","GotoStmt"],"edges":[[0,1]],"ID":51},{"def":["$r13"],"use":["@caughtexception"],"callees":[],"nodes":["CompoundStmt","DefinitionStmt","Local","CaughtException","RefType","RefType","java","lang","Exception","java","lang","Throwable"],"edges":[[0,1],[1,2],[1,3],[2,4],[3,5],[4,6],[4,7],[4,8],[5,9],[5,10],[5,11]],"ID":52},{"def":["r1"],"use":["$r13"],"callees":[],"nodes":["CompoundStmt","DefinitionStmt","Local","Local","RefType","RefType","java","lang","Exception","java","lang","Exception"],"edges":[[0,1],[1,2],[1,3],[2,4],[3,5],[4,6],[4,7],[4,8],[5,9],[5,10],[5,11]],"ID":53},{"def":["$r14"],"use":[],"callees":[],"nodes":["CompoundStmt","DefinitionStmt","Local","NewExpr","RefType","RefType","java","lang","Runtime","Exception","java","lang","Runtime","Exception"],"edges":[[0,1],[1,2],[1,3],[2,4],[3,5],[4,6],[4,7],[4,8],[4,9],[5,10],[5,11],[5,12],[5,13]],"ID":54},{"def":["$r15"],"use":[],"callees":[],"nodes":["CompoundStmt","DefinitionStmt","Local","NewExpr","RefType","RefType","java","lang","String","Buffer","java","lang","String","Buffer"],"edges":[[0,1],[1,2],[1,3],[2,4],[3,5],[4,6],[4,7],[4,8],[4,9],[5,10],[5,11],[5,12],[5,13]],"ID":55},{"def":[],"use":["$r15"],"callees":[],"nodes":["CompoundStmt","Invoke"],"edges":[[0,1]],"ID":56},{"def":["$r16"],"use":["$r15"],"callees":[],"nodes":["CompoundStmt","DefinitionStmt","Local","Invoke","RefType","java","lang","String","Buffer"],"edges":[[0,1],[1,2],[1,3],[2,4],[4,5],[4,6],[4,7],[4,8]],"ID":57},{"def":["$r17"],"use":["r1"],"callees":[],"nodes":["CompoundStmt","DefinitionStmt","Local","Invoke","RefType","java","lang","String"],"edges":[[0,1],[1,2],[1,3],[2,4],[4,5],[4,6],[4,7]],"ID":58},{"def":["$r18"],"use":["$r16","$r17"],"callees":[],"nodes":["CompoundStmt","DefinitionStmt","Local","Invoke","RefType","java","lang","String","Buffer"],"edges":[[0,1],[1,2],[1,3],[2,4],[4,5],[4,6],[4,7],[4,8]],"ID":59},{"def":["$r19"],"use":["$r18"],"callees":[],"nodes":["CompoundStmt","DefinitionStmt","Local","Invoke","RefType","java","lang","String","Buffer"],"edges":[[0,1],[1,2],[1,3],[2,4],[4,5],[4,6],[4,7],[4,8]],"ID":60},{"def":["$r20"],"use":["$r19"],"callees":[],"nodes":["CompoundStmt","DefinitionStmt","Local","Invoke","RefType","java","lang","String","Buffer"],"edges":[[0,1],[1,2],[1,3],[2,4],[4,5],[4,6],[4,7],[4,8]],"ID":61},{"def":["$r21"],"use":["$r20"],"callees":[],"nodes":["CompoundStmt","DefinitionStmt","Local","Invoke","RefType","java","lang","String","Buffer"],"edges":[[0,1],[1,2],[1,3],[2,4],[4,5],[4,6],[4,7],[4,8]],"ID":62},{"def":["$r22"],"use":["r1"],"callees":[],"nodes":["CompoundStmt","DefinitionStmt","Local","Invoke","RefType","java","lang","String"],"edges":[[0,1],[1,2],[1,3],[2,4],[4,5],[4,6],[4,7]],"ID":63},{"def":["$r23"],"use":["$r22","$r21"],"callees":[],"nodes":["CompoundStmt","DefinitionStmt","Local","Invoke","RefType","java","lang","String","Buffer"],"edges":[[0,1],[1,2],[1,3],[2,4],[4,5],[4,6],[4,7],[4,8]],"ID":64},{"def":["$r24"],"use":["$r23"],"callees":[],"nodes":["CompoundStmt","DefinitionStmt","Local","Invoke","RefType","java","lang","String"],"edges":[[0,1],[1,2],[1,3],[2,4],[4,5],[4,6],[4,7]],"ID":65},{"def":[],"use":["$r24","$r14"],"callees":[],"nodes":["CompoundStmt","Invoke"],"edges":[[0,1]],"ID":66},{"def":["r2","$r12"],"use":["$r14","r25","@caughtexception","$r12"],"callees":[],"nodes":["CompoundStmt","ThrowStmt","DefinitionStmt","DefinitionStmt","GotoStmt","IfStmt","Local","Local","CaughtException","Local","Local","BinaryOp","RefType","RefType","RefType","RefType","RefType","Local"," \u003d\u003d ","Constant","java","lang","Runtime","Exception","java","lang","Throwable","java","lang","Throwable","java","lang","Throwable","java","lang","Throwable","RefType","Null","java","io","Input","Stream"],"edges":[[0,1],[0,2],[0,3],[0,4],[0,5],[1,6],[2,7],[2,8],[3,9],[3,10],[5,11],[6,12],[7,13],[8,14],[9,15],[10,16],[11,17],[11,18],[11,19],[12,20],[12,21],[12,22],[12,23],[13,24],[13,25],[13,26],[14,27],[14,28],[14,29],[15,30],[15,31],[15,32],[16,33],[16,34],[16,35],[17,36],[19,37],[36,38],[36,39],[36,40],[36,41]],"ID":67},{"def":[],"use":["r2"],"callees":[],"nodes":["CompoundStmt","ThrowStmt","Local","RefType","java","lang","Throwable"],"edges":[[0,1],[1,2],[2,3],[3,4],[3,5],[3,6]],"ID":68},{"def":[],"use":[],"callees":[],"nodes":["CompoundStmt","ReturnVoidStmt"],"edges":[[0,1]],"ID":69},{"def":[],"use":["r25"],"callees":[],"nodes":["CompoundStmt","IfStmt","BinaryOp","Local"," \u003d\u003d ","Constant","RefType","Null","java","io","Input","Stream"],"edges":[[0,1],[1,2],[2,3],[2,4],[2,5],[3,6],[5,7],[6,8],[6,9],[6,10],[6,11]],"ID":70},{"def":[],"use":["r25"],"callees":[],"nodes":["CompoundStmt","Invoke"],"edges":[[0,1]],"ID":71},{"def":[],"use":[],"callees":[],"nodes":["CompoundStmt","GotoStmt","GotoStmt"],"edges":[[0,1],[0,2]],"ID":72},{"def":["$r10"],"use":["@caughtexception"],"callees":[],"nodes":["CompoundStmt","DefinitionStmt","Local","CaughtException","RefType","RefType","java","lang","Exception","java","lang","Throwable"],"edges":[[0,1],[1,2],[1,3],[2,4],[3,5],[4,6],[4,7],[4,8],[5,9],[5,10],[5,11]],"ID":73},{"def":[],"use":["r25"],"callees":[],"nodes":["CompoundStmt","Invoke"],"edges":[[0,1]],"ID":74},{"def":[],"use":[],"callees":[],"nodes":["CompoundStmt","GotoStmt","GotoStmt"],"edges":[[0,1],[0,2]],"ID":75},{"def":["$r11"],"use":["@caughtexception"],"callees":[],"nodes":["CompoundStmt","DefinitionStmt","Local","CaughtException","RefType","RefType","java","lang","Exception","java","lang","Throwable"],"edges":[[0,1],[1,2],[1,3],[2,4],[3,5],[4,6],[4,7],[4,8],[5,9],[5,10],[5,11]],"ID":76}],"edgeSet":[[35,67,5],[43,67,5],[51,67,5],[48,28,2],[11,52,5],[59,67,5],[36,37,0],[52,53,0],[4,5,0],[70,73,5],[2,67,5],[19,52,5],[10,67,5],[33,48,0],[18,67,5],[35,52,5],[26,67,5],[43,52,5],[19,20,0],[35,36,1],[34,67,5],[75,68,0],[42,67,5],[51,69,0],[2,52,5],[50,67,5],[58,67,5],[66,67,0],[18,19,0],[34,35,0],[2,3,1],[18,52,5],[66,67,5],[9,67,5],[26,52,5],[17,67,5],[34,52,5],[42,52,5],[25,67,5],[49,50,0],[65,66,0],[2,4,2],[17,18,1],[33,67,5],[41,67,5],[49,67,5],[57,67,5],[39,47,2],[64,65,0],[16,17,0],[32,33,0],[48,49,1],[65,67,5],[8,67,5],[25,52,5],[50,70,0],[16,67,5],[24,67,5],[41,52,5],[0,2,0],[47,48,0],[63,64,0],[15,16,0],[31,32,1],[32,67,5],[49,52,5],[40,67,5],[48,67,5],[8,52,5],[56,67,5],[17,21,2],[46,47,0],[62,63,0],[30,31,0],[76,75,0],[16,52,5],[64,67,5],[7,67,5],[24,52,5],[72,67,5],[15,67,5],[32,52,5],[72,51,0],[40,52,5],[23,67,5],[67,74,1],[14,16,0],[45,46,0],[61,62,0],[13,14,0],[31,34,2],[29,30,1],[48,52,5],[31,67,5],[39,67,5],[47,67,5],[7,52,5],[55,67,5],[67,75,2],[44,45,0],[60,61,0],[12,13,0],[28,29,0],[15,52,5],[63,67,5],[6,67,5],[23,52,5],[14,67,5],[31,52,5],[22,67,5],[39,52,5],[67,76,5],[43,44,0],[59,60,0],[29,32,2],[11,12,1],[30,67,5],[73,72,0],[47,52,5],[38,67,5],[46,67,5],[54,67,5],[58,59,0],[74,75,0],[10,11,0],[14,52,5],[26,27,0],[42,43,1],[62,67,5],[5,67,5],[22,52,5],[13,67,5],[30,52,5],[38,52,5],[21,67,5],[41,42,0],[46,52,5],[57,58,0],[9,10,0],[25,26,0],[29,67,5],[42,44,2],[74,76,5],[37,67,5],[45,67,5],[5,52,5],[35,47,2],[53,67,5],[11,15,2],[40,41,0],[56,57,0],[61,67,5],[8,9,0],[24,25,0],[69,1,0],[4,67,5],[27,48,0],[12,67,5],[29,52,5],[20,67,5],[37,52,5],[28,67,5],[55,56,0],[71,72,0],[7,8,0],[23,24,0],[45,52,5],[39,40,1],[36,67,5],[44,67,5],[4,52,5],[52,67,5],[12,52,5],[38,39,0],[54,55,0],[6,7,0],[22,23,0],[60,67,5],[70,71,1],[3,1,0],[68,1,0],[71,73,5],[20,52,5],[11,67,5],[28,52,5],[36,52,5],[19,67,5],[44,52,5],[27,67,5],[37,38,0],[53,54,0],[5,6,0],[21,22,0],[70,72,2]],"ENTRY":{"def":[],"use":[],"callees":[],"nodes":["CompoundStmt"],"edges":[],"ID":0},"EXIT":{"def":[],"use":[],"callees":[],"nodes":["CompoundStmt"],"edges":[],"ID":1},"method_name":"initialize"},{"blocks":[{"def":[],"use":[],"callees":[],"nodes":["CompoundStmt"],"edges":[],"ID":0},{"def":[],"use":[],"callees":[],"nodes":["CompoundStmt"],"edges":[],"ID":1},{"def":["$r2","r0","r1"],"use":["$r2","\u003corg.apache.xml.serialize.HTMLdtd: java.util.Hashtable _byName\u003e","@parameter0: java.lang.String","r0","r1"],"callees":["initialize"],"nodes":["CompoundStmt","DefinitionStmt","Invoke","DefinitionStmt","DefinitionStmt","IfStmt","Local","Param","Local","StaticFieldRef","Local","Invoke","BinaryOp","RefType","RefType","RefType","RefType","RefType","RefType","Local"," \u003d\u003d ","Constant","java","lang","String","java","lang","String","java","util","Hashtable","java","util","Hashtable","java","util","Hashtable","java","lang","Object","RefType","Null","java","lang","Object"],"edges":[[0,1],[0,2],[0,3],[0,4],[0,5],[1,6],[1,7],[3,8],[3,9],[4,10],[4,11],[5,12],[6,13],[7,14],[8,15],[9,16],[9,17],[10,18],[12,19],[12,20],[12,21],[13,22],[13,23],[13,24],[14,25],[14,26],[14,27],[15,28],[15,29],[15,30],[16,31],[16,32],[16,33],[17,34],[17,35],[17,36],[18,37],[18,38],[18,39],[19,40],[21,41],[40,42],[40,43],[40,44]],"ID":2},{"def":["$z0"],"use":["$z0","r1"],"callees":[],"nodes":["CompoundStmt","DefinitionStmt","IfStmt","Local","InstanceOfExpr","BinaryOp","Boolean","Boolean","Local","RefType","Local"," \u003d\u003d ","Constant","RefType","java","lang","Character","Boolean","0","Int","java","lang","Object"],"edges":[[0,1],[0,2],[1,3],[1,4],[2,5],[3,6],[4,7],[4,8],[4,9],[5,10],[5,11],[5,12],[8,13],[9,14],[9,15],[9,16],[10,17],[12,18],[12,19],[13,20],[13,21],[13,22]],"ID":3},{"def":["$c0","$r3"],"use":["$c0","$r3","r1"],"callees":[],"nodes":["CompoundStmt","DefinitionStmt","DefinitionStmt","ReturnStmt","Local","CastExpr","Local","Invoke","Local","RefType","RefType","RefType","Local","Char","Char","java","lang","Character","java","lang","Character","java","lang","Character","RefType","java","lang","Object"],"edges":[[0,1],[0,2],[0,3],[1,4],[1,5],[2,6],[2,7],[3,8],[4,9],[5,10],[5,11],[5,12],[6,13],[8,14],[9,15],[9,16],[9,17],[10,18],[10,19],[10,20],[11,21],[11,22],[11,23],[12,24],[24,25],[24,26],[24,27]],"ID":4},{"def":[],"use":[],"callees":[],"nodes":["CompoundStmt","ReturnStmt","Constant","-","1","Int"],"edges":[[0,1],[1,2],[2,3],[2,4],[2,5]],"ID":5}],"edgeSet":[[4,1,0],[5,1,0],[0,2,0],[2,5,2],[2,3,1],[3,4,1],[3,5,2]],"ENTRY":{"def":[],"use":[],"callees":[],"nodes":["CompoundStmt"],"edges":[],"ID":0},"EXIT":{"def":[],"use":[],"callees":[],"nodes":["CompoundStmt"],"edges":[],"ID":1},"method_name":"charFromName"},{"blocks":[{"def":[],"use":[],"callees":[],"nodes":["CompoundStmt"],"edges":[],"ID":0},{"def":[],"use":[],"callees":[],"nodes":["CompoundStmt"],"edges":[],"ID":1},{"def":["i0"],"use":["i0","@parameter0: int"],"callees":[],"nodes":["CompoundStmt","DefinitionStmt","IfStmt","Local","Param","BinaryOp","Int","Int","Local"," \u003c\u003d ","Constant","Int","6","5","5","3","5","Int"],"edges":[[0,1],[0,2],[1,3],[1,4],[2,5],[3,6],[4,7],[5,8],[5,9],[5,10],[8,11],[10,12],[10,13],[10,14],[10,15],[10,16],[10,17]],"ID":2},{"def":[],"use":[],"callees":[],"nodes":["CompoundStmt","ReturnStmt","Constant","Null"],"edges":[[0,1],[1,2],[2,3]],"ID":3},{"def":["$r1","$r2","$r3","r0"],"use":["$r1","$r2","$r3","i0","r0","\u003corg.apache.xml.serialize.HTMLdtd: java.util.Hashtable _byChar\u003e"],"callees":["initialize"],"nodes":["CompoundStmt","Invoke","DefinitionStmt","DefinitionStmt","DefinitionStmt","DefinitionStmt","IfStmt","Local","StaticFieldRef","Local","Invoke","Local","Invoke","Local","CastExpr","BinaryOp","RefType","RefType","RefType","RefType","RefType","RefType","RefType","RefType","Local","Local"," !\u003d ","Constant","java","util","Hashtable","java","util","Hashtable","java","util","Hashtable","java","lang","String","java","lang","Object","java","lang","String","java","lang","String","java","lang","String","RefType","RefType","Null","java","lang","Object","java","lang","String"],"edges":[[0,1],[0,2],[0,3],[0,4],[0,5],[0,6],[2,7],[2,8],[3,9],[3,10],[4,11],[4,12],[5,13],[5,14],[6,15],[7,16],[8,17],[8,18],[9,19],[11,20],[13,21],[14,22],[14,23],[14,24],[15,25],[15,26],[15,27],[16,28],[16,29],[16,30],[17,31],[17,32],[17,33],[18,34],[18,35],[18,36],[19,37],[19,38],[19,39],[20,40],[20,41],[20,42],[21,43],[21,44],[21,45],[22,46],[22,47],[22,48],[23,49],[23,50],[23,51],[24,52],[25,53],[27,54],[52,55],[52,56],[52,57],[53,58],[53,59],[53,60]],"ID":4},{"def":[],"use":[],"callees":[],"nodes":["CompoundStmt","ReturnStmt","Constant","Null"],"edges":[[0,1],[1,2],[2,3]],"ID":5},{"def":[],"use":["r0"],"callees":[],"nodes":["CompoundStmt","ReturnStmt","Local","RefType","java","lang","String"],"edges":[[0,1],[1,2],[2,3],[3,4],[3,5],[3,6]],"ID":6}],"edgeSet":[[3,1,0],[5,1,0],[6,1,0],[0,2,0],[2,3,1],[2,4,2],[4,5,1],[4,6,2]],"ENTRY":{"def":[],"use":[],"callees":[],"nodes":["CompoundStmt"],"edges":[],"ID":0},"EXIT":{"def":[],"use":[],"callees":[],"nodes":["CompoundStmt"],"edges":[],"ID":1},"method_name":"fromChar"},{"blocks":[{"def":[],"use":[],"callees":[],"nodes":["CompoundStmt"],"edges":[],"ID":0},{"def":[],"use":[],"callees":[],"nodes":["CompoundStmt"],"edges":[],"ID":1},{"def":["r25","$r3"],"use":["$r3","\u003corg.apache.xml.serialize.HTMLdtd: java.util.Hashtable _byName\u003e"],"callees":[],"nodes":["CompoundStmt","DefinitionStmt","DefinitionStmt","IfStmt","Local","Constant","Local","StaticFieldRef","BinaryOp","RefType","Null","RefType","RefType","RefType","Local"," \u003d\u003d ","Constant","java","io","Input","Stream","java","util","Hashtable","java","util","Hashtable","java","util","Hashtable","RefType","Null","java","util","Hashtable"],"edges":[[0,1],[0,2],[0,3],[1,4],[1,5],[2,6],[2,7],[3,8],[4,9],[5,10],[6,11],[7,12],[7,13],[8,14],[8,15],[8,16],[9,17],[9,18],[9,19],[9,20],[11,21],[11,22],[11,23],[12,24],[12,25],[12,26],[13,27],[13,28],[13,29],[14,30],[16,31],[30,32],[30,33],[30,34]],"ID":2},{"def":[],"use":[],"callees":[],"nodes":["CompoundStmt","ReturnVoidStmt"],"edges":[[0,1]],"ID":3},{"def":["$r4"],"use":[],"callees":[],"nodes":["CompoundStmt","DefinitionStmt","Local","NewExpr","RefType","RefType","java","util","Hashtable","java","util","Hashtable"],"edges":[[0,1],[1,2],[1,3],[2,4],[3,5],[4,6],[4,7],[4,8],[5,9],[5,10],[5,11]],"ID":4},{"def":[],"use":["$r4"],"callees":[],"nodes":["CompoundStmt","Invoke"],"edges":[[0,1]],"ID":5},{"def":["\u003corg.apache.xml.serialize.HTMLdtd: java.util.Hashtable _byName\u003e"],"use":["$r4"],"callees":[],"nodes":["CompoundStmt","DefinitionStmt","StaticFieldRef","Local","RefType","RefType","RefType","java","util","Hashtable","java","util","Hashtable","java","util","Hashtable"],"edges":[[0,1],[1,2],[1,3],[2,4],[2,5],[3,6],[4,7],[4,8],[4,9],[5,10],[5,11],[5,12],[6,13],[6,14],[6,15]],"ID":6},{"def":["$r5"],"use":[],"callees":[],"nodes":["CompoundStmt","DefinitionStmt","Local","NewExpr","RefType","RefType","java","util","Hashtable","java","util","Hashtable"],"edges":[[0,1],[1,2],[1,3],[2,4],[3,5],[4,6],[4,7],[4,8],[5,9],[5,10],[5,11]],"ID":7},{"def":[],"use":["$r5"],"callees":[],"nodes":["CompoundStmt","Invoke"],"edges":[[0,1]],"ID":8},{"def":["\u003corg.apache.xml.serialize.HTMLdtd: java.util.Hashtable _byChar\u003e"],"use":["$r5"],"callees":[],"nodes":["CompoundStmt","DefinitionStmt","StaticFieldRef","Local","RefType","RefType","RefType","java","util","Hashtable","java","util","Hashtable","java","util","Hashtable"],"edges":[[0,1],[1,2],[1,3],[2,4],[2,5],[3,6],[4,7],[4,8],[4,9],[5,10],[5,11],[5,12],[6,13],[6,14],[6,15]],"ID":9},{"def":["$r6"],"use":["\u003corg.apache.xml.serialize.HTMLdtd: java.lang.Class class$org$apache$xml$serialize$HTMLdtd\u003e"],"callees":[],"nodes":["CompoundStmt","DefinitionStmt","Local","StaticFieldRef","RefType","RefType","RefType","java","lang","Class","java","lang","Class","java","lang","Class"],"edges":[[0,1],[1,2],[1,3],[2,4],[3,5],[3,6],[4,7],[4,8],[4,9],[5,10],[5,11],[5,12],[6,13],[6,14],[6,15]],"ID":10},{"def":[],"use":["$r6"],"callees":[],"nodes":["CompoundStmt","IfStmt","BinaryOp","Local"," !\u003d ","Constant","RefType","Null","java","lang","Class"],"edges":[[0,1],[1,2],[2,3],[2,4],[2,5],[3,6],[5,7],[6,8],[6,9],[6,10]],"ID":11},{"def":["$r26"],"use":[],"callees":["class$"],"nodes":["CompoundStmt","DefinitionStmt","Local","Invoke","RefType","java","lang","Class"],"edges":[[0,1],[1,2],[1,3],[2,4],[4,5],[4,6],[4,7]],"ID":12},{"def":["\u003corg.apache.xml.serialize.HTMLdtd: java.lang.Class class$org$apache$xml$serialize$HTMLdtd\u003e"],"use":["$r26"],"callees":[],"nodes":["CompoundStmt","DefinitionStmt","StaticFieldRef","Local","RefType","RefType","RefType","java","lang","Class","java","lang","Class","java","lang","Class"],"edges":[[0,1],[1,2],[1,3],[2,4],[2,5],[3,6],[4,7],[4,8],[4,9],[5,10],[5,11],[5,12],[6,13],[6,14],[6,15]],"ID":13},{"def":[],"use":[],"callees":[],"nodes":["CompoundStmt","GotoStmt"],"edges":[[0,1]],"ID":14},{"def":["$r26"],"use":["\u003corg.apache.xml.serialize.HTMLdtd: java.lang.Class class$org$apache$xml$serialize$HTMLdtd\u003e"],"callees":[],"nodes":["CompoundStmt","DefinitionStmt","Local","StaticFieldRef","RefType","RefType","RefType","java","lang","Class","java","lang","Class","java","lang","Class"],"edges":[[0,1],[1,2],[1,3],[2,4],[3,5],[3,6],[4,7],[4,8],[4,9],[5,10],[5,11],[5,12],[6,13],[6,14],[6,15]],"ID":15},{"def":["r25"],"use":["$r26"],"callees":[],"nodes":["CompoundStmt","DefinitionStmt","Local","Invoke","RefType","java","io","Input","Stream"],"edges":[[0,1],[1,2],[1,3],[2,4],[4,5],[4,6],[4,7],[4,8]],"ID":16},{"def":[],"use":["r25"],"callees":[],"nodes":["CompoundStmt","IfStmt","BinaryOp","Local"," !\u003d ","Constant","RefType","Null","java","io","Input","Stream"],"edges":[[0,1],[1,2],[2,3],[2,4],[2,5],[3,6],[5,7],[6,8],[6,9],[6,10],[6,11]],"ID":17},{"def":["$r9"],"use":[],"callees":[],"nodes":["CompoundStmt","DefinitionStmt","Local","NewExpr","RefType","RefType","java","lang","Runtime","Exception","java","lang","Runtime","Exception"],"edges":[[0,1],[1,2],[1,3],[2,4],[3,5],[4,6],[4,7],[4,8],[4,9],[5,10],[5,11],[5,12],[5,13]],"ID":18},{"def":[],"use":["$r9"],"callees":[],"nodes":["CompoundStmt","Invoke"],"edges":[[0,1]],"ID":19},{"def":[],"use":["$r9"],"callees":[],"nodes":["CompoundStmt","ThrowStmt","Local","RefType","java","lang","Runtime","Exception"],"edges":[[0,1],[1,2],[2,3],[3,4],[3,5],[3,6],[3,7]],"ID":20},{"def":["$r7"],"use":[],"callees":[],"nodes":["CompoundStmt","DefinitionStmt","Local","NewExpr","RefType","RefType","java","io","Buffered","Reader","java","io","Buffered","Reader"],"edges":[[0,1],[1,2],[1,3],[2,4],[3,5],[4,6],[4,7],[4,8],[4,9],[5,10],[5,11],[5,12],[5,13]],"ID":21},{"def":["$r8"],"use":[],"callees":[],"nodes":["CompoundStmt","DefinitionStmt","Local","NewExpr","RefType","RefType","java","io","Input","Stream","Reader","java","io","Input","Stream","Reader"],"edges":[[0,1],[1,2],[1,3],[2,4],[3,5],[4,6],[4,7],[4,8],[4,9],[4,10],[5,11],[5,12],[5,13],[5,14],[5,15]],"ID":22},{"def":[],"use":["r25","$r8"],"callees":[],"nodes":["CompoundStmt","Invoke"],"edges":[[0,1]],"ID":23},{"def":[],"use":["$r7","$r8"],"callees":[],"nodes":["CompoundStmt","Invoke"],"edges":[[0,1]],"ID":24},{"def":["r27"],"use":["$r7"],"callees":[],"nodes":["CompoundStmt","DefinitionStmt","Local","Local","RefType","RefType","java","io","Buffered","Reader","java","io","Buffered","Reader"],"edges":[[0,1],[1,2],[1,3],[2,4],[3,5],[4,6],[4,7],[4,8],[4,9],[5,10],[5,11],[5,12],[5,13]],"ID":25},{"def":["r28"],"use":["r27"],"callees":[],"nodes":["CompoundStmt","DefinitionStmt","Local","Invoke","RefType","java","lang","String"],"edges":[[0,1],[1,2],[1,3],[2,4],[4,5],[4,6],[4,7]],"ID":26},{"def":[],"use":[],"callees":[],"nodes":["CompoundStmt","GotoStmt"],"edges":[[0,1]],"ID":27},{"def":["$i1"],"use":["r28"],"callees":[],"nodes":["CompoundStmt","DefinitionStmt","Local","Invoke","Int"],"edges":[[0,1],[1,2],[1,3],[2,4]],"ID":28},{"def":[],"use":["$i1"],"callees":[],"nodes":["CompoundStmt","IfStmt","BinaryOp","Local"," \u003d\u003d ","Constant","Int","0","Int"],"edges":[[0,1],[1,2],[2,3],[2,4],[2,5],[3,6],[5,7],[5,8]],"ID":29},{"def":["$c2"],"use":["r28"],"callees":[],"nodes":["CompoundStmt","DefinitionStmt","Local","Invoke","Char"],"edges":[[0,1],[1,2],[1,3],[2,4]],"ID":30},{"def":[],"use":["$c2"],"callees":[],"nodes":["CompoundStmt","IfStmt","BinaryOp","Local"," !\u003d ","Constant","Char","3","5","Int"],"edges":[[0,1],[1,2],[2,3],[2,4],[2,5],[3,6],[5,7],[5,8],[5,9]],"ID":31},{"def":["r28"],"use":["r27"],"callees":[],"nodes":["CompoundStmt","DefinitionStmt","Local","Invoke","RefType","java","lang","String"],"edges":[[0,1],[1,2],[1,3],[2,4],[4,5],[4,6],[4,7]],"ID":32},{"def":[],"use":[],"callees":[],"nodes":["CompoundStmt","GotoStmt"],"edges":[[0,1]],"ID":33},{"def":["i5"],"use":["r28"],"callees":[],"nodes":["CompoundStmt","DefinitionStmt","Local","Invoke","Int"],"edges":[[0,1],[1,2],[1,3],[2,4]],"ID":34},{"def":[],"use":["i5"],"callees":[],"nodes":["CompoundStmt","IfStmt","BinaryOp","Local"," \u003c\u003d ","Constant","Int","1","Int"],"edges":[[0,1],[1,2],[2,3],[2,4],[2,5],[3,6],[5,7],[5,8]],"ID":35},{"def":["r0"],"use":["r28","i5"],"callees":[],"nodes":["CompoundStmt","DefinitionStmt","Local","Invoke","RefType","java","lang","String"],"edges":[[0,1],[1,2],[1,3],[2,4],[4,5],[4,6],[4,7]],"ID":36},{"def":["i6"],"use":["i5"],"callees":[],"nodes":["CompoundStmt","DefinitionStmt","Local","BinaryOp","Int","Local"," + ","Constant","Int","1","Int"],"edges":[[0,1],[1,2],[1,3],[2,4],[3,5],[3,6],[3,7],[5,8],[7,9],[7,10]],"ID":37},{"def":["$i3"],"use":["r28"],"callees":[],"nodes":["CompoundStmt","DefinitionStmt","Local","Invoke","Int"],"edges":[[0,1],[1,2],[1,3],[2,4]],"ID":38},{"def":[],"use":["i6","$i3"],"callees":[],"nodes":["CompoundStmt","IfStmt","BinaryOp","Local"," \u003e\u003d ","Local","Int","Int"],"edges":[[0,1],[1,2],[2,3],[2,4],[2,5],[3,6],[5,7]],"ID":39},{"def":["r29"],"use":["r28","i6"],"callees":[],"nodes":["CompoundStmt","DefinitionStmt","Local","Invoke","RefType","java","lang","String"],"edges":[[0,1],[1,2],[1,3],[2,4],[4,5],[4,6],[4,7]],"ID":40},{"def":["i7"],"use":["r29"],"callees":[],"nodes":["CompoundStmt","DefinitionStmt","Local","Invoke","Int"],"edges":[[0,1],[1,2],[1,3],[2,4]],"ID":41},{"def":[],"use":["i7"],"callees":[],"nodes":["CompoundStmt","IfStmt","BinaryOp","Local"," \u003c\u003d ","Constant","Int","0","Int"],"edges":[[0,1],[1,2],[2,3],[2,4],[2,5],[3,6],[5,7],[5,8]],"ID":42},{"def":["r29"],"use":["r29","i7"],"callees":[],"nodes":["CompoundStmt","DefinitionStmt","Local","Invoke","RefType","java","lang","String"],"edges":[[0,1],[1,2],[1,3],[2,4],[4,5],[4,6],[4,7]],"ID":43},{"def":["i0"],"use":["r29"],"callees":[],"nodes":["CompoundStmt","DefinitionStmt","Local","Invoke","Int"],"edges":[[0,1],[1,2],[1,3],[2,4]],"ID":44},{"def":["$c4"],"use":["i0"],"callees":[],"nodes":["CompoundStmt","DefinitionStmt","Local","CastExpr","Char","Char","Char","Local","Int"],"edges":[[0,1],[1,2],[1,3],[2,4],[3,5],[3,6],[3,7],[7,8]],"ID":45},{"def":[],"use":["$c4","r0"],"callees":["defineEntity"],"nodes":["CompoundStmt","Invoke"],"edges":[[0,1]],"ID":46},{"def":["r28"],"use":["r27"],"callees":[],"nodes":["CompoundStmt","DefinitionStmt","Local","Invoke","RefType","java","lang","String"],"edges":[[0,1],[1,2],[1,3],[2,4],[4,5],[4,6],[4,7]],"ID":47},{"def":[],"use":["r28"],"callees":[],"nodes":["CompoundStmt","IfStmt","BinaryOp","Local"," !\u003d ","Constant","RefType","Null","java","lang","String"],"edges":[[0,1],[1,2],[2,3],[2,4],[2,5],[3,6],[5,7],[6,8],[6,9],[6,10]],"ID":48},{"def":[],"use":["r25"],"callees":[],"nodes":["CompoundStmt","Invoke"],"edges":[[0,1]],"ID":49},{"def":[],"use":[],"callees":[],"nodes":["CompoundStmt","GotoStmt"],"edges":[[0,1]],"ID":50},{"def":[],"use":[],"callees":[],"nodes":["CompoundStmt","GotoStmt"],"edges":[[0,1]],"ID":51},{"def":["$r13"],"use":["@caughtexception"],"callees":[],"nodes":["CompoundStmt","DefinitionStmt","Local","CaughtException","RefType","RefType","java","lang","Exception","java","lang","Throwable"],"edges":[[0,1],[1,2],[1,3],[2,4],[3,5],[4,6],[4,7],[4,8],[5,9],[5,10],[5,11]],"ID":52},{"def":["r1"],"use":["$r13"],"callees":[],"nodes":["CompoundStmt","DefinitionStmt","Local","Local","RefType","RefType","java","lang","Exception","java","lang","Exception"],"edges":[[0,1],[1,2],[1,3],[2,4],[3,5],[4,6],[4,7],[4,8],[5,9],[5,10],[5,11]],"ID":53},{"def":["$r14"],"use":[],"callees":[],"nodes":["CompoundStmt","DefinitionStmt","Local","NewExpr","RefType","RefType","java","lang","Runtime","Exception","java","lang","Runtime","Exception"],"edges":[[0,1],[1,2],[1,3],[2,4],[3,5],[4,6],[4,7],[4,8],[4,9],[5,10],[5,11],[5,12],[5,13]],"ID":54},{"def":["$r15"],"use":[],"callees":[],"nodes":["CompoundStmt","DefinitionStmt","Local","NewExpr","RefType","RefType","java","lang","String","Buffer","java","lang","String","Buffer"],"edges":[[0,1],[1,2],[1,3],[2,4],[3,5],[4,6],[4,7],[4,8],[4,9],[5,10],[5,11],[5,12],[5,13]],"ID":55},{"def":[],"use":["$r15"],"callees":[],"nodes":["CompoundStmt","Invoke"],"edges":[[0,1]],"ID":56},{"def":["$r16"],"use":["$r15"],"callees":[],"nodes":["CompoundStmt","DefinitionStmt","Local","Invoke","RefType","java","lang","String","Buffer"],"edges":[[0,1],[1,2],[1,3],[2,4],[4,5],[4,6],[4,7],[4,8]],"ID":57},{"def":["$r17"],"use":["r1"],"callees":[],"nodes":["CompoundStmt","DefinitionStmt","Local","Invoke","RefType","java","lang","String"],"edges":[[0,1],[1,2],[1,3],[2,4],[4,5],[4,6],[4,7]],"ID":58},{"def":["$r18"],"use":["$r16","$r17"],"callees":[],"nodes":["CompoundStmt","DefinitionStmt","Local","Invoke","RefType","java","lang","String","Buffer"],"edges":[[0,1],[1,2],[1,3],[2,4],[4,5],[4,6],[4,7],[4,8]],"ID":59},{"def":["$r19"],"use":["$r18"],"callees":[],"nodes":["CompoundStmt","DefinitionStmt","Local","Invoke","RefType","java","lang","String","Buffer"],"edges":[[0,1],[1,2],[1,3],[2,4],[4,5],[4,6],[4,7],[4,8]],"ID":60},{"def":["$r20"],"use":["$r19"],"callees":[],"nodes":["CompoundStmt","DefinitionStmt","Local","Invoke","RefType","java","lang","String","Buffer"],"edges":[[0,1],[1,2],[1,3],[2,4],[4,5],[4,6],[4,7],[4,8]],"ID":61},{"def":["$r21"],"use":["$r20"],"callees":[],"nodes":["CompoundStmt","DefinitionStmt","Local","Invoke","RefType","java","lang","String","Buffer"],"edges":[[0,1],[1,2],[1,3],[2,4],[4,5],[4,6],[4,7],[4,8]],"ID":62},{"def":["$r22"],"use":["r1"],"callees":[],"nodes":["CompoundStmt","DefinitionStmt","Local","Invoke","RefType","java","lang","String"],"edges":[[0,1],[1,2],[1,3],[2,4],[4,5],[4,6],[4,7]],"ID":63},{"def":["$r23"],"use":["$r22","$r21"],"callees":[],"nodes":["CompoundStmt","DefinitionStmt","Local","Invoke","RefType","java","lang","String","Buffer"],"edges":[[0,1],[1,2],[1,3],[2,4],[4,5],[4,6],[4,7],[4,8]],"ID":64},{"def":["$r24"],"use":["$r23"],"callees":[],"nodes":["CompoundStmt","DefinitionStmt","Local","Invoke","RefType","java","lang","String"],"edges":[[0,1],[1,2],[1,3],[2,4],[4,5],[4,6],[4,7]],"ID":65},{"def":[],"use":["$r24","$r14"],"callees":[],"nodes":["CompoundStmt","Invoke"],"edges":[[0,1]],"ID":66},{"def":["r2","$r12"],"use":["$r14","r25","@caughtexception","$r12"],"callees":[],"nodes":["CompoundStmt","ThrowStmt","DefinitionStmt","DefinitionStmt","GotoStmt","IfStmt","Local","Local","CaughtException","Local","Local","BinaryOp","RefType","RefType","RefType","RefType","RefType","Local"," \u003d\u003d ","Constant","java","lang","Runtime","Exception","java","lang","Throwable","java","lang","Throwable","java","lang","Throwable","java","lang","Throwable","RefType","Null","java","io","Input","Stream"],"edges":[[0,1],[0,2],[0,3],[0,4],[0,5],[1,6],[2,7],[2,8],[3,9],[3,10],[5,11],[6,12],[7,13],[8,14],[9,15],[10,16],[11,17],[11,18],[11,19],[12,20],[12,21],[12,22],[12,23],[13,24],[13,25],[13,26],[14,27],[14,28],[14,29],[15,30],[15,31],[15,32],[16,33],[16,34],[16,35],[17,36],[19,37],[36,38],[36,39],[36,40],[36,41]],"ID":67},{"def":[],"use":["r2"],"callees":[],"nodes":["CompoundStmt","ThrowStmt","Local","RefType","java","lang","Throwable"],"edges":[[0,1],[1,2],[2,3],[3,4],[3,5],[3,6]],"ID":68},{"def":[],"use":[],"callees":[],"nodes":["CompoundStmt","ReturnVoidStmt"],"edges":[[0,1]],"ID":69},{"def":[],"use":["r25"],"callees":[],"nodes":["CompoundStmt","IfStmt","BinaryOp","Local"," \u003d\u003d ","Constant","RefType","Null","java","io","Input","Stream"],"edges":[[0,1],[1,2],[2,3],[2,4],[2,5],[3,6],[5,7],[6,8],[6,9],[6,10],[6,11]],"ID":70},{"def":[],"use":["r25"],"callees":[],"nodes":["CompoundStmt","Invoke"],"edges":[[0,1]],"ID":71},{"def":[],"use":[],"callees":[],"nodes":["CompoundStmt","GotoStmt","GotoStmt"],"edges":[[0,1],[0,2]],"ID":72},{"def":["$r10"],"use":["@caughtexception"],"callees":[],"nodes":["CompoundStmt","DefinitionStmt","Local","CaughtException","RefType","RefType","java","lang","Exception","java","lang","Throwable"],"edges":[[0,1],[1,2],[1,3],[2,4],[3,5],[4,6],[4,7],[4,8],[5,9],[5,10],[5,11]],"ID":73},{"def":[],"use":["r25"],"callees":[],"nodes":["CompoundStmt","Invoke"],"edges":[[0,1]],"ID":74},{"def":[],"use":[],"callees":[],"nodes":["CompoundStmt","GotoStmt","GotoStmt"],"edges":[[0,1],[0,2]],"ID":75},{"def":["$r11"],"use":["@caughtexception"],"callees":[],"nodes":["CompoundStmt","DefinitionStmt","Local","CaughtException","RefType","RefType","java","lang","Exception","java","lang","Throwable"],"edges":[[0,1],[1,2],[1,3],[2,4],[3,5],[4,6],[4,7],[4,8],[5,9],[5,10],[5,11]],"ID":76}],"edgeSet":[[35,67,5],[43,67,5],[51,67,5],[48,28,2],[11,52,5],[59,67,5],[36,37,0],[52,53,0],[4,5,0],[70,73,5],[2,67,5],[19,52,5],[10,67,5],[33,48,0],[18,67,5],[35,52,5],[26,67,5],[43,52,5],[19,20,0],[35,36,1],[34,67,5],[75,68,0],[42,67,5],[51,69,0],[2,52,5],[50,67,5],[58,67,5],[66,67,0],[18,19,0],[34,35,0],[2,3,1],[18,52,5],[66,67,5],[9,67,5],[26,52,5],[17,67,5],[34,52,5],[42,52,5],[25,67,5],[49,50,0],[65,66,0],[2,4,2],[17,18,1],[33,67,5],[41,67,5],[49,67,5],[57,67,5],[39,47,2],[64,65,0],[16,17,0],[32,33,0],[48,49,1],[65,67,5],[8,67,5],[25,52,5],[50,70,0],[16,67,5],[24,67,5],[41,52,5],[0,2,0],[47,48,0],[63,64,0],[15,16,0],[31,32,1],[32,67,5],[49,52,5],[40,67,5],[48,67,5],[8,52,5],[56,67,5],[17,21,2],[46,47,0],[62,63,0],[30,31,0],[76,75,0],[16,52,5],[64,67,5],[7,67,5],[24,52,5],[72,67,5],[15,67,5],[32,52,5],[72,51,0],[40,52,5],[23,67,5],[67,74,1],[14,16,0],[45,46,0],[61,62,0],[13,14,0],[31,34,2],[29,30,1],[48,52,5],[31,67,5],[39,67,5],[47,67,5],[7,52,5],[55,67,5],[67,75,2],[44,45,0],[60,61,0],[12,13,0],[28,29,0],[15,52,5],[63,67,5],[6,67,5],[23,52,5],[14,67,5],[31,52,5],[22,67,5],[39,52,5],[67,76,5],[43,44,0],[59,60,0],[29,32,2],[11,12,1],[30,67,5],[73,72,0],[47,52,5],[38,67,5],[46,67,5],[54,67,5],[58,59,0],[74,75,0],[10,11,0],[14,52,5],[26,27,0],[42,43,1],[62,67,5],[5,67,5],[22,52,5],[13,67,5],[30,52,5],[38,52,5],[21,67,5],[41,42,0],[46,52,5],[57,58,0],[9,10,0],[25,26,0],[29,67,5],[42,44,2],[74,76,5],[37,67,5],[45,67,5],[5,52,5],[35,47,2],[53,67,5],[11,15,2],[40,41,0],[56,57,0],[61,67,5],[8,9,0],[24,25,0],[69,1,0],[4,67,5],[27,48,0],[12,67,5],[29,52,5],[20,67,5],[37,52,5],[28,67,5],[55,56,0],[71,72,0],[7,8,0],[23,24,0],[45,52,5],[39,40,1],[36,67,5],[44,67,5],[4,52,5],[52,67,5],[12,52,5],[38,39,0],[54,55,0],[6,7,0],[22,23,0],[60,67,5],[70,71,1],[3,1,0],[68,1,0],[71,73,5],[20,52,5],[11,67,5],[28,52,5],[36,52,5],[19,67,5],[44,52,5],[27,67,5],[37,38,0],[53,54,0],[5,6,0],[21,22,0],[70,72,2]],"ENTRY":{"def":[],"use":[],"callees":[],"nodes":["CompoundStmt"],"edges":[],"ID":0},"EXIT":{"def":[],"use":[],"callees":[],"nodes":["CompoundStmt"],"edges":[],"ID":1},"method_name":"initialize"},{"blocks":[{"def":[],"use":[],"callees":[],"nodes":["CompoundStmt"],"edges":[],"ID":0},{"def":[],"use":[],"callees":[],"nodes":["CompoundStmt"],"edges":[],"ID":1},{"def":["$r1","$r2","c0","r0"],"use":["$r1","$r2","\u003corg.apache.xml.serialize.HTMLdtd: java.util.Hashtable _byName\u003e","@parameter0: java.lang.String","r0","@parameter1: char"],"callees":[],"nodes":["CompoundStmt","DefinitionStmt","DefinitionStmt","DefinitionStmt","DefinitionStmt","IfStmt","Local","Param","Local","Param","Local","StaticFieldRef","Local","Invoke","BinaryOp","RefType","RefType","Char","Char","RefType","RefType","RefType","RefType","Local"," !\u003d ","Constant","java","lang","String","java","lang","String","java","util","Hashtable","java","util","Hashtable","java","util","Hashtable","java","lang","Object","RefType","Null","java","lang","Object"],"edges":[[0,1],[0,2],[0,3],[0,4],[0,5],[1,6],[1,7],[2,8],[2,9],[3,10],[3,11],[4,12],[4,13],[5,14],[6,15],[7,16],[8,17],[9,18],[10,19],[11,20],[11,21],[12,22],[14,23],[14,24],[14,25],[15,26],[15,27],[15,28],[16,29],[16,30],[16,31],[19,32],[19,33],[19,34],[20,35],[20,36],[20,37],[21,38],[21,39],[21,40],[22,41],[22,42],[22,43],[23,44],[25,45],[44,46],[44,47],[44,48]],"ID":2},{"def":["$r3","$r4","$r6","$r7"],"use":["$r3","$r4","\u003corg.apache.xml.serialize.HTMLdtd: java.util.Hashtable _byName\u003e","$r6","$r7","c0","r0","\u003corg.apache.xml.serialize.HTMLdtd: java.util.Hashtable _byChar\u003e"],"callees":[],"nodes":["CompoundStmt","DefinitionStmt","DefinitionStmt","Invoke","Invoke","DefinitionStmt","DefinitionStmt","Invoke","ReturnVoidStmt","Local","StaticFieldRef","Local","NewExpr","Local","StaticFieldRef","Local","Invoke","RefType","RefType","RefType","RefType","RefType","RefType","RefType","RefType","RefType","java","util","Hashtable","java","util","Hashtable","java","util","Hashtable","java","lang","Character","java","lang","Character","java","util","Hashtable","java","util","Hashtable","java","util","Hashtable","java","lang","String"],"edges":[[0,1],[0,2],[0,3],[0,4],[0,5],[0,6],[0,7],[0,8],[1,9],[1,10],[2,11],[2,12],[5,13],[5,14],[6,15],[6,16],[9,17],[10,18],[10,19],[11,20],[12,21],[13,22],[14,23],[14,24],[15,25],[17,26],[17,27],[17,28],[18,29],[18,30],[18,31],[19,32],[19,33],[19,34],[20,35],[20,36],[20,37],[21,38],[21,39],[21,40],[22,41],[22,42],[22,43],[23,44],[23,45],[23,46],[24,47],[24,48],[24,49],[25,50],[25,51],[25,52]],"ID":3}],"edgeSet":[[3,1,0],[0,2,0],[2,3,1],[2,3,2]],"ENTRY":{"def":[],"use":[],"callees":[],"nodes":["CompoundStmt"],"edges":[],"ID":0},"EXIT":{"def":[],"use":[],"callees":[],"nodes":["CompoundStmt"],"edges":[],"ID":1},"method_name":"defineEntity"},{"blocks":[{"def":[],"use":[],"callees":[],"nodes":["CompoundStmt"],"edges":[],"ID":0},{"def":[],"use":[],"callees":[],"nodes":["CompoundStmt"],"edges":[],"ID":1},{"def":["$r1","$r2","i0","r0"],"use":["\u003corg.apache.xml.serialize.HTMLdtd: java.util.Hashtable _elemDefs\u003e","$r1","$r2","i0","@parameter0: java.lang.String","@parameter1: int","r0"],"callees":[],"nodes":["CompoundStmt","DefinitionStmt","DefinitionStmt","DefinitionStmt","DefinitionStmt","Invoke","Invoke","ReturnVoidStmt","Local","Param","Local","Param","Local","StaticFieldRef","Local","NewExpr","RefType","RefType","Int","Int","RefType","RefType","RefType","RefType","RefType","java","lang","String","java","lang","String","java","util","Hashtable","java","util","Hashtable","java","util","Hashtable","java","lang","Integer","java","lang","Integer"],"edges":[[0,1],[0,2],[0,3],[0,4],[0,5],[0,6],[0,7],[1,8],[1,9],[2,10],[2,11],[3,12],[3,13],[4,14],[4,15],[8,16],[9,17],[10,18],[11,19],[12,20],[13,21],[13,22],[14,23],[15,24],[16,25],[16,26],[16,27],[17,28],[17,29],[17,30],[20,31],[20,32],[20,33],[21,34],[21,35],[21,36],[22,37],[22,38],[22,39],[23,40],[23,41],[23,42],[24,43],[24,44],[24,45]],"ID":2}],"edgeSet":[[0,2,0],[2,1,0]],"ENTRY":{"def":[],"use":[],"callees":[],"nodes":["CompoundStmt"],"edges":[],"ID":0},"EXIT":{"def":[],"use":[],"callees":[],"nodes":["CompoundStmt"],"edges":[],"ID":1},"method_name":"defineElement"},{"blocks":[{"def":[],"use":[],"callees":[],"nodes":["CompoundStmt"],"edges":[],"ID":0},{"def":[],"use":[],"callees":[],"nodes":["CompoundStmt"],"edges":[],"ID":1},{"def":["$r2","$r2[0]","r0","r1"],"use":["$r2","@parameter1: java.lang.String","@parameter0: java.lang.String","r0","r1"],"callees":["defineBoolean"],"nodes":["CompoundStmt","DefinitionStmt","DefinitionStmt","DefinitionStmt","DefinitionStmt","Invoke","ReturnVoidStmt","Local","Param","Local","Param","Local","NewArray","ArrayRef","Local","RefType","RefType","RefType","RefType","Array","Array","Constant","RefType","Local","Constant","RefType","java","lang","String","java","lang","String","java","lang","String","java","lang","String","RefType","[]","RefType","[]","1","Int","java","lang","String","Array","0","Int","java","lang","String","java","lang","String","java","lang","String","RefType","[]","java","lang","String"],"edges":[[0,1],[0,2],[0,3],[0,4],[0,5],[0,6],[1,7],[1,8],[2,9],[2,10],[3,11],[3,12],[4,13],[4,14],[7,15],[8,16],[9,17],[10,18],[11,19],[12,20],[12,21],[13,22],[13,23],[13,24],[14,25],[15,26],[15,27],[15,28],[16,29],[16,30],[16,31],[17,32],[17,33],[17,34],[18,35],[18,36],[18,37],[19,38],[19,39],[20,40],[20,41],[21,42],[21,43],[22,44],[22,45],[22,46],[23,47],[24,48],[24,49],[25,50],[25,51],[25,52],[38,53],[38,54],[38,55],[40,56],[40,57],[40,58],[47,59],[47,60],[59,61],[59,62],[59,63]],"ID":2}],"edgeSet":[[0,2,0],[2,1,0]],"ENTRY":{"def":[],"use":[],"callees":[],"nodes":["CompoundStmt"],"edges":[],"ID":0},"EXIT":{"def":[],"use":[],"callees":[],"nodes":["CompoundStmt"],"edges":[],"ID":1},"method_name":"defineBoolean"},{"blocks":[{"def":[],"use":[],"callees":[],"nodes":["CompoundStmt"],"edges":[],"ID":0},{"def":[],"use":[],"callees":[],"nodes":["CompoundStmt"],"edges":[],"ID":1},{"def":["$r2","r0","r1"],"use":["@parameter1: java.lang.String[]","$r2","@parameter0: java.lang.String","\u003corg.apache.xml.serialize.HTMLdtd: java.util.Hashtable _boolAttrs\u003e","r0","r1"],"callees":[],"nodes":["CompoundStmt","DefinitionStmt","DefinitionStmt","DefinitionStmt","Invoke","ReturnVoidStmt","Local","Param","Local","Param","Local","StaticFieldRef","RefType","RefType","Array","Array","RefType","RefType","RefType","java","lang","String","java","lang","String","RefType","[]","RefType","[]","java","util","Hashtable","java","util","Hashtable","java","util","Hashtable","java","lang","String","java","lang","String"],"edges":[[0,1],[0,2],[0,3],[0,4],[0,5],[1,6],[1,7],[2,8],[2,9],[3,10],[3,11],[6,12],[7,13],[8,14],[9,15],[10,16],[11,17],[11,18],[12,19],[12,20],[12,21],[13,22],[13,23],[13,24],[14,25],[14,26],[15,27],[15,28],[16,29],[16,30],[16,31],[17,32],[17,33],[17,34],[18,35],[18,36],[18,37],[25,38],[25,39],[25,40],[27,41],[27,42],[27,43]],"ID":2}],"edgeSet":[[0,2,0],[2,1,0]],"ENTRY":{"def":[],"use":[],"callees":[],"nodes":["CompoundStmt"],"edges":[],"ID":0},"EXIT":{"def":[],"use":[],"callees":[],"nodes":["CompoundStmt"],"edges":[],"ID":1},"method_name":"defineBoolean"},{"blocks":[{"def":[],"use":[],"callees":[],"nodes":["CompoundStmt"],"edges":[],"ID":0},{"def":[],"use":[],"callees":[],"nodes":["CompoundStmt"],"edges":[],"ID":1},{"def":["$r2","$r3","$r4","i0","r0","r1"],"use":["\u003corg.apache.xml.serialize.HTMLdtd: java.util.Hashtable _elemDefs\u003e","$r2","$r3","$r4","@parameter0: java.lang.String","@parameter1: int","r0","r1"],"callees":[],"nodes":["CompoundStmt","DefinitionStmt","DefinitionStmt","DefinitionStmt","DefinitionStmt","DefinitionStmt","DefinitionStmt","IfStmt","Local","Param","Local","Param","Local","StaticFieldRef","Local","Invoke","Local","Invoke","Local","CastExpr","BinaryOp","RefType","RefType","Int","Int","RefType","RefType","RefType","RefType","RefType","RefType","RefType","RefType","Local","Local"," !\u003d ","Constant","java","lang","String","java","lang","String","java","util","Hashtable","java","util","Hashtable","java","util","Hashtable","java","lang","String","java","lang","Object","java","lang","Integer","java","lang","Integer","java","lang","Integer","RefType","RefType","Null","java","lang","Object","java","lang","Integer"],"edges":[[0,1],[0,2],[0,3],[0,4],[0,5],[0,6],[0,7],[1,8],[1,9],[2,10],[2,11],[3,12],[3,13],[4,14],[4,15],[5,16],[5,17],[6,18],[6,19],[7,20],[8,21],[9,22],[10,23],[11,24],[12,25],[13,26],[13,27],[14,28],[16,29],[18,30],[19,31],[19,32],[19,33],[20,34],[20,35],[20,36],[21,37],[21,38],[21,39],[22,40],[22,41],[22,42],[25,43],[25,44],[25,45],[26,46],[26,47],[26,48],[27,49],[27,50],[27,51],[28,52],[28,53],[28,54],[29,55],[29,56],[29,57],[30,58],[30,59],[30,60],[31,61],[31,62],[31,63],[32,64],[32,65],[32,66],[33,67],[34,68],[36,69],[67,70],[67,71],[67,72],[68,73],[68,74],[68,75]],"ID":2},{"def":[],"use":[],"callees":[],"nodes":["CompoundStmt","ReturnStmt","Constant","0","Int"],"edges":[[0,1],[1,2],[2,3],[2,4]],"ID":3},{"def":["$i1","$i2"],"use":["i0","$i1","$i2","r1"],"callees":[],"nodes":["CompoundStmt","DefinitionStmt","DefinitionStmt","IfStmt","Local","Invoke","Local","BinaryOp","BinaryOp","Int","Int","Local"," \u0026 ","Local","Local"," !\u003d ","Local","Int","Int","Int","Int"],"edges":[[0,1],[0,2],[0,3],[1,4],[1,5],[2,6],[2,7],[3,8],[4,9],[6,10],[7,11],[7,12],[7,13],[8,14],[8,15],[8,16],[11,17],[13,18],[14,19],[16,20]],"ID":4},{"def":["$z0"],"use":["$z0"],"callees":[],"nodes":["CompoundStmt","DefinitionStmt","GotoStmt","ReturnStmt","Local","Constant","Local","Boolean","1","Int","Boolean"],"edges":[[0,1],[0,2],[0,3],[1,4],[1,5],[3,6],[4,7],[5,8],[5,9],[6,10]],"ID":5},{"def":["$z0"],"use":[],"callees":[],"nodes":["CompoundStmt","DefinitionStmt","Local","Constant","Boolean","0","Int"],"edges":[[0,1],[1,2],[1,3],[2,4],[3,5],[3,6]],"ID":6}],"edgeSet":[[3,1,0],[5,1,0],[0,2,0],[2,3,1],[2,4,2],[4,5,1],[4,6,2],[6,5,0]],"ENTRY":{"def":[],"use":[],"callees":[],"nodes":["CompoundStmt"],"edges":[],"ID":0},"EXIT":{"def":[],"use":[],"callees":[],"nodes":["CompoundStmt"],"edges":[],"ID":1},"method_name":"isElement"},{"blocks":[{"def":[],"use":[],"callees":[],"nodes":["CompoundStmt"],"edges":[],"ID":0},{"def":[],"use":[],"callees":[],"nodes":["CompoundStmt"],"edges":[],"ID":1},{"def":["r0"],"use":["@parameter0: java.lang.String"],"callees":[],"nodes":["CompoundStmt","DefinitionStmt","Local","Param","RefType","RefType","java","lang","String","java","lang","String"],"edges":[[0,1],[1,2],[1,3],[2,4],[3,5],[4,6],[4,7],[4,8],[5,9],[5,10],[5,11]],"ID":2},{"def":["$r2"],"use":["r0"],"callees":[],"nodes":["CompoundStmt","DefinitionStmt","Local","Invoke","RefType","java","lang","Class"],"edges":[[0,1],[1,2],[1,3],[2,4],[4,5],[4,6],[4,7]],"ID":3},{"def":[],"use":["$r2"],"callees":[],"nodes":["CompoundStmt","ReturnStmt","Local","RefType","java","lang","Class"],"edges":[[0,1],[1,2],[2,3],[3,4],[3,5],[3,6]],"ID":4},{"def":["$r3","$r4","$r5","r1"],"use":["@caughtexception","$r3","$r4","$r5","r1"],"callees":[],"nodes":["CompoundStmt","DefinitionStmt","DefinitionStmt","DefinitionStmt","DefinitionStmt","Invoke","ThrowStmt","Local","CaughtException","Local","Local","Local","NewExpr","Local","Invoke","Local","RefType","RefType","RefType","RefType","RefType","RefType","RefType","RefType","java","lang","Class","Not","Found","Exception","java","lang","Throwable","java","lang","Class","Not","Found","Exception","java","lang","Class","Not","Found","Exception","java","lang","No","Class","Def","Found","Error","java","lang","No","Class","Def","Found","Error","java","lang","String","java","lang","No","Class","Def","Found","Error"],"edges":[[0,1],[0,2],[0,3],[0,4],[0,5],[0,6],[1,7],[1,8],[2,9],[2,10],[3,11],[3,12],[4,13],[4,14],[6,15],[7,16],[8,17],[9,18],[10,19],[11,20],[12,21],[13,22],[15,23],[16,24],[16,25],[16,26],[16,27],[16,28],[16,29],[17,30],[17,31],[17,32],[18,33],[18,34],[18,35],[18,36],[18,37],[18,38],[19,39],[19,40],[19,41],[19,42],[19,43],[19,44],[20,45],[20,46],[20,47],[20,48],[20,49],[20,50],[20,51],[21,52],[21,53],[21,54],[21,55],[21,56],[21,57],[21,58],[22,59],[22,60],[22,61],[23,62],[23,63],[23,64],[23,65],[23,66],[23,67],[23,68]],"ID":5}],"edgeSet":[[2,5,5],[4,1,0],[3,5,5],[5,1,0],[0,2,0],[2,3,0],[3,4,0]],"ENTRY":{"def":[],"use":[],"callees":[],"nodes":["CompoundStmt"],"edges":[],"ID":0},"EXIT":{"def":[],"use":[],"callees":[],"nodes":["CompoundStmt"],"edges":[],"ID":1},"method_name":"class$"},{"blocks":[{"def":[],"use":[],"callees":[],"nodes":["CompoundStmt"],"edges":[],"ID":0},{"def":[],"use":[],"callees":[],"nodes":["CompoundStmt"],"edges":[],"ID":1},{"def":["\u003corg.apache.xml.serialize.HTMLdtd: java.util.Hashtable _elemDefs\u003e","$r0","$r1","$r2","$r3","$r4","$r5","$r2[0]","$r2[3]","$r3[2]","$r4[1]","$r2[1]","$r3[0]","$r5[1]","$r2[2]","$r3[1]","$r4[0]","$r5[0]","\u003corg.apache.xml.serialize.HTMLdtd: java.util.Hashtable _boolAttrs\u003e"],"use":["$r0","$r1","$r2","$r3","$r4","$r5"],"callees":["defineBoolean","initialize","defineElement"],"nodes":["CompoundStmt","DefinitionStmt","Invoke","DefinitionStmt","Invoke","Invoke","Invoke","Invoke","Invoke","Invoke","Invoke","Invoke","Invoke","Invoke","Invoke","Invoke","Invoke","Invoke","Invoke","Invoke","Invoke","Invoke","Invoke","Invoke","Invoke","Invoke","Invoke","Invoke","Invoke","Invoke","Invoke","Invoke","Invoke","Invoke","Invoke","Invoke","Invoke","Invoke","Invoke","Invoke","Invoke","Invoke","Invoke","Invoke","Invoke","Invoke","Invoke","Invoke","Invoke","Invoke","Invoke","Invoke","Invoke","Invoke","Invoke","Invoke","DefinitionStmt","Invoke","DefinitionStmt","Invoke","Invoke","Invoke","Invoke","Invoke","Invoke","Invoke","DefinitionStmt","DefinitionStmt","DefinitionStmt","DefinitionStmt","DefinitionStmt","Invoke","Invoke","Invoke","Invoke","Invoke","Invoke","DefinitionStmt","DefinitionStmt","DefinitionStmt","DefinitionStmt","Invoke","Invoke","DefinitionStmt","DefinitionStmt","DefinitionStmt","Invoke","Invoke","Invoke","Invoke","DefinitionStmt","DefinitionStmt","DefinitionStmt","Invoke","Invoke","Invoke","ReturnVoidStmt","Local","NewExpr","StaticFieldRef","Local","Local","NewExpr","StaticFieldRef","Local","Local","NewArray","ArrayRef","Constant","ArrayRef","Constant","ArrayRef","Constant","ArrayRef","Constant","Local","NewArray","ArrayRef","Constant","ArrayRef","Constant","ArrayRef","Constant","Local","NewArray","ArrayRef","Constant","ArrayRef","Constant","Local","NewArray","ArrayRef","Constant","ArrayRef","Constant","RefType","RefType","RefType","RefType","RefType","RefType","RefType","RefType","RefType","RefType","Array","Array","Constant","RefType","Local","Constant","RefType","RefType","Local","Constant","RefType","RefType","Local","Constant","RefType","RefType","Local","Constant","RefType","Array","Array","Constant","RefType","Local","Constant","RefType","RefType","Local","Constant","RefType","RefType","Local","Constant","RefType","Array","Array","Constant","RefType","Local","Constant","RefType","RefType","Local","Constant","RefType","Array","Array","Constant","RefType","Local","Constant","RefType","RefType","Local","Constant","RefType","java","util","Hashtable","java","util","Hashtable","java","util","Hashtable","java","util","Hashtable","java","util","Hashtable","java","util","Hashtable","java","util","Hashtable","java","util","Hashtable","java","util","Hashtable","java","util","Hashtable","RefType","[]","RefType","[]","4","Int","java","lang","String","Array","0","Int","java","lang","String","java","lang","String","Array","1","Int","java","lang","String","java","lang","String","Array","2","Int","java","lang","String","java","lang","String","Array","3","Int","java","lang","String","RefType","[]","RefType","[]","3","Int","java","lang","String","Array","0","Int","java","lang","String","java","lang","String","Array","1","Int","java","lang","String","java","lang","String","Array","2","Int","java","lang","String","RefType","[]","RefType","[]","2","Int","java","lang","String","Array","0","Int","java","lang","String","java","lang","String","Array","1","Int","java","lang","String","RefType","[]","RefType","[]","2","Int","java","lang","String","Array","0","Int","java","lang","String","java","lang","String","Array","1","Int","java","lang","String","java","lang","String","java","lang","String","RefType","[]","RefType","[]","RefType","[]","RefType","[]","java","lang","String","java","lang","String","RefType","[]","RefType","[]","RefType","[]","java","lang","String","java","lang","String","RefType","[]","RefType","[]","java","lang","String","java","lang","String","RefType","[]","RefType","[]","java","lang","String","java","lang","String","java","lang","String","java","lang","String","java","lang","String","java","lang","String","java","lang","String","java","lang","String","java","lang","String","java","lang","String","java","lang","String"],"edges":[[0,1],[0,2],[0,3],[0,4],[0,5],[0,6],[0,7],[0,8],[0,9],[0,10],[0,11],[0,12],[0,13],[0,14],[0,15],[0,16],[0,17],[0,18],[0,19],[0,20],[0,21],[0,22],[0,23],[0,24],[0,25],[0,26],[0,27],[0,28],[0,29],[0,30],[0,31],[0,32],[0,33],[0,34],[0,35],[0,36],[0,37],[0,38],[0,39],[0,40],[0,41],[0,42],[0,43],[0,44],[0,45],[0,46],[0,47],[0,48],[0,49],[0,50],[0,51],[0,52],[0,53],[0,54],[0,55],[0,56],[0,57],[0,58],[0,59],[0,60],[0,61],[0,62],[0,63],[0,64],[0,65],[0,66],[0,67],[0,68],[0,69],[0,70],[0,71],[0,72],[0,73],[0,74],[0,75],[0,76],[0,77],[0,78],[0,79],[0,80],[0,81],[0,82],[0,83],[0,84],[0,85],[0,86],[0,87],[0,88],[0,89],[0,90],[0,91],[0,92],[0,93],[0,94],[0,95],[0,96],[1,97],[1,98],[3,99],[3,100],[56,101],[56,102],[58,103],[58,104],[66,105],[66,106],[67,107],[67,108],[68,109],[68,110],[69,111],[69,112],[70,113],[70,114],[77,115],[77,116],[78,117],[78,118],[79,119],[79,120],[80,121],[80,122],[83,123],[83,124],[84,125],[84,126],[85,127],[85,128],[90,129],[90,130],[91,131],[91,132],[92,133],[92,134],[97,135],[98,136],[99,137],[99,138],[100,139],[101,140],[102,141],[103,142],[103,143],[104,144],[105,145],[106,146],[106,147],[107,148],[107,149],[107,150],[108,151],[109,152],[109,153],[109,154],[110,155],[111,156],[111,157],[111,158],[112,159],[113,160],[113,161],[113,162],[114,163],[115,164],[116,165],[116,166],[117,167],[117,168],[117,169],[118,170],[119,171],[119,172],[119,173],[120,174],[121,175],[121,176],[121,177],[122,178],[123,179],[124,180],[124,181],[125,182],[125,183],[125,184],[126,185],[127,186],[127,187],[127,188],[128,189],[129,190],[130,191],[130,192],[131,193],[131,194],[131,195],[132,196],[133,197],[133,198],[133,199],[134,200],[135,201],[135,202],[135,203],[136,204],[136,205],[136,206],[137,207],[137,208],[137,209],[138,210],[138,211],[138,212],[139,213],[139,214],[139,215],[140,216],[140,217],[140,218],[141,219],[141,220],[141,221],[142,222],[142,223],[142,224],[143,225],[143,226],[143,227],[144,228],[144,229],[144,230],[145,231],[145,232],[146,233],[146,234],[147,235],[147,236],[148,237],[148,238],[148,239],[149,240],[150,241],[150,242],[151,243],[151,244],[151,245],[152,246],[152,247],[152,248],[153,249],[154,250],[154,251],[155,252],[155,253],[155,254],[156,255],[156,256],[156,257],[157,258],[158,259],[158,260],[159,261],[159,262],[159,263],[160,264],[160,265],[160,266],[161,267],[162,268],[162,269],[163,270],[163,271],[163,272],[164,273],[164,274],[165,275],[165,276],[166,277],[166,278],[167,279],[167,280],[167,281],[168,282],[169,283],[169,284],[170,285],[170,286],[170,287],[171,288],[171,289],[171,290],[172,291],[173,292],[173,293],[174,294],[174,295],[174,296],[175,297],[175,298],[175,299],[176,300],[177,301],[177,302],[178,303],[178,304],[178,305],[179,306],[179,307],[180,308],[180,309],[181,310],[181,311],[182,312],[182,313],[182,314],[183,315],[184,316],[184,317],[185,318],[185,319],[185,320],[186,321],[186,322],[186,323],[187,324],[188,325],[188,326],[189,327],[189,328],[189,329],[190,330],[190,331],[191,332],[191,333],[192,334],[192,335],[193,336],[193,337],[193,338],[194,339],[195,340],[195,341],[196,342],[196,343],[196,344],[197,345],[197,346],[197,347],[198,348],[199,349],[199,350],[200,351],[200,352],[200,353],[231,354],[231,355],[231,356],[233,357],[233,358],[233,359],[240,360],[240,361],[249,362],[249,363],[258,364],[258,365],[267,366],[267,367],[273,368],[273,369],[273,370],[275,371],[275,372],[275,373],[282,374],[282,375],[291,376],[291,377],[300,378],[300,379],[306,380],[306,381],[306,382],[308,383],[308,384],[308,385],[315,386],[315,387],[324,388],[324,389],[330,390],[330,391],[330,392],[332,393],[332,394],[332,395],[339,396],[339,397],[348,398],[348,399],[360,400],[360,401],[360,402],[362,403],[362,404],[362,405],[364,406],[364,407],[364,408],[366,409],[366,410],[366,411],[374,412],[374,413],[374,414],[376,415],[376,416],[376,417],[378,418],[378,419],[378,420],[386,421],[386,422],[386,423],[388,424],[388,425],[388,426],[396,427],[396,428],[396,429],[398,430],[398,431],[398,432]],"ID":2}],"edgeSet":[[0,2,0],[2,1,0]],"ENTRY":{"def":[],"use":[],"callees":[],"nodes":["CompoundStmt"],"edges":[],"ID":0},"EXIT":{"def":[],"use":[],"callees":[],"nodes":["CompoundStmt"],"edges":[],"ID":1},"method_name":"\u003cclinit\u003e"}],"label":"0"}