{"data":[{"blocks":[{"def":[],"use":[],"callees":[],"nodes":["CompoundStmt"],"edges":[],"ID":0},{"def":[],"use":[],"callees":[],"nodes":["CompoundStmt"],"edges":[],"ID":1},{"def":["r2","r0.\u003corg.apache.xml.serialize.EncodingInfo: java.lang.String name\u003e","i0","r0","r1"],"use":["@this: org.apache.xml.serialize.EncodingInfo","r2","@parameter2: int","@parameter1: java.lang.String","@parameter0: java.lang.String","r0","r1"],"callees":[],"nodes":["CompoundStmt","DefinitionStmt","DefinitionStmt","DefinitionStmt","DefinitionStmt","Invoke","DefinitionStmt","IfStmt","Local","ThisRef","Local","Param","Local","Param","Local","Param","InstanceFieldRef","Local","BinaryOp","RefType","RefType","RefType","RefType","RefType","RefType","Int","Int","RefType","Local","RefType","RefType","Local"," !\u003d ","Constant","org","apache","xml","serialize","Encoding","Info","org","apache","xml","serialize","Encoding","Info","java","lang","String","java","lang","String","java","lang","String","java","lang","String","java","lang","String","RefType","java","lang","String","java","lang","String","RefType","Null","org","apache","xml","serialize","Encoding","Info","java","lang","String"],"edges":[[0,1],[0,2],[0,3],[0,4],[0,5],[0,6],[0,7],[1,8],[1,9],[2,10],[2,11],[3,12],[3,13],[4,14],[4,15],[6,16],[6,17],[7,18],[8,19],[9,20],[10,21],[11,22],[12,23],[13,24],[14,25],[15,26],[16,27],[16,28],[16,29],[17,30],[18,31],[18,32],[18,33],[19,34],[19,35],[19,36],[19,37],[19,38],[19,39],[20,40],[20,41],[20,42],[20,43],[20,44],[20,45],[21,46],[21,47],[21,48],[22,49],[22,50],[22,51],[23,52],[23,53],[23,54],[24,55],[24,56],[24,57],[27,58],[27,59],[27,60],[28,61],[29,62],[29,63],[29,64],[30,65],[30,66],[30,67],[31,68],[33,69],[61,70],[61,71],[61,72],[61,73],[61,74],[61,75],[68,76],[68,77],[68,78]],"ID":2},{"def":["r0.\u003corg.apache.xml.serialize.EncodingInfo: int lastPrintable\u003e","$r4","r0.\u003corg.apache.xml.serialize.EncodingInfo: java.lang.String javaName\u003e"],"use":["$r4","i0","r0","r1"],"callees":[],"nodes":["CompoundStmt","DefinitionStmt","GotoStmt","DefinitionStmt","DefinitionStmt","ReturnVoidStmt","Local","Local","InstanceFieldRef","Local","InstanceFieldRef","Local","RefType","RefType","RefType","Local","RefType","RefType","Int","Local","Int","Int","java","lang","String","java","lang","String","java","lang","String","RefType","java","lang","String","java","lang","String","RefType","org","apache","xml","serialize","Encoding","Info","org","apache","xml","serialize","Encoding","Info"],"edges":[[0,1],[0,2],[0,3],[0,4],[0,5],[1,6],[1,7],[3,8],[3,9],[4,10],[4,11],[6,12],[7,13],[8,14],[8,15],[8,16],[9,17],[10,18],[10,19],[10,20],[11,21],[12,22],[12,23],[12,24],[13,25],[13,26],[13,27],[14,28],[14,29],[14,30],[15,31],[16,32],[16,33],[16,34],[17,35],[17,36],[17,37],[19,38],[31,39],[31,40],[31,41],[31,42],[31,43],[31,44],[38,45],[38,46],[38,47],[38,48],[38,49],[38,50]],"ID":3},{"def":["$r4"],"use":["r2"],"callees":[],"nodes":["CompoundStmt","DefinitionStmt","Local","Local","RefType","RefType","java","lang","String","java","lang","String"],"edges":[[0,1],[1,2],[1,3],[2,4],[3,5],[4,6],[4,7],[4,8],[5,9],[5,10],[5,11]],"ID":4}],"edgeSet":[[3,1,0],[0,2,0],[2,3,1],[2,4,2],[4,3,0]],"ENTRY":{"def":[],"use":[],"callees":[],"nodes":["CompoundStmt"],"edges":[],"ID":0},"EXIT":{"def":[],"use":[],"callees":[],"nodes":["CompoundStmt"],"edges":[],"ID":1},"method_name":"\u003cinit\u003e"},{"blocks":[{"def":[],"use":[],"callees":[],"nodes":["CompoundStmt"],"edges":[],"ID":0},{"def":[],"use":[],"callees":[],"nodes":["CompoundStmt"],"edges":[],"ID":1},{"def":["i0","r0","r1"],"use":["@this: org.apache.xml.serialize.EncodingInfo","i0","@parameter0: java.lang.String","@parameter1: int","r0","r1"],"callees":["\u003cinit\u003e"],"nodes":["CompoundStmt","DefinitionStmt","DefinitionStmt","DefinitionStmt","Invoke","ReturnVoidStmt","Local","ThisRef","Local","Param","Local","Param","RefType","RefType","RefType","RefType","Int","Int","org","apache","xml","serialize","Encoding","Info","org","apache","xml","serialize","Encoding","Info","java","lang","String","java","lang","String"],"edges":[[0,1],[0,2],[0,3],[0,4],[0,5],[1,6],[1,7],[2,8],[2,9],[3,10],[3,11],[6,12],[7,13],[8,14],[9,15],[10,16],[11,17],[12,18],[12,19],[12,20],[12,21],[12,22],[12,23],[13,24],[13,25],[13,26],[13,27],[13,28],[13,29],[14,30],[14,31],[14,32],[15,33],[15,34],[15,35]],"ID":2}],"edgeSet":[[0,2,0],[2,1,0]],"ENTRY":{"def":[],"use":[],"callees":[],"nodes":["CompoundStmt"],"edges":[],"ID":0},"EXIT":{"def":[],"use":[],"callees":[],"nodes":["CompoundStmt"],"edges":[],"ID":1},"method_name":"\u003cinit\u003e"},{"blocks":[{"def":[],"use":[],"callees":[],"nodes":["CompoundStmt"],"edges":[],"ID":0},{"def":[],"use":[],"callees":[],"nodes":["CompoundStmt"],"edges":[],"ID":1},{"def":["$r1","r0"],"use":["@this: org.apache.xml.serialize.EncodingInfo","r0.\u003corg.apache.xml.serialize.EncodingInfo: java.lang.String name\u003e","$r1","r0"],"callees":[],"nodes":["CompoundStmt","DefinitionStmt","DefinitionStmt","ReturnStmt","Local","ThisRef","Local","InstanceFieldRef","Local","RefType","RefType","RefType","RefType","Local","RefType","RefType","org","apache","xml","serialize","Encoding","Info","org","apache","xml","serialize","Encoding","Info","java","lang","String","java","lang","String","RefType","java","lang","String","java","lang","String","org","apache","xml","serialize","Encoding","Info"],"edges":[[0,1],[0,2],[0,3],[1,4],[1,5],[2,6],[2,7],[3,8],[4,9],[5,10],[6,11],[7,12],[7,13],[7,14],[8,15],[9,16],[9,17],[9,18],[9,19],[9,20],[9,21],[10,22],[10,23],[10,24],[10,25],[10,26],[10,27],[11,28],[11,29],[11,30],[12,31],[12,32],[12,33],[13,34],[14,35],[14,36],[14,37],[15,38],[15,39],[15,40],[34,41],[34,42],[34,43],[34,44],[34,45],[34,46]],"ID":2}],"edgeSet":[[0,2,0],[2,1,0]],"ENTRY":{"def":[],"use":[],"callees":[],"nodes":["CompoundStmt"],"edges":[],"ID":0},"EXIT":{"def":[],"use":[],"callees":[],"nodes":["CompoundStmt"],"edges":[],"ID":1},"method_name":"getName"},{"blocks":[{"def":[],"use":[],"callees":[],"nodes":["CompoundStmt"],"edges":[],"ID":0},{"def":[],"use":[],"callees":[],"nodes":["CompoundStmt"],"edges":[],"ID":1},{"def":["$r2","r0","r1"],"use":["@this: org.apache.xml.serialize.EncodingInfo","$r2","@parameter0: java.io.OutputStream","r0.\u003corg.apache.xml.serialize.EncodingInfo: java.lang.String javaName\u003e","r0"],"callees":[],"nodes":["CompoundStmt","DefinitionStmt","DefinitionStmt","DefinitionStmt","IfStmt","Local","ThisRef","Local","Param","Local","InstanceFieldRef","BinaryOp","RefType","RefType","RefType","RefType","RefType","RefType","Local","RefType","Local"," !\u003d ","Constant","org","apache","xml","serialize","Encoding","Info","org","apache","xml","serialize","Encoding","Info","java","io","Output","Stream","java","io","Output","Stream","java","lang","String","java","lang","String","RefType","java","lang","String","RefType","Null","org","apache","xml","serialize","Encoding","Info","java","lang","String"],"edges":[[0,1],[0,2],[0,3],[0,4],[1,5],[1,6],[2,7],[2,8],[3,9],[3,10],[4,11],[5,12],[6,13],[7,14],[8,15],[9,16],[10,17],[10,18],[10,19],[11,20],[11,21],[11,22],[12,23],[12,24],[12,25],[12,26],[12,27],[12,28],[13,29],[13,30],[13,31],[13,32],[13,33],[13,34],[14,35],[14,36],[14,37],[14,38],[15,39],[15,40],[15,41],[15,42],[16,43],[16,44],[16,45],[17,46],[17,47],[17,48],[18,49],[19,50],[19,51],[19,52],[20,53],[22,54],[49,55],[49,56],[49,57],[49,58],[49,59],[49,60],[53,61],[53,62],[53,63]],"ID":2},{"def":["$r5"],"use":["$r5","r1"],"callees":[],"nodes":["CompoundStmt","DefinitionStmt","Invoke","ReturnStmt","Local","NewExpr","Local","RefType","RefType","RefType","java","io","Output","Stream","Writer","java","io","Output","Stream","Writer","java","io","Output","Stream","Writer"],"edges":[[0,1],[0,2],[0,3],[1,4],[1,5],[3,6],[4,7],[5,8],[6,9],[7,10],[7,11],[7,12],[7,13],[7,14],[8,15],[8,16],[8,17],[8,18],[8,19],[9,20],[9,21],[9,22],[9,23],[9,24]],"ID":3},{"def":["$r3","$r4"],"use":["$r3","$r4","r0.\u003corg.apache.xml.serialize.EncodingInfo: java.lang.String javaName\u003e","r0","r1"],"callees":[],"nodes":["CompoundStmt","DefinitionStmt","DefinitionStmt","Invoke","ReturnStmt","Local","NewExpr","Local","InstanceFieldRef","Local","RefType","RefType","RefType","RefType","Local","RefType","RefType","java","io","Output","Stream","Writer","java","io","Output","Stream","Writer","java","lang","String","java","lang","String","RefType","java","lang","String","java","io","Output","Stream","Writer","org","apache","xml","serialize","Encoding","Info"],"edges":[[0,1],[0,2],[0,3],[0,4],[1,5],[1,6],[2,7],[2,8],[4,9],[5,10],[6,11],[7,12],[8,13],[8,14],[8,15],[9,16],[10,17],[10,18],[10,19],[10,20],[10,21],[11,22],[11,23],[11,24],[11,25],[11,26],[12,27],[12,28],[12,29],[13,30],[13,31],[13,32],[14,33],[15,34],[15,35],[15,36],[16,37],[16,38],[16,39],[16,40],[16,41],[33,42],[33,43],[33,44],[33,45],[33,46],[33,47]],"ID":4}],"edgeSet":[[3,1,0],[4,1,0],[0,2,0],[2,3,1],[2,4,2]],"ENTRY":{"def":[],"use":[],"callees":[],"nodes":["CompoundStmt"],"edges":[],"ID":0},"EXIT":{"def":[],"use":[],"callees":[],"nodes":["CompoundStmt"],"edges":[],"ID":1},"method_name":"getWriter"},{"blocks":[{"def":[],"use":[],"callees":[],"nodes":["CompoundStmt"],"edges":[],"ID":0},{"def":[],"use":[],"callees":[],"nodes":["CompoundStmt"],"edges":[],"ID":1},{"def":["i0","$i1","r0"],"use":["@this: org.apache.xml.serialize.EncodingInfo","r0.\u003corg.apache.xml.serialize.EncodingInfo: int lastPrintable\u003e","i0","@parameter0: int","$i1","r0"],"callees":[],"nodes":["CompoundStmt","DefinitionStmt","DefinitionStmt","DefinitionStmt","IfStmt","Local","ThisRef","Local","Param","Local","InstanceFieldRef","BinaryOp","RefType","RefType","Int","Int","Int","Int","Local","Int","Local"," \u003e ","Local","org","apache","xml","serialize","Encoding","Info","org","apache","xml","serialize","Encoding","Info","RefType","Int","Int","org","apache","xml","serialize","Encoding","Info"],"edges":[[0,1],[0,2],[0,3],[0,4],[1,5],[1,6],[2,7],[2,8],[3,9],[3,10],[4,11],[5,12],[6,13],[7,14],[8,15],[9,16],[10,17],[10,18],[10,19],[11,20],[11,21],[11,22],[12,23],[12,24],[12,25],[12,26],[12,27],[12,28],[13,29],[13,30],[13,31],[13,32],[13,33],[13,34],[18,35],[20,36],[22,37],[35,38],[35,39],[35,40],[35,41],[35,42],[35,43]],"ID":2},{"def":["$z0"],"use":["$z0"],"callees":[],"nodes":["CompoundStmt","DefinitionStmt","GotoStmt","ReturnStmt","Local","Constant","Local","Boolean","1","Int","Boolean"],"edges":[[0,1],[0,2],[0,3],[1,4],[1,5],[3,6],[4,7],[5,8],[5,9],[6,10]],"ID":3},{"def":["$z0"],"use":[],"callees":[],"nodes":["CompoundStmt","DefinitionStmt","Local","Constant","Boolean","0","Int"],"edges":[[0,1],[1,2],[1,3],[2,4],[3,5],[3,6]],"ID":4}],"edgeSet":[[3,1,0],[0,2,0],[2,3,1],[2,4,2],[4,3,0]],"ENTRY":{"def":[],"use":[],"callees":[],"nodes":["CompoundStmt"],"edges":[],"ID":0},"EXIT":{"def":[],"use":[],"callees":[],"nodes":["CompoundStmt"],"edges":[],"ID":1},"method_name":"isPrintable"}],"label":"0"}