{"data":[{"blocks":[{"def":[],"use":[],"callees":[],"nodes":["CompoundStmt"],"edges":[],"ID":0},{"def":[],"use":[],"callees":[],"nodes":["CompoundStmt"],"edges":[],"ID":1},{"def":["s0","r0","r0.\u003corg.w3c.dom.events.EventException: short code\u003e","r1"],"use":["@parameter1: java.lang.String","@parameter0: short","s0","@this: org.w3c.dom.events.EventException","r0","r1"],"callees":[],"nodes":["CompoundStmt","DefinitionStmt","DefinitionStmt","DefinitionStmt","Invoke","DefinitionStmt","ReturnVoidStmt","Local","ThisRef","Local","Param","Local","Param","InstanceFieldRef","Local","RefType","RefType","Short","Short","RefType","RefType","Short","Local","Short","Short","org","w3c","dom","events","Event","Exception","org","w3c","dom","events","Event","Exception","java","lang","String","java","lang","String","RefType","org","w3c","dom","events","Event","Exception"],"edges":[[0,1],[0,2],[0,3],[0,4],[0,5],[0,6],[1,7],[1,8],[2,9],[2,10],[3,11],[3,12],[5,13],[5,14],[7,15],[8,16],[9,17],[10,18],[11,19],[12,20],[13,21],[13,22],[13,23],[14,24],[15,25],[15,26],[15,27],[15,28],[15,29],[15,30],[16,31],[16,32],[16,33],[16,34],[16,35],[16,36],[19,37],[19,38],[19,39],[20,40],[20,41],[20,42],[22,43],[43,44],[43,45],[43,46],[43,47],[43,48],[43,49]],"ID":2}],"edgeSet":[[0,2,0],[2,1,0]],"ENTRY":{"def":[],"use":[],"callees":[],"nodes":["CompoundStmt"],"edges":[],"ID":0},"EXIT":{"def":[],"use":[],"callees":[],"nodes":["CompoundStmt"],"edges":[],"ID":1},"method_name":"\u003cinit\u003e"}],"label":"0"}