{"data":[{"blocks":[{"def":[],"use":[],"callees":[],"nodes":["CompoundStmt"],"edges":[],"ID":0},{"def":[],"use":[],"callees":[],"nodes":["CompoundStmt"],"edges":[],"ID":1},{"def":["z0","r0"],"use":["@this: org.apache.xerces.dom.NodeImpl","z0","@parameter0: boolean"],"callees":[],"nodes":["CompoundStmt","DefinitionStmt","DefinitionStmt","IfStmt","Local","ThisRef","Local","Param","BinaryOp","RefType","RefType","Boolean","Boolean","Local"," \u003d\u003d ","Constant","org","apache","xerces","dom","Node","Impl","org","apache","xerces","dom","Node","Impl","Boolean","0","Int"],"edges":[[0,1],[0,2],[0,3],[1,4],[1,5],[2,6],[2,7],[3,8],[4,9],[5,10],[6,11],[7,12],[8,13],[8,14],[8,15],[9,16],[9,17],[9,18],[9,19],[9,20],[9,21],[10,22],[10,23],[10,24],[10,25],[10,26],[10,27],[13,28],[15,29],[15,30]],"ID":2},{"def":["r0.\u003corg.apache.xerces.dom.NodeImpl: short flags\u003e","$s2","$s3","$s4"],"use":["r0.\u003corg.apache.xerces.dom.NodeImpl: short flags\u003e","$s2","$s3","$s4","r0"],"callees":[],"nodes":["CompoundStmt","DefinitionStmt","DefinitionStmt","DefinitionStmt","GotoStmt","DefinitionStmt","ReturnVoidStmt","Local","InstanceFieldRef","Local","BinaryOp","Local","CastExpr","InstanceFieldRef","Local","Short","Short","Local","Short","Short","Local"," | ","Constant","Short","Short","Short","Local","Short","Local","Short","Short","RefType","Short","1","Int","Short","RefType","org","apache","xerces","dom","Node","Impl","org","apache","xerces","dom","Node","Impl"],"edges":[[0,1],[0,2],[0,3],[0,4],[0,5],[0,6],[1,7],[1,8],[2,9],[2,10],[3,11],[3,12],[5,13],[5,14],[7,15],[8,16],[8,17],[8,18],[9,19],[10,20],[10,21],[10,22],[11,23],[12,24],[12,25],[12,26],[13,27],[13,28],[13,29],[14,30],[17,31],[20,32],[22,33],[22,34],[26,35],[28,36],[31,37],[31,38],[31,39],[31,40],[31,41],[31,42],[36,43],[36,44],[36,45],[36,46],[36,47],[36,48]],"ID":3},{"def":["$s0","$s1","$s4"],"use":["r0.\u003corg.apache.xerces.dom.NodeImpl: short flags\u003e","$s0","$s1","r0"],"callees":[],"nodes":["CompoundStmt","DefinitionStmt","DefinitionStmt","DefinitionStmt","Local","InstanceFieldRef","Local","BinaryOp","Local","CastExpr","Short","Short","Local","Short","Short","Local"," \u0026 ","Constant","Short","Short","Short","Local","RefType","Short","-","2","Int","Short","org","apache","xerces","dom","Node","Impl"],"edges":[[0,1],[0,2],[0,3],[1,4],[1,5],[2,6],[2,7],[3,8],[3,9],[4,10],[5,11],[5,12],[5,13],[6,14],[7,15],[7,16],[7,17],[8,18],[9,19],[9,20],[9,21],[12,22],[15,23],[17,24],[17,25],[17,26],[21,27],[22,28],[22,29],[22,30],[22,31],[22,32],[22,33]],"ID":4}],"edgeSet":[[3,1,0],[0,2,0],[2,3,1],[2,4,2],[4,3,0]],"ENTRY":{"def":[],"use":[],"callees":[],"nodes":["CompoundStmt"],"edges":[],"ID":0},"EXIT":{"def":[],"use":[],"callees":[],"nodes":["CompoundStmt"],"edges":[],"ID":1},"method_name":"isReadOnly"},{"blocks":[{"def":[],"use":[],"callees":[],"nodes":["CompoundStmt"],"edges":[],"ID":0},{"def":[],"use":[],"callees":[],"nodes":["CompoundStmt"],"edges":[],"ID":1},{"def":["r2","r0.\u003corg.apache.xerces.dom.EntityImpl: java.lang.String name\u003e","r0","r1"],"use":["r2","@this: org.apache.xerces.dom.EntityImpl","@parameter0: org.apache.xerces.dom.DocumentImpl","@parameter1: java.lang.String","r0","r1"],"callees":["isReadOnly","\u003cinit\u003e"],"nodes":["CompoundStmt","DefinitionStmt","DefinitionStmt","DefinitionStmt","Invoke","DefinitionStmt","Invoke","ReturnVoidStmt","Local","ThisRef","Local","Param","Local","Param","InstanceFieldRef","Local","RefType","RefType","RefType","RefType","RefType","RefType","RefType","Local","RefType","RefType","org","apache","xerces","dom","Entity","Impl","org","apache","xerces","dom","Entity","Impl","org","apache","xerces","dom","Document","Impl","org","apache","xerces","dom","Document","Impl","java","lang","String","java","lang","String","java","lang","String","RefType","java","lang","String","java","lang","String","org","apache","xerces","dom","Entity","Impl"],"edges":[[0,1],[0,2],[0,3],[0,4],[0,5],[0,6],[0,7],[1,8],[1,9],[2,10],[2,11],[3,12],[3,13],[5,14],[5,15],[8,16],[9,17],[10,18],[11,19],[12,20],[13,21],[14,22],[14,23],[14,24],[15,25],[16,26],[16,27],[16,28],[16,29],[16,30],[16,31],[17,32],[17,33],[17,34],[17,35],[17,36],[17,37],[18,38],[18,39],[18,40],[18,41],[18,42],[18,43],[19,44],[19,45],[19,46],[19,47],[19,48],[19,49],[20,50],[20,51],[20,52],[21,53],[21,54],[21,55],[22,56],[22,57],[22,58],[23,59],[24,60],[24,61],[24,62],[25,63],[25,64],[25,65],[59,66],[59,67],[59,68],[59,69],[59,70],[59,71]],"ID":2}],"edgeSet":[[0,2,0],[2,1,0]],"ENTRY":{"def":[],"use":[],"callees":[],"nodes":["CompoundStmt"],"edges":[],"ID":0},"EXIT":{"def":[],"use":[],"callees":[],"nodes":["CompoundStmt"],"edges":[],"ID":1},"method_name":"\u003cinit\u003e"},{"blocks":[{"def":[],"use":[],"callees":[],"nodes":["CompoundStmt"],"edges":[],"ID":0},{"def":[],"use":[],"callees":[],"nodes":["CompoundStmt"],"edges":[],"ID":1},{"def":["r0"],"use":["@this: org.apache.xerces.dom.EntityImpl"],"callees":[],"nodes":["CompoundStmt","DefinitionStmt","ReturnStmt","Local","ThisRef","Constant","RefType","RefType","6","Int","org","apache","xerces","dom","Entity","Impl","org","apache","xerces","dom","Entity","Impl"],"edges":[[0,1],[0,2],[1,3],[1,4],[2,5],[3,6],[4,7],[5,8],[5,9],[6,10],[6,11],[6,12],[6,13],[6,14],[6,15],[7,16],[7,17],[7,18],[7,19],[7,20],[7,21]],"ID":2}],"edgeSet":[[0,2,0],[2,1,0]],"ENTRY":{"def":[],"use":[],"callees":[],"nodes":["CompoundStmt"],"edges":[],"ID":0},"EXIT":{"def":[],"use":[],"callees":[],"nodes":["CompoundStmt"],"edges":[],"ID":1},"method_name":"getNodeType"},{"blocks":[{"def":[],"use":[],"callees":[],"nodes":["CompoundStmt"],"edges":[],"ID":0},{"def":[],"use":[],"callees":[],"nodes":["CompoundStmt"],"edges":[],"ID":1},{"def":["$s0","$s1","r0"],"use":["r0.\u003corg.apache.xerces.dom.NodeImpl: short flags\u003e","$s0","$s1","@this: org.apache.xerces.dom.NodeImpl","r0"],"callees":[],"nodes":["CompoundStmt","DefinitionStmt","DefinitionStmt","DefinitionStmt","IfStmt","Local","ThisRef","Local","InstanceFieldRef","Local","BinaryOp","BinaryOp","RefType","RefType","Short","Short","Local","Short","Short","Local"," \u0026 ","Constant","Local"," \u003d\u003d ","Constant","org","apache","xerces","dom","Node","Impl","org","apache","xerces","dom","Node","Impl","RefType","Short","2","Int","Short","0","Int","org","apache","xerces","dom","Node","Impl"],"edges":[[0,1],[0,2],[0,3],[0,4],[1,5],[1,6],[2,7],[2,8],[3,9],[3,10],[4,11],[5,12],[6,13],[7,14],[8,15],[8,16],[8,17],[9,18],[10,19],[10,20],[10,21],[11,22],[11,23],[11,24],[12,25],[12,26],[12,27],[12,28],[12,29],[12,30],[13,31],[13,32],[13,33],[13,34],[13,35],[13,36],[16,37],[19,38],[21,39],[21,40],[22,41],[24,42],[24,43],[37,44],[37,45],[37,46],[37,47],[37,48],[37,49]],"ID":2},{"def":["$z0"],"use":["$z0"],"callees":[],"nodes":["CompoundStmt","DefinitionStmt","GotoStmt","ReturnStmt","Local","Constant","Local","Boolean","1","Int","Boolean"],"edges":[[0,1],[0,2],[0,3],[1,4],[1,5],[3,6],[4,7],[5,8],[5,9],[6,10]],"ID":3},{"def":["$z0"],"use":[],"callees":[],"nodes":["CompoundStmt","DefinitionStmt","Local","Constant","Boolean","0","Int"],"edges":[[0,1],[1,2],[1,3],[2,4],[3,5],[3,6]],"ID":4}],"edgeSet":[[3,1,0],[0,2,0],[2,3,1],[2,4,2],[4,3,0]],"ENTRY":{"def":[],"use":[],"callees":[],"nodes":["CompoundStmt"],"edges":[],"ID":0},"EXIT":{"def":[],"use":[],"callees":[],"nodes":["CompoundStmt"],"edges":[],"ID":1},"method_name":"needsSyncData"},{"blocks":[{"def":[],"use":[],"callees":[],"nodes":["CompoundStmt"],"edges":[],"ID":0},{"def":[],"use":[],"callees":[],"nodes":["CompoundStmt"],"edges":[],"ID":1},{"def":["r0"],"use":["@this: org.apache.xerces.dom.NodeImpl","r0"],"callees":["needsSyncData"],"nodes":["CompoundStmt","DefinitionStmt","Invoke","ReturnVoidStmt","Local","ThisRef","RefType","RefType","org","apache","xerces","dom","Node","Impl","org","apache","xerces","dom","Node","Impl"],"edges":[[0,1],[0,2],[0,3],[1,4],[1,5],[4,6],[5,7],[6,8],[6,9],[6,10],[6,11],[6,12],[6,13],[7,14],[7,15],[7,16],[7,17],[7,18],[7,19]],"ID":2}],"edgeSet":[[0,2,0],[2,1,0]],"ENTRY":{"def":[],"use":[],"callees":[],"nodes":["CompoundStmt"],"edges":[],"ID":0},"EXIT":{"def":[],"use":[],"callees":[],"nodes":["CompoundStmt"],"edges":[],"ID":1},"method_name":"synchronizeData"},{"blocks":[{"def":[],"use":[],"callees":[],"nodes":["CompoundStmt"],"edges":[],"ID":0},{"def":[],"use":[],"callees":[],"nodes":["CompoundStmt"],"edges":[],"ID":1},{"def":["$z0","r0"],"use":["@this: org.apache.xerces.dom.EntityImpl","$z0","r0"],"callees":["needsSyncData"],"nodes":["CompoundStmt","DefinitionStmt","DefinitionStmt","IfStmt","Local","ThisRef","Local","Invoke","BinaryOp","RefType","RefType","Boolean","Local"," \u003d\u003d ","Constant","org","apache","xerces","dom","Entity","Impl","org","apache","xerces","dom","Entity","Impl","Boolean","0","Int"],"edges":[[0,1],[0,2],[0,3],[1,4],[1,5],[2,6],[2,7],[3,8],[4,9],[5,10],[6,11],[8,12],[8,13],[8,14],[9,15],[9,16],[9,17],[9,18],[9,19],[9,20],[10,21],[10,22],[10,23],[10,24],[10,25],[10,26],[12,27],[14,28],[14,29]],"ID":2},{"def":["$r1"],"use":["$r1","r0.\u003corg.apache.xerces.dom.EntityImpl: java.lang.String name\u003e","r0"],"callees":["synchronizeData"],"nodes":["CompoundStmt","Invoke","DefinitionStmt","ReturnStmt","Local","InstanceFieldRef","Local","RefType","RefType","Local","RefType","RefType","java","lang","String","java","lang","String","RefType","java","lang","String","java","lang","String","org","apache","xerces","dom","Entity","Impl"],"edges":[[0,1],[0,2],[0,3],[2,4],[2,5],[3,6],[4,7],[5,8],[5,9],[5,10],[6,11],[7,12],[7,13],[7,14],[8,15],[8,16],[8,17],[9,18],[10,19],[10,20],[10,21],[11,22],[11,23],[11,24],[18,25],[18,26],[18,27],[18,28],[18,29],[18,30]],"ID":3}],"edgeSet":[[3,1,0],[0,2,0],[2,3,1],[2,3,2]],"ENTRY":{"def":[],"use":[],"callees":[],"nodes":["CompoundStmt"],"edges":[],"ID":0},"EXIT":{"def":[],"use":[],"callees":[],"nodes":["CompoundStmt"],"edges":[],"ID":1},"method_name":"getNodeName"},{"blocks":[{"def":[],"use":[],"callees":[],"nodes":["CompoundStmt"],"edges":[],"ID":0},{"def":[],"use":[],"callees":[],"nodes":["CompoundStmt"],"edges":[],"ID":1},{"def":["$r2","z0","r0","r1"],"use":["@this: org.apache.xerces.dom.EntityImpl","$r2","z0","@parameter0: boolean","r0","r1"],"callees":["cloneNode"],"nodes":["CompoundStmt","DefinitionStmt","DefinitionStmt","DefinitionStmt","DefinitionStmt","ReturnStmt","Local","ThisRef","Local","Param","Local","Invoke","Local","CastExpr","Local","RefType","RefType","Boolean","Boolean","RefType","RefType","RefType","RefType","Local","RefType","org","apache","xerces","dom","Entity","Impl","org","apache","xerces","dom","Entity","Impl","org","w3c","dom","Node","org","apache","xerces","dom","Entity","Impl","org","apache","xerces","dom","Entity","Impl","org","apache","xerces","dom","Entity","Impl","RefType","org","apache","xerces","dom","Entity","Impl","org","w3c","dom","Node"],"edges":[[0,1],[0,2],[0,3],[0,4],[0,5],[1,6],[1,7],[2,8],[2,9],[3,10],[3,11],[4,12],[4,13],[5,14],[6,15],[7,16],[8,17],[9,18],[10,19],[12,20],[13,21],[13,22],[13,23],[14,24],[15,25],[15,26],[15,27],[15,28],[15,29],[15,30],[16,31],[16,32],[16,33],[16,34],[16,35],[16,36],[19,37],[19,38],[19,39],[19,40],[20,41],[20,42],[20,43],[20,44],[20,45],[20,46],[21,47],[21,48],[21,49],[21,50],[21,51],[21,52],[22,53],[22,54],[22,55],[22,56],[22,57],[22,58],[23,59],[24,60],[24,61],[24,62],[24,63],[24,64],[24,65],[59,66],[59,67],[59,68],[59,69]],"ID":2}],"edgeSet":[[0,2,0],[2,1,0]],"ENTRY":{"def":[],"use":[],"callees":[],"nodes":["CompoundStmt"],"edges":[],"ID":0},"EXIT":{"def":[],"use":[],"callees":[],"nodes":["CompoundStmt"],"edges":[],"ID":1},"method_name":"cloneNode"},{"blocks":[{"def":[],"use":[],"callees":[],"nodes":["CompoundStmt"],"edges":[],"ID":0},{"def":[],"use":[],"callees":[],"nodes":["CompoundStmt"],"edges":[],"ID":1},{"def":["$z0","r0"],"use":["@this: org.apache.xerces.dom.EntityImpl","$z0","r0"],"callees":["needsSyncData"],"nodes":["CompoundStmt","DefinitionStmt","DefinitionStmt","IfStmt","Local","ThisRef","Local","Invoke","BinaryOp","RefType","RefType","Boolean","Local"," \u003d\u003d ","Constant","org","apache","xerces","dom","Entity","Impl","org","apache","xerces","dom","Entity","Impl","Boolean","0","Int"],"edges":[[0,1],[0,2],[0,3],[1,4],[1,5],[2,6],[2,7],[3,8],[4,9],[5,10],[6,11],[8,12],[8,13],[8,14],[9,15],[9,16],[9,17],[9,18],[9,19],[9,20],[10,21],[10,22],[10,23],[10,24],[10,25],[10,26],[12,27],[14,28],[14,29]],"ID":2},{"def":["$r1"],"use":["$r1","r0.\u003corg.apache.xerces.dom.EntityImpl: java.lang.String publicId\u003e","r0"],"callees":["synchronizeData"],"nodes":["CompoundStmt","Invoke","DefinitionStmt","ReturnStmt","Local","InstanceFieldRef","Local","RefType","RefType","Local","RefType","RefType","java","lang","String","java","lang","String","RefType","java","lang","String","java","lang","String","org","apache","xerces","dom","Entity","Impl"],"edges":[[0,1],[0,2],[0,3],[2,4],[2,5],[3,6],[4,7],[5,8],[5,9],[5,10],[6,11],[7,12],[7,13],[7,14],[8,15],[8,16],[8,17],[9,18],[10,19],[10,20],[10,21],[11,22],[11,23],[11,24],[18,25],[18,26],[18,27],[18,28],[18,29],[18,30]],"ID":3}],"edgeSet":[[3,1,0],[0,2,0],[2,3,1],[2,3,2]],"ENTRY":{"def":[],"use":[],"callees":[],"nodes":["CompoundStmt"],"edges":[],"ID":0},"EXIT":{"def":[],"use":[],"callees":[],"nodes":["CompoundStmt"],"edges":[],"ID":1},"method_name":"getPublicId"},{"blocks":[{"def":[],"use":[],"callees":[],"nodes":["CompoundStmt"],"edges":[],"ID":0},{"def":[],"use":[],"callees":[],"nodes":["CompoundStmt"],"edges":[],"ID":1},{"def":["$z0","r0"],"use":["@this: org.apache.xerces.dom.EntityImpl","$z0","r0"],"callees":["needsSyncData"],"nodes":["CompoundStmt","DefinitionStmt","DefinitionStmt","IfStmt","Local","ThisRef","Local","Invoke","BinaryOp","RefType","RefType","Boolean","Local"," \u003d\u003d ","Constant","org","apache","xerces","dom","Entity","Impl","org","apache","xerces","dom","Entity","Impl","Boolean","0","Int"],"edges":[[0,1],[0,2],[0,3],[1,4],[1,5],[2,6],[2,7],[3,8],[4,9],[5,10],[6,11],[8,12],[8,13],[8,14],[9,15],[9,16],[9,17],[9,18],[9,19],[9,20],[10,21],[10,22],[10,23],[10,24],[10,25],[10,26],[12,27],[14,28],[14,29]],"ID":2},{"def":["$r1"],"use":["$r1","r0.\u003corg.apache.xerces.dom.EntityImpl: java.lang.String systemId\u003e","r0"],"callees":["synchronizeData"],"nodes":["CompoundStmt","Invoke","DefinitionStmt","ReturnStmt","Local","InstanceFieldRef","Local","RefType","RefType","Local","RefType","RefType","java","lang","String","java","lang","String","RefType","java","lang","String","java","lang","String","org","apache","xerces","dom","Entity","Impl"],"edges":[[0,1],[0,2],[0,3],[2,4],[2,5],[3,6],[4,7],[5,8],[5,9],[5,10],[6,11],[7,12],[7,13],[7,14],[8,15],[8,16],[8,17],[9,18],[10,19],[10,20],[10,21],[11,22],[11,23],[11,24],[18,25],[18,26],[18,27],[18,28],[18,29],[18,30]],"ID":3}],"edgeSet":[[3,1,0],[0,2,0],[2,3,1],[2,3,2]],"ENTRY":{"def":[],"use":[],"callees":[],"nodes":["CompoundStmt"],"edges":[],"ID":0},"EXIT":{"def":[],"use":[],"callees":[],"nodes":["CompoundStmt"],"edges":[],"ID":1},"method_name":"getSystemId"},{"blocks":[{"def":[],"use":[],"callees":[],"nodes":["CompoundStmt"],"edges":[],"ID":0},{"def":[],"use":[],"callees":[],"nodes":["CompoundStmt"],"edges":[],"ID":1},{"def":["$z0","r0"],"use":["@this: org.apache.xerces.dom.EntityImpl","$z0","r0"],"callees":["needsSyncData"],"nodes":["CompoundStmt","DefinitionStmt","DefinitionStmt","IfStmt","Local","ThisRef","Local","Invoke","BinaryOp","RefType","RefType","Boolean","Local"," \u003d\u003d ","Constant","org","apache","xerces","dom","Entity","Impl","org","apache","xerces","dom","Entity","Impl","Boolean","0","Int"],"edges":[[0,1],[0,2],[0,3],[1,4],[1,5],[2,6],[2,7],[3,8],[4,9],[5,10],[6,11],[8,12],[8,13],[8,14],[9,15],[9,16],[9,17],[9,18],[9,19],[9,20],[10,21],[10,22],[10,23],[10,24],[10,25],[10,26],[12,27],[14,28],[14,29]],"ID":2},{"def":["$r1"],"use":["$r1","r0.\u003corg.apache.xerces.dom.EntityImpl: java.lang.String notationName\u003e","r0"],"callees":["synchronizeData"],"nodes":["CompoundStmt","Invoke","DefinitionStmt","ReturnStmt","Local","InstanceFieldRef","Local","RefType","RefType","Local","RefType","RefType","java","lang","String","java","lang","String","RefType","java","lang","String","java","lang","String","org","apache","xerces","dom","Entity","Impl"],"edges":[[0,1],[0,2],[0,3],[2,4],[2,5],[3,6],[4,7],[5,8],[5,9],[5,10],[6,11],[7,12],[7,13],[7,14],[8,15],[8,16],[8,17],[9,18],[10,19],[10,20],[10,21],[11,22],[11,23],[11,24],[18,25],[18,26],[18,27],[18,28],[18,29],[18,30]],"ID":3}],"edgeSet":[[3,1,0],[0,2,0],[2,3,1],[2,3,2]],"ENTRY":{"def":[],"use":[],"callees":[],"nodes":["CompoundStmt"],"edges":[],"ID":0},"EXIT":{"def":[],"use":[],"callees":[],"nodes":["CompoundStmt"],"edges":[],"ID":1},"method_name":"getNotationName"},{"blocks":[{"def":[],"use":[],"callees":[],"nodes":["CompoundStmt"],"edges":[],"ID":0},{"def":[],"use":[],"callees":[],"nodes":["CompoundStmt"],"edges":[],"ID":1},{"def":["$z0","r0","r1"],"use":["@this: org.apache.xerces.dom.EntityImpl","$z0","@parameter0: java.lang.String","r0"],"callees":["needsSyncData"],"nodes":["CompoundStmt","DefinitionStmt","DefinitionStmt","DefinitionStmt","IfStmt","Local","ThisRef","Local","Param","Local","Invoke","BinaryOp","RefType","RefType","RefType","RefType","Boolean","Local"," \u003d\u003d ","Constant","org","apache","xerces","dom","Entity","Impl","org","apache","xerces","dom","Entity","Impl","java","lang","String","java","lang","String","Boolean","0","Int"],"edges":[[0,1],[0,2],[0,3],[0,4],[1,5],[1,6],[2,7],[2,8],[3,9],[3,10],[4,11],[5,12],[6,13],[7,14],[8,15],[9,16],[11,17],[11,18],[11,19],[12,20],[12,21],[12,22],[12,23],[12,24],[12,25],[13,26],[13,27],[13,28],[13,29],[13,30],[13,31],[14,32],[14,33],[14,34],[15,35],[15,36],[15,37],[17,38],[19,39],[19,40]],"ID":2},{"def":["r0.\u003corg.apache.xerces.dom.EntityImpl: java.lang.String publicId\u003e"],"use":["r0","r1"],"callees":["synchronizeData"],"nodes":["CompoundStmt","Invoke","DefinitionStmt","ReturnVoidStmt","InstanceFieldRef","Local","RefType","Local","RefType","RefType","java","lang","String","RefType","java","lang","String","java","lang","String","org","apache","xerces","dom","Entity","Impl"],"edges":[[0,1],[0,2],[0,3],[2,4],[2,5],[4,6],[4,7],[4,8],[5,9],[6,10],[6,11],[6,12],[7,13],[8,14],[8,15],[8,16],[9,17],[9,18],[9,19],[13,20],[13,21],[13,22],[13,23],[13,24],[13,25]],"ID":3}],"edgeSet":[[3,1,0],[0,2,0],[2,3,1],[2,3,2]],"ENTRY":{"def":[],"use":[],"callees":[],"nodes":["CompoundStmt"],"edges":[],"ID":0},"EXIT":{"def":[],"use":[],"callees":[],"nodes":["CompoundStmt"],"edges":[],"ID":1},"method_name":"setPublicId"},{"blocks":[{"def":[],"use":[],"callees":[],"nodes":["CompoundStmt"],"edges":[],"ID":0},{"def":[],"use":[],"callees":[],"nodes":["CompoundStmt"],"edges":[],"ID":1},{"def":["$z0","r0","r1"],"use":["@this: org.apache.xerces.dom.EntityImpl","$z0","@parameter0: java.lang.String","r0"],"callees":["needsSyncData"],"nodes":["CompoundStmt","DefinitionStmt","DefinitionStmt","DefinitionStmt","IfStmt","Local","ThisRef","Local","Param","Local","Invoke","BinaryOp","RefType","RefType","RefType","RefType","Boolean","Local"," \u003d\u003d ","Constant","org","apache","xerces","dom","Entity","Impl","org","apache","xerces","dom","Entity","Impl","java","lang","String","java","lang","String","Boolean","0","Int"],"edges":[[0,1],[0,2],[0,3],[0,4],[1,5],[1,6],[2,7],[2,8],[3,9],[3,10],[4,11],[5,12],[6,13],[7,14],[8,15],[9,16],[11,17],[11,18],[11,19],[12,20],[12,21],[12,22],[12,23],[12,24],[12,25],[13,26],[13,27],[13,28],[13,29],[13,30],[13,31],[14,32],[14,33],[14,34],[15,35],[15,36],[15,37],[17,38],[19,39],[19,40]],"ID":2},{"def":["r0.\u003corg.apache.xerces.dom.EntityImpl: java.lang.String systemId\u003e"],"use":["r0","r1"],"callees":["synchronizeData"],"nodes":["CompoundStmt","Invoke","DefinitionStmt","ReturnVoidStmt","InstanceFieldRef","Local","RefType","Local","RefType","RefType","java","lang","String","RefType","java","lang","String","java","lang","String","org","apache","xerces","dom","Entity","Impl"],"edges":[[0,1],[0,2],[0,3],[2,4],[2,5],[4,6],[4,7],[4,8],[5,9],[6,10],[6,11],[6,12],[7,13],[8,14],[8,15],[8,16],[9,17],[9,18],[9,19],[13,20],[13,21],[13,22],[13,23],[13,24],[13,25]],"ID":3}],"edgeSet":[[3,1,0],[0,2,0],[2,3,1],[2,3,2]],"ENTRY":{"def":[],"use":[],"callees":[],"nodes":["CompoundStmt"],"edges":[],"ID":0},"EXIT":{"def":[],"use":[],"callees":[],"nodes":["CompoundStmt"],"edges":[],"ID":1},"method_name":"setSystemId"},{"blocks":[{"def":[],"use":[],"callees":[],"nodes":["CompoundStmt"],"edges":[],"ID":0},{"def":[],"use":[],"callees":[],"nodes":["CompoundStmt"],"edges":[],"ID":1},{"def":["$z0","r0","r1"],"use":["@this: org.apache.xerces.dom.EntityImpl","$z0","@parameter0: java.lang.String","r0"],"callees":["needsSyncData"],"nodes":["CompoundStmt","DefinitionStmt","DefinitionStmt","DefinitionStmt","IfStmt","Local","ThisRef","Local","Param","Local","Invoke","BinaryOp","RefType","RefType","RefType","RefType","Boolean","Local"," \u003d\u003d ","Constant","org","apache","xerces","dom","Entity","Impl","org","apache","xerces","dom","Entity","Impl","java","lang","String","java","lang","String","Boolean","0","Int"],"edges":[[0,1],[0,2],[0,3],[0,4],[1,5],[1,6],[2,7],[2,8],[3,9],[3,10],[4,11],[5,12],[6,13],[7,14],[8,15],[9,16],[11,17],[11,18],[11,19],[12,20],[12,21],[12,22],[12,23],[12,24],[12,25],[13,26],[13,27],[13,28],[13,29],[13,30],[13,31],[14,32],[14,33],[14,34],[15,35],[15,36],[15,37],[17,38],[19,39],[19,40]],"ID":2},{"def":["r0.\u003corg.apache.xerces.dom.EntityImpl: java.lang.String notationName\u003e"],"use":["r0","r1"],"callees":["synchronizeData"],"nodes":["CompoundStmt","Invoke","DefinitionStmt","ReturnVoidStmt","InstanceFieldRef","Local","RefType","Local","RefType","RefType","java","lang","String","RefType","java","lang","String","java","lang","String","org","apache","xerces","dom","Entity","Impl"],"edges":[[0,1],[0,2],[0,3],[2,4],[2,5],[4,6],[4,7],[4,8],[5,9],[6,10],[6,11],[6,12],[7,13],[8,14],[8,15],[8,16],[9,17],[9,18],[9,19],[13,20],[13,21],[13,22],[13,23],[13,24],[13,25]],"ID":3}],"edgeSet":[[3,1,0],[0,2,0],[2,3,1],[2,3,2]],"ENTRY":{"def":[],"use":[],"callees":[],"nodes":["CompoundStmt"],"edges":[],"ID":0},"EXIT":{"def":[],"use":[],"callees":[],"nodes":["CompoundStmt"],"edges":[],"ID":1},"method_name":"setNotationName"}],"label":"1"}