{"data":[{"blocks":[{"def":[],"use":[],"callees":[],"nodes":["CompoundStmt"],"edges":[],"ID":0},{"def":[],"use":[],"callees":[],"nodes":["CompoundStmt"],"edges":[],"ID":1},{"def":["r0.\u003corg.apache.xerces.validators.common.XMLElementDecl: int type\u003e","$r1","$r2","$r3","$r4","r0.\u003corg.apache.xerces.validators.common.XMLElementDecl: boolean list\u003e","r0.\u003corg.apache.xerces.validators.common.XMLElementDecl: org.apache.xerces.validators.datatype.DatatypeValidator datatypeValidator\u003e","r0.\u003corg.apache.xerces.validators.common.XMLElementDecl: int contentSpecIndex\u003e","r0","r0.\u003corg.apache.xerces.validators.common.XMLElementDecl: int enclosingScope\u003e"],"use":["r0.\u003corg.apache.xerces.validators.common.XMLElementDecl: java.util.Vector key\u003e","$r1","$r2","r0.\u003corg.apache.xerces.validators.common.XMLElementDecl: org.apache.xerces.utils.QName name\u003e","$r3","r0.\u003corg.apache.xerces.validators.common.XMLElementDecl: java.util.Vector keyRef\u003e","$r4","@this: org.apache.xerces.validators.common.XMLElementDecl","r0","r0.\u003corg.apache.xerces.validators.common.XMLElementDecl: java.util.Vector unique\u003e"],"callees":[],"nodes":["CompoundStmt","DefinitionStmt","DefinitionStmt","Invoke","DefinitionStmt","DefinitionStmt","DefinitionStmt","DefinitionStmt","DefinitionStmt","DefinitionStmt","Invoke","DefinitionStmt","Invoke","DefinitionStmt","Invoke","ReturnVoidStmt","Local","ThisRef","Local","InstanceFieldRef","InstanceFieldRef","Constant","InstanceFieldRef","Constant","InstanceFieldRef","Constant","InstanceFieldRef","Constant","InstanceFieldRef","Constant","Local","InstanceFieldRef","Local","InstanceFieldRef","Local","InstanceFieldRef","RefType","RefType","RefType","RefType","Local","RefType","Int","Local","Int","-","1","Int","Boolean","Local","Boolean","0","Int","RefType","Local","RefType","Null","Int","Local","Int","-","1","Int","Int","Local","Int","-","1","Int","RefType","RefType","Local","RefType","RefType","RefType","Local","RefType","RefType","RefType","Local","RefType","org","apache","xerces","validators","common","X","M","L","Element","Decl","org","apache","xerces","validators","common","X","M","L","Element","Decl","org","apache","xerces","utils","Q","Name","org","apache","xerces","utils","Q","Name","RefType","org","apache","xerces","utils","Q","Name","RefType","RefType","org","apache","xerces","validators","datatype","Datatype","Validator","RefType","org","apache","xerces","validators","datatype","Datatype","Validator","RefType","RefType","java","util","Vector","java","util","Vector","RefType","java","util","Vector","java","util","Vector","java","util","Vector","RefType","java","util","Vector","java","util","Vector","java","util","Vector","RefType","java","util","Vector","org","apache","xerces","validators","common","X","M","L","Element","Decl","org","apache","xerces","validators","common","X","M","L","Element","Decl","org","apache","xerces","validators","common","X","M","L","Element","Decl","org","apache","xerces","validators","common","X","M","L","Element","Decl","org","apache","xerces","validators","common","X","M","L","Element","Decl","org","apache","xerces","validators","common","X","M","L","Element","Decl","org","apache","xerces","validators","common","X","M","L","Element","Decl","org","apache","xerces","validators","common","X","M","L","Element","Decl","org","apache","xerces","validators","common","X","M","L","Element","Decl"],"edges":[[0,1],[0,2],[0,3],[0,4],[0,5],[0,6],[0,7],[0,8],[0,9],[0,10],[0,11],[0,12],[0,13],[0,14],[0,15],[1,16],[1,17],[2,18],[2,19],[4,20],[4,21],[5,22],[5,23],[6,24],[6,25],[7,26],[7,27],[8,28],[8,29],[9,30],[9,31],[11,32],[11,33],[13,34],[13,35],[16,36],[17,37],[18,38],[19,39],[19,40],[19,41],[20,42],[20,43],[20,44],[21,45],[21,46],[21,47],[22,48],[22,49],[22,50],[23,51],[23,52],[24,53],[24,54],[24,55],[25,56],[26,57],[26,58],[26,59],[27,60],[27,61],[27,62],[28,63],[28,64],[28,65],[29,66],[29,67],[29,68],[30,69],[31,70],[31,71],[31,72],[32,73],[33,74],[33,75],[33,76],[34,77],[35,78],[35,79],[35,80],[36,81],[36,82],[36,83],[36,84],[36,85],[36,86],[36,87],[36,88],[36,89],[36,90],[37,91],[37,92],[37,93],[37,94],[37,95],[37,96],[37,97],[37,98],[37,99],[37,100],[38,101],[38,102],[38,103],[38,104],[38,105],[38,106],[39,107],[39,108],[39,109],[39,110],[39,111],[39,112],[40,113],[41,114],[41,115],[41,116],[41,117],[41,118],[41,119],[43,120],[49,121],[53,122],[53,123],[53,124],[53,125],[53,126],[53,127],[53,128],[54,129],[55,130],[55,131],[55,132],[55,133],[55,134],[55,135],[55,136],[58,137],[64,138],[69,139],[69,140],[69,141],[70,142],[70,143],[70,144],[71,145],[72,146],[72,147],[72,148],[73,149],[73,150],[73,151],[74,152],[74,153],[74,154],[75,155],[76,156],[76,157],[76,158],[77,159],[77,160],[77,161],[78,162],[78,163],[78,164],[79,165],[80,166],[80,167],[80,168],[113,169],[113,170],[113,171],[113,172],[113,173],[113,174],[113,175],[113,176],[113,177],[113,178],[120,179],[120,180],[120,181],[120,182],[120,183],[120,184],[120,185],[120,186],[120,187],[120,188],[121,189],[121,190],[121,191],[121,192],[121,193],[121,194],[121,195],[121,196],[121,197],[121,198],[129,199],[129,200],[129,201],[129,202],[129,203],[129,204],[129,205],[129,206],[129,207],[129,208],[137,209],[137,210],[137,211],[137,212],[137,213],[137,214],[137,215],[137,216],[137,217],[137,218],[138,219],[138,220],[138,221],[138,222],[138,223],[138,224],[138,225],[138,226],[138,227],[138,228],[145,229],[145,230],[145,231],[145,232],[145,233],[145,234],[145,235],[145,236],[145,237],[145,238],[155,239],[155,240],[155,241],[155,242],[155,243],[155,244],[155,245],[155,246],[155,247],[155,248],[165,249],[165,250],[165,251],[165,252],[165,253],[165,254],[165,255],[165,256],[165,257],[165,258]],"ID":2}],"edgeSet":[[0,2,0],[2,1,0]],"ENTRY":{"def":[],"use":[],"callees":[],"nodes":["CompoundStmt"],"edges":[],"ID":0},"EXIT":{"def":[],"use":[],"callees":[],"nodes":["CompoundStmt"],"edges":[],"ID":1},"method_name":"clear"},{"blocks":[{"def":[],"use":[],"callees":[],"nodes":["CompoundStmt"],"edges":[],"ID":0},{"def":[],"use":[],"callees":[],"nodes":["CompoundStmt"],"edges":[],"ID":1},{"def":["r0.\u003corg.apache.xerces.validators.common.XMLElementDecl: java.util.Vector key\u003e","$r1","$r2","r0.\u003corg.apache.xerces.validators.common.XMLElementDecl: org.apache.xerces.utils.QName name\u003e","$r3","$r4","r0.\u003corg.apache.xerces.validators.common.XMLElementDecl: java.util.Vector keyRef\u003e","r0","r0.\u003corg.apache.xerces.validators.common.XMLElementDecl: java.util.Vector unique\u003e"],"use":["$r1","$r2","$r3","$r4","@this: org.apache.xerces.validators.common.XMLElementDecl","r0"],"callees":["clear"],"nodes":["CompoundStmt","DefinitionStmt","Invoke","DefinitionStmt","Invoke","DefinitionStmt","DefinitionStmt","Invoke","DefinitionStmt","DefinitionStmt","Invoke","DefinitionStmt","DefinitionStmt","Invoke","DefinitionStmt","Invoke","ReturnVoidStmt","Local","ThisRef","Local","NewExpr","InstanceFieldRef","Local","Local","NewExpr","InstanceFieldRef","Local","Local","NewExpr","InstanceFieldRef","Local","Local","NewExpr","InstanceFieldRef","Local","RefType","RefType","RefType","RefType","RefType","Local","RefType","RefType","RefType","RefType","RefType","Local","RefType","RefType","RefType","RefType","RefType","Local","RefType","RefType","RefType","RefType","RefType","Local","RefType","RefType","org","apache","xerces","validators","common","X","M","L","Element","Decl","org","apache","xerces","validators","common","X","M","L","Element","Decl","org","apache","xerces","utils","Q","Name","org","apache","xerces","utils","Q","Name","org","apache","xerces","utils","Q","Name","RefType","org","apache","xerces","utils","Q","Name","org","apache","xerces","utils","Q","Name","java","util","Vector","java","util","Vector","java","util","Vector","RefType","java","util","Vector","java","util","Vector","java","util","Vector","java","util","Vector","java","util","Vector","RefType","java","util","Vector","java","util","Vector","java","util","Vector","java","util","Vector","java","util","Vector","RefType","java","util","Vector","java","util","Vector","org","apache","xerces","validators","common","X","M","L","Element","Decl","org","apache","xerces","validators","common","X","M","L","Element","Decl","org","apache","xerces","validators","common","X","M","L","Element","Decl","org","apache","xerces","validators","common","X","M","L","Element","Decl"],"edges":[[0,1],[0,2],[0,3],[0,4],[0,5],[0,6],[0,7],[0,8],[0,9],[0,10],[0,11],[0,12],[0,13],[0,14],[0,15],[0,16],[1,17],[1,18],[3,19],[3,20],[5,21],[5,22],[6,23],[6,24],[8,25],[8,26],[9,27],[9,28],[11,29],[11,30],[12,31],[12,32],[14,33],[14,34],[17,35],[18,36],[19,37],[20,38],[21,39],[21,40],[21,41],[22,42],[23,43],[24,44],[25,45],[25,46],[25,47],[26,48],[27,49],[28,50],[29,51],[29,52],[29,53],[30,54],[31,55],[32,56],[33,57],[33,58],[33,59],[34,60],[35,61],[35,62],[35,63],[35,64],[35,65],[35,66],[35,67],[35,68],[35,69],[35,70],[36,71],[36,72],[36,73],[36,74],[36,75],[36,76],[36,77],[36,78],[36,79],[36,80],[37,81],[37,82],[37,83],[37,84],[37,85],[37,86],[38,87],[38,88],[38,89],[38,90],[38,91],[38,92],[39,93],[39,94],[39,95],[39,96],[39,97],[39,98],[40,99],[41,100],[41,101],[41,102],[41,103],[41,104],[41,105],[42,106],[42,107],[42,108],[42,109],[42,110],[42,111],[43,112],[43,113],[43,114],[44,115],[44,116],[44,117],[45,118],[45,119],[45,120],[46,121],[47,122],[47,123],[47,124],[48,125],[48,126],[48,127],[49,128],[49,129],[49,130],[50,131],[50,132],[50,133],[51,134],[51,135],[51,136],[52,137],[53,138],[53,139],[53,140],[54,141],[54,142],[54,143],[55,144],[55,145],[55,146],[56,147],[56,148],[56,149],[57,150],[57,151],[57,152],[58,153],[59,154],[59,155],[59,156],[60,157],[60,158],[60,159],[99,160],[99,161],[99,162],[99,163],[99,164],[99,165],[99,166],[99,167],[99,168],[99,169],[121,170],[121,171],[121,172],[121,173],[121,174],[121,175],[121,176],[121,177],[121,178],[121,179],[137,180],[137,181],[137,182],[137,183],[137,184],[137,185],[137,186],[137,187],[137,188],[137,189],[153,190],[153,191],[153,192],[153,193],[153,194],[153,195],[153,196],[153,197],[153,198],[153,199]],"ID":2}],"edgeSet":[[0,2,0],[2,1,0]],"ENTRY":{"def":[],"use":[],"callees":[],"nodes":["CompoundStmt"],"edges":[],"ID":0},"EXIT":{"def":[],"use":[],"callees":[],"nodes":["CompoundStmt"],"edges":[],"ID":1},"method_name":"\u003cinit\u003e"},{"blocks":[{"def":[],"use":[],"callees":[],"nodes":["CompoundStmt"],"edges":[],"ID":0},{"def":[],"use":[],"callees":[],"nodes":["CompoundStmt"],"edges":[],"ID":1},{"def":["r0.\u003corg.apache.xerces.validators.common.XMLElementDecl: int type\u003e","$r2","$r3","$r4","r0.\u003corg.apache.xerces.validators.common.XMLElementDecl: boolean list\u003e","$i0","$i1","r0.\u003corg.apache.xerces.validators.common.XMLElementDecl: int contentSpecIndex\u003e","$i2","r0.\u003corg.apache.xerces.validators.common.XMLElementDecl: int enclosingScope\u003e","r0.\u003corg.apache.xerces.validators.common.XMLElementDecl: org.apache.xerces.validators.datatype.DatatypeValidator datatypeValidator\u003e","$z0","r0","r1"],"use":["$r2","@parameter0: org.apache.xerces.validators.common.XMLElementDecl","r1.\u003corg.apache.xerces.validators.common.XMLElementDecl: org.apache.xerces.utils.QName name\u003e","$r3","$r4","$i0","$i1","$i2","r1.\u003corg.apache.xerces.validators.common.XMLElementDecl: int contentSpecIndex\u003e","r0.\u003corg.apache.xerces.validators.common.XMLElementDecl: org.apache.xerces.utils.QName name\u003e","r1.\u003corg.apache.xerces.validators.common.XMLElementDecl: org.apache.xerces.validators.datatype.DatatypeValidator datatypeValidator\u003e","$z0","@this: org.apache.xerces.validators.common.XMLElementDecl","r0","r1.\u003corg.apache.xerces.validators.common.XMLElementDecl: int type\u003e","r1.\u003corg.apache.xerces.validators.common.XMLElementDecl: boolean list\u003e","r1","r1.\u003corg.apache.xerces.validators.common.XMLElementDecl: int enclosingScope\u003e"],"callees":[],"nodes":["CompoundStmt","DefinitionStmt","DefinitionStmt","DefinitionStmt","DefinitionStmt","Invoke","DefinitionStmt","DefinitionStmt","DefinitionStmt","DefinitionStmt","DefinitionStmt","DefinitionStmt","DefinitionStmt","DefinitionStmt","DefinitionStmt","DefinitionStmt","ReturnVoidStmt","Local","ThisRef","Local","Param","Local","InstanceFieldRef","Local","InstanceFieldRef","Local","InstanceFieldRef","InstanceFieldRef","Local","Local","InstanceFieldRef","InstanceFieldRef","Local","Local","InstanceFieldRef","InstanceFieldRef","Local","Local","InstanceFieldRef","InstanceFieldRef","Local","Local","InstanceFieldRef","InstanceFieldRef","Local","RefType","RefType","RefType","RefType","RefType","RefType","Local","RefType","RefType","RefType","Local","RefType","Int","Int","Local","Int","Int","Local","Int","Int","Boolean","Boolean","Local","Boolean","Boolean","Local","Boolean","Boolean","RefType","RefType","Local","RefType","RefType","Local","RefType","RefType","Int","Int","Local","Int","Int","Local","Int","Int","Int","Int","Local","Int","Int","Local","Int","Int","org","apache","xerces","validators","common","X","M","L","Element","Decl","org","apache","xerces","validators","common","X","M","L","Element","Decl","org","apache","xerces","validators","common","X","M","L","Element","Decl","org","apache","xerces","validators","common","X","M","L","Element","Decl","org","apache","xerces","utils","Q","Name","org","apache","xerces","utils","Q","Name","RefType","org","apache","xerces","utils","Q","Name","org","apache","xerces","utils","Q","Name","org","apache","xerces","utils","Q","Name","RefType","org","apache","xerces","utils","Q","Name","RefType","RefType","RefType","RefType","org","apache","xerces","validators","datatype","Datatype","Validator","org","apache","xerces","validators","datatype","Datatype","Validator","RefType","org","apache","xerces","validators","datatype","Datatype","Validator","org","apache","xerces","validators","datatype","Datatype","Validator","RefType","org","apache","xerces","validators","datatype","Datatype","Validator","org","apache","xerces","validators","datatype","Datatype","Validator","RefType","RefType","RefType","RefType","org","apache","xerces","validators","common","X","M","L","Element","Decl","org","apache","xerces","validators","common","X","M","L","Element","Decl","org","apache","xerces","validators","common","X","M","L","Element","Decl","org","apache","xerces","validators","common","X","M","L","Element","Decl","org","apache","xerces","validators","common","X","M","L","Element","Decl","org","apache","xerces","validators","common","X","M","L","Element","Decl","org","apache","xerces","validators","common","X","M","L","Element","Decl","org","apache","xerces","validators","common","X","M","L","Element","Decl","org","apache","xerces","validators","common","X","M","L","Element","Decl","org","apache","xerces","validators","common","X","M","L","Element","Decl","org","apache","xerces","validators","common","X","M","L","Element","Decl","org","apache","xerces","validators","common","X","M","L","Element","Decl"],"edges":[[0,1],[0,2],[0,3],[0,4],[0,5],[0,6],[0,7],[0,8],[0,9],[0,10],[0,11],[0,12],[0,13],[0,14],[0,15],[0,16],[1,17],[1,18],[2,19],[2,20],[3,21],[3,22],[4,23],[4,24],[6,25],[6,26],[7,27],[7,28],[8,29],[8,30],[9,31],[9,32],[10,33],[10,34],[11,35],[11,36],[12,37],[12,38],[13,39],[13,40],[14,41],[14,42],[15,43],[15,44],[17,45],[18,46],[19,47],[20,48],[21,49],[22,50],[22,51],[22,52],[23,53],[24,54],[24,55],[24,56],[25,57],[26,58],[26,59],[26,60],[27,61],[27,62],[27,63],[28,64],[29,65],[30,66],[30,67],[30,68],[31,69],[31,70],[31,71],[32,72],[33,73],[34,74],[34,75],[34,76],[35,77],[35,78],[35,79],[36,80],[37,81],[38,82],[38,83],[38,84],[39,85],[39,86],[39,87],[40,88],[41,89],[42,90],[42,91],[42,92],[43,93],[43,94],[43,95],[44,96],[45,97],[45,98],[45,99],[45,100],[45,101],[45,102],[45,103],[45,104],[45,105],[45,106],[46,107],[46,108],[46,109],[46,110],[46,111],[46,112],[46,113],[46,114],[46,115],[46,116],[47,117],[47,118],[47,119],[47,120],[47,121],[47,122],[47,123],[47,124],[47,125],[47,126],[48,127],[48,128],[48,129],[48,130],[48,131],[48,132],[48,133],[48,134],[48,135],[48,136],[49,137],[49,138],[49,139],[49,140],[49,141],[49,142],[50,143],[50,144],[50,145],[50,146],[50,147],[50,148],[51,149],[52,150],[52,151],[52,152],[52,153],[52,154],[52,155],[53,156],[53,157],[53,158],[53,159],[53,160],[53,161],[54,162],[54,163],[54,164],[54,165],[54,166],[54,167],[55,168],[56,169],[56,170],[56,171],[56,172],[56,173],[56,174],[59,175],[62,176],[67,177],[70,178],[73,179],[73,180],[73,181],[73,182],[73,183],[73,184],[73,185],[74,186],[74,187],[74,188],[74,189],[74,190],[74,191],[74,192],[75,193],[76,194],[76,195],[76,196],[76,197],[76,198],[76,199],[76,200],[77,201],[77,202],[77,203],[77,204],[77,205],[77,206],[77,207],[78,208],[79,209],[79,210],[79,211],[79,212],[79,213],[79,214],[79,215],[80,216],[80,217],[80,218],[80,219],[80,220],[80,221],[80,222],[83,223],[86,224],[91,225],[94,226],[149,227],[149,228],[149,229],[149,230],[149,231],[149,232],[149,233],[149,234],[149,235],[149,236],[168,237],[168,238],[168,239],[168,240],[168,241],[168,242],[168,243],[168,244],[168,245],[168,246],[175,247],[175,248],[175,249],[175,250],[175,251],[175,252],[175,253],[175,254],[175,255],[175,256],[176,257],[176,258],[176,259],[176,260],[176,261],[176,262],[176,263],[176,264],[176,265],[176,266],[177,267],[177,268],[177,269],[177,270],[177,271],[177,272],[177,273],[177,274],[177,275],[177,276],[178,277],[178,278],[178,279],[178,280],[178,281],[178,282],[178,283],[178,284],[178,285],[178,286],[193,287],[193,288],[193,289],[193,290],[193,291],[193,292],[193,293],[193,294],[193,295],[193,296],[208,297],[208,298],[208,299],[208,300],[208,301],[208,302],[208,303],[208,304],[208,305],[208,306],[223,307],[223,308],[223,309],[223,310],[223,311],[223,312],[223,313],[223,314],[223,315],[223,316],[224,317],[224,318],[224,319],[224,320],[224,321],[224,322],[224,323],[224,324],[224,325],[224,326],[225,327],[225,328],[225,329],[225,330],[225,331],[225,332],[225,333],[225,334],[225,335],[225,336],[226,337],[226,338],[226,339],[226,340],[226,341],[226,342],[226,343],[226,344],[226,345],[226,346]],"ID":2}],"edgeSet":[[0,2,0],[2,1,0]],"ENTRY":{"def":[],"use":[],"callees":[],"nodes":["CompoundStmt"],"edges":[],"ID":0},"EXIT":{"def":[],"use":[],"callees":[],"nodes":["CompoundStmt"],"edges":[],"ID":1},"method_name":"setValues"},{"blocks":[{"def":[],"use":[],"callees":[],"nodes":["CompoundStmt"],"edges":[],"ID":0},{"def":[],"use":[],"callees":[],"nodes":["CompoundStmt"],"edges":[],"ID":1},{"def":["r0.\u003corg.apache.xerces.validators.common.XMLElementDecl: java.util.Vector key\u003e","$r2","r0.\u003corg.apache.xerces.validators.common.XMLElementDecl: org.apache.xerces.utils.QName name\u003e","$r3","$r4","r0.\u003corg.apache.xerces.validators.common.XMLElementDecl: java.util.Vector keyRef\u003e","$r5","r0","r0.\u003corg.apache.xerces.validators.common.XMLElementDecl: java.util.Vector unique\u003e","r1"],"use":["$r2","@parameter0: org.apache.xerces.validators.common.XMLElementDecl","$r3","$r4","$r5","@this: org.apache.xerces.validators.common.XMLElementDecl","r0","r1"],"callees":["setValues"],"nodes":["CompoundStmt","DefinitionStmt","DefinitionStmt","Invoke","DefinitionStmt","Invoke","DefinitionStmt","DefinitionStmt","Invoke","DefinitionStmt","DefinitionStmt","Invoke","DefinitionStmt","DefinitionStmt","Invoke","DefinitionStmt","Invoke","ReturnVoidStmt","Local","ThisRef","Local","Param","Local","NewExpr","InstanceFieldRef","Local","Local","NewExpr","InstanceFieldRef","Local","Local","NewExpr","InstanceFieldRef","Local","Local","NewExpr","InstanceFieldRef","Local","RefType","RefType","RefType","RefType","RefType","RefType","RefType","Local","RefType","RefType","RefType","RefType","RefType","Local","RefType","RefType","RefType","RefType","RefType","Local","RefType","RefType","RefType","RefType","RefType","Local","RefType","RefType","org","apache","xerces","validators","common","X","M","L","Element","Decl","org","apache","xerces","validators","common","X","M","L","Element","Decl","org","apache","xerces","validators","common","X","M","L","Element","Decl","org","apache","xerces","validators","common","X","M","L","Element","Decl","org","apache","xerces","utils","Q","Name","org","apache","xerces","utils","Q","Name","org","apache","xerces","utils","Q","Name","RefType","org","apache","xerces","utils","Q","Name","org","apache","xerces","utils","Q","Name","java","util","Vector","java","util","Vector","java","util","Vector","RefType","java","util","Vector","java","util","Vector","java","util","Vector","java","util","Vector","java","util","Vector","RefType","java","util","Vector","java","util","Vector","java","util","Vector","java","util","Vector","java","util","Vector","RefType","java","util","Vector","java","util","Vector","org","apache","xerces","validators","common","X","M","L","Element","Decl","org","apache","xerces","validators","common","X","M","L","Element","Decl","org","apache","xerces","validators","common","X","M","L","Element","Decl","org","apache","xerces","validators","common","X","M","L","Element","Decl"],"edges":[[0,1],[0,2],[0,3],[0,4],[0,5],[0,6],[0,7],[0,8],[0,9],[0,10],[0,11],[0,12],[0,13],[0,14],[0,15],[0,16],[0,17],[1,18],[1,19],[2,20],[2,21],[4,22],[4,23],[6,24],[6,25],[7,26],[7,27],[9,28],[9,29],[10,30],[10,31],[12,32],[12,33],[13,34],[13,35],[15,36],[15,37],[18,38],[19,39],[20,40],[21,41],[22,42],[23,43],[24,44],[24,45],[24,46],[25,47],[26,48],[27,49],[28,50],[28,51],[28,52],[29,53],[30,54],[31,55],[32,56],[32,57],[32,58],[33,59],[34,60],[35,61],[36,62],[36,63],[36,64],[37,65],[38,66],[38,67],[38,68],[38,69],[38,70],[38,71],[38,72],[38,73],[38,74],[38,75],[39,76],[39,77],[39,78],[39,79],[39,80],[39,81],[39,82],[39,83],[39,84],[39,85],[40,86],[40,87],[40,88],[40,89],[40,90],[40,91],[40,92],[40,93],[40,94],[40,95],[41,96],[41,97],[41,98],[41,99],[41,100],[41,101],[41,102],[41,103],[41,104],[41,105],[42,106],[42,107],[42,108],[42,109],[42,110],[42,111],[43,112],[43,113],[43,114],[43,115],[43,116],[43,117],[44,118],[44,119],[44,120],[44,121],[44,122],[44,123],[45,124],[46,125],[46,126],[46,127],[46,128],[46,129],[46,130],[47,131],[47,132],[47,133],[47,134],[47,135],[47,136],[48,137],[48,138],[48,139],[49,140],[49,141],[49,142],[50,143],[50,144],[50,145],[51,146],[52,147],[52,148],[52,149],[53,150],[53,151],[53,152],[54,153],[54,154],[54,155],[55,156],[55,157],[55,158],[56,159],[56,160],[56,161],[57,162],[58,163],[58,164],[58,165],[59,166],[59,167],[59,168],[60,169],[60,170],[60,171],[61,172],[61,173],[61,174],[62,175],[62,176],[62,177],[63,178],[64,179],[64,180],[64,181],[65,182],[65,183],[65,184],[124,185],[124,186],[124,187],[124,188],[124,189],[124,190],[124,191],[124,192],[124,193],[124,194],[146,195],[146,196],[146,197],[146,198],[146,199],[146,200],[146,201],[146,202],[146,203],[146,204],[162,205],[162,206],[162,207],[162,208],[162,209],[162,210],[162,211],[162,212],[162,213],[162,214],[178,215],[178,216],[178,217],[178,218],[178,219],[178,220],[178,221],[178,222],[178,223],[178,224]],"ID":2}],"edgeSet":[[0,2,0],[2,1,0]],"ENTRY":{"def":[],"use":[],"callees":[],"nodes":["CompoundStmt"],"edges":[],"ID":0},"EXIT":{"def":[],"use":[],"callees":[],"nodes":["CompoundStmt"],"edges":[],"ID":1},"method_name":"\u003cinit\u003e"},{"blocks":[{"def":[],"use":[],"callees":[],"nodes":["CompoundStmt"],"edges":[],"ID":0},{"def":[],"use":[],"callees":[],"nodes":["CompoundStmt"],"edges":[],"ID":1},{"def":["r0.\u003corg.apache.xerces.validators.common.XMLElementDecl: int type\u003e","$r1","$r2","$r3","$r4","r0.\u003corg.apache.xerces.validators.common.XMLElementDecl: boolean list\u003e","r0.\u003corg.apache.xerces.validators.common.XMLElementDecl: org.apache.xerces.validators.datatype.DatatypeValidator datatypeValidator\u003e","r0.\u003corg.apache.xerces.validators.common.XMLElementDecl: int contentSpecIndex\u003e","r0","r0.\u003corg.apache.xerces.validators.common.XMLElementDecl: int enclosingScope\u003e"],"use":["r0.\u003corg.apache.xerces.validators.common.XMLElementDecl: java.util.Vector key\u003e","$r1","$r2","r0.\u003corg.apache.xerces.validators.common.XMLElementDecl: org.apache.xerces.utils.QName name\u003e","$r3","r0.\u003corg.apache.xerces.validators.common.XMLElementDecl: java.util.Vector keyRef\u003e","$r4","@this: org.apache.xerces.validators.common.XMLElementDecl","r0","r0.\u003corg.apache.xerces.validators.common.XMLElementDecl: java.util.Vector unique\u003e"],"callees":[],"nodes":["CompoundStmt","DefinitionStmt","DefinitionStmt","Invoke","DefinitionStmt","DefinitionStmt","DefinitionStmt","DefinitionStmt","DefinitionStmt","DefinitionStmt","Invoke","DefinitionStmt","Invoke","DefinitionStmt","Invoke","ReturnVoidStmt","Local","ThisRef","Local","InstanceFieldRef","InstanceFieldRef","Constant","InstanceFieldRef","Constant","InstanceFieldRef","Constant","InstanceFieldRef","Constant","InstanceFieldRef","Constant","Local","InstanceFieldRef","Local","InstanceFieldRef","Local","InstanceFieldRef","RefType","RefType","RefType","RefType","Local","RefType","Int","Local","Int","-","1","Int","Boolean","Local","Boolean","0","Int","RefType","Local","RefType","Null","Int","Local","Int","-","1","Int","Int","Local","Int","-","1","Int","RefType","RefType","Local","RefType","RefType","RefType","Local","RefType","RefType","RefType","Local","RefType","org","apache","xerces","validators","common","X","M","L","Element","Decl","org","apache","xerces","validators","common","X","M","L","Element","Decl","org","apache","xerces","utils","Q","Name","org","apache","xerces","utils","Q","Name","RefType","org","apache","xerces","utils","Q","Name","RefType","RefType","org","apache","xerces","validators","datatype","Datatype","Validator","RefType","org","apache","xerces","validators","datatype","Datatype","Validator","RefType","RefType","java","util","Vector","java","util","Vector","RefType","java","util","Vector","java","util","Vector","java","util","Vector","RefType","java","util","Vector","java","util","Vector","java","util","Vector","RefType","java","util","Vector","org","apache","xerces","validators","common","X","M","L","Element","Decl","org","apache","xerces","validators","common","X","M","L","Element","Decl","org","apache","xerces","validators","common","X","M","L","Element","Decl","org","apache","xerces","validators","common","X","M","L","Element","Decl","org","apache","xerces","validators","common","X","M","L","Element","Decl","org","apache","xerces","validators","common","X","M","L","Element","Decl","org","apache","xerces","validators","common","X","M","L","Element","Decl","org","apache","xerces","validators","common","X","M","L","Element","Decl","org","apache","xerces","validators","common","X","M","L","Element","Decl"],"edges":[[0,1],[0,2],[0,3],[0,4],[0,5],[0,6],[0,7],[0,8],[0,9],[0,10],[0,11],[0,12],[0,13],[0,14],[0,15],[1,16],[1,17],[2,18],[2,19],[4,20],[4,21],[5,22],[5,23],[6,24],[6,25],[7,26],[7,27],[8,28],[8,29],[9,30],[9,31],[11,32],[11,33],[13,34],[13,35],[16,36],[17,37],[18,38],[19,39],[19,40],[19,41],[20,42],[20,43],[20,44],[21,45],[21,46],[21,47],[22,48],[22,49],[22,50],[23,51],[23,52],[24,53],[24,54],[24,55],[25,56],[26,57],[26,58],[26,59],[27,60],[27,61],[27,62],[28,63],[28,64],[28,65],[29,66],[29,67],[29,68],[30,69],[31,70],[31,71],[31,72],[32,73],[33,74],[33,75],[33,76],[34,77],[35,78],[35,79],[35,80],[36,81],[36,82],[36,83],[36,84],[36,85],[36,86],[36,87],[36,88],[36,89],[36,90],[37,91],[37,92],[37,93],[37,94],[37,95],[37,96],[37,97],[37,98],[37,99],[37,100],[38,101],[38,102],[38,103],[38,104],[38,105],[38,106],[39,107],[39,108],[39,109],[39,110],[39,111],[39,112],[40,113],[41,114],[41,115],[41,116],[41,117],[41,118],[41,119],[43,120],[49,121],[53,122],[53,123],[53,124],[53,125],[53,126],[53,127],[53,128],[54,129],[55,130],[55,131],[55,132],[55,133],[55,134],[55,135],[55,136],[58,137],[64,138],[69,139],[69,140],[69,141],[70,142],[70,143],[70,144],[71,145],[72,146],[72,147],[72,148],[73,149],[73,150],[73,151],[74,152],[74,153],[74,154],[75,155],[76,156],[76,157],[76,158],[77,159],[77,160],[77,161],[78,162],[78,163],[78,164],[79,165],[80,166],[80,167],[80,168],[113,169],[113,170],[113,171],[113,172],[113,173],[113,174],[113,175],[113,176],[113,177],[113,178],[120,179],[120,180],[120,181],[120,182],[120,183],[120,184],[120,185],[120,186],[120,187],[120,188],[121,189],[121,190],[121,191],[121,192],[121,193],[121,194],[121,195],[121,196],[121,197],[121,198],[129,199],[129,200],[129,201],[129,202],[129,203],[129,204],[129,205],[129,206],[129,207],[129,208],[137,209],[137,210],[137,211],[137,212],[137,213],[137,214],[137,215],[137,216],[137,217],[137,218],[138,219],[138,220],[138,221],[138,222],[138,223],[138,224],[138,225],[138,226],[138,227],[138,228],[145,229],[145,230],[145,231],[145,232],[145,233],[145,234],[145,235],[145,236],[145,237],[145,238],[155,239],[155,240],[155,241],[155,242],[155,243],[155,244],[155,245],[155,246],[155,247],[155,248],[165,249],[165,250],[165,251],[165,252],[165,253],[165,254],[165,255],[165,256],[165,257],[165,258]],"ID":2}],"edgeSet":[[0,2,0],[2,1,0]],"ENTRY":{"def":[],"use":[],"callees":[],"nodes":["CompoundStmt"],"edges":[],"ID":0},"EXIT":{"def":[],"use":[],"callees":[],"nodes":["CompoundStmt"],"edges":[],"ID":1},"method_name":"clear"},{"blocks":[{"def":[],"use":[],"callees":[],"nodes":["CompoundStmt"],"edges":[],"ID":0},{"def":[],"use":[],"callees":[],"nodes":["CompoundStmt"],"edges":[],"ID":1},{"def":["r0.\u003corg.apache.xerces.validators.common.XMLElementDecl: int type\u003e","$r2","$r3","$r4","r0.\u003corg.apache.xerces.validators.common.XMLElementDecl: boolean list\u003e","$i0","$i1","r0.\u003corg.apache.xerces.validators.common.XMLElementDecl: int contentSpecIndex\u003e","$i2","r0.\u003corg.apache.xerces.validators.common.XMLElementDecl: int enclosingScope\u003e","r0.\u003corg.apache.xerces.validators.common.XMLElementDecl: org.apache.xerces.validators.datatype.DatatypeValidator datatypeValidator\u003e","$z0","r0","r1"],"use":["$r2","@parameter0: org.apache.xerces.validators.common.XMLElementDecl","r1.\u003corg.apache.xerces.validators.common.XMLElementDecl: org.apache.xerces.utils.QName name\u003e","$r3","$r4","$i0","$i1","$i2","r1.\u003corg.apache.xerces.validators.common.XMLElementDecl: int contentSpecIndex\u003e","r0.\u003corg.apache.xerces.validators.common.XMLElementDecl: org.apache.xerces.utils.QName name\u003e","r1.\u003corg.apache.xerces.validators.common.XMLElementDecl: org.apache.xerces.validators.datatype.DatatypeValidator datatypeValidator\u003e","$z0","@this: org.apache.xerces.validators.common.XMLElementDecl","r0","r1.\u003corg.apache.xerces.validators.common.XMLElementDecl: int type\u003e","r1.\u003corg.apache.xerces.validators.common.XMLElementDecl: boolean list\u003e","r1","r1.\u003corg.apache.xerces.validators.common.XMLElementDecl: int enclosingScope\u003e"],"callees":[],"nodes":["CompoundStmt","DefinitionStmt","DefinitionStmt","DefinitionStmt","DefinitionStmt","Invoke","DefinitionStmt","DefinitionStmt","DefinitionStmt","DefinitionStmt","DefinitionStmt","DefinitionStmt","DefinitionStmt","DefinitionStmt","DefinitionStmt","DefinitionStmt","ReturnVoidStmt","Local","ThisRef","Local","Param","Local","InstanceFieldRef","Local","InstanceFieldRef","Local","InstanceFieldRef","InstanceFieldRef","Local","Local","InstanceFieldRef","InstanceFieldRef","Local","Local","InstanceFieldRef","InstanceFieldRef","Local","Local","InstanceFieldRef","InstanceFieldRef","Local","Local","InstanceFieldRef","InstanceFieldRef","Local","RefType","RefType","RefType","RefType","RefType","RefType","Local","RefType","RefType","RefType","Local","RefType","Int","Int","Local","Int","Int","Local","Int","Int","Boolean","Boolean","Local","Boolean","Boolean","Local","Boolean","Boolean","RefType","RefType","Local","RefType","RefType","Local","RefType","RefType","Int","Int","Local","Int","Int","Local","Int","Int","Int","Int","Local","Int","Int","Local","Int","Int","org","apache","xerces","validators","common","X","M","L","Element","Decl","org","apache","xerces","validators","common","X","M","L","Element","Decl","org","apache","xerces","validators","common","X","M","L","Element","Decl","org","apache","xerces","validators","common","X","M","L","Element","Decl","org","apache","xerces","utils","Q","Name","org","apache","xerces","utils","Q","Name","RefType","org","apache","xerces","utils","Q","Name","org","apache","xerces","utils","Q","Name","org","apache","xerces","utils","Q","Name","RefType","org","apache","xerces","utils","Q","Name","RefType","RefType","RefType","RefType","org","apache","xerces","validators","datatype","Datatype","Validator","org","apache","xerces","validators","datatype","Datatype","Validator","RefType","org","apache","xerces","validators","datatype","Datatype","Validator","org","apache","xerces","validators","datatype","Datatype","Validator","RefType","org","apache","xerces","validators","datatype","Datatype","Validator","org","apache","xerces","validators","datatype","Datatype","Validator","RefType","RefType","RefType","RefType","org","apache","xerces","validators","common","X","M","L","Element","Decl","org","apache","xerces","validators","common","X","M","L","Element","Decl","org","apache","xerces","validators","common","X","M","L","Element","Decl","org","apache","xerces","validators","common","X","M","L","Element","Decl","org","apache","xerces","validators","common","X","M","L","Element","Decl","org","apache","xerces","validators","common","X","M","L","Element","Decl","org","apache","xerces","validators","common","X","M","L","Element","Decl","org","apache","xerces","validators","common","X","M","L","Element","Decl","org","apache","xerces","validators","common","X","M","L","Element","Decl","org","apache","xerces","validators","common","X","M","L","Element","Decl","org","apache","xerces","validators","common","X","M","L","Element","Decl","org","apache","xerces","validators","common","X","M","L","Element","Decl"],"edges":[[0,1],[0,2],[0,3],[0,4],[0,5],[0,6],[0,7],[0,8],[0,9],[0,10],[0,11],[0,12],[0,13],[0,14],[0,15],[0,16],[1,17],[1,18],[2,19],[2,20],[3,21],[3,22],[4,23],[4,24],[6,25],[6,26],[7,27],[7,28],[8,29],[8,30],[9,31],[9,32],[10,33],[10,34],[11,35],[11,36],[12,37],[12,38],[13,39],[13,40],[14,41],[14,42],[15,43],[15,44],[17,45],[18,46],[19,47],[20,48],[21,49],[22,50],[22,51],[22,52],[23,53],[24,54],[24,55],[24,56],[25,57],[26,58],[26,59],[26,60],[27,61],[27,62],[27,63],[28,64],[29,65],[30,66],[30,67],[30,68],[31,69],[31,70],[31,71],[32,72],[33,73],[34,74],[34,75],[34,76],[35,77],[35,78],[35,79],[36,80],[37,81],[38,82],[38,83],[38,84],[39,85],[39,86],[39,87],[40,88],[41,89],[42,90],[42,91],[42,92],[43,93],[43,94],[43,95],[44,96],[45,97],[45,98],[45,99],[45,100],[45,101],[45,102],[45,103],[45,104],[45,105],[45,106],[46,107],[46,108],[46,109],[46,110],[46,111],[46,112],[46,113],[46,114],[46,115],[46,116],[47,117],[47,118],[47,119],[47,120],[47,121],[47,122],[47,123],[47,124],[47,125],[47,126],[48,127],[48,128],[48,129],[48,130],[48,131],[48,132],[48,133],[48,134],[48,135],[48,136],[49,137],[49,138],[49,139],[49,140],[49,141],[49,142],[50,143],[50,144],[50,145],[50,146],[50,147],[50,148],[51,149],[52,150],[52,151],[52,152],[52,153],[52,154],[52,155],[53,156],[53,157],[53,158],[53,159],[53,160],[53,161],[54,162],[54,163],[54,164],[54,165],[54,166],[54,167],[55,168],[56,169],[56,170],[56,171],[56,172],[56,173],[56,174],[59,175],[62,176],[67,177],[70,178],[73,179],[73,180],[73,181],[73,182],[73,183],[73,184],[73,185],[74,186],[74,187],[74,188],[74,189],[74,190],[74,191],[74,192],[75,193],[76,194],[76,195],[76,196],[76,197],[76,198],[76,199],[76,200],[77,201],[77,202],[77,203],[77,204],[77,205],[77,206],[77,207],[78,208],[79,209],[79,210],[79,211],[79,212],[79,213],[79,214],[79,215],[80,216],[80,217],[80,218],[80,219],[80,220],[80,221],[80,222],[83,223],[86,224],[91,225],[94,226],[149,227],[149,228],[149,229],[149,230],[149,231],[149,232],[149,233],[149,234],[149,235],[149,236],[168,237],[168,238],[168,239],[168,240],[168,241],[168,242],[168,243],[168,244],[168,245],[168,246],[175,247],[175,248],[175,249],[175,250],[175,251],[175,252],[175,253],[175,254],[175,255],[175,256],[176,257],[176,258],[176,259],[176,260],[176,261],[176,262],[176,263],[176,264],[176,265],[176,266],[177,267],[177,268],[177,269],[177,270],[177,271],[177,272],[177,273],[177,274],[177,275],[177,276],[178,277],[178,278],[178,279],[178,280],[178,281],[178,282],[178,283],[178,284],[178,285],[178,286],[193,287],[193,288],[193,289],[193,290],[193,291],[193,292],[193,293],[193,294],[193,295],[193,296],[208,297],[208,298],[208,299],[208,300],[208,301],[208,302],[208,303],[208,304],[208,305],[208,306],[223,307],[223,308],[223,309],[223,310],[223,311],[223,312],[223,313],[223,314],[223,315],[223,316],[224,317],[224,318],[224,319],[224,320],[224,321],[224,322],[224,323],[224,324],[224,325],[224,326],[225,327],[225,328],[225,329],[225,330],[225,331],[225,332],[225,333],[225,334],[225,335],[225,336],[226,337],[226,338],[226,339],[226,340],[226,341],[226,342],[226,343],[226,344],[226,345],[226,346]],"ID":2}],"edgeSet":[[0,2,0],[2,1,0]],"ENTRY":{"def":[],"use":[],"callees":[],"nodes":["CompoundStmt"],"edges":[],"ID":0},"EXIT":{"def":[],"use":[],"callees":[],"nodes":["CompoundStmt"],"edges":[],"ID":1},"method_name":"setValues"},{"blocks":[{"def":[],"use":[],"callees":[],"nodes":["CompoundStmt"],"edges":[],"ID":0},{"def":[],"use":[],"callees":[],"nodes":["CompoundStmt"],"edges":[],"ID":1},{"def":["$i0","r0"],"use":["@this: org.apache.xerces.validators.common.XMLElementDecl","$i0","r0"],"callees":[],"nodes":["CompoundStmt","DefinitionStmt","DefinitionStmt","ReturnStmt","Local","ThisRef","Local","Invoke","Local","RefType","RefType","Int","Int","org","apache","xerces","validators","common","X","M","L","Element","Decl","org","apache","xerces","validators","common","X","M","L","Element","Decl"],"edges":[[0,1],[0,2],[0,3],[1,4],[1,5],[2,6],[2,7],[3,8],[4,9],[5,10],[6,11],[8,12],[9,13],[9,14],[9,15],[9,16],[9,17],[9,18],[9,19],[9,20],[9,21],[9,22],[10,23],[10,24],[10,25],[10,26],[10,27],[10,28],[10,29],[10,30],[10,31],[10,32]],"ID":2}],"edgeSet":[[0,2,0],[2,1,0]],"ENTRY":{"def":[],"use":[],"callees":[],"nodes":["CompoundStmt"],"edges":[],"ID":0},"EXIT":{"def":[],"use":[],"callees":[],"nodes":["CompoundStmt"],"edges":[],"ID":1},"method_name":"hashCode"},{"blocks":[{"def":[],"use":[],"callees":[],"nodes":["CompoundStmt"],"edges":[],"ID":0},{"def":[],"use":[],"callees":[],"nodes":["CompoundStmt"],"edges":[],"ID":1},{"def":["$z0","r0","r1"],"use":["@parameter0: java.lang.Object","$z0","@this: org.apache.xerces.validators.common.XMLElementDecl","r0","r1"],"callees":[],"nodes":["CompoundStmt","DefinitionStmt","DefinitionStmt","DefinitionStmt","ReturnStmt","Local","ThisRef","Local","Param","Local","Invoke","Local","RefType","RefType","RefType","RefType","Boolean","Boolean","org","apache","xerces","validators","common","X","M","L","Element","Decl","org","apache","xerces","validators","common","X","M","L","Element","Decl","java","lang","Object","java","lang","Object"],"edges":[[0,1],[0,2],[0,3],[0,4],[1,5],[1,6],[2,7],[2,8],[3,9],[3,10],[4,11],[5,12],[6,13],[7,14],[8,15],[9,16],[11,17],[12,18],[12,19],[12,20],[12,21],[12,22],[12,23],[12,24],[12,25],[12,26],[12,27],[13,28],[13,29],[13,30],[13,31],[13,32],[13,33],[13,34],[13,35],[13,36],[13,37],[14,38],[14,39],[14,40],[15,41],[15,42],[15,43]],"ID":2}],"edgeSet":[[0,2,0],[2,1,0]],"ENTRY":{"def":[],"use":[],"callees":[],"nodes":["CompoundStmt"],"edges":[],"ID":0},"EXIT":{"def":[],"use":[],"callees":[],"nodes":["CompoundStmt"],"edges":[],"ID":1},"method_name":"equals"}],"label":"0"}