{"data":[{"blocks":[{"def":[],"use":[],"callees":[],"nodes":["CompoundStmt"],"edges":[],"ID":0},{"def":[],"use":[],"callees":[],"nodes":["CompoundStmt"],"edges":[],"ID":1},{"def":["r0"],"use":["@this: org.apache.xerces.jaxp.DocumentBuilderFactoryImpl","r0"],"callees":[],"nodes":["CompoundStmt","DefinitionStmt","Invoke","ReturnVoidStmt","Local","ThisRef","RefType","RefType","org","apache","xerces","jaxp","Document","Builder","Factory","Impl","org","apache","xerces","jaxp","Document","Builder","Factory","Impl"],"edges":[[0,1],[0,2],[0,3],[1,4],[1,5],[4,6],[5,7],[6,8],[6,9],[6,10],[6,11],[6,12],[6,13],[6,14],[6,15],[7,16],[7,17],[7,18],[7,19],[7,20],[7,21],[7,22],[7,23]],"ID":2}],"edgeSet":[[0,2,0],[2,1,0]],"ENTRY":{"def":[],"use":[],"callees":[],"nodes":["CompoundStmt"],"edges":[],"ID":0},"EXIT":{"def":[],"use":[],"callees":[],"nodes":["CompoundStmt"],"edges":[],"ID":1},"method_name":"\u003cinit\u003e"},{"blocks":[{"def":[],"use":[],"callees":[],"nodes":["CompoundStmt"],"edges":[],"ID":0},{"def":[],"use":[],"callees":[],"nodes":["CompoundStmt"],"edges":[],"ID":1},{"def":["$r1","$z0","$z1","r0"],"use":["@this: org.apache.xerces.jaxp.DocumentBuilderFactoryImpl","$r1","$z0","$z1","r0"],"callees":["\u003cinit\u003e"],"nodes":["CompoundStmt","DefinitionStmt","DefinitionStmt","DefinitionStmt","DefinitionStmt","Invoke","ReturnStmt","Local","ThisRef","Local","NewExpr","Local","Invoke","Local","Invoke","Local","RefType","RefType","RefType","RefType","Boolean","Boolean","RefType","org","apache","xerces","jaxp","Document","Builder","Factory","Impl","org","apache","xerces","jaxp","Document","Builder","Factory","Impl","org","apache","xerces","jaxp","Document","Builder","Impl","org","apache","xerces","jaxp","Document","Builder","Impl","org","apache","xerces","jaxp","Document","Builder","Impl"],"edges":[[0,1],[0,2],[0,3],[0,4],[0,5],[0,6],[1,7],[1,8],[2,9],[2,10],[3,11],[3,12],[4,13],[4,14],[6,15],[7,16],[8,17],[9,18],[10,19],[11,20],[13,21],[15,22],[16,23],[16,24],[16,25],[16,26],[16,27],[16,28],[16,29],[16,30],[17,31],[17,32],[17,33],[17,34],[17,35],[17,36],[17,37],[17,38],[18,39],[18,40],[18,41],[18,42],[18,43],[18,44],[18,45],[19,46],[19,47],[19,48],[19,49],[19,50],[19,51],[19,52],[22,53],[22,54],[22,55],[22,56],[22,57],[22,58],[22,59]],"ID":2}],"edgeSet":[[0,2,0],[2,1,0]],"ENTRY":{"def":[],"use":[],"callees":[],"nodes":["CompoundStmt"],"edges":[],"ID":0},"EXIT":{"def":[],"use":[],"callees":[],"nodes":["CompoundStmt"],"edges":[],"ID":1},"method_name":"newDocumentBuilder"},{"blocks":[{"def":[],"use":[],"callees":[],"nodes":["CompoundStmt"],"edges":[],"ID":0},{"def":[],"use":[],"callees":[],"nodes":["CompoundStmt"],"edges":[],"ID":1},{"def":["r2","$r3","r0","r1"],"use":["@this: org.apache.xerces.jaxp.DocumentBuilderFactoryImpl","@parameter1: java.lang.Object","$r3","@parameter0: java.lang.String"],"callees":[],"nodes":["CompoundStmt","DefinitionStmt","DefinitionStmt","DefinitionStmt","DefinitionStmt","Invoke","ThrowStmt","Local","ThisRef","Local","Param","Local","Param","Local","NewExpr","Local","RefType","RefType","RefType","RefType","RefType","RefType","RefType","RefType","RefType","org","apache","xerces","jaxp","Document","Builder","Factory","Impl","org","apache","xerces","jaxp","Document","Builder","Factory","Impl","java","lang","String","java","lang","String","java","lang","Object","java","lang","Object","java","lang","Illegal","Argument","Exception","java","lang","Illegal","Argument","Exception","java","lang","Illegal","Argument","Exception"],"edges":[[0,1],[0,2],[0,3],[0,4],[0,5],[0,6],[1,7],[1,8],[2,9],[2,10],[3,11],[3,12],[4,13],[4,14],[6,15],[7,16],[8,17],[9,18],[10,19],[11,20],[12,21],[13,22],[14,23],[15,24],[16,25],[16,26],[16,27],[16,28],[16,29],[16,30],[16,31],[16,32],[17,33],[17,34],[17,35],[17,36],[17,37],[17,38],[17,39],[17,40],[18,41],[18,42],[18,43],[19,44],[19,45],[19,46],[20,47],[20,48],[20,49],[21,50],[21,51],[21,52],[22,53],[22,54],[22,55],[22,56],[22,57],[23,58],[23,59],[23,60],[23,61],[23,62],[24,63],[24,64],[24,65],[24,66],[24,67]],"ID":2}],"edgeSet":[[0,2,0],[2,1,0]],"ENTRY":{"def":[],"use":[],"callees":[],"nodes":["CompoundStmt"],"edges":[],"ID":0},"EXIT":{"def":[],"use":[],"callees":[],"nodes":["CompoundStmt"],"edges":[],"ID":1},"method_name":"setAttribute"},{"blocks":[{"def":[],"use":[],"callees":[],"nodes":["CompoundStmt"],"edges":[],"ID":0},{"def":[],"use":[],"callees":[],"nodes":["CompoundStmt"],"edges":[],"ID":1},{"def":["$r2","r0","r1"],"use":["@this: org.apache.xerces.jaxp.DocumentBuilderFactoryImpl","$r2","@parameter0: java.lang.String"],"callees":[],"nodes":["CompoundStmt","DefinitionStmt","DefinitionStmt","DefinitionStmt","Invoke","ThrowStmt","Local","ThisRef","Local","Param","Local","NewExpr","Local","RefType","RefType","RefType","RefType","RefType","RefType","RefType","org","apache","xerces","jaxp","Document","Builder","Factory","Impl","org","apache","xerces","jaxp","Document","Builder","Factory","Impl","java","lang","String","java","lang","String","java","lang","Illegal","Argument","Exception","java","lang","Illegal","Argument","Exception","java","lang","Illegal","Argument","Exception"],"edges":[[0,1],[0,2],[0,3],[0,4],[0,5],[1,6],[1,7],[2,8],[2,9],[3,10],[3,11],[5,12],[6,13],[7,14],[8,15],[9,16],[10,17],[11,18],[12,19],[13,20],[13,21],[13,22],[13,23],[13,24],[13,25],[13,26],[13,27],[14,28],[14,29],[14,30],[14,31],[14,32],[14,33],[14,34],[14,35],[15,36],[15,37],[15,38],[16,39],[16,40],[16,41],[17,42],[17,43],[17,44],[17,45],[17,46],[18,47],[18,48],[18,49],[18,50],[18,51],[19,52],[19,53],[19,54],[19,55],[19,56]],"ID":2}],"edgeSet":[[0,2,0],[2,1,0]],"ENTRY":{"def":[],"use":[],"callees":[],"nodes":["CompoundStmt"],"edges":[],"ID":0},"EXIT":{"def":[],"use":[],"callees":[],"nodes":["CompoundStmt"],"edges":[],"ID":1},"method_name":"getAttribute"}],"label":"3"}