{"data":[{"blocks":[{"def":[],"use":[],"callees":[],"nodes":["CompoundStmt"],"edges":[],"ID":0},{"def":[],"use":[],"callees":[],"nodes":["CompoundStmt"],"edges":[],"ID":1},{"def":["$i0","r0"],"use":["@this: org.apache.xerces.validators.common.CMNode","r0.\u003corg.apache.xerces.validators.common.CMNode: int fType\u003e","$i0","r0"],"callees":[],"nodes":["CompoundStmt","DefinitionStmt","DefinitionStmt","ReturnStmt","Local","ThisRef","Local","InstanceFieldRef","Local","RefType","RefType","Int","Int","Local","Int","Int","org","apache","xerces","validators","common","C","M","Node","org","apache","xerces","validators","common","C","M","Node","RefType","org","apache","xerces","validators","common","C","M","Node"],"edges":[[0,1],[0,2],[0,3],[1,4],[1,5],[2,6],[2,7],[3,8],[4,9],[5,10],[6,11],[7,12],[7,13],[7,14],[8,15],[9,16],[9,17],[9,18],[9,19],[9,20],[9,21],[9,22],[9,23],[10,24],[10,25],[10,26],[10,27],[10,28],[10,29],[10,30],[10,31],[13,32],[32,33],[32,34],[32,35],[32,36],[32,37],[32,38],[32,39],[32,40]],"ID":2}],"edgeSet":[[0,2,0],[2,1,0]],"ENTRY":{"def":[],"use":[],"callees":[],"nodes":["CompoundStmt"],"edges":[],"ID":0},"EXIT":{"def":[],"use":[],"callees":[],"nodes":["CompoundStmt"],"edges":[],"ID":1},"method_name":"type"},{"blocks":[{"def":[],"use":[],"callees":[],"nodes":["CompoundStmt"],"edges":[],"ID":0},{"def":[],"use":[],"callees":[],"nodes":["CompoundStmt"],"edges":[],"ID":1},{"def":["i0","$i1","r0","r1"],"use":["@parameter1: org.apache.xerces.validators.common.CMNode","i0","@parameter0: int","@this: org.apache.xerces.validators.common.CMUniOp","$i1","r0"],"callees":["\u003cinit\u003e","type"],"nodes":["CompoundStmt","DefinitionStmt","DefinitionStmt","DefinitionStmt","Invoke","DefinitionStmt","IfStmt","Local","ThisRef","Local","Param","Local","Param","Local","Invoke","BinaryOp","RefType","RefType","Int","Int","RefType","RefType","Int","Local"," \u003d\u003d ","Constant","org","apache","xerces","validators","common","C","M","Uni","Op","org","apache","xerces","validators","common","C","M","Uni","Op","org","apache","xerces","validators","common","C","M","Node","org","apache","xerces","validators","common","C","M","Node","Int","1","Int"],"edges":[[0,1],[0,2],[0,3],[0,4],[0,5],[0,6],[1,7],[1,8],[2,9],[2,10],[3,11],[3,12],[5,13],[5,14],[6,15],[7,16],[8,17],[9,18],[10,19],[11,20],[12,21],[13,22],[15,23],[15,24],[15,25],[16,26],[16,27],[16,28],[16,29],[16,30],[16,31],[16,32],[16,33],[16,34],[17,35],[17,36],[17,37],[17,38],[17,39],[17,40],[17,41],[17,42],[17,43],[20,44],[20,45],[20,46],[20,47],[20,48],[20,49],[20,50],[20,51],[21,52],[21,53],[21,54],[21,55],[21,56],[21,57],[21,58],[21,59],[23,60],[25,61],[25,62]],"ID":2},{"def":["$i2"],"use":["$i2","r0"],"callees":["type"],"nodes":["CompoundStmt","DefinitionStmt","IfStmt","Local","Invoke","BinaryOp","Int","Local"," \u003d\u003d ","Constant","Int","2","Int"],"edges":[[0,1],[0,2],[1,3],[1,4],[2,5],[3,6],[5,7],[5,8],[5,9],[7,10],[9,11],[9,12]],"ID":3},{"def":["$i3"],"use":["r0","$i3"],"callees":["type"],"nodes":["CompoundStmt","DefinitionStmt","IfStmt","Local","Invoke","BinaryOp","Int","Local"," \u003d\u003d ","Constant","Int","3","Int"],"edges":[[0,1],[0,2],[1,3],[1,4],[2,5],[3,6],[5,7],[5,8],[5,9],[7,10],[9,11],[9,12]],"ID":4},{"def":["$r2"],"use":["$r2"],"callees":["\u003cinit\u003e"],"nodes":["CompoundStmt","DefinitionStmt","Invoke","ThrowStmt","Local","NewExpr","Local","RefType","RefType","RefType","org","apache","xerces","validators","common","C","M","Exception","org","apache","xerces","validators","common","C","M","Exception","org","apache","xerces","validators","common","C","M","Exception"],"edges":[[0,1],[0,2],[0,3],[1,4],[1,5],[3,6],[4,7],[5,8],[6,9],[7,10],[7,11],[7,12],[7,13],[7,14],[7,15],[7,16],[7,17],[8,18],[8,19],[8,20],[8,21],[8,22],[8,23],[8,24],[8,25],[9,26],[9,27],[9,28],[9,29],[9,30],[9,31],[9,32],[9,33]],"ID":5},{"def":["r0.\u003corg.apache.xerces.validators.common.CMUniOp: org.apache.xerces.validators.common.CMNode fChild\u003e"],"use":["r0","r1"],"callees":[],"nodes":["CompoundStmt","DefinitionStmt","ReturnVoidStmt","InstanceFieldRef","Local","RefType","Local","RefType","RefType","org","apache","xerces","validators","common","C","M","Node","RefType","org","apache","xerces","validators","common","C","M","Node","org","apache","xerces","validators","common","C","M","Node","org","apache","xerces","validators","common","C","M","Uni","Op"],"edges":[[0,1],[0,2],[1,3],[1,4],[3,5],[3,6],[3,7],[4,8],[5,9],[5,10],[5,11],[5,12],[5,13],[5,14],[5,15],[5,16],[6,17],[7,18],[7,19],[7,20],[7,21],[7,22],[7,23],[7,24],[7,25],[8,26],[8,27],[8,28],[8,29],[8,30],[8,31],[8,32],[8,33],[17,34],[17,35],[17,36],[17,37],[17,38],[17,39],[17,40],[17,41],[17,42]],"ID":6}],"edgeSet":[[5,1,0],[6,1,0],[0,2,0],[2,6,2],[3,6,2],[2,3,1],[3,4,1],[4,5,1],[4,6,2]],"ENTRY":{"def":[],"use":[],"callees":[],"nodes":["CompoundStmt"],"edges":[],"ID":0},"EXIT":{"def":[],"use":[],"callees":[],"nodes":["CompoundStmt"],"edges":[],"ID":1},"method_name":"\u003cinit\u003e"},{"blocks":[{"def":[],"use":[],"callees":[],"nodes":["CompoundStmt"],"edges":[],"ID":0},{"def":[],"use":[],"callees":[],"nodes":["CompoundStmt"],"edges":[],"ID":1},{"def":["$r1","r0"],"use":["$r1","@this: org.apache.xerces.validators.common.CMUniOp","r0.\u003corg.apache.xerces.validators.common.CMUniOp: org.apache.xerces.validators.common.CMNode fChild\u003e","r0"],"callees":[],"nodes":["CompoundStmt","DefinitionStmt","DefinitionStmt","ReturnStmt","Local","ThisRef","Local","InstanceFieldRef","Local","RefType","RefType","RefType","RefType","Local","RefType","RefType","org","apache","xerces","validators","common","C","M","Uni","Op","org","apache","xerces","validators","common","C","M","Uni","Op","org","apache","xerces","validators","common","C","M","Node","org","apache","xerces","validators","common","C","M","Node","RefType","org","apache","xerces","validators","common","C","M","Node","org","apache","xerces","validators","common","C","M","Node","org","apache","xerces","validators","common","C","M","Uni","Op"],"edges":[[0,1],[0,2],[0,3],[1,4],[1,5],[2,6],[2,7],[3,8],[4,9],[5,10],[6,11],[7,12],[7,13],[7,14],[8,15],[9,16],[9,17],[9,18],[9,19],[9,20],[9,21],[9,22],[9,23],[9,24],[10,25],[10,26],[10,27],[10,28],[10,29],[10,30],[10,31],[10,32],[10,33],[11,34],[11,35],[11,36],[11,37],[11,38],[11,39],[11,40],[11,41],[12,42],[12,43],[12,44],[12,45],[12,46],[12,47],[12,48],[12,49],[13,50],[14,51],[14,52],[14,53],[14,54],[14,55],[14,56],[14,57],[14,58],[15,59],[15,60],[15,61],[15,62],[15,63],[15,64],[15,65],[15,66],[50,67],[50,68],[50,69],[50,70],[50,71],[50,72],[50,73],[50,74],[50,75]],"ID":2}],"edgeSet":[[0,2,0],[2,1,0]],"ENTRY":{"def":[],"use":[],"callees":[],"nodes":["CompoundStmt"],"edges":[],"ID":0},"EXIT":{"def":[],"use":[],"callees":[],"nodes":["CompoundStmt"],"edges":[],"ID":1},"method_name":"getChild"},{"blocks":[{"def":[],"use":[],"callees":[],"nodes":["CompoundStmt"],"edges":[],"ID":0},{"def":[],"use":[],"callees":[],"nodes":["CompoundStmt"],"edges":[],"ID":1},{"def":["$i0","r0"],"use":["@this: org.apache.xerces.validators.common.CMUniOp","$i0","r0"],"callees":["type"],"nodes":["CompoundStmt","DefinitionStmt","DefinitionStmt","IfStmt","Local","ThisRef","Local","Invoke","BinaryOp","RefType","RefType","Int","Local"," !\u003d ","Constant","org","apache","xerces","validators","common","C","M","Uni","Op","org","apache","xerces","validators","common","C","M","Uni","Op","Int","3","Int"],"edges":[[0,1],[0,2],[0,3],[1,4],[1,5],[2,6],[2,7],[3,8],[4,9],[5,10],[6,11],[8,12],[8,13],[8,14],[9,15],[9,16],[9,17],[9,18],[9,19],[9,20],[9,21],[9,22],[9,23],[10,24],[10,25],[10,26],[10,27],[10,28],[10,29],[10,30],[10,31],[10,32],[12,33],[14,34],[14,35]],"ID":2},{"def":["$r1","$z0"],"use":["$r1","$z0","r0.\u003corg.apache.xerces.validators.common.CMUniOp: org.apache.xerces.validators.common.CMNode fChild\u003e","r0"],"callees":["isNullable"],"nodes":["CompoundStmt","DefinitionStmt","DefinitionStmt","ReturnStmt","Local","InstanceFieldRef","Local","Invoke","Local","RefType","RefType","Local","RefType","Boolean","Boolean","org","apache","xerces","validators","common","C","M","Node","org","apache","xerces","validators","common","C","M","Node","RefType","org","apache","xerces","validators","common","C","M","Node","org","apache","xerces","validators","common","C","M","Uni","Op"],"edges":[[0,1],[0,2],[0,3],[1,4],[1,5],[2,6],[2,7],[3,8],[4,9],[5,10],[5,11],[5,12],[6,13],[8,14],[9,15],[9,16],[9,17],[9,18],[9,19],[9,20],[9,21],[9,22],[10,23],[10,24],[10,25],[10,26],[10,27],[10,28],[10,29],[10,30],[11,31],[12,32],[12,33],[12,34],[12,35],[12,36],[12,37],[12,38],[12,39],[31,40],[31,41],[31,42],[31,43],[31,44],[31,45],[31,46],[31,47],[31,48]],"ID":3},{"def":[],"use":[],"callees":[],"nodes":["CompoundStmt","ReturnStmt","Constant","1","Int"],"edges":[[0,1],[1,2],[2,3],[2,4]],"ID":4}],"edgeSet":[[3,1,0],[4,1,0],[0,2,0],[2,3,1],[2,4,2]],"ENTRY":{"def":[],"use":[],"callees":[],"nodes":["CompoundStmt"],"edges":[],"ID":0},"EXIT":{"def":[],"use":[],"callees":[],"nodes":["CompoundStmt"],"edges":[],"ID":1},"method_name":"isNullable"},{"blocks":[{"def":[],"use":[],"callees":[],"nodes":["CompoundStmt"],"edges":[],"ID":0},{"def":[],"use":[],"callees":[],"nodes":["CompoundStmt"],"edges":[],"ID":1},{"def":["$r1","r0"],"use":["@this: org.apache.xerces.validators.common.CMNode","$r1","r0.\u003corg.apache.xerces.validators.common.CMNode: org.apache.xerces.validators.common.CMStateSet fFirstPos\u003e","r0"],"callees":[],"nodes":["CompoundStmt","DefinitionStmt","DefinitionStmt","IfStmt","Local","ThisRef","Local","InstanceFieldRef","BinaryOp","RefType","RefType","RefType","RefType","Local","RefType","Local"," !\u003d ","Constant","org","apache","xerces","validators","common","C","M","Node","org","apache","xerces","validators","common","C","M","Node","org","apache","xerces","validators","common","C","M","State","Set","org","apache","xerces","validators","common","C","M","State","Set","RefType","org","apache","xerces","validators","common","C","M","State","Set","RefType","Null","org","apache","xerces","validators","common","C","M","Node","org","apache","xerces","validators","common","C","M","State","Set"],"edges":[[0,1],[0,2],[0,3],[1,4],[1,5],[2,6],[2,7],[3,8],[4,9],[5,10],[6,11],[7,12],[7,13],[7,14],[8,15],[8,16],[8,17],[9,18],[9,19],[9,20],[9,21],[9,22],[9,23],[9,24],[9,25],[10,26],[10,27],[10,28],[10,29],[10,30],[10,31],[10,32],[10,33],[11,34],[11,35],[11,36],[11,37],[11,38],[11,39],[11,40],[11,41],[11,42],[12,43],[12,44],[12,45],[12,46],[12,47],[12,48],[12,49],[12,50],[12,51],[13,52],[14,53],[14,54],[14,55],[14,56],[14,57],[14,58],[14,59],[14,60],[14,61],[15,62],[17,63],[52,64],[52,65],[52,66],[52,67],[52,68],[52,69],[52,70],[52,71],[62,72],[62,73],[62,74],[62,75],[62,76],[62,77],[62,78],[62,79],[62,80]],"ID":2},{"def":["$r2","$r3","$r4","$i0","r0.\u003corg.apache.xerces.validators.common.CMNode: org.apache.xerces.validators.common.CMStateSet fFirstPos\u003e"],"use":["$r2","$r3","$r4","r0.\u003corg.apache.xerces.validators.common.CMNode: int fMaxStates\u003e","$i0","r0.\u003corg.apache.xerces.validators.common.CMNode: org.apache.xerces.validators.common.CMStateSet fFirstPos\u003e","r0"],"callees":["calcFirstPos","\u003cinit\u003e"],"nodes":["CompoundStmt","DefinitionStmt","DefinitionStmt","Invoke","DefinitionStmt","DefinitionStmt","Invoke","DefinitionStmt","ReturnStmt","Local","NewExpr","Local","InstanceFieldRef","InstanceFieldRef","Local","Local","InstanceFieldRef","Local","InstanceFieldRef","Local","RefType","RefType","Int","Int","Local","Int","RefType","Local","RefType","RefType","RefType","RefType","Local","RefType","RefType","RefType","Local","RefType","RefType","org","apache","xerces","validators","common","C","M","State","Set","org","apache","xerces","validators","common","C","M","State","Set","RefType","org","apache","xerces","validators","common","C","M","State","Set","RefType","org","apache","xerces","validators","common","C","M","State","Set","org","apache","xerces","validators","common","C","M","State","Set","org","apache","xerces","validators","common","C","M","State","Set","org","apache","xerces","validators","common","C","M","State","Set","RefType","org","apache","xerces","validators","common","C","M","State","Set","org","apache","xerces","validators","common","C","M","State","Set","org","apache","xerces","validators","common","C","M","State","Set","RefType","org","apache","xerces","validators","common","C","M","State","Set","org","apache","xerces","validators","common","C","M","State","Set","org","apache","xerces","validators","common","C","M","Node","org","apache","xerces","validators","common","C","M","Node","org","apache","xerces","validators","common","C","M","Node","org","apache","xerces","validators","common","C","M","Node"],"edges":[[0,1],[0,2],[0,3],[0,4],[0,5],[0,6],[0,7],[0,8],[1,9],[1,10],[2,11],[2,12],[4,13],[4,14],[5,15],[5,16],[7,17],[7,18],[8,19],[9,20],[10,21],[11,22],[12,23],[12,24],[12,25],[13,26],[13,27],[13,28],[14,29],[15,30],[16,31],[16,32],[16,33],[17,34],[18,35],[18,36],[18,37],[19,38],[20,39],[20,40],[20,41],[20,42],[20,43],[20,44],[20,45],[20,46],[20,47],[21,48],[21,49],[21,50],[21,51],[21,52],[21,53],[21,54],[21,55],[21,56],[24,57],[26,58],[26,59],[26,60],[26,61],[26,62],[26,63],[26,64],[26,65],[26,66],[27,67],[28,68],[28,69],[28,70],[28,71],[28,72],[28,73],[28,74],[28,75],[28,76],[29,77],[29,78],[29,79],[29,80],[29,81],[29,82],[29,83],[29,84],[29,85],[30,86],[30,87],[30,88],[30,89],[30,90],[30,91],[30,92],[30,93],[30,94],[31,95],[31,96],[31,97],[31,98],[31,99],[31,100],[31,101],[31,102],[31,103],[32,104],[33,105],[33,106],[33,107],[33,108],[33,109],[33,110],[33,111],[33,112],[33,113],[34,114],[34,115],[34,116],[34,117],[34,118],[34,119],[34,120],[34,121],[34,122],[35,123],[35,124],[35,125],[35,126],[35,127],[35,128],[35,129],[35,130],[35,131],[36,132],[37,133],[37,134],[37,135],[37,136],[37,137],[37,138],[37,139],[37,140],[37,141],[38,142],[38,143],[38,144],[38,145],[38,146],[38,147],[38,148],[38,149],[38,150],[57,151],[57,152],[57,153],[57,154],[57,155],[57,156],[57,157],[57,158],[67,159],[67,160],[67,161],[67,162],[67,163],[67,164],[67,165],[67,166],[104,167],[104,168],[104,169],[104,170],[104,171],[104,172],[104,173],[104,174],[132,175],[132,176],[132,177],[132,178],[132,179],[132,180],[132,181],[132,182]],"ID":3}],"edgeSet":[[3,1,0],[0,2,0],[2,3,1],[2,3,2]],"ENTRY":{"def":[],"use":[],"callees":[],"nodes":["CompoundStmt"],"edges":[],"ID":0},"EXIT":{"def":[],"use":[],"callees":[],"nodes":["CompoundStmt"],"edges":[],"ID":1},"method_name":"firstPos"},{"blocks":[{"def":[],"use":[],"callees":[],"nodes":["CompoundStmt"],"edges":[],"ID":0},{"def":[],"use":[],"callees":[],"nodes":["CompoundStmt"],"edges":[],"ID":1},{"def":["$i0","$i1","r0","r1"],"use":["r1.\u003corg.apache.xerces.validators.common.CMStateSet: int fBitCount\u003e","@this: org.apache.xerces.validators.common.CMStateSet","@parameter0: org.apache.xerces.validators.common.CMStateSet","$i0","$i1","r0.\u003corg.apache.xerces.validators.common.CMStateSet: int fBitCount\u003e","r0","r1"],"callees":[],"nodes":["CompoundStmt","DefinitionStmt","DefinitionStmt","DefinitionStmt","DefinitionStmt","IfStmt","Local","ThisRef","Local","Param","Local","InstanceFieldRef","Local","InstanceFieldRef","BinaryOp","RefType","RefType","RefType","RefType","Int","Int","Local","Int","Int","Int","Local","Int","Local"," \u003d\u003d ","Local","org","apache","xerces","validators","common","C","M","State","Set","org","apache","xerces","validators","common","C","M","State","Set","org","apache","xerces","validators","common","C","M","State","Set","org","apache","xerces","validators","common","C","M","State","Set","RefType","RefType","Int","Int","org","apache","xerces","validators","common","C","M","State","Set","org","apache","xerces","validators","common","C","M","State","Set"],"edges":[[0,1],[0,2],[0,3],[0,4],[0,5],[1,6],[1,7],[2,8],[2,9],[3,10],[3,11],[4,12],[4,13],[5,14],[6,15],[7,16],[8,17],[9,18],[10,19],[11,20],[11,21],[11,22],[12,23],[13,24],[13,25],[13,26],[14,27],[14,28],[14,29],[15,30],[15,31],[15,32],[15,33],[15,34],[15,35],[15,36],[15,37],[15,38],[16,39],[16,40],[16,41],[16,42],[16,43],[16,44],[16,45],[16,46],[16,47],[17,48],[17,49],[17,50],[17,51],[17,52],[17,53],[17,54],[17,55],[17,56],[18,57],[18,58],[18,59],[18,60],[18,61],[18,62],[18,63],[18,64],[18,65],[21,66],[25,67],[27,68],[29,69],[66,70],[66,71],[66,72],[66,73],[66,74],[66,75],[66,76],[66,77],[66,78],[67,79],[67,80],[67,81],[67,82],[67,83],[67,84],[67,85],[67,86],[67,87]],"ID":2},{"def":["$r4"],"use":["$r4"],"callees":["\u003cinit\u003e"],"nodes":["CompoundStmt","DefinitionStmt","Invoke","ThrowStmt","Local","NewExpr","Local","RefType","RefType","RefType","org","apache","xerces","validators","common","C","M","Exception","org","apache","xerces","validators","common","C","M","Exception","org","apache","xerces","validators","common","C","M","Exception"],"edges":[[0,1],[0,2],[0,3],[1,4],[1,5],[3,6],[4,7],[5,8],[6,9],[7,10],[7,11],[7,12],[7,13],[7,14],[7,15],[7,16],[7,17],[8,18],[8,19],[8,20],[8,21],[8,22],[8,23],[8,24],[8,25],[9,26],[9,27],[9,28],[9,29],[9,30],[9,31],[9,32],[9,33]],"ID":3},{"def":["$i2"],"use":["$i2","r0.\u003corg.apache.xerces.validators.common.CMStateSet: int fBitCount\u003e","r0"],"callees":[],"nodes":["CompoundStmt","DefinitionStmt","IfStmt","Local","InstanceFieldRef","BinaryOp","Int","Int","Local","Int","Local"," \u003e\u003d ","Constant","RefType","Int","6","5","Int","org","apache","xerces","validators","common","C","M","State","Set"],"edges":[[0,1],[0,2],[1,3],[1,4],[2,5],[3,6],[4,7],[4,8],[4,9],[5,10],[5,11],[5,12],[8,13],[10,14],[12,15],[12,16],[12,17],[13,18],[13,19],[13,20],[13,21],[13,22],[13,23],[13,24],[13,25],[13,26]],"ID":4},{"def":["$i5","$i6","r0.\u003corg.apache.xerces.validators.common.CMStateSet: int fBits2\u003e","r0.\u003corg.apache.xerces.validators.common.CMStateSet: int fBits1\u003e"],"use":["$i5","$i6","r1.\u003corg.apache.xerces.validators.common.CMStateSet: int fBits1\u003e","r1.\u003corg.apache.xerces.validators.common.CMStateSet: int fBits2\u003e","r0","r1"],"callees":[],"nodes":["CompoundStmt","DefinitionStmt","DefinitionStmt","DefinitionStmt","DefinitionStmt","GotoStmt","ReturnVoidStmt","Local","InstanceFieldRef","InstanceFieldRef","Local","Local","InstanceFieldRef","InstanceFieldRef","Local","Int","Int","Local","Int","Int","Local","Int","Int","Int","Int","Local","Int","Int","Local","Int","Int","RefType","RefType","RefType","RefType","org","apache","xerces","validators","common","C","M","State","Set","org","apache","xerces","validators","common","C","M","State","Set","org","apache","xerces","validators","common","C","M","State","Set","org","apache","xerces","validators","common","C","M","State","Set"],"edges":[[0,1],[0,2],[0,3],[0,4],[0,5],[0,6],[1,7],[1,8],[2,9],[2,10],[3,11],[3,12],[4,13],[4,14],[7,15],[8,16],[8,17],[8,18],[9,19],[9,20],[9,21],[10,22],[11,23],[12,24],[12,25],[12,26],[13,27],[13,28],[13,29],[14,30],[17,31],[20,32],[25,33],[28,34],[31,35],[31,36],[31,37],[31,38],[31,39],[31,40],[31,41],[31,42],[31,43],[32,44],[32,45],[32,46],[32,47],[32,48],[32,49],[32,50],[32,51],[32,52],[33,53],[33,54],[33,55],[33,56],[33,57],[33,58],[33,59],[33,60],[33,61],[34,62],[34,63],[34,64],[34,65],[34,66],[34,67],[34,68],[34,69],[34,70]],"ID":5},{"def":["$i3","i7"],"use":["r0.\u003corg.apache.xerces.validators.common.CMStateSet: int fByteCount\u003e","r0","$i3","i7"],"callees":[],"nodes":["CompoundStmt","DefinitionStmt","DefinitionStmt","GotoStmt","IfStmt","Local","InstanceFieldRef","Local","BinaryOp","BinaryOp","Int","Int","Local","Int","Int","Local"," - ","Constant","Local"," \u003e\u003d ","Constant","RefType","Int","1","Int","Int","0","Int","org","apache","xerces","validators","common","C","M","State","Set"],"edges":[[0,1],[0,2],[0,3],[0,4],[1,5],[1,6],[2,7],[2,8],[4,9],[5,10],[6,11],[6,12],[6,13],[7,14],[8,15],[8,16],[8,17],[9,18],[9,19],[9,20],[12,21],[15,22],[17,23],[17,24],[18,25],[20,26],[20,27],[21,28],[21,29],[21,30],[21,31],[21,32],[21,33],[21,34],[21,35],[21,36]],"ID":6},{"def":["$r2","$r3","$b4","$r3[i7]","i7"],"use":["$r2","$r3","r0.\u003corg.apache.xerces.validators.common.CMStateSet: byte[] fByteArray\u003e","r1.\u003corg.apache.xerces.validators.common.CMStateSet: byte[] fByteArray\u003e","$b4","$r2[i7]","r0","i7","r1"],"callees":[],"nodes":["CompoundStmt","DefinitionStmt","DefinitionStmt","DefinitionStmt","DefinitionStmt","DefinitionStmt","Local","InstanceFieldRef","Local","InstanceFieldRef","Local","ArrayRef","ArrayRef","Local","Local","BinaryOp","Array","Array","Local","Array","Array","Array","Local","Array","Byte","Byte","Local","Local","Byte","Local","Local","Byte","Int","Local"," + ","Constant","Byte","[]","Byte","[]","RefType","Byte","[]","Byte","[]","Byte","[]","RefType","Byte","[]","Array","Int","Array","Int","Int","-","1","Int","org","apache","xerces","validators","common","C","M","State","Set","org","apache","xerces","validators","common","C","M","State","Set","Byte","[]","Byte","[]"],"edges":[[0,1],[0,2],[0,3],[0,4],[0,5],[1,6],[1,7],[2,8],[2,9],[3,10],[3,11],[4,12],[4,13],[5,14],[5,15],[6,16],[7,17],[7,18],[7,19],[8,20],[9,21],[9,22],[9,23],[10,24],[11,25],[11,26],[11,27],[12,28],[12,29],[12,30],[13,31],[14,32],[15,33],[15,34],[15,35],[16,36],[16,37],[17,38],[17,39],[18,40],[19,41],[19,42],[20,43],[20,44],[21,45],[21,46],[22,47],[23,48],[23,49],[26,50],[27,51],[29,52],[30,53],[33,54],[35,55],[35,56],[35,57],[40,58],[40,59],[40,60],[40,61],[40,62],[40,63],[40,64],[40,65],[40,66],[47,67],[47,68],[47,69],[47,70],[47,71],[47,72],[47,73],[47,74],[47,75],[50,76],[50,77],[52,78],[52,79]],"ID":7}],"edgeSet":[[3,1,0],[6,5,1],[5,1,0],[0,2,0],[2,3,1],[2,4,2],[4,5,1],[4,6,2],[7,6,0],[6,7,2]],"ENTRY":{"def":[],"use":[],"callees":[],"nodes":["CompoundStmt"],"edges":[],"ID":0},"EXIT":{"def":[],"use":[],"callees":[],"nodes":["CompoundStmt"],"edges":[],"ID":1},"method_name":"setTo"},{"blocks":[{"def":[],"use":[],"callees":[],"nodes":["CompoundStmt"],"edges":[],"ID":0},{"def":[],"use":[],"callees":[],"nodes":["CompoundStmt"],"edges":[],"ID":1},{"def":["$r2","$r3","r0","r1"],"use":["@parameter0: org.apache.xerces.validators.common.CMStateSet","$r2","$r3","@this: org.apache.xerces.validators.common.CMUniOp","r0.\u003corg.apache.xerces.validators.common.CMUniOp: org.apache.xerces.validators.common.CMNode fChild\u003e","r0","r1"],"callees":["setTo","firstPos"],"nodes":["CompoundStmt","DefinitionStmt","DefinitionStmt","DefinitionStmt","DefinitionStmt","Invoke","ReturnVoidStmt","Local","ThisRef","Local","Param","Local","InstanceFieldRef","Local","Invoke","RefType","RefType","RefType","RefType","RefType","RefType","Local","RefType","RefType","org","apache","xerces","validators","common","C","M","Uni","Op","org","apache","xerces","validators","common","C","M","Uni","Op","org","apache","xerces","validators","common","C","M","State","Set","org","apache","xerces","validators","common","C","M","State","Set","org","apache","xerces","validators","common","C","M","Node","org","apache","xerces","validators","common","C","M","Node","RefType","org","apache","xerces","validators","common","C","M","Node","org","apache","xerces","validators","common","C","M","State","Set","org","apache","xerces","validators","common","C","M","Uni","Op"],"edges":[[0,1],[0,2],[0,3],[0,4],[0,5],[0,6],[1,7],[1,8],[2,9],[2,10],[3,11],[3,12],[4,13],[4,14],[7,15],[8,16],[9,17],[10,18],[11,19],[12,20],[12,21],[12,22],[13,23],[15,24],[15,25],[15,26],[15,27],[15,28],[15,29],[15,30],[15,31],[15,32],[16,33],[16,34],[16,35],[16,36],[16,37],[16,38],[16,39],[16,40],[16,41],[17,42],[17,43],[17,44],[17,45],[17,46],[17,47],[17,48],[17,49],[17,50],[18,51],[18,52],[18,53],[18,54],[18,55],[18,56],[18,57],[18,58],[18,59],[19,60],[19,61],[19,62],[19,63],[19,64],[19,65],[19,66],[19,67],[20,68],[20,69],[20,70],[20,71],[20,72],[20,73],[20,74],[20,75],[21,76],[22,77],[22,78],[22,79],[22,80],[22,81],[22,82],[22,83],[22,84],[23,85],[23,86],[23,87],[23,88],[23,89],[23,90],[23,91],[23,92],[23,93],[76,94],[76,95],[76,96],[76,97],[76,98],[76,99],[76,100],[76,101],[76,102]],"ID":2}],"edgeSet":[[0,2,0],[2,1,0]],"ENTRY":{"def":[],"use":[],"callees":[],"nodes":["CompoundStmt"],"edges":[],"ID":0},"EXIT":{"def":[],"use":[],"callees":[],"nodes":["CompoundStmt"],"edges":[],"ID":1},"method_name":"calcFirstPos"},{"blocks":[{"def":[],"use":[],"callees":[],"nodes":["CompoundStmt"],"edges":[],"ID":0},{"def":[],"use":[],"callees":[],"nodes":["CompoundStmt"],"edges":[],"ID":1},{"def":["$r1","r0"],"use":["r0.\u003corg.apache.xerces.validators.common.CMNode: org.apache.xerces.validators.common.CMStateSet fLastPos\u003e","@this: org.apache.xerces.validators.common.CMNode","$r1","r0"],"callees":[],"nodes":["CompoundStmt","DefinitionStmt","DefinitionStmt","IfStmt","Local","ThisRef","Local","InstanceFieldRef","BinaryOp","RefType","RefType","RefType","RefType","Local","RefType","Local"," !\u003d ","Constant","org","apache","xerces","validators","common","C","M","Node","org","apache","xerces","validators","common","C","M","Node","org","apache","xerces","validators","common","C","M","State","Set","org","apache","xerces","validators","common","C","M","State","Set","RefType","org","apache","xerces","validators","common","C","M","State","Set","RefType","Null","org","apache","xerces","validators","common","C","M","Node","org","apache","xerces","validators","common","C","M","State","Set"],"edges":[[0,1],[0,2],[0,3],[1,4],[1,5],[2,6],[2,7],[3,8],[4,9],[5,10],[6,11],[7,12],[7,13],[7,14],[8,15],[8,16],[8,17],[9,18],[9,19],[9,20],[9,21],[9,22],[9,23],[9,24],[9,25],[10,26],[10,27],[10,28],[10,29],[10,30],[10,31],[10,32],[10,33],[11,34],[11,35],[11,36],[11,37],[11,38],[11,39],[11,40],[11,41],[11,42],[12,43],[12,44],[12,45],[12,46],[12,47],[12,48],[12,49],[12,50],[12,51],[13,52],[14,53],[14,54],[14,55],[14,56],[14,57],[14,58],[14,59],[14,60],[14,61],[15,62],[17,63],[52,64],[52,65],[52,66],[52,67],[52,68],[52,69],[52,70],[52,71],[62,72],[62,73],[62,74],[62,75],[62,76],[62,77],[62,78],[62,79],[62,80]],"ID":2},{"def":["r0.\u003corg.apache.xerces.validators.common.CMNode: org.apache.xerces.validators.common.CMStateSet fLastPos\u003e","$r2","$r3","$r4","$i0"],"use":["r0.\u003corg.apache.xerces.validators.common.CMNode: org.apache.xerces.validators.common.CMStateSet fLastPos\u003e","$r2","$r3","$r4","r0.\u003corg.apache.xerces.validators.common.CMNode: int fMaxStates\u003e","$i0","r0"],"callees":["calcLastPos","\u003cinit\u003e"],"nodes":["CompoundStmt","DefinitionStmt","DefinitionStmt","Invoke","DefinitionStmt","DefinitionStmt","Invoke","DefinitionStmt","ReturnStmt","Local","NewExpr","Local","InstanceFieldRef","InstanceFieldRef","Local","Local","InstanceFieldRef","Local","InstanceFieldRef","Local","RefType","RefType","Int","Int","Local","Int","RefType","Local","RefType","RefType","RefType","RefType","Local","RefType","RefType","RefType","Local","RefType","RefType","org","apache","xerces","validators","common","C","M","State","Set","org","apache","xerces","validators","common","C","M","State","Set","RefType","org","apache","xerces","validators","common","C","M","State","Set","RefType","org","apache","xerces","validators","common","C","M","State","Set","org","apache","xerces","validators","common","C","M","State","Set","org","apache","xerces","validators","common","C","M","State","Set","org","apache","xerces","validators","common","C","M","State","Set","RefType","org","apache","xerces","validators","common","C","M","State","Set","org","apache","xerces","validators","common","C","M","State","Set","org","apache","xerces","validators","common","C","M","State","Set","RefType","org","apache","xerces","validators","common","C","M","State","Set","org","apache","xerces","validators","common","C","M","State","Set","org","apache","xerces","validators","common","C","M","Node","org","apache","xerces","validators","common","C","M","Node","org","apache","xerces","validators","common","C","M","Node","org","apache","xerces","validators","common","C","M","Node"],"edges":[[0,1],[0,2],[0,3],[0,4],[0,5],[0,6],[0,7],[0,8],[1,9],[1,10],[2,11],[2,12],[4,13],[4,14],[5,15],[5,16],[7,17],[7,18],[8,19],[9,20],[10,21],[11,22],[12,23],[12,24],[12,25],[13,26],[13,27],[13,28],[14,29],[15,30],[16,31],[16,32],[16,33],[17,34],[18,35],[18,36],[18,37],[19,38],[20,39],[20,40],[20,41],[20,42],[20,43],[20,44],[20,45],[20,46],[20,47],[21,48],[21,49],[21,50],[21,51],[21,52],[21,53],[21,54],[21,55],[21,56],[24,57],[26,58],[26,59],[26,60],[26,61],[26,62],[26,63],[26,64],[26,65],[26,66],[27,67],[28,68],[28,69],[28,70],[28,71],[28,72],[28,73],[28,74],[28,75],[28,76],[29,77],[29,78],[29,79],[29,80],[29,81],[29,82],[29,83],[29,84],[29,85],[30,86],[30,87],[30,88],[30,89],[30,90],[30,91],[30,92],[30,93],[30,94],[31,95],[31,96],[31,97],[31,98],[31,99],[31,100],[31,101],[31,102],[31,103],[32,104],[33,105],[33,106],[33,107],[33,108],[33,109],[33,110],[33,111],[33,112],[33,113],[34,114],[34,115],[34,116],[34,117],[34,118],[34,119],[34,120],[34,121],[34,122],[35,123],[35,124],[35,125],[35,126],[35,127],[35,128],[35,129],[35,130],[35,131],[36,132],[37,133],[37,134],[37,135],[37,136],[37,137],[37,138],[37,139],[37,140],[37,141],[38,142],[38,143],[38,144],[38,145],[38,146],[38,147],[38,148],[38,149],[38,150],[57,151],[57,152],[57,153],[57,154],[57,155],[57,156],[57,157],[57,158],[67,159],[67,160],[67,161],[67,162],[67,163],[67,164],[67,165],[67,166],[104,167],[104,168],[104,169],[104,170],[104,171],[104,172],[104,173],[104,174],[132,175],[132,176],[132,177],[132,178],[132,179],[132,180],[132,181],[132,182]],"ID":3}],"edgeSet":[[3,1,0],[0,2,0],[2,3,1],[2,3,2]],"ENTRY":{"def":[],"use":[],"callees":[],"nodes":["CompoundStmt"],"edges":[],"ID":0},"EXIT":{"def":[],"use":[],"callees":[],"nodes":["CompoundStmt"],"edges":[],"ID":1},"method_name":"lastPos"},{"blocks":[{"def":[],"use":[],"callees":[],"nodes":["CompoundStmt"],"edges":[],"ID":0},{"def":[],"use":[],"callees":[],"nodes":["CompoundStmt"],"edges":[],"ID":1},{"def":["$r2","$r3","r0","r1"],"use":["@parameter0: org.apache.xerces.validators.common.CMStateSet","$r2","$r3","@this: org.apache.xerces.validators.common.CMUniOp","r0.\u003corg.apache.xerces.validators.common.CMUniOp: org.apache.xerces.validators.common.CMNode fChild\u003e","r0","r1"],"callees":["setTo","lastPos"],"nodes":["CompoundStmt","DefinitionStmt","DefinitionStmt","DefinitionStmt","DefinitionStmt","Invoke","ReturnVoidStmt","Local","ThisRef","Local","Param","Local","InstanceFieldRef","Local","Invoke","RefType","RefType","RefType","RefType","RefType","RefType","Local","RefType","RefType","org","apache","xerces","validators","common","C","M","Uni","Op","org","apache","xerces","validators","common","C","M","Uni","Op","org","apache","xerces","validators","common","C","M","State","Set","org","apache","xerces","validators","common","C","M","State","Set","org","apache","xerces","validators","common","C","M","Node","org","apache","xerces","validators","common","C","M","Node","RefType","org","apache","xerces","validators","common","C","M","Node","org","apache","xerces","validators","common","C","M","State","Set","org","apache","xerces","validators","common","C","M","Uni","Op"],"edges":[[0,1],[0,2],[0,3],[0,4],[0,5],[0,6],[1,7],[1,8],[2,9],[2,10],[3,11],[3,12],[4,13],[4,14],[7,15],[8,16],[9,17],[10,18],[11,19],[12,20],[12,21],[12,22],[13,23],[15,24],[15,25],[15,26],[15,27],[15,28],[15,29],[15,30],[15,31],[15,32],[16,33],[16,34],[16,35],[16,36],[16,37],[16,38],[16,39],[16,40],[16,41],[17,42],[17,43],[17,44],[17,45],[17,46],[17,47],[17,48],[17,49],[17,50],[18,51],[18,52],[18,53],[18,54],[18,55],[18,56],[18,57],[18,58],[18,59],[19,60],[19,61],[19,62],[19,63],[19,64],[19,65],[19,66],[19,67],[20,68],[20,69],[20,70],[20,71],[20,72],[20,73],[20,74],[20,75],[21,76],[22,77],[22,78],[22,79],[22,80],[22,81],[22,82],[22,83],[22,84],[23,85],[23,86],[23,87],[23,88],[23,89],[23,90],[23,91],[23,92],[23,93],[76,94],[76,95],[76,96],[76,97],[76,98],[76,99],[76,100],[76,101],[76,102]],"ID":2}],"edgeSet":[[0,2,0],[2,1,0]],"ENTRY":{"def":[],"use":[],"callees":[],"nodes":["CompoundStmt"],"edges":[],"ID":0},"EXIT":{"def":[],"use":[],"callees":[],"nodes":["CompoundStmt"],"edges":[],"ID":1},"method_name":"calcLastPos"}],"label":"0"}