{"data":[{"blocks":[{"def":[],"use":[],"callees":[],"nodes":["CompoundStmt"],"edges":[],"ID":0},{"def":[],"use":[],"callees":[],"nodes":["CompoundStmt"],"edges":[],"ID":1},{"def":["r0"],"use":["@this: org.apache.html.dom.HTMLDOMImplementationImpl","r0"],"callees":[],"nodes":["CompoundStmt","DefinitionStmt","Invoke","ReturnVoidStmt","Local","ThisRef","RefType","RefType","org","apache","html","dom","H","T","M","L","D","O","M","Implementation","Impl","org","apache","html","dom","H","T","M","L","D","O","M","Implementation","Impl"],"edges":[[0,1],[0,2],[0,3],[1,4],[1,5],[4,6],[5,7],[6,8],[6,9],[6,10],[6,11],[6,12],[6,13],[6,14],[6,15],[6,16],[6,17],[6,18],[6,19],[6,20],[7,21],[7,22],[7,23],[7,24],[7,25],[7,26],[7,27],[7,28],[7,29],[7,30],[7,31],[7,32],[7,33]],"ID":2}],"edgeSet":[[0,2,0],[2,1,0]],"ENTRY":{"def":[],"use":[],"callees":[],"nodes":["CompoundStmt"],"edges":[],"ID":0},"EXIT":{"def":[],"use":[],"callees":[],"nodes":["CompoundStmt"],"edges":[],"ID":1},"method_name":"\u003cinit\u003e"},{"blocks":[{"def":[],"use":[],"callees":[],"nodes":["CompoundStmt"],"edges":[],"ID":0},{"def":[],"use":[],"callees":[],"nodes":["CompoundStmt"],"edges":[],"ID":1},{"def":["r0","r1"],"use":["@this: org.apache.html.dom.HTMLDOMImplementationImpl","@parameter0: java.lang.String","r1"],"callees":[],"nodes":["CompoundStmt","DefinitionStmt","DefinitionStmt","IfStmt","Local","ThisRef","Local","Param","BinaryOp","RefType","RefType","RefType","RefType","Local"," !\u003d ","Constant","org","apache","html","dom","H","T","M","L","D","O","M","Implementation","Impl","org","apache","html","dom","H","T","M","L","D","O","M","Implementation","Impl","java","lang","String","java","lang","String","RefType","Null","java","lang","String"],"edges":[[0,1],[0,2],[0,3],[1,4],[1,5],[2,6],[2,7],[3,8],[4,9],[5,10],[6,11],[7,12],[8,13],[8,14],[8,15],[9,16],[9,17],[9,18],[9,19],[9,20],[9,21],[9,22],[9,23],[9,24],[9,25],[9,26],[9,27],[9,28],[10,29],[10,30],[10,31],[10,32],[10,33],[10,34],[10,35],[10,36],[10,37],[10,38],[10,39],[10,40],[10,41],[11,42],[11,43],[11,44],[12,45],[12,46],[12,47],[13,48],[15,49],[48,50],[48,51],[48,52]],"ID":2},{"def":["$r4"],"use":["$r4"],"callees":[],"nodes":["CompoundStmt","DefinitionStmt","Invoke","ThrowStmt","Local","NewExpr","Local","RefType","RefType","RefType","java","lang","Null","Pointer","Exception","java","lang","Null","Pointer","Exception","java","lang","Null","Pointer","Exception"],"edges":[[0,1],[0,2],[0,3],[1,4],[1,5],[3,6],[4,7],[5,8],[6,9],[7,10],[7,11],[7,12],[7,13],[7,14],[8,15],[8,16],[8,17],[8,18],[8,19],[9,20],[9,21],[9,22],[9,23],[9,24]],"ID":3},{"def":["r2","$r3"],"use":["r2","$r3","r1"],"callees":["\u003cinit\u003e"],"nodes":["CompoundStmt","DefinitionStmt","Invoke","DefinitionStmt","Invoke","ReturnStmt","Local","NewExpr","Local","Local","Local","RefType","RefType","RefType","RefType","RefType","org","apache","html","dom","H","T","M","L","Document","Impl","org","apache","html","dom","H","T","M","L","Document","Impl","org","apache","html","dom","H","T","M","L","Document","Impl","org","apache","html","dom","H","T","M","L","Document","Impl","org","apache","html","dom","H","T","M","L","Document","Impl"],"edges":[[0,1],[0,2],[0,3],[0,4],[0,5],[1,6],[1,7],[3,8],[3,9],[5,10],[6,11],[7,12],[8,13],[9,14],[10,15],[11,16],[11,17],[11,18],[11,19],[11,20],[11,21],[11,22],[11,23],[11,24],[11,25],[12,26],[12,27],[12,28],[12,29],[12,30],[12,31],[12,32],[12,33],[12,34],[12,35],[13,36],[13,37],[13,38],[13,39],[13,40],[13,41],[13,42],[13,43],[13,44],[13,45],[14,46],[14,47],[14,48],[14,49],[14,50],[14,51],[14,52],[14,53],[14,54],[14,55],[15,56],[15,57],[15,58],[15,59],[15,60],[15,61],[15,62],[15,63],[15,64],[15,65]],"ID":4}],"edgeSet":[[3,1,0],[4,1,0],[0,2,0],[2,3,1],[2,4,2]],"ENTRY":{"def":[],"use":[],"callees":[],"nodes":["CompoundStmt"],"edges":[],"ID":0},"EXIT":{"def":[],"use":[],"callees":[],"nodes":["CompoundStmt"],"edges":[],"ID":1},"method_name":"createHTMLDocument"},{"blocks":[{"def":[],"use":[],"callees":[],"nodes":["CompoundStmt"],"edges":[],"ID":0},{"def":[],"use":[],"callees":[],"nodes":["CompoundStmt"],"edges":[],"ID":1},{"def":["$r0"],"use":["\u003corg.apache.html.dom.HTMLDOMImplementationImpl: org.w3c.dom.html.HTMLDOMImplementation _instance\u003e","$r0"],"callees":[],"nodes":["CompoundStmt","DefinitionStmt","ReturnStmt","Local","StaticFieldRef","Local","RefType","RefType","RefType","RefType","org","w3c","dom","html","H","T","M","L","D","O","M","Implementation","org","w3c","dom","html","H","T","M","L","D","O","M","Implementation","org","w3c","dom","html","H","T","M","L","D","O","M","Implementation","org","w3c","dom","html","H","T","M","L","D","O","M","Implementation"],"edges":[[0,1],[0,2],[1,3],[1,4],[2,5],[3,6],[4,7],[4,8],[5,9],[6,10],[6,11],[6,12],[6,13],[6,14],[6,15],[6,16],[6,17],[6,18],[6,19],[6,20],[6,21],[7,22],[7,23],[7,24],[7,25],[7,26],[7,27],[7,28],[7,29],[7,30],[7,31],[7,32],[7,33],[8,34],[8,35],[8,36],[8,37],[8,38],[8,39],[8,40],[8,41],[8,42],[8,43],[8,44],[8,45],[9,46],[9,47],[9,48],[9,49],[9,50],[9,51],[9,52],[9,53],[9,54],[9,55],[9,56],[9,57]],"ID":2}],"edgeSet":[[0,2,0],[2,1,0]],"ENTRY":{"def":[],"use":[],"callees":[],"nodes":["CompoundStmt"],"edges":[],"ID":0},"EXIT":{"def":[],"use":[],"callees":[],"nodes":["CompoundStmt"],"edges":[],"ID":1},"method_name":"getHTMLDOMImplementation"},{"blocks":[{"def":[],"use":[],"callees":[],"nodes":["CompoundStmt"],"edges":[],"ID":0},{"def":[],"use":[],"callees":[],"nodes":["CompoundStmt"],"edges":[],"ID":1},{"def":["$r0","\u003corg.apache.html.dom.HTMLDOMImplementationImpl: org.w3c.dom.html.HTMLDOMImplementation _instance\u003e"],"use":["$r0"],"callees":["\u003cinit\u003e"],"nodes":["CompoundStmt","DefinitionStmt","Invoke","DefinitionStmt","ReturnVoidStmt","Local","NewExpr","StaticFieldRef","Local","RefType","RefType","RefType","RefType","RefType","org","apache","html","dom","H","T","M","L","D","O","M","Implementation","Impl","org","apache","html","dom","H","T","M","L","D","O","M","Implementation","Impl","org","w3c","dom","html","H","T","M","L","D","O","M","Implementation","org","w3c","dom","html","H","T","M","L","D","O","M","Implementation","org","apache","html","dom","H","T","M","L","D","O","M","Implementation","Impl"],"edges":[[0,1],[0,2],[0,3],[0,4],[1,5],[1,6],[3,7],[3,8],[5,9],[6,10],[7,11],[7,12],[8,13],[9,14],[9,15],[9,16],[9,17],[9,18],[9,19],[9,20],[9,21],[9,22],[9,23],[9,24],[9,25],[9,26],[10,27],[10,28],[10,29],[10,30],[10,31],[10,32],[10,33],[10,34],[10,35],[10,36],[10,37],[10,38],[10,39],[11,40],[11,41],[11,42],[11,43],[11,44],[11,45],[11,46],[11,47],[11,48],[11,49],[11,50],[11,51],[12,52],[12,53],[12,54],[12,55],[12,56],[12,57],[12,58],[12,59],[12,60],[12,61],[12,62],[12,63],[13,64],[13,65],[13,66],[13,67],[13,68],[13,69],[13,70],[13,71],[13,72],[13,73],[13,74],[13,75],[13,76]],"ID":2}],"edgeSet":[[0,2,0],[2,1,0]],"ENTRY":{"def":[],"use":[],"callees":[],"nodes":["CompoundStmt"],"edges":[],"ID":0},"EXIT":{"def":[],"use":[],"callees":[],"nodes":["CompoundStmt"],"edges":[],"ID":1},"method_name":"\u003cclinit\u003e"}],"label":"0"}