{"data":[{"blocks":[{"def":[],"use":[],"callees":[],"nodes":["CompoundStmt"],"edges":[],"ID":0},{"def":[],"use":[],"callees":[],"nodes":["CompoundStmt"],"edges":[],"ID":1},{"def":["$i0","r0"],"use":["r0.\u003corg.apache.xerces.validators.datatype.InvalidDatatypeFacetException: int minorCode\u003e","@this: org.apache.xerces.validators.datatype.InvalidDatatypeFacetException","$i0","r0"],"callees":[],"nodes":["CompoundStmt","DefinitionStmt","DefinitionStmt","ReturnStmt","Local","ThisRef","Local","InstanceFieldRef","Local","RefType","RefType","Int","Int","Local","Int","Int","org","apache","xerces","validators","datatype","Invalid","Datatype","Facet","Exception","org","apache","xerces","validators","datatype","Invalid","Datatype","Facet","Exception","RefType","org","apache","xerces","validators","datatype","Invalid","Datatype","Facet","Exception"],"edges":[[0,1],[0,2],[0,3],[1,4],[1,5],[2,6],[2,7],[3,8],[4,9],[5,10],[6,11],[7,12],[7,13],[7,14],[8,15],[9,16],[9,17],[9,18],[9,19],[9,20],[9,21],[9,22],[9,23],[9,24],[10,25],[10,26],[10,27],[10,28],[10,29],[10,30],[10,31],[10,32],[10,33],[13,34],[34,35],[34,36],[34,37],[34,38],[34,39],[34,40],[34,41],[34,42],[34,43]],"ID":2}],"edgeSet":[[0,2,0],[2,1,0]],"ENTRY":{"def":[],"use":[],"callees":[],"nodes":["CompoundStmt"],"edges":[],"ID":0},"EXIT":{"def":[],"use":[],"callees":[],"nodes":["CompoundStmt"],"edges":[],"ID":1},"method_name":"getMinorCode"},{"blocks":[{"def":[],"use":[],"callees":[],"nodes":["CompoundStmt"],"edges":[],"ID":0},{"def":[],"use":[],"callees":[],"nodes":["CompoundStmt"],"edges":[],"ID":1},{"def":["$i0","r0"],"use":["@this: org.apache.xerces.validators.datatype.InvalidDatatypeFacetException","r0.\u003corg.apache.xerces.validators.datatype.InvalidDatatypeFacetException: int majorCode\u003e","$i0","r0"],"callees":[],"nodes":["CompoundStmt","DefinitionStmt","DefinitionStmt","ReturnStmt","Local","ThisRef","Local","InstanceFieldRef","Local","RefType","RefType","Int","Int","Local","Int","Int","org","apache","xerces","validators","datatype","Invalid","Datatype","Facet","Exception","org","apache","xerces","validators","datatype","Invalid","Datatype","Facet","Exception","RefType","org","apache","xerces","validators","datatype","Invalid","Datatype","Facet","Exception"],"edges":[[0,1],[0,2],[0,3],[1,4],[1,5],[2,6],[2,7],[3,8],[4,9],[5,10],[6,11],[7,12],[7,13],[7,14],[8,15],[9,16],[9,17],[9,18],[9,19],[9,20],[9,21],[9,22],[9,23],[9,24],[10,25],[10,26],[10,27],[10,28],[10,29],[10,30],[10,31],[10,32],[10,33],[13,34],[34,35],[34,36],[34,37],[34,38],[34,39],[34,40],[34,41],[34,42],[34,43]],"ID":2}],"edgeSet":[[0,2,0],[2,1,0]],"ENTRY":{"def":[],"use":[],"callees":[],"nodes":["CompoundStmt"],"edges":[],"ID":0},"EXIT":{"def":[],"use":[],"callees":[],"nodes":["CompoundStmt"],"edges":[],"ID":1},"method_name":"getMajorCode"},{"blocks":[{"def":[],"use":[],"callees":[],"nodes":["CompoundStmt"],"edges":[],"ID":0},{"def":[],"use":[],"callees":[],"nodes":["CompoundStmt"],"edges":[],"ID":1},{"def":["i0","r0.\u003corg.apache.xerces.validators.datatype.InvalidDatatypeFacetException: int majorCode\u003e","r0"],"use":["@this: org.apache.xerces.validators.datatype.InvalidDatatypeFacetException","i0","@parameter0: int","r0"],"callees":[],"nodes":["CompoundStmt","DefinitionStmt","DefinitionStmt","DefinitionStmt","ReturnVoidStmt","Local","ThisRef","Local","Param","InstanceFieldRef","Local","RefType","RefType","Int","Int","Int","Local","Int","Int","org","apache","xerces","validators","datatype","Invalid","Datatype","Facet","Exception","org","apache","xerces","validators","datatype","Invalid","Datatype","Facet","Exception","RefType","org","apache","xerces","validators","datatype","Invalid","Datatype","Facet","Exception"],"edges":[[0,1],[0,2],[0,3],[0,4],[1,5],[1,6],[2,7],[2,8],[3,9],[3,10],[5,11],[6,12],[7,13],[8,14],[9,15],[9,16],[9,17],[10,18],[11,19],[11,20],[11,21],[11,22],[11,23],[11,24],[11,25],[11,26],[11,27],[12,28],[12,29],[12,30],[12,31],[12,32],[12,33],[12,34],[12,35],[12,36],[16,37],[37,38],[37,39],[37,40],[37,41],[37,42],[37,43],[37,44],[37,45],[37,46]],"ID":2}],"edgeSet":[[0,2,0],[2,1,0]],"ENTRY":{"def":[],"use":[],"callees":[],"nodes":["CompoundStmt"],"edges":[],"ID":0},"EXIT":{"def":[],"use":[],"callees":[],"nodes":["CompoundStmt"],"edges":[],"ID":1},"method_name":"setMinorCode"},{"blocks":[{"def":[],"use":[],"callees":[],"nodes":["CompoundStmt"],"edges":[],"ID":0},{"def":[],"use":[],"callees":[],"nodes":["CompoundStmt"],"edges":[],"ID":1},{"def":["r0.\u003corg.apache.xerces.validators.datatype.InvalidDatatypeFacetException: int minorCode\u003e","i0","r0"],"use":["@this: org.apache.xerces.validators.datatype.InvalidDatatypeFacetException","i0","@parameter0: int","r0"],"callees":[],"nodes":["CompoundStmt","DefinitionStmt","DefinitionStmt","DefinitionStmt","ReturnVoidStmt","Local","ThisRef","Local","Param","InstanceFieldRef","Local","RefType","RefType","Int","Int","Int","Local","Int","Int","org","apache","xerces","validators","datatype","Invalid","Datatype","Facet","Exception","org","apache","xerces","validators","datatype","Invalid","Datatype","Facet","Exception","RefType","org","apache","xerces","validators","datatype","Invalid","Datatype","Facet","Exception"],"edges":[[0,1],[0,2],[0,3],[0,4],[1,5],[1,6],[2,7],[2,8],[3,9],[3,10],[5,11],[6,12],[7,13],[8,14],[9,15],[9,16],[9,17],[10,18],[11,19],[11,20],[11,21],[11,22],[11,23],[11,24],[11,25],[11,26],[11,27],[12,28],[12,29],[12,30],[12,31],[12,32],[12,33],[12,34],[12,35],[12,36],[16,37],[37,38],[37,39],[37,40],[37,41],[37,42],[37,43],[37,44],[37,45],[37,46]],"ID":2}],"edgeSet":[[0,2,0],[2,1,0]],"ENTRY":{"def":[],"use":[],"callees":[],"nodes":["CompoundStmt"],"edges":[],"ID":0},"EXIT":{"def":[],"use":[],"callees":[],"nodes":["CompoundStmt"],"edges":[],"ID":1},"method_name":"setMajorCode"},{"blocks":[{"def":[],"use":[],"callees":[],"nodes":["CompoundStmt"],"edges":[],"ID":0},{"def":[],"use":[],"callees":[],"nodes":["CompoundStmt"],"edges":[],"ID":1},{"def":["r0.\u003corg.apache.xerces.validators.datatype.InvalidDatatypeFacetException: int minorCode\u003e","r0.\u003corg.apache.xerces.validators.datatype.InvalidDatatypeFacetException: int majorCode\u003e","r0"],"use":["@this: org.apache.xerces.validators.datatype.InvalidDatatypeFacetException","r0"],"callees":["\u003cinit\u003e"],"nodes":["CompoundStmt","DefinitionStmt","Invoke","DefinitionStmt","DefinitionStmt","ReturnVoidStmt","Local","ThisRef","InstanceFieldRef","Constant","InstanceFieldRef","Constant","RefType","RefType","Int","Local","Int","-","1","Int","Int","Local","Int","-","1","Int","org","apache","xerces","validators","datatype","Invalid","Datatype","Facet","Exception","org","apache","xerces","validators","datatype","Invalid","Datatype","Facet","Exception","RefType","RefType","org","apache","xerces","validators","datatype","Invalid","Datatype","Facet","Exception","org","apache","xerces","validators","datatype","Invalid","Datatype","Facet","Exception"],"edges":[[0,1],[0,2],[0,3],[0,4],[0,5],[1,6],[1,7],[3,8],[3,9],[4,10],[4,11],[6,12],[7,13],[8,14],[8,15],[8,16],[9,17],[9,18],[9,19],[10,20],[10,21],[10,22],[11,23],[11,24],[11,25],[12,26],[12,27],[12,28],[12,29],[12,30],[12,31],[12,32],[12,33],[12,34],[13,35],[13,36],[13,37],[13,38],[13,39],[13,40],[13,41],[13,42],[13,43],[15,44],[21,45],[44,46],[44,47],[44,48],[44,49],[44,50],[44,51],[44,52],[44,53],[44,54],[45,55],[45,56],[45,57],[45,58],[45,59],[45,60],[45,61],[45,62],[45,63]],"ID":2}],"edgeSet":[[0,2,0],[2,1,0]],"ENTRY":{"def":[],"use":[],"callees":[],"nodes":["CompoundStmt"],"edges":[],"ID":0},"EXIT":{"def":[],"use":[],"callees":[],"nodes":["CompoundStmt"],"edges":[],"ID":1},"method_name":"\u003cinit\u003e"},{"blocks":[{"def":[],"use":[],"callees":[],"nodes":["CompoundStmt"],"edges":[],"ID":0},{"def":[],"use":[],"callees":[],"nodes":["CompoundStmt"],"edges":[],"ID":1},{"def":["r0.\u003corg.apache.xerces.validators.datatype.InvalidDatatypeFacetException: int minorCode\u003e","r0.\u003corg.apache.xerces.validators.datatype.InvalidDatatypeFacetException: int majorCode\u003e","r0","r1"],"use":["@this: org.apache.xerces.validators.datatype.InvalidDatatypeFacetException","@parameter0: java.lang.String","r0","r1"],"callees":["\u003cinit\u003e"],"nodes":["CompoundStmt","DefinitionStmt","DefinitionStmt","Invoke","DefinitionStmt","DefinitionStmt","ReturnVoidStmt","Local","ThisRef","Local","Param","InstanceFieldRef","Constant","InstanceFieldRef","Constant","RefType","RefType","RefType","RefType","Int","Local","Int","-","1","Int","Int","Local","Int","-","1","Int","org","apache","xerces","validators","datatype","Invalid","Datatype","Facet","Exception","org","apache","xerces","validators","datatype","Invalid","Datatype","Facet","Exception","java","lang","String","java","lang","String","RefType","RefType","org","apache","xerces","validators","datatype","Invalid","Datatype","Facet","Exception","org","apache","xerces","validators","datatype","Invalid","Datatype","Facet","Exception"],"edges":[[0,1],[0,2],[0,3],[0,4],[0,5],[0,6],[1,7],[1,8],[2,9],[2,10],[4,11],[4,12],[5,13],[5,14],[7,15],[8,16],[9,17],[10,18],[11,19],[11,20],[11,21],[12,22],[12,23],[12,24],[13,25],[13,26],[13,27],[14,28],[14,29],[14,30],[15,31],[15,32],[15,33],[15,34],[15,35],[15,36],[15,37],[15,38],[15,39],[16,40],[16,41],[16,42],[16,43],[16,44],[16,45],[16,46],[16,47],[16,48],[17,49],[17,50],[17,51],[18,52],[18,53],[18,54],[20,55],[26,56],[55,57],[55,58],[55,59],[55,60],[55,61],[55,62],[55,63],[55,64],[55,65],[56,66],[56,67],[56,68],[56,69],[56,70],[56,71],[56,72],[56,73],[56,74]],"ID":2}],"edgeSet":[[0,2,0],[2,1,0]],"ENTRY":{"def":[],"use":[],"callees":[],"nodes":["CompoundStmt"],"edges":[],"ID":0},"EXIT":{"def":[],"use":[],"callees":[],"nodes":["CompoundStmt"],"edges":[],"ID":1},"method_name":"\u003cinit\u003e"},{"blocks":[{"def":[],"use":[],"callees":[],"nodes":["CompoundStmt"],"edges":[],"ID":0},{"def":[],"use":[],"callees":[],"nodes":["CompoundStmt"],"edges":[],"ID":1},{"def":["r0.\u003corg.apache.xerces.validators.datatype.InvalidDatatypeFacetException: int minorCode\u003e","r0.\u003corg.apache.xerces.validators.datatype.InvalidDatatypeFacetException: int majorCode\u003e","r0","r1"],"use":["@parameter0: java.lang.Exception","@this: org.apache.xerces.validators.datatype.InvalidDatatypeFacetException","r0","r1"],"callees":["\u003cinit\u003e"],"nodes":["CompoundStmt","DefinitionStmt","DefinitionStmt","Invoke","DefinitionStmt","DefinitionStmt","ReturnVoidStmt","Local","ThisRef","Local","Param","InstanceFieldRef","Constant","InstanceFieldRef","Constant","RefType","RefType","RefType","RefType","Int","Local","Int","-","1","Int","Int","Local","Int","-","1","Int","org","apache","xerces","validators","datatype","Invalid","Datatype","Facet","Exception","org","apache","xerces","validators","datatype","Invalid","Datatype","Facet","Exception","java","lang","Exception","java","lang","Exception","RefType","RefType","org","apache","xerces","validators","datatype","Invalid","Datatype","Facet","Exception","org","apache","xerces","validators","datatype","Invalid","Datatype","Facet","Exception"],"edges":[[0,1],[0,2],[0,3],[0,4],[0,5],[0,6],[1,7],[1,8],[2,9],[2,10],[4,11],[4,12],[5,13],[5,14],[7,15],[8,16],[9,17],[10,18],[11,19],[11,20],[11,21],[12,22],[12,23],[12,24],[13,25],[13,26],[13,27],[14,28],[14,29],[14,30],[15,31],[15,32],[15,33],[15,34],[15,35],[15,36],[15,37],[15,38],[15,39],[16,40],[16,41],[16,42],[16,43],[16,44],[16,45],[16,46],[16,47],[16,48],[17,49],[17,50],[17,51],[18,52],[18,53],[18,54],[20,55],[26,56],[55,57],[55,58],[55,59],[55,60],[55,61],[55,62],[55,63],[55,64],[55,65],[56,66],[56,67],[56,68],[56,69],[56,70],[56,71],[56,72],[56,73],[56,74]],"ID":2}],"edgeSet":[[0,2,0],[2,1,0]],"ENTRY":{"def":[],"use":[],"callees":[],"nodes":["CompoundStmt"],"edges":[],"ID":0},"EXIT":{"def":[],"use":[],"callees":[],"nodes":["CompoundStmt"],"edges":[],"ID":1},"method_name":"\u003cinit\u003e"},{"blocks":[{"def":[],"use":[],"callees":[],"nodes":["CompoundStmt"],"edges":[],"ID":0},{"def":[],"use":[],"callees":[],"nodes":["CompoundStmt"],"edges":[],"ID":1},{"def":["r2","r0.\u003corg.apache.xerces.validators.datatype.InvalidDatatypeFacetException: int minorCode\u003e","r0.\u003corg.apache.xerces.validators.datatype.InvalidDatatypeFacetException: int majorCode\u003e","r0","r1"],"use":["r2","@this: org.apache.xerces.validators.datatype.InvalidDatatypeFacetException","@parameter1: java.lang.Exception","@parameter0: java.lang.String","r0","r1"],"callees":["\u003cinit\u003e"],"nodes":["CompoundStmt","DefinitionStmt","DefinitionStmt","DefinitionStmt","Invoke","DefinitionStmt","DefinitionStmt","ReturnVoidStmt","Local","ThisRef","Local","Param","Local","Param","InstanceFieldRef","Constant","InstanceFieldRef","Constant","RefType","RefType","RefType","RefType","RefType","RefType","Int","Local","Int","-","1","Int","Int","Local","Int","-","1","Int","org","apache","xerces","validators","datatype","Invalid","Datatype","Facet","Exception","org","apache","xerces","validators","datatype","Invalid","Datatype","Facet","Exception","java","lang","String","java","lang","String","java","lang","Exception","java","lang","Exception","RefType","RefType","org","apache","xerces","validators","datatype","Invalid","Datatype","Facet","Exception","org","apache","xerces","validators","datatype","Invalid","Datatype","Facet","Exception"],"edges":[[0,1],[0,2],[0,3],[0,4],[0,5],[0,6],[0,7],[1,8],[1,9],[2,10],[2,11],[3,12],[3,13],[5,14],[5,15],[6,16],[6,17],[8,18],[9,19],[10,20],[11,21],[12,22],[13,23],[14,24],[14,25],[14,26],[15,27],[15,28],[15,29],[16,30],[16,31],[16,32],[17,33],[17,34],[17,35],[18,36],[18,37],[18,38],[18,39],[18,40],[18,41],[18,42],[18,43],[18,44],[19,45],[19,46],[19,47],[19,48],[19,49],[19,50],[19,51],[19,52],[19,53],[20,54],[20,55],[20,56],[21,57],[21,58],[21,59],[22,60],[22,61],[22,62],[23,63],[23,64],[23,65],[25,66],[31,67],[66,68],[66,69],[66,70],[66,71],[66,72],[66,73],[66,74],[66,75],[66,76],[67,77],[67,78],[67,79],[67,80],[67,81],[67,82],[67,83],[67,84],[67,85]],"ID":2}],"edgeSet":[[0,2,0],[2,1,0]],"ENTRY":{"def":[],"use":[],"callees":[],"nodes":["CompoundStmt"],"edges":[],"ID":0},"EXIT":{"def":[],"use":[],"callees":[],"nodes":["CompoundStmt"],"edges":[],"ID":1},"method_name":"\u003cinit\u003e"}],"label":"0"}