{"data":[{"blocks":[{"def":[],"use":[],"callees":[],"nodes":["CompoundStmt"],"edges":[],"ID":0},{"def":[],"use":[],"callees":[],"nodes":["CompoundStmt"],"edges":[],"ID":1},{"def":["r0.\u003corg.apache.xerces.jaxp.SAXParserImpl: boolean validation\u003e","r0.\u003corg.apache.xerces.jaxp.SAXParserImpl: boolean namespaces\u003e","r0","r0.\u003corg.apache.xerces.jaxp.SAXParserImpl: org.xml.sax.Parser parser\u003e"],"use":["@this: org.apache.xerces.jaxp.SAXParserImpl","r0"],"callees":[],"nodes":["CompoundStmt","DefinitionStmt","Invoke","DefinitionStmt","DefinitionStmt","DefinitionStmt","ReturnVoidStmt","Local","ThisRef","InstanceFieldRef","Constant","InstanceFieldRef","Constant","InstanceFieldRef","Constant","RefType","RefType","Boolean","Local","Boolean","0","Int","Boolean","Local","Boolean","0","Int","RefType","Local","RefType","Null","org","apache","xerces","jaxp","S","A","X","Parser","Impl","org","apache","xerces","jaxp","S","A","X","Parser","Impl","RefType","RefType","org","xml","sax","Parser","RefType","org","xml","sax","Parser","org","apache","xerces","jaxp","S","A","X","Parser","Impl","org","apache","xerces","jaxp","S","A","X","Parser","Impl","org","apache","xerces","jaxp","S","A","X","Parser","Impl"],"edges":[[0,1],[0,2],[0,3],[0,4],[0,5],[0,6],[1,7],[1,8],[3,9],[3,10],[4,11],[4,12],[5,13],[5,14],[7,15],[8,16],[9,17],[9,18],[9,19],[10,20],[10,21],[11,22],[11,23],[11,24],[12,25],[12,26],[13,27],[13,28],[13,29],[14,30],[15,31],[15,32],[15,33],[15,34],[15,35],[15,36],[15,37],[15,38],[15,39],[16,40],[16,41],[16,42],[16,43],[16,44],[16,45],[16,46],[16,47],[16,48],[18,49],[23,50],[27,51],[27,52],[27,53],[27,54],[28,55],[29,56],[29,57],[29,58],[29,59],[49,60],[49,61],[49,62],[49,63],[49,64],[49,65],[49,66],[49,67],[49,68],[50,69],[50,70],[50,71],[50,72],[50,73],[50,74],[50,75],[50,76],[50,77],[55,78],[55,79],[55,80],[55,81],[55,82],[55,83],[55,84],[55,85],[55,86]],"ID":2}],"edgeSet":[[0,2,0],[2,1,0]],"ENTRY":{"def":[],"use":[],"callees":[],"nodes":["CompoundStmt"],"edges":[],"ID":0},"EXIT":{"def":[],"use":[],"callees":[],"nodes":["CompoundStmt"],"edges":[],"ID":1},"method_name":"\u003cinit\u003e"},{"blocks":[{"def":[],"use":[],"callees":[],"nodes":["CompoundStmt"],"edges":[],"ID":0},{"def":[],"use":[],"callees":[],"nodes":["CompoundStmt"],"edges":[],"ID":1},{"def":["$r2","z0","z1","r0","r1"],"use":["@parameter1: boolean","$r2","@this: org.apache.xerces.jaxp.SAXParserImpl","@parameter0: boolean","r0"],"callees":["\u003cinit\u003e"],"nodes":["CompoundStmt","DefinitionStmt","DefinitionStmt","DefinitionStmt","Invoke","DefinitionStmt","Invoke","DefinitionStmt","Local","ThisRef","Local","Param","Local","Param","Local","NewExpr","Local","Local","RefType","RefType","Boolean","Boolean","Boolean","Boolean","RefType","RefType","RefType","RefType","org","apache","xerces","jaxp","S","A","X","Parser","Impl","org","apache","xerces","jaxp","S","A","X","Parser","Impl","org","apache","xerces","parsers","S","A","X","Parser","org","apache","xerces","parsers","S","A","X","Parser","org","apache","xerces","parsers","S","A","X","Parser","org","apache","xerces","parsers","S","A","X","Parser"],"edges":[[0,1],[0,2],[0,3],[0,4],[0,5],[0,6],[0,7],[1,8],[1,9],[2,10],[2,11],[3,12],[3,13],[5,14],[5,15],[7,16],[7,17],[8,18],[9,19],[10,20],[11,21],[12,22],[13,23],[14,24],[15,25],[16,26],[17,27],[18,28],[18,29],[18,30],[18,31],[18,32],[18,33],[18,34],[18,35],[18,36],[19,37],[19,38],[19,39],[19,40],[19,41],[19,42],[19,43],[19,44],[19,45],[24,46],[24,47],[24,48],[24,49],[24,50],[24,51],[24,52],[24,53],[25,54],[25,55],[25,56],[25,57],[25,58],[25,59],[25,60],[25,61],[26,62],[26,63],[26,64],[26,65],[26,66],[26,67],[26,68],[26,69],[27,70],[27,71],[27,72],[27,73],[27,74],[27,75],[27,76],[27,77]],"ID":2},{"def":[],"use":["z0","r1"],"callees":[],"nodes":["CompoundStmt","Invoke"],"edges":[[0,1]],"ID":3},{"def":[],"use":[],"callees":[],"nodes":["CompoundStmt","GotoStmt"],"edges":[[0,1]],"ID":4},{"def":["$r13","$r14","r15","$r9","$r11","$r12","$r10"],"use":["$r13","$r14","@caughtexception","z0","$r9","$r11","$r12","$r10"],"callees":[],"nodes":["CompoundStmt","DefinitionStmt","DefinitionStmt","DefinitionStmt","DefinitionStmt","Invoke","DefinitionStmt","DefinitionStmt","DefinitionStmt","Invoke","ThrowStmt","Local","CaughtException","Local","Local","Local","NewExpr","Local","NewExpr","Local","Invoke","Local","Invoke","Local","Invoke","Local","RefType","RefType","RefType","RefType","RefType","RefType","RefType","RefType","RefType","RefType","RefType","RefType","org","xml","sax","S","A","X","Exception","java","lang","Throwable","org","xml","sax","S","A","X","Exception","org","xml","sax","S","A","X","Exception","javax","xml","parsers","Parser","Configuration","Exception","javax","xml","parsers","Parser","Configuration","Exception","java","lang","String","Buffer","java","lang","String","Buffer","java","lang","String","Buffer","java","lang","String","Buffer","java","lang","String","javax","xml","parsers","Parser","Configuration","Exception"],"edges":[[0,1],[0,2],[0,3],[0,4],[0,5],[0,6],[0,7],[0,8],[0,9],[0,10],[1,11],[1,12],[2,13],[2,14],[3,15],[3,16],[4,17],[4,18],[6,19],[6,20],[7,21],[7,22],[8,23],[8,24],[10,25],[11,26],[12,27],[13,28],[14,29],[15,30],[16,31],[17,32],[18,33],[19,34],[21,35],[23,36],[25,37],[26,38],[26,39],[26,40],[26,41],[26,42],[26,43],[26,44],[27,45],[27,46],[27,47],[28,48],[28,49],[28,50],[28,51],[28,52],[28,53],[28,54],[29,55],[29,56],[29,57],[29,58],[29,59],[29,60],[29,61],[30,62],[30,63],[30,64],[30,65],[30,66],[30,67],[31,68],[31,69],[31,70],[31,71],[31,72],[31,73],[32,74],[32,75],[32,76],[32,77],[33,78],[33,79],[33,80],[33,81],[34,82],[34,83],[34,84],[34,85],[35,86],[35,87],[35,88],[35,89],[36,90],[36,91],[36,92],[37,93],[37,94],[37,95],[37,96],[37,97],[37,98]],"ID":5},{"def":[],"use":["z1","r1"],"callees":[],"nodes":["CompoundStmt","Invoke"],"edges":[[0,1]],"ID":6},{"def":["r0.\u003corg.apache.xerces.jaxp.SAXParserImpl: boolean validation\u003e","r0.\u003corg.apache.xerces.jaxp.SAXParserImpl: boolean namespaces\u003e","r0.\u003corg.apache.xerces.jaxp.SAXParserImpl: org.xml.sax.Parser parser\u003e"],"use":["z0","z1","r0","r1"],"callees":[],"nodes":["CompoundStmt","GotoStmt","DefinitionStmt","DefinitionStmt","DefinitionStmt","ReturnVoidStmt","InstanceFieldRef","Local","InstanceFieldRef","Local","InstanceFieldRef","Local","Boolean","Local","Boolean","Boolean","Boolean","Local","Boolean","Boolean","RefType","Local","RefType","RefType","RefType","RefType","org","xml","sax","Parser","RefType","org","xml","sax","Parser","org","apache","xerces","parsers","S","A","X","Parser","org","apache","xerces","jaxp","S","A","X","Parser","Impl","org","apache","xerces","jaxp","S","A","X","Parser","Impl","org","apache","xerces","jaxp","S","A","X","Parser","Impl"],"edges":[[0,1],[0,2],[0,3],[0,4],[0,5],[2,6],[2,7],[3,8],[3,9],[4,10],[4,11],[6,12],[6,13],[6,14],[7,15],[8,16],[8,17],[8,18],[9,19],[10,20],[10,21],[10,22],[11,23],[13,24],[17,25],[20,26],[20,27],[20,28],[20,29],[21,30],[22,31],[22,32],[22,33],[22,34],[23,35],[23,36],[23,37],[23,38],[23,39],[23,40],[23,41],[23,42],[24,43],[24,44],[24,45],[24,46],[24,47],[24,48],[24,49],[24,50],[24,51],[25,52],[25,53],[25,54],[25,55],[25,56],[25,57],[25,58],[25,59],[25,60],[30,61],[30,62],[30,63],[30,64],[30,65],[30,66],[30,67],[30,68],[30,69]],"ID":7},{"def":["$r3","r16","$r4","$r5","$r6","$r7","$r8"],"use":["@caughtexception","$r3","$r4","$r5","z1","$r6","$r7","$r8"],"callees":[],"nodes":["CompoundStmt","DefinitionStmt","DefinitionStmt","DefinitionStmt","DefinitionStmt","Invoke","DefinitionStmt","DefinitionStmt","DefinitionStmt","Invoke","ThrowStmt","Local","CaughtException","Local","Local","Local","NewExpr","Local","NewExpr","Local","Invoke","Local","Invoke","Local","Invoke","Local","RefType","RefType","RefType","RefType","RefType","RefType","RefType","RefType","RefType","RefType","RefType","RefType","org","xml","sax","S","A","X","Exception","java","lang","Throwable","org","xml","sax","S","A","X","Exception","org","xml","sax","S","A","X","Exception","javax","xml","parsers","Parser","Configuration","Exception","javax","xml","parsers","Parser","Configuration","Exception","java","lang","String","Buffer","java","lang","String","Buffer","java","lang","String","Buffer","java","lang","String","Buffer","java","lang","String","javax","xml","parsers","Parser","Configuration","Exception"],"edges":[[0,1],[0,2],[0,3],[0,4],[0,5],[0,6],[0,7],[0,8],[0,9],[0,10],[1,11],[1,12],[2,13],[2,14],[3,15],[3,16],[4,17],[4,18],[6,19],[6,20],[7,21],[7,22],[8,23],[8,24],[10,25],[11,26],[12,27],[13,28],[14,29],[15,30],[16,31],[17,32],[18,33],[19,34],[21,35],[23,36],[25,37],[26,38],[26,39],[26,40],[26,41],[26,42],[26,43],[26,44],[27,45],[27,46],[27,47],[28,48],[28,49],[28,50],[28,51],[28,52],[28,53],[28,54],[29,55],[29,56],[29,57],[29,58],[29,59],[29,60],[29,61],[30,62],[30,63],[30,64],[30,65],[30,66],[30,67],[31,68],[31,69],[31,70],[31,71],[31,72],[31,73],[32,74],[32,75],[32,76],[32,77],[33,78],[33,79],[33,80],[33,81],[34,82],[34,83],[34,84],[34,85],[35,86],[35,87],[35,88],[35,89],[36,90],[36,91],[36,92],[37,93],[37,94],[37,95],[37,96],[37,97],[37,98]],"ID":8}],"edgeSet":[[2,5,5],[3,5,5],[6,8,5],[5,1,0],[7,1,0],[8,1,0],[0,2,0],[4,6,0],[2,3,0],[3,4,0],[6,7,0],[4,8,5]],"ENTRY":{"def":[],"use":[],"callees":[],"nodes":["CompoundStmt"],"edges":[],"ID":0},"EXIT":{"def":[],"use":[],"callees":[],"nodes":["CompoundStmt"],"edges":[],"ID":1},"method_name":"\u003cinit\u003e"},{"blocks":[{"def":[],"use":[],"callees":[],"nodes":["CompoundStmt"],"edges":[],"ID":0},{"def":[],"use":[],"callees":[],"nodes":["CompoundStmt"],"edges":[],"ID":1},{"def":["$r1","r0"],"use":["$r1","@this: org.apache.xerces.jaxp.SAXParserImpl","r0","r0.\u003corg.apache.xerces.jaxp.SAXParserImpl: org.xml.sax.Parser parser\u003e"],"callees":[],"nodes":["CompoundStmt","DefinitionStmt","DefinitionStmt","ReturnStmt","Local","ThisRef","Local","InstanceFieldRef","Local","RefType","RefType","RefType","RefType","Local","RefType","RefType","org","apache","xerces","jaxp","S","A","X","Parser","Impl","org","apache","xerces","jaxp","S","A","X","Parser","Impl","org","xml","sax","Parser","org","xml","sax","Parser","RefType","org","xml","sax","Parser","org","xml","sax","Parser","org","apache","xerces","jaxp","S","A","X","Parser","Impl"],"edges":[[0,1],[0,2],[0,3],[1,4],[1,5],[2,6],[2,7],[3,8],[4,9],[5,10],[6,11],[7,12],[7,13],[7,14],[8,15],[9,16],[9,17],[9,18],[9,19],[9,20],[9,21],[9,22],[9,23],[9,24],[10,25],[10,26],[10,27],[10,28],[10,29],[10,30],[10,31],[10,32],[10,33],[11,34],[11,35],[11,36],[11,37],[12,38],[12,39],[12,40],[12,41],[13,42],[14,43],[14,44],[14,45],[14,46],[15,47],[15,48],[15,49],[15,50],[42,51],[42,52],[42,53],[42,54],[42,55],[42,56],[42,57],[42,58],[42,59]],"ID":2}],"edgeSet":[[0,2,0],[2,1,0]],"ENTRY":{"def":[],"use":[],"callees":[],"nodes":["CompoundStmt"],"edges":[],"ID":0},"EXIT":{"def":[],"use":[],"callees":[],"nodes":["CompoundStmt"],"edges":[],"ID":1},"method_name":"getParser"},{"blocks":[{"def":[],"use":[],"callees":[],"nodes":["CompoundStmt"],"edges":[],"ID":0},{"def":[],"use":[],"callees":[],"nodes":["CompoundStmt"],"edges":[],"ID":1},{"def":["$r1","$r2","r0"],"use":["$r1","$r2","@this: org.apache.xerces.jaxp.SAXParserImpl","r0","r0.\u003corg.apache.xerces.jaxp.SAXParserImpl: org.xml.sax.Parser parser\u003e"],"callees":[],"nodes":["CompoundStmt","DefinitionStmt","DefinitionStmt","DefinitionStmt","ReturnStmt","Local","ThisRef","Local","InstanceFieldRef","Local","CastExpr","Local","RefType","RefType","RefType","RefType","Local","RefType","RefType","RefType","RefType","Local","RefType","org","apache","xerces","jaxp","S","A","X","Parser","Impl","org","apache","xerces","jaxp","S","A","X","Parser","Impl","org","xml","sax","Parser","org","xml","sax","Parser","RefType","org","xml","sax","Parser","org","xml","sax","X","M","L","Reader","org","xml","sax","X","M","L","Reader","org","xml","sax","X","M","L","Reader","RefType","org","xml","sax","X","M","L","Reader","org","apache","xerces","jaxp","S","A","X","Parser","Impl","org","xml","sax","Parser"],"edges":[[0,1],[0,2],[0,3],[0,4],[1,5],[1,6],[2,7],[2,8],[3,9],[3,10],[4,11],[5,12],[6,13],[7,14],[8,15],[8,16],[8,17],[9,18],[10,19],[10,20],[10,21],[11,22],[12,23],[12,24],[12,25],[12,26],[12,27],[12,28],[12,29],[12,30],[12,31],[13,32],[13,33],[13,34],[13,35],[13,36],[13,37],[13,38],[13,39],[13,40],[14,41],[14,42],[14,43],[14,44],[15,45],[15,46],[15,47],[15,48],[16,49],[17,50],[17,51],[17,52],[17,53],[18,54],[18,55],[18,56],[18,57],[18,58],[18,59],[18,60],[19,61],[19,62],[19,63],[19,64],[19,65],[19,66],[19,67],[20,68],[20,69],[20,70],[20,71],[20,72],[20,73],[20,74],[21,75],[22,76],[22,77],[22,78],[22,79],[22,80],[22,81],[22,82],[49,83],[49,84],[49,85],[49,86],[49,87],[49,88],[49,89],[49,90],[49,91],[75,92],[75,93],[75,94],[75,95]],"ID":2}],"edgeSet":[[0,2,0],[2,1,0]],"ENTRY":{"def":[],"use":[],"callees":[],"nodes":["CompoundStmt"],"edges":[],"ID":0},"EXIT":{"def":[],"use":[],"callees":[],"nodes":["CompoundStmt"],"edges":[],"ID":1},"method_name":"getXMLReader"},{"blocks":[{"def":[],"use":[],"callees":[],"nodes":["CompoundStmt"],"edges":[],"ID":0},{"def":[],"use":[],"callees":[],"nodes":["CompoundStmt"],"edges":[],"ID":1},{"def":["$z0","r0"],"use":["r0.\u003corg.apache.xerces.jaxp.SAXParserImpl: boolean namespaces\u003e","@this: org.apache.xerces.jaxp.SAXParserImpl","$z0","r0"],"callees":[],"nodes":["CompoundStmt","DefinitionStmt","DefinitionStmt","ReturnStmt","Local","ThisRef","Local","InstanceFieldRef","Local","RefType","RefType","Boolean","Boolean","Local","Boolean","Boolean","org","apache","xerces","jaxp","S","A","X","Parser","Impl","org","apache","xerces","jaxp","S","A","X","Parser","Impl","RefType","org","apache","xerces","jaxp","S","A","X","Parser","Impl"],"edges":[[0,1],[0,2],[0,3],[1,4],[1,5],[2,6],[2,7],[3,8],[4,9],[5,10],[6,11],[7,12],[7,13],[7,14],[8,15],[9,16],[9,17],[9,18],[9,19],[9,20],[9,21],[9,22],[9,23],[9,24],[10,25],[10,26],[10,27],[10,28],[10,29],[10,30],[10,31],[10,32],[10,33],[13,34],[34,35],[34,36],[34,37],[34,38],[34,39],[34,40],[34,41],[34,42],[34,43]],"ID":2}],"edgeSet":[[0,2,0],[2,1,0]],"ENTRY":{"def":[],"use":[],"callees":[],"nodes":["CompoundStmt"],"edges":[],"ID":0},"EXIT":{"def":[],"use":[],"callees":[],"nodes":["CompoundStmt"],"edges":[],"ID":1},"method_name":"isNamespaceAware"},{"blocks":[{"def":[],"use":[],"callees":[],"nodes":["CompoundStmt"],"edges":[],"ID":0},{"def":[],"use":[],"callees":[],"nodes":["CompoundStmt"],"edges":[],"ID":1},{"def":["$z0","r0"],"use":["r0.\u003corg.apache.xerces.jaxp.SAXParserImpl: boolean validation\u003e","@this: org.apache.xerces.jaxp.SAXParserImpl","$z0","r0"],"callees":[],"nodes":["CompoundStmt","DefinitionStmt","DefinitionStmt","ReturnStmt","Local","ThisRef","Local","InstanceFieldRef","Local","RefType","RefType","Boolean","Boolean","Local","Boolean","Boolean","org","apache","xerces","jaxp","S","A","X","Parser","Impl","org","apache","xerces","jaxp","S","A","X","Parser","Impl","RefType","org","apache","xerces","jaxp","S","A","X","Parser","Impl"],"edges":[[0,1],[0,2],[0,3],[1,4],[1,5],[2,6],[2,7],[3,8],[4,9],[5,10],[6,11],[7,12],[7,13],[7,14],[8,15],[9,16],[9,17],[9,18],[9,19],[9,20],[9,21],[9,22],[9,23],[9,24],[10,25],[10,26],[10,27],[10,28],[10,29],[10,30],[10,31],[10,32],[10,33],[13,34],[34,35],[34,36],[34,37],[34,38],[34,39],[34,40],[34,41],[34,42],[34,43]],"ID":2}],"edgeSet":[[0,2,0],[2,1,0]],"ENTRY":{"def":[],"use":[],"callees":[],"nodes":["CompoundStmt"],"edges":[],"ID":0},"EXIT":{"def":[],"use":[],"callees":[],"nodes":["CompoundStmt"],"edges":[],"ID":1},"method_name":"isValidating"},{"blocks":[{"def":[],"use":[],"callees":[],"nodes":["CompoundStmt"],"edges":[],"ID":0},{"def":[],"use":[],"callees":[],"nodes":["CompoundStmt"],"edges":[],"ID":1},{"def":["r2","$r3","$r4","$r5","$r6","$r7","r0","r1"],"use":["@parameter1: java.lang.Object","$r3","$r4","$r5","@this: org.apache.xerces.jaxp.SAXParserImpl","$r6","$r7","@parameter0: java.lang.String","r1"],"callees":[],"nodes":["CompoundStmt","DefinitionStmt","DefinitionStmt","DefinitionStmt","DefinitionStmt","DefinitionStmt","Invoke","DefinitionStmt","DefinitionStmt","DefinitionStmt","Invoke","ThrowStmt","Local","ThisRef","Local","Param","Local","Param","Local","NewExpr","Local","NewExpr","Local","Invoke","Local","Invoke","Local","Invoke","Local","RefType","RefType","RefType","RefType","RefType","RefType","RefType","RefType","RefType","RefType","RefType","RefType","RefType","RefType","org","apache","xerces","jaxp","S","A","X","Parser","Impl","org","apache","xerces","jaxp","S","A","X","Parser","Impl","java","lang","String","java","lang","String","java","lang","Object","java","lang","Object","org","xml","sax","S","A","X","Not","Recognized","Exception","org","xml","sax","S","A","X","Not","Recognized","Exception","java","lang","String","Buffer","java","lang","String","Buffer","java","lang","String","Buffer","java","lang","String","Buffer","java","lang","String","org","xml","sax","S","A","X","Not","Recognized","Exception"],"edges":[[0,1],[0,2],[0,3],[0,4],[0,5],[0,6],[0,7],[0,8],[0,9],[0,10],[0,11],[1,12],[1,13],[2,14],[2,15],[3,16],[3,17],[4,18],[4,19],[5,20],[5,21],[7,22],[7,23],[8,24],[8,25],[9,26],[9,27],[11,28],[12,29],[13,30],[14,31],[15,32],[16,33],[17,34],[18,35],[19,36],[20,37],[21,38],[22,39],[24,40],[26,41],[28,42],[29,43],[29,44],[29,45],[29,46],[29,47],[29,48],[29,49],[29,50],[29,51],[30,52],[30,53],[30,54],[30,55],[30,56],[30,57],[30,58],[30,59],[30,60],[31,61],[31,62],[31,63],[32,64],[32,65],[32,66],[33,67],[33,68],[33,69],[34,70],[34,71],[34,72],[35,73],[35,74],[35,75],[35,76],[35,77],[35,78],[35,79],[35,80],[35,81],[36,82],[36,83],[36,84],[36,85],[36,86],[36,87],[36,88],[36,89],[36,90],[37,91],[37,92],[37,93],[37,94],[38,95],[38,96],[38,97],[38,98],[39,99],[39,100],[39,101],[39,102],[40,103],[40,104],[40,105],[40,106],[41,107],[41,108],[41,109],[42,110],[42,111],[42,112],[42,113],[42,114],[42,115],[42,116],[42,117],[42,118]],"ID":2}],"edgeSet":[[0,2,0],[2,1,0]],"ENTRY":{"def":[],"use":[],"callees":[],"nodes":["CompoundStmt"],"edges":[],"ID":0},"EXIT":{"def":[],"use":[],"callees":[],"nodes":["CompoundStmt"],"edges":[],"ID":1},"method_name":"setProperty"},{"blocks":[{"def":[],"use":[],"callees":[],"nodes":["CompoundStmt"],"edges":[],"ID":0},{"def":[],"use":[],"callees":[],"nodes":["CompoundStmt"],"edges":[],"ID":1},{"def":["$r2","$r3","$r4","$r5","$r6","r0","r1"],"use":["$r2","$r3","$r4","$r5","@this: org.apache.xerces.jaxp.SAXParserImpl","$r6","@parameter0: java.lang.String","r1"],"callees":[],"nodes":["CompoundStmt","DefinitionStmt","DefinitionStmt","DefinitionStmt","DefinitionStmt","Invoke","DefinitionStmt","DefinitionStmt","DefinitionStmt","Invoke","ThrowStmt","Local","ThisRef","Local","Param","Local","NewExpr","Local","NewExpr","Local","Invoke","Local","Invoke","Local","Invoke","Local","RefType","RefType","RefType","RefType","RefType","RefType","RefType","RefType","RefType","RefType","RefType","RefType","org","apache","xerces","jaxp","S","A","X","Parser","Impl","org","apache","xerces","jaxp","S","A","X","Parser","Impl","java","lang","String","java","lang","String","org","xml","sax","S","A","X","Not","Recognized","Exception","org","xml","sax","S","A","X","Not","Recognized","Exception","java","lang","String","Buffer","java","lang","String","Buffer","java","lang","String","Buffer","java","lang","String","Buffer","java","lang","String","org","xml","sax","S","A","X","Not","Recognized","Exception"],"edges":[[0,1],[0,2],[0,3],[0,4],[0,5],[0,6],[0,7],[0,8],[0,9],[0,10],[1,11],[1,12],[2,13],[2,14],[3,15],[3,16],[4,17],[4,18],[6,19],[6,20],[7,21],[7,22],[8,23],[8,24],[10,25],[11,26],[12,27],[13,28],[14,29],[15,30],[16,31],[17,32],[18,33],[19,34],[21,35],[23,36],[25,37],[26,38],[26,39],[26,40],[26,41],[26,42],[26,43],[26,44],[26,45],[26,46],[27,47],[27,48],[27,49],[27,50],[27,51],[27,52],[27,53],[27,54],[27,55],[28,56],[28,57],[28,58],[29,59],[29,60],[29,61],[30,62],[30,63],[30,64],[30,65],[30,66],[30,67],[30,68],[30,69],[30,70],[31,71],[31,72],[31,73],[31,74],[31,75],[31,76],[31,77],[31,78],[31,79],[32,80],[32,81],[32,82],[32,83],[33,84],[33,85],[33,86],[33,87],[34,88],[34,89],[34,90],[34,91],[35,92],[35,93],[35,94],[35,95],[36,96],[36,97],[36,98],[37,99],[37,100],[37,101],[37,102],[37,103],[37,104],[37,105],[37,106],[37,107]],"ID":2}],"edgeSet":[[0,2,0],[2,1,0]],"ENTRY":{"def":[],"use":[],"callees":[],"nodes":["CompoundStmt"],"edges":[],"ID":0},"EXIT":{"def":[],"use":[],"callees":[],"nodes":["CompoundStmt"],"edges":[],"ID":1},"method_name":"getProperty"}],"label":"3"}