{"data":[{"blocks":[{"def":[],"use":[],"callees":[],"nodes":["CompoundStmt"],"edges":[],"ID":0},{"def":[],"use":[],"callees":[],"nodes":["CompoundStmt"],"edges":[],"ID":1},{"def":["r0.\u003corg.apache.xerces.utils.QName: int localpart\u003e","r0.\u003corg.apache.xerces.utils.QName: int prefix\u003e","r0.\u003corg.apache.xerces.utils.QName: int rawname\u003e","r0.\u003corg.apache.xerces.utils.QName: int uri\u003e","r0"],"use":["@this: org.apache.xerces.utils.QName","r0"],"callees":[],"nodes":["CompoundStmt","DefinitionStmt","DefinitionStmt","DefinitionStmt","DefinitionStmt","DefinitionStmt","ReturnVoidStmt","Local","ThisRef","InstanceFieldRef","Constant","InstanceFieldRef","Constant","InstanceFieldRef","Constant","InstanceFieldRef","Constant","RefType","RefType","Int","Local","Int","-","1","Int","Int","Local","Int","-","1","Int","Int","Local","Int","-","1","Int","Int","Local","Int","-","1","Int","org","apache","xerces","utils","Q","Name","org","apache","xerces","utils","Q","Name","RefType","RefType","RefType","RefType","org","apache","xerces","utils","Q","Name","org","apache","xerces","utils","Q","Name","org","apache","xerces","utils","Q","Name","org","apache","xerces","utils","Q","Name"],"edges":[[0,1],[0,2],[0,3],[0,4],[0,5],[0,6],[1,7],[1,8],[2,9],[2,10],[3,11],[3,12],[4,13],[4,14],[5,15],[5,16],[7,17],[8,18],[9,19],[9,20],[9,21],[10,22],[10,23],[10,24],[11,25],[11,26],[11,27],[12,28],[12,29],[12,30],[13,31],[13,32],[13,33],[14,34],[14,35],[14,36],[15,37],[15,38],[15,39],[16,40],[16,41],[16,42],[17,43],[17,44],[17,45],[17,46],[17,47],[17,48],[18,49],[18,50],[18,51],[18,52],[18,53],[18,54],[20,55],[26,56],[32,57],[38,58],[55,59],[55,60],[55,61],[55,62],[55,63],[55,64],[56,65],[56,66],[56,67],[56,68],[56,69],[56,70],[57,71],[57,72],[57,73],[57,74],[57,75],[57,76],[58,77],[58,78],[58,79],[58,80],[58,81],[58,82]],"ID":2}],"edgeSet":[[0,2,0],[2,1,0]],"ENTRY":{"def":[],"use":[],"callees":[],"nodes":["CompoundStmt"],"edges":[],"ID":0},"EXIT":{"def":[],"use":[],"callees":[],"nodes":["CompoundStmt"],"edges":[],"ID":1},"method_name":"clear"},{"blocks":[{"def":[],"use":[],"callees":[],"nodes":["CompoundStmt"],"edges":[],"ID":0},{"def":[],"use":[],"callees":[],"nodes":["CompoundStmt"],"edges":[],"ID":1},{"def":["r0"],"use":["@this: org.apache.xerces.utils.QName","r0"],"callees":["clear"],"nodes":["CompoundStmt","DefinitionStmt","Invoke","Invoke","ReturnVoidStmt","Local","ThisRef","RefType","RefType","org","apache","xerces","utils","Q","Name","org","apache","xerces","utils","Q","Name"],"edges":[[0,1],[0,2],[0,3],[0,4],[1,5],[1,6],[5,7],[6,8],[7,9],[7,10],[7,11],[7,12],[7,13],[7,14],[8,15],[8,16],[8,17],[8,18],[8,19],[8,20]],"ID":2}],"edgeSet":[[0,2,0],[2,1,0]],"ENTRY":{"def":[],"use":[],"callees":[],"nodes":["CompoundStmt"],"edges":[],"ID":0},"EXIT":{"def":[],"use":[],"callees":[],"nodes":["CompoundStmt"],"edges":[],"ID":1},"method_name":"\u003cinit\u003e"},{"blocks":[{"def":[],"use":[],"callees":[],"nodes":["CompoundStmt"],"edges":[],"ID":0},{"def":[],"use":[],"callees":[],"nodes":["CompoundStmt"],"edges":[],"ID":1},{"def":["r0.\u003corg.apache.xerces.utils.QName: int localpart\u003e","i0","r0.\u003corg.apache.xerces.utils.QName: int prefix\u003e","i1","i2","i3","r0.\u003corg.apache.xerces.utils.QName: int rawname\u003e","r0.\u003corg.apache.xerces.utils.QName: int uri\u003e","r0"],"use":["@parameter2: int","@parameter3: int","i0","i1","@this: org.apache.xerces.utils.QName","@parameter0: int","i2","i3","@parameter1: int","r0"],"callees":[],"nodes":["CompoundStmt","DefinitionStmt","DefinitionStmt","DefinitionStmt","DefinitionStmt","DefinitionStmt","DefinitionStmt","DefinitionStmt","DefinitionStmt","DefinitionStmt","ReturnVoidStmt","Local","ThisRef","Local","Param","Local","Param","Local","Param","Local","Param","InstanceFieldRef","Local","InstanceFieldRef","Local","InstanceFieldRef","Local","InstanceFieldRef","Local","RefType","RefType","Int","Int","Int","Int","Int","Int","Int","Int","Int","Local","Int","Int","Int","Local","Int","Int","Int","Local","Int","Int","Int","Local","Int","Int","org","apache","xerces","utils","Q","Name","org","apache","xerces","utils","Q","Name","RefType","RefType","RefType","RefType","org","apache","xerces","utils","Q","Name","org","apache","xerces","utils","Q","Name","org","apache","xerces","utils","Q","Name","org","apache","xerces","utils","Q","Name"],"edges":[[0,1],[0,2],[0,3],[0,4],[0,5],[0,6],[0,7],[0,8],[0,9],[0,10],[1,11],[1,12],[2,13],[2,14],[3,15],[3,16],[4,17],[4,18],[5,19],[5,20],[6,21],[6,22],[7,23],[7,24],[8,25],[8,26],[9,27],[9,28],[11,29],[12,30],[13,31],[14,32],[15,33],[16,34],[17,35],[18,36],[19,37],[20,38],[21,39],[21,40],[21,41],[22,42],[23,43],[23,44],[23,45],[24,46],[25,47],[25,48],[25,49],[26,50],[27,51],[27,52],[27,53],[28,54],[29,55],[29,56],[29,57],[29,58],[29,59],[29,60],[30,61],[30,62],[30,63],[30,64],[30,65],[30,66],[40,67],[44,68],[48,69],[52,70],[67,71],[67,72],[67,73],[67,74],[67,75],[67,76],[68,77],[68,78],[68,79],[68,80],[68,81],[68,82],[69,83],[69,84],[69,85],[69,86],[69,87],[69,88],[70,89],[70,90],[70,91],[70,92],[70,93],[70,94]],"ID":2}],"edgeSet":[[0,2,0],[2,1,0]],"ENTRY":{"def":[],"use":[],"callees":[],"nodes":["CompoundStmt"],"edges":[],"ID":0},"EXIT":{"def":[],"use":[],"callees":[],"nodes":["CompoundStmt"],"edges":[],"ID":1},"method_name":"setValues"},{"blocks":[{"def":[],"use":[],"callees":[],"nodes":["CompoundStmt"],"edges":[],"ID":0},{"def":[],"use":[],"callees":[],"nodes":["CompoundStmt"],"edges":[],"ID":1},{"def":["i0","i1","i2","r0"],"use":["@parameter2: int","i0","i1","@this: org.apache.xerces.utils.QName","@parameter0: int","i2","@parameter1: int","r0"],"callees":["setValues"],"nodes":["CompoundStmt","DefinitionStmt","DefinitionStmt","DefinitionStmt","DefinitionStmt","Invoke","Invoke","ReturnVoidStmt","Local","ThisRef","Local","Param","Local","Param","Local","Param","RefType","RefType","Int","Int","Int","Int","Int","Int","org","apache","xerces","utils","Q","Name","org","apache","xerces","utils","Q","Name"],"edges":[[0,1],[0,2],[0,3],[0,4],[0,5],[0,6],[0,7],[1,8],[1,9],[2,10],[2,11],[3,12],[3,13],[4,14],[4,15],[8,16],[9,17],[10,18],[11,19],[12,20],[13,21],[14,22],[15,23],[16,24],[16,25],[16,26],[16,27],[16,28],[16,29],[17,30],[17,31],[17,32],[17,33],[17,34],[17,35]],"ID":2}],"edgeSet":[[0,2,0],[2,1,0]],"ENTRY":{"def":[],"use":[],"callees":[],"nodes":["CompoundStmt"],"edges":[],"ID":0},"EXIT":{"def":[],"use":[],"callees":[],"nodes":["CompoundStmt"],"edges":[],"ID":1},"method_name":"\u003cinit\u003e"},{"blocks":[{"def":[],"use":[],"callees":[],"nodes":["CompoundStmt"],"edges":[],"ID":0},{"def":[],"use":[],"callees":[],"nodes":["CompoundStmt"],"edges":[],"ID":1},{"def":["i0","i1","i2","i3","r0"],"use":["@parameter2: int","@parameter3: int","i0","i1","@this: org.apache.xerces.utils.QName","@parameter0: int","i2","i3","@parameter1: int","r0"],"callees":["setValues"],"nodes":["CompoundStmt","DefinitionStmt","DefinitionStmt","DefinitionStmt","DefinitionStmt","DefinitionStmt","Invoke","Invoke","ReturnVoidStmt","Local","ThisRef","Local","Param","Local","Param","Local","Param","Local","Param","RefType","RefType","Int","Int","Int","Int","Int","Int","Int","Int","org","apache","xerces","utils","Q","Name","org","apache","xerces","utils","Q","Name"],"edges":[[0,1],[0,2],[0,3],[0,4],[0,5],[0,6],[0,7],[0,8],[1,9],[1,10],[2,11],[2,12],[3,13],[3,14],[4,15],[4,16],[5,17],[5,18],[9,19],[10,20],[11,21],[12,22],[13,23],[14,24],[15,25],[16,26],[17,27],[18,28],[19,29],[19,30],[19,31],[19,32],[19,33],[19,34],[20,35],[20,36],[20,37],[20,38],[20,39],[20,40]],"ID":2}],"edgeSet":[[0,2,0],[2,1,0]],"ENTRY":{"def":[],"use":[],"callees":[],"nodes":["CompoundStmt"],"edges":[],"ID":0},"EXIT":{"def":[],"use":[],"callees":[],"nodes":["CompoundStmt"],"edges":[],"ID":1},"method_name":"\u003cinit\u003e"},{"blocks":[{"def":[],"use":[],"callees":[],"nodes":["CompoundStmt"],"edges":[],"ID":0},{"def":[],"use":[],"callees":[],"nodes":["CompoundStmt"],"edges":[],"ID":1},{"def":["r0","r1"],"use":["@parameter0: org.apache.xerces.utils.QName","@this: org.apache.xerces.utils.QName","r0","r1"],"callees":["setValues"],"nodes":["CompoundStmt","DefinitionStmt","DefinitionStmt","Invoke","Invoke","ReturnVoidStmt","Local","ThisRef","Local","Param","RefType","RefType","RefType","RefType","org","apache","xerces","utils","Q","Name","org","apache","xerces","utils","Q","Name","org","apache","xerces","utils","Q","Name","org","apache","xerces","utils","Q","Name"],"edges":[[0,1],[0,2],[0,3],[0,4],[0,5],[1,6],[1,7],[2,8],[2,9],[6,10],[7,11],[8,12],[9,13],[10,14],[10,15],[10,16],[10,17],[10,18],[10,19],[11,20],[11,21],[11,22],[11,23],[11,24],[11,25],[12,26],[12,27],[12,28],[12,29],[12,30],[12,31],[13,32],[13,33],[13,34],[13,35],[13,36],[13,37]],"ID":2}],"edgeSet":[[0,2,0],[2,1,0]],"ENTRY":{"def":[],"use":[],"callees":[],"nodes":["CompoundStmt"],"edges":[],"ID":0},"EXIT":{"def":[],"use":[],"callees":[],"nodes":["CompoundStmt"],"edges":[],"ID":1},"method_name":"\u003cinit\u003e"},{"blocks":[{"def":[],"use":[],"callees":[],"nodes":["CompoundStmt"],"edges":[],"ID":0},{"def":[],"use":[],"callees":[],"nodes":["CompoundStmt"],"edges":[],"ID":1},{"def":["r0.\u003corg.apache.xerces.utils.QName: int localpart\u003e","r0.\u003corg.apache.xerces.utils.QName: int prefix\u003e","r0.\u003corg.apache.xerces.utils.QName: int rawname\u003e","$i0","$i1","r0.\u003corg.apache.xerces.utils.QName: int uri\u003e","$i2","r0","$i3","r1"],"use":["@parameter0: org.apache.xerces.utils.QName","r1.\u003corg.apache.xerces.utils.QName: int rawname\u003e","r1.\u003corg.apache.xerces.utils.QName: int prefix\u003e","r1.\u003corg.apache.xerces.utils.QName: int localpart\u003e","@this: org.apache.xerces.utils.QName","$i0","$i1","$i2","r0","r1.\u003corg.apache.xerces.utils.QName: int uri\u003e","$i3","r1"],"callees":[],"nodes":["CompoundStmt","DefinitionStmt","DefinitionStmt","DefinitionStmt","DefinitionStmt","DefinitionStmt","DefinitionStmt","DefinitionStmt","DefinitionStmt","DefinitionStmt","DefinitionStmt","ReturnVoidStmt","Local","ThisRef","Local","Param","Local","InstanceFieldRef","InstanceFieldRef","Local","Local","InstanceFieldRef","InstanceFieldRef","Local","Local","InstanceFieldRef","InstanceFieldRef","Local","Local","InstanceFieldRef","InstanceFieldRef","Local","RefType","RefType","RefType","RefType","Int","Int","Local","Int","Int","Local","Int","Int","Int","Int","Local","Int","Int","Local","Int","Int","Int","Int","Local","Int","Int","Local","Int","Int","Int","Int","Local","Int","Int","Local","Int","Int","org","apache","xerces","utils","Q","Name","org","apache","xerces","utils","Q","Name","org","apache","xerces","utils","Q","Name","org","apache","xerces","utils","Q","Name","RefType","RefType","RefType","RefType","RefType","RefType","RefType","RefType","org","apache","xerces","utils","Q","Name","org","apache","xerces","utils","Q","Name","org","apache","xerces","utils","Q","Name","org","apache","xerces","utils","Q","Name","org","apache","xerces","utils","Q","Name","org","apache","xerces","utils","Q","Name","org","apache","xerces","utils","Q","Name","org","apache","xerces","utils","Q","Name"],"edges":[[0,1],[0,2],[0,3],[0,4],[0,5],[0,6],[0,7],[0,8],[0,9],[0,10],[0,11],[1,12],[1,13],[2,14],[2,15],[3,16],[3,17],[4,18],[4,19],[5,20],[5,21],[6,22],[6,23],[7,24],[7,25],[8,26],[8,27],[9,28],[9,29],[10,30],[10,31],[12,32],[13,33],[14,34],[15,35],[16,36],[17,37],[17,38],[17,39],[18,40],[18,41],[18,42],[19,43],[20,44],[21,45],[21,46],[21,47],[22,48],[22,49],[22,50],[23,51],[24,52],[25,53],[25,54],[25,55],[26,56],[26,57],[26,58],[27,59],[28,60],[29,61],[29,62],[29,63],[30,64],[30,65],[30,66],[31,67],[32,68],[32,69],[32,70],[32,71],[32,72],[32,73],[33,74],[33,75],[33,76],[33,77],[33,78],[33,79],[34,80],[34,81],[34,82],[34,83],[34,84],[34,85],[35,86],[35,87],[35,88],[35,89],[35,90],[35,91],[38,92],[41,93],[46,94],[49,95],[54,96],[57,97],[62,98],[65,99],[92,100],[92,101],[92,102],[92,103],[92,104],[92,105],[93,106],[93,107],[93,108],[93,109],[93,110],[93,111],[94,112],[94,113],[94,114],[94,115],[94,116],[94,117],[95,118],[95,119],[95,120],[95,121],[95,122],[95,123],[96,124],[96,125],[96,126],[96,127],[96,128],[96,129],[97,130],[97,131],[97,132],[97,133],[97,134],[97,135],[98,136],[98,137],[98,138],[98,139],[98,140],[98,141],[99,142],[99,143],[99,144],[99,145],[99,146],[99,147]],"ID":2}],"edgeSet":[[0,2,0],[2,1,0]],"ENTRY":{"def":[],"use":[],"callees":[],"nodes":["CompoundStmt"],"edges":[],"ID":0},"EXIT":{"def":[],"use":[],"callees":[],"nodes":["CompoundStmt"],"edges":[],"ID":1},"method_name":"setValues"},{"blocks":[{"def":[],"use":[],"callees":[],"nodes":["CompoundStmt"],"edges":[],"ID":0},{"def":[],"use":[],"callees":[],"nodes":["CompoundStmt"],"edges":[],"ID":1},{"def":["i0","i1","i2","r0"],"use":["@parameter2: int","i0","i1","@this: org.apache.xerces.utils.QName","@parameter0: int","i2","@parameter1: int","r0"],"callees":["setValues"],"nodes":["CompoundStmt","DefinitionStmt","DefinitionStmt","DefinitionStmt","DefinitionStmt","Invoke","ReturnVoidStmt","Local","ThisRef","Local","Param","Local","Param","Local","Param","RefType","RefType","Int","Int","Int","Int","Int","Int","org","apache","xerces","utils","Q","Name","org","apache","xerces","utils","Q","Name"],"edges":[[0,1],[0,2],[0,3],[0,4],[0,5],[0,6],[1,7],[1,8],[2,9],[2,10],[3,11],[3,12],[4,13],[4,14],[7,15],[8,16],[9,17],[10,18],[11,19],[12,20],[13,21],[14,22],[15,23],[15,24],[15,25],[15,26],[15,27],[15,28],[16,29],[16,30],[16,31],[16,32],[16,33],[16,34]],"ID":2}],"edgeSet":[[0,2,0],[2,1,0]],"ENTRY":{"def":[],"use":[],"callees":[],"nodes":["CompoundStmt"],"edges":[],"ID":0},"EXIT":{"def":[],"use":[],"callees":[],"nodes":["CompoundStmt"],"edges":[],"ID":1},"method_name":"setValues"},{"blocks":[{"def":[],"use":[],"callees":[],"nodes":["CompoundStmt"],"edges":[],"ID":0},{"def":[],"use":[],"callees":[],"nodes":["CompoundStmt"],"edges":[],"ID":1},{"def":["r0.\u003corg.apache.xerces.utils.QName: int localpart\u003e","i0","r0.\u003corg.apache.xerces.utils.QName: int prefix\u003e","i1","i2","i3","r0.\u003corg.apache.xerces.utils.QName: int rawname\u003e","r0.\u003corg.apache.xerces.utils.QName: int uri\u003e","r0"],"use":["@parameter2: int","@parameter3: int","i0","i1","@this: org.apache.xerces.utils.QName","@parameter0: int","i2","i3","@parameter1: int","r0"],"callees":[],"nodes":["CompoundStmt","DefinitionStmt","DefinitionStmt","DefinitionStmt","DefinitionStmt","DefinitionStmt","DefinitionStmt","DefinitionStmt","DefinitionStmt","DefinitionStmt","ReturnVoidStmt","Local","ThisRef","Local","Param","Local","Param","Local","Param","Local","Param","InstanceFieldRef","Local","InstanceFieldRef","Local","InstanceFieldRef","Local","InstanceFieldRef","Local","RefType","RefType","Int","Int","Int","Int","Int","Int","Int","Int","Int","Local","Int","Int","Int","Local","Int","Int","Int","Local","Int","Int","Int","Local","Int","Int","org","apache","xerces","utils","Q","Name","org","apache","xerces","utils","Q","Name","RefType","RefType","RefType","RefType","org","apache","xerces","utils","Q","Name","org","apache","xerces","utils","Q","Name","org","apache","xerces","utils","Q","Name","org","apache","xerces","utils","Q","Name"],"edges":[[0,1],[0,2],[0,3],[0,4],[0,5],[0,6],[0,7],[0,8],[0,9],[0,10],[1,11],[1,12],[2,13],[2,14],[3,15],[3,16],[4,17],[4,18],[5,19],[5,20],[6,21],[6,22],[7,23],[7,24],[8,25],[8,26],[9,27],[9,28],[11,29],[12,30],[13,31],[14,32],[15,33],[16,34],[17,35],[18,36],[19,37],[20,38],[21,39],[21,40],[21,41],[22,42],[23,43],[23,44],[23,45],[24,46],[25,47],[25,48],[25,49],[26,50],[27,51],[27,52],[27,53],[28,54],[29,55],[29,56],[29,57],[29,58],[29,59],[29,60],[30,61],[30,62],[30,63],[30,64],[30,65],[30,66],[40,67],[44,68],[48,69],[52,70],[67,71],[67,72],[67,73],[67,74],[67,75],[67,76],[68,77],[68,78],[68,79],[68,80],[68,81],[68,82],[69,83],[69,84],[69,85],[69,86],[69,87],[69,88],[70,89],[70,90],[70,91],[70,92],[70,93],[70,94]],"ID":2}],"edgeSet":[[0,2,0],[2,1,0]],"ENTRY":{"def":[],"use":[],"callees":[],"nodes":["CompoundStmt"],"edges":[],"ID":0},"EXIT":{"def":[],"use":[],"callees":[],"nodes":["CompoundStmt"],"edges":[],"ID":1},"method_name":"setValues"},{"blocks":[{"def":[],"use":[],"callees":[],"nodes":["CompoundStmt"],"edges":[],"ID":0},{"def":[],"use":[],"callees":[],"nodes":["CompoundStmt"],"edges":[],"ID":1},{"def":["r0.\u003corg.apache.xerces.utils.QName: int localpart\u003e","r0.\u003corg.apache.xerces.utils.QName: int prefix\u003e","r0.\u003corg.apache.xerces.utils.QName: int rawname\u003e","r0.\u003corg.apache.xerces.utils.QName: int uri\u003e","r0"],"use":["@this: org.apache.xerces.utils.QName","r0"],"callees":[],"nodes":["CompoundStmt","DefinitionStmt","DefinitionStmt","DefinitionStmt","DefinitionStmt","DefinitionStmt","ReturnVoidStmt","Local","ThisRef","InstanceFieldRef","Constant","InstanceFieldRef","Constant","InstanceFieldRef","Constant","InstanceFieldRef","Constant","RefType","RefType","Int","Local","Int","-","1","Int","Int","Local","Int","-","1","Int","Int","Local","Int","-","1","Int","Int","Local","Int","-","1","Int","org","apache","xerces","utils","Q","Name","org","apache","xerces","utils","Q","Name","RefType","RefType","RefType","RefType","org","apache","xerces","utils","Q","Name","org","apache","xerces","utils","Q","Name","org","apache","xerces","utils","Q","Name","org","apache","xerces","utils","Q","Name"],"edges":[[0,1],[0,2],[0,3],[0,4],[0,5],[0,6],[1,7],[1,8],[2,9],[2,10],[3,11],[3,12],[4,13],[4,14],[5,15],[5,16],[7,17],[8,18],[9,19],[9,20],[9,21],[10,22],[10,23],[10,24],[11,25],[11,26],[11,27],[12,28],[12,29],[12,30],[13,31],[13,32],[13,33],[14,34],[14,35],[14,36],[15,37],[15,38],[15,39],[16,40],[16,41],[16,42],[17,43],[17,44],[17,45],[17,46],[17,47],[17,48],[18,49],[18,50],[18,51],[18,52],[18,53],[18,54],[20,55],[26,56],[32,57],[38,58],[55,59],[55,60],[55,61],[55,62],[55,63],[55,64],[56,65],[56,66],[56,67],[56,68],[56,69],[56,70],[57,71],[57,72],[57,73],[57,74],[57,75],[57,76],[58,77],[58,78],[58,79],[58,80],[58,81],[58,82]],"ID":2}],"edgeSet":[[0,2,0],[2,1,0]],"ENTRY":{"def":[],"use":[],"callees":[],"nodes":["CompoundStmt"],"edges":[],"ID":0},"EXIT":{"def":[],"use":[],"callees":[],"nodes":["CompoundStmt"],"edges":[],"ID":1},"method_name":"clear"},{"blocks":[{"def":[],"use":[],"callees":[],"nodes":["CompoundStmt"],"edges":[],"ID":0},{"def":[],"use":[],"callees":[],"nodes":["CompoundStmt"],"edges":[],"ID":1},{"def":["r0","r1"],"use":["@this: org.apache.xerces.utils.QName","@parameter0: java.lang.Object","r1"],"callees":[],"nodes":["CompoundStmt","DefinitionStmt","DefinitionStmt","IfStmt","Local","ThisRef","Local","Param","BinaryOp","RefType","RefType","RefType","RefType","Local"," \u003d\u003d ","Constant","org","apache","xerces","utils","Q","Name","org","apache","xerces","utils","Q","Name","java","lang","Object","java","lang","Object","RefType","Null","java","lang","Object"],"edges":[[0,1],[0,2],[0,3],[1,4],[1,5],[2,6],[2,7],[3,8],[4,9],[5,10],[6,11],[7,12],[8,13],[8,14],[8,15],[9,16],[9,17],[9,18],[9,19],[9,20],[9,21],[10,22],[10,23],[10,24],[10,25],[10,26],[10,27],[11,28],[11,29],[11,30],[12,31],[12,32],[12,33],[13,34],[15,35],[34,36],[34,37],[34,38]],"ID":2},{"def":["$z0"],"use":["$z0","r1"],"callees":[],"nodes":["CompoundStmt","DefinitionStmt","IfStmt","Local","InstanceOfExpr","BinaryOp","Boolean","Boolean","Local","RefType","Local"," \u003d\u003d ","Constant","RefType","org","apache","xerces","utils","Q","Name","Boolean","0","Int","java","lang","Object"],"edges":[[0,1],[0,2],[1,3],[1,4],[2,5],[3,6],[4,7],[4,8],[4,9],[5,10],[5,11],[5,12],[8,13],[9,14],[9,15],[9,16],[9,17],[9,18],[9,19],[10,20],[12,21],[12,22],[13,23],[13,24],[13,25]],"ID":3},{"def":["r2","$i0","$i1"],"use":["r2","r0.\u003corg.apache.xerces.utils.QName: int prefix\u003e","r2.\u003corg.apache.xerces.utils.QName: int prefix\u003e","$i0","$i1","r0","r1"],"callees":[],"nodes":["CompoundStmt","DefinitionStmt","DefinitionStmt","DefinitionStmt","IfStmt","Local","CastExpr","Local","InstanceFieldRef","Local","InstanceFieldRef","BinaryOp","RefType","RefType","RefType","Local","Int","Int","Local","Int","Int","Int","Local","Int","Local"," !\u003d ","Local","org","apache","xerces","utils","Q","Name","org","apache","xerces","utils","Q","Name","org","apache","xerces","utils","Q","Name","RefType","RefType","RefType","Int","Int","java","lang","Object","org","apache","xerces","utils","Q","Name","org","apache","xerces","utils","Q","Name"],"edges":[[0,1],[0,2],[0,3],[0,4],[1,5],[1,6],[2,7],[2,8],[3,9],[3,10],[4,11],[5,12],[6,13],[6,14],[6,15],[7,16],[8,17],[8,18],[8,19],[9,20],[10,21],[10,22],[10,23],[11,24],[11,25],[11,26],[12,27],[12,28],[12,29],[12,30],[12,31],[12,32],[13,33],[13,34],[13,35],[13,36],[13,37],[13,38],[14,39],[14,40],[14,41],[14,42],[14,43],[14,44],[15,45],[18,46],[22,47],[24,48],[26,49],[45,50],[45,51],[45,52],[46,53],[46,54],[46,55],[46,56],[46,57],[46,58],[47,59],[47,60],[47,61],[47,62],[47,63],[47,64]],"ID":4},{"def":["$i2","$i3"],"use":["r2","r0.\u003corg.apache.xerces.utils.QName: int localpart\u003e","r2.\u003corg.apache.xerces.utils.QName: int localpart\u003e","$i2","r0","$i3"],"callees":[],"nodes":["CompoundStmt","DefinitionStmt","DefinitionStmt","IfStmt","Local","InstanceFieldRef","Local","InstanceFieldRef","BinaryOp","Int","Int","Local","Int","Int","Int","Local","Int","Local"," !\u003d ","Local","RefType","RefType","Int","Int","org","apache","xerces","utils","Q","Name","org","apache","xerces","utils","Q","Name"],"edges":[[0,1],[0,2],[0,3],[1,4],[1,5],[2,6],[2,7],[3,8],[4,9],[5,10],[5,11],[5,12],[6,13],[7,14],[7,15],[7,16],[8,17],[8,18],[8,19],[11,20],[15,21],[17,22],[19,23],[20,24],[20,25],[20,26],[20,27],[20,28],[20,29],[21,30],[21,31],[21,32],[21,33],[21,34],[21,35]],"ID":5},{"def":["$i5","$i4"],"use":["r2","$i5","r2.\u003corg.apache.xerces.utils.QName: int rawname\u003e","r0.\u003corg.apache.xerces.utils.QName: int rawname\u003e","r0","$i4"],"callees":[],"nodes":["CompoundStmt","DefinitionStmt","DefinitionStmt","IfStmt","Local","InstanceFieldRef","Local","InstanceFieldRef","BinaryOp","Int","Int","Local","Int","Int","Int","Local","Int","Local"," !\u003d ","Local","RefType","RefType","Int","Int","org","apache","xerces","utils","Q","Name","org","apache","xerces","utils","Q","Name"],"edges":[[0,1],[0,2],[0,3],[1,4],[1,5],[2,6],[2,7],[3,8],[4,9],[5,10],[5,11],[5,12],[6,13],[7,14],[7,15],[7,16],[8,17],[8,18],[8,19],[11,20],[15,21],[17,22],[19,23],[20,24],[20,25],[20,26],[20,27],[20,28],[20,29],[21,30],[21,31],[21,32],[21,33],[21,34],[21,35]],"ID":6},{"def":["$i6","$i7"],"use":["r2","$i6","$i7","r2.\u003corg.apache.xerces.utils.QName: int uri\u003e","r0.\u003corg.apache.xerces.utils.QName: int uri\u003e","r0"],"callees":[],"nodes":["CompoundStmt","DefinitionStmt","DefinitionStmt","IfStmt","Local","InstanceFieldRef","Local","InstanceFieldRef","BinaryOp","Int","Int","Local","Int","Int","Int","Local","Int","Local"," !\u003d ","Local","RefType","RefType","Int","Int","org","apache","xerces","utils","Q","Name","org","apache","xerces","utils","Q","Name"],"edges":[[0,1],[0,2],[0,3],[1,4],[1,5],[2,6],[2,7],[3,8],[4,9],[5,10],[5,11],[5,12],[6,13],[7,14],[7,15],[7,16],[8,17],[8,18],[8,19],[11,20],[15,21],[17,22],[19,23],[20,24],[20,25],[20,26],[20,27],[20,28],[20,29],[21,30],[21,31],[21,32],[21,33],[21,34],[21,35]],"ID":7},{"def":["$z1"],"use":["$z1"],"callees":[],"nodes":["CompoundStmt","DefinitionStmt","GotoStmt","ReturnStmt","Local","Constant","Local","Boolean","1","Int","Boolean"],"edges":[[0,1],[0,2],[0,3],[1,4],[1,5],[3,6],[4,7],[5,8],[5,9],[6,10]],"ID":8},{"def":["$z1"],"use":[],"callees":[],"nodes":["CompoundStmt","DefinitionStmt","Local","Constant","Boolean","0","Int"],"edges":[[0,1],[1,2],[1,3],[2,4],[3,5],[3,6]],"ID":9},{"def":[],"use":[],"callees":[],"nodes":["CompoundStmt","ReturnStmt","Constant","0","Int"],"edges":[[0,1],[1,2],[2,3],[2,4]],"ID":10}],"edgeSet":[[8,1,0],[10,1,0],[2,10,2],[3,10,2],[4,9,2],[0,2,0],[5,9,2],[6,9,2],[2,3,1],[3,4,1],[4,5,1],[5,6,1],[6,7,1],[7,8,1],[7,9,2],[9,8,0]],"ENTRY":{"def":[],"use":[],"callees":[],"nodes":["CompoundStmt"],"edges":[],"ID":0},"EXIT":{"def":[],"use":[],"callees":[],"nodes":["CompoundStmt"],"edges":[],"ID":1},"method_name":"equals"},{"blocks":[{"def":[],"use":[],"callees":[],"nodes":["CompoundStmt"],"edges":[],"ID":0},{"def":[],"use":[],"callees":[],"nodes":["CompoundStmt"],"edges":[],"ID":1},{"def":["$i0","$i1","$i2","r0","$i3"],"use":["r0.\u003corg.apache.xerces.utils.QName: int localpart\u003e","@this: org.apache.xerces.utils.QName","$i0","r0.\u003corg.apache.xerces.utils.QName: int uri\u003e","$i1","$i2","r0","$i3"],"callees":[],"nodes":["CompoundStmt","DefinitionStmt","DefinitionStmt","DefinitionStmt","DefinitionStmt","DefinitionStmt","ReturnStmt","Local","ThisRef","Local","InstanceFieldRef","Local","BinaryOp","Local","InstanceFieldRef","Local","BinaryOp","Local","RefType","RefType","Int","Int","Local","Int","Int","Local"," \u003c\u003c ","Constant","Int","Int","Local","Int","Int","Local"," | ","Local","Int","org","apache","xerces","utils","Q","Name","org","apache","xerces","utils","Q","Name","RefType","Int","1","6","Int","RefType","Int","Int","org","apache","xerces","utils","Q","Name","org","apache","xerces","utils","Q","Name"],"edges":[[0,1],[0,2],[0,3],[0,4],[0,5],[0,6],[1,7],[1,8],[2,9],[2,10],[3,11],[3,12],[4,13],[4,14],[5,15],[5,16],[6,17],[7,18],[8,19],[9,20],[10,21],[10,22],[10,23],[11,24],[12,25],[12,26],[12,27],[13,28],[14,29],[14,30],[14,31],[15,32],[16,33],[16,34],[16,35],[17,36],[18,37],[18,38],[18,39],[18,40],[18,41],[18,42],[19,43],[19,44],[19,45],[19,46],[19,47],[19,48],[22,49],[25,50],[27,51],[27,52],[27,53],[30,54],[33,55],[35,56],[49,57],[49,58],[49,59],[49,60],[49,61],[49,62],[54,63],[54,64],[54,65],[54,66],[54,67],[54,68]],"ID":2}],"edgeSet":[[0,2,0],[2,1,0]],"ENTRY":{"def":[],"use":[],"callees":[],"nodes":["CompoundStmt"],"edges":[],"ID":0},"EXIT":{"def":[],"use":[],"callees":[],"nodes":["CompoundStmt"],"edges":[],"ID":1},"method_name":"hashCode"},{"blocks":[{"def":[],"use":[],"callees":[],"nodes":["CompoundStmt"],"edges":[],"ID":0},{"def":[],"use":[],"callees":[],"nodes":["CompoundStmt"],"edges":[],"ID":1},{"def":["$r14","$r2","$i0","$i1","$i2","r0","$i3","r1"],"use":["r0.\u003corg.apache.xerces.utils.QName: int localpart\u003e","$r14","$r2","r0.\u003corg.apache.xerces.utils.QName: int prefix\u003e","@this: org.apache.xerces.utils.QName","$i0","$i1","$i2","$i3","r0.\u003corg.apache.xerces.utils.QName: int rawname\u003e","r0.\u003corg.apache.xerces.utils.QName: int uri\u003e","r0","r1"],"callees":[],"nodes":["CompoundStmt","DefinitionStmt","DefinitionStmt","Invoke","DefinitionStmt","Invoke","DefinitionStmt","Invoke","Invoke","Invoke","DefinitionStmt","Invoke","Invoke","Invoke","DefinitionStmt","Invoke","Invoke","Invoke","DefinitionStmt","Invoke","DefinitionStmt","ReturnStmt","Local","ThisRef","Local","NewExpr","Local","Local","Local","InstanceFieldRef","Local","InstanceFieldRef","Local","InstanceFieldRef","Local","InstanceFieldRef","Local","Invoke","Local","RefType","RefType","RefType","RefType","RefType","RefType","Int","Int","Local","Int","Int","Int","Local","Int","Int","Int","Local","Int","Int","Int","Local","Int","RefType","RefType","org","apache","xerces","utils","Q","Name","org","apache","xerces","utils","Q","Name","java","lang","String","Buffer","java","lang","String","Buffer","java","lang","String","Buffer","java","lang","String","Buffer","RefType","RefType","RefType","RefType","java","lang","String","java","lang","String","org","apache","xerces","utils","Q","Name","org","apache","xerces","utils","Q","Name","org","apache","xerces","utils","Q","Name","org","apache","xerces","utils","Q","Name"],"edges":[[0,1],[0,2],[0,3],[0,4],[0,5],[0,6],[0,7],[0,8],[0,9],[0,10],[0,11],[0,12],[0,13],[0,14],[0,15],[0,16],[0,17],[0,18],[0,19],[0,20],[0,21],[1,22],[1,23],[2,24],[2,25],[4,26],[4,27],[6,28],[6,29],[10,30],[10,31],[14,32],[14,33],[18,34],[18,35],[20,36],[20,37],[21,38],[22,39],[23,40],[24,41],[25,42],[26,43],[27,44],[28,45],[29,46],[29,47],[29,48],[30,49],[31,50],[31,51],[31,52],[32,53],[33,54],[33,55],[33,56],[34,57],[35,58],[35,59],[35,60],[36,61],[38,62],[39,63],[39,64],[39,65],[39,66],[39,67],[39,68],[40,69],[40,70],[40,71],[40,72],[40,73],[40,74],[41,75],[41,76],[41,77],[41,78],[42,79],[42,80],[42,81],[42,82],[43,83],[43,84],[43,85],[43,86],[44,87],[44,88],[44,89],[44,90],[47,91],[51,92],[55,93],[59,94],[61,95],[61,96],[61,97],[62,98],[62,99],[62,100],[91,101],[91,102],[91,103],[91,104],[91,105],[91,106],[92,107],[92,108],[92,109],[92,110],[92,111],[92,112],[93,113],[93,114],[93,115],[93,116],[93,117],[93,118],[94,119],[94,120],[94,121],[94,122],[94,123],[94,124]],"ID":2}],"edgeSet":[[0,2,0],[2,1,0]],"ENTRY":{"def":[],"use":[],"callees":[],"nodes":["CompoundStmt"],"edges":[],"ID":0},"EXIT":{"def":[],"use":[],"callees":[],"nodes":["CompoundStmt"],"edges":[],"ID":1},"method_name":"toString"}],"label":"0"}