{"data":[{"blocks":[{"def":[],"use":[],"callees":[],"nodes":["CompoundStmt"],"edges":[],"ID":0},{"def":[],"use":[],"callees":[],"nodes":["CompoundStmt"],"edges":[],"ID":1},{"def":["z0","r0"],"use":["@this: org.apache.xerces.dom.NodeImpl","z0","@parameter0: boolean"],"callees":[],"nodes":["CompoundStmt","DefinitionStmt","DefinitionStmt","IfStmt","Local","ThisRef","Local","Param","BinaryOp","RefType","RefType","Boolean","Boolean","Local"," \u003d\u003d ","Constant","org","apache","xerces","dom","Node","Impl","org","apache","xerces","dom","Node","Impl","Boolean","0","Int"],"edges":[[0,1],[0,2],[0,3],[1,4],[1,5],[2,6],[2,7],[3,8],[4,9],[5,10],[6,11],[7,12],[8,13],[8,14],[8,15],[9,16],[9,17],[9,18],[9,19],[9,20],[9,21],[10,22],[10,23],[10,24],[10,25],[10,26],[10,27],[13,28],[15,29],[15,30]],"ID":2},{"def":["r0.\u003corg.apache.xerces.dom.NodeImpl: short flags\u003e","$s2","$s3","$s4"],"use":["r0.\u003corg.apache.xerces.dom.NodeImpl: short flags\u003e","$s2","$s3","$s4","r0"],"callees":[],"nodes":["CompoundStmt","DefinitionStmt","DefinitionStmt","DefinitionStmt","GotoStmt","DefinitionStmt","ReturnVoidStmt","Local","InstanceFieldRef","Local","BinaryOp","Local","CastExpr","InstanceFieldRef","Local","Short","Short","Local","Short","Short","Local"," | ","Constant","Short","Short","Short","Local","Short","Local","Short","Short","RefType","Short","2","Int","Short","RefType","org","apache","xerces","dom","Node","Impl","org","apache","xerces","dom","Node","Impl"],"edges":[[0,1],[0,2],[0,3],[0,4],[0,5],[0,6],[1,7],[1,8],[2,9],[2,10],[3,11],[3,12],[5,13],[5,14],[7,15],[8,16],[8,17],[8,18],[9,19],[10,20],[10,21],[10,22],[11,23],[12,24],[12,25],[12,26],[13,27],[13,28],[13,29],[14,30],[17,31],[20,32],[22,33],[22,34],[26,35],[28,36],[31,37],[31,38],[31,39],[31,40],[31,41],[31,42],[36,43],[36,44],[36,45],[36,46],[36,47],[36,48]],"ID":3},{"def":["$s0","$s1","$s4"],"use":["r0.\u003corg.apache.xerces.dom.NodeImpl: short flags\u003e","$s0","$s1","r0"],"callees":[],"nodes":["CompoundStmt","DefinitionStmt","DefinitionStmt","DefinitionStmt","Local","InstanceFieldRef","Local","BinaryOp","Local","CastExpr","Short","Short","Local","Short","Short","Local"," \u0026 ","Constant","Short","Short","Short","Local","RefType","Short","-","3","Int","Short","org","apache","xerces","dom","Node","Impl"],"edges":[[0,1],[0,2],[0,3],[1,4],[1,5],[2,6],[2,7],[3,8],[3,9],[4,10],[5,11],[5,12],[5,13],[6,14],[7,15],[7,16],[7,17],[8,18],[9,19],[9,20],[9,21],[12,22],[15,23],[17,24],[17,25],[17,26],[21,27],[22,28],[22,29],[22,30],[22,31],[22,32],[22,33]],"ID":4}],"edgeSet":[[3,1,0],[0,2,0],[2,3,1],[2,4,2],[4,3,0]],"ENTRY":{"def":[],"use":[],"callees":[],"nodes":["CompoundStmt"],"edges":[],"ID":0},"EXIT":{"def":[],"use":[],"callees":[],"nodes":["CompoundStmt"],"edges":[],"ID":1},"method_name":"needsSyncData"},{"blocks":[{"def":[],"use":[],"callees":[],"nodes":["CompoundStmt"],"edges":[],"ID":0},{"def":[],"use":[],"callees":[],"nodes":["CompoundStmt"],"edges":[],"ID":1},{"def":["z0","r0"],"use":["@this: org.apache.xerces.dom.NodeImpl","z0","@parameter0: boolean"],"callees":[],"nodes":["CompoundStmt","DefinitionStmt","DefinitionStmt","IfStmt","Local","ThisRef","Local","Param","BinaryOp","RefType","RefType","Boolean","Boolean","Local"," \u003d\u003d ","Constant","org","apache","xerces","dom","Node","Impl","org","apache","xerces","dom","Node","Impl","Boolean","0","Int"],"edges":[[0,1],[0,2],[0,3],[1,4],[1,5],[2,6],[2,7],[3,8],[4,9],[5,10],[6,11],[7,12],[8,13],[8,14],[8,15],[9,16],[9,17],[9,18],[9,19],[9,20],[9,21],[10,22],[10,23],[10,24],[10,25],[10,26],[10,27],[13,28],[15,29],[15,30]],"ID":2},{"def":["r0.\u003corg.apache.xerces.dom.NodeImpl: short flags\u003e","$s2","$s3","$s4"],"use":["r0.\u003corg.apache.xerces.dom.NodeImpl: short flags\u003e","$s2","$s3","$s4","r0"],"callees":[],"nodes":["CompoundStmt","DefinitionStmt","DefinitionStmt","DefinitionStmt","GotoStmt","DefinitionStmt","ReturnVoidStmt","Local","InstanceFieldRef","Local","BinaryOp","Local","CastExpr","InstanceFieldRef","Local","Short","Short","Local","Short","Short","Local"," | ","Constant","Short","Short","Short","Local","Short","Local","Short","Short","RefType","Short","4","Int","Short","RefType","org","apache","xerces","dom","Node","Impl","org","apache","xerces","dom","Node","Impl"],"edges":[[0,1],[0,2],[0,3],[0,4],[0,5],[0,6],[1,7],[1,8],[2,9],[2,10],[3,11],[3,12],[5,13],[5,14],[7,15],[8,16],[8,17],[8,18],[9,19],[10,20],[10,21],[10,22],[11,23],[12,24],[12,25],[12,26],[13,27],[13,28],[13,29],[14,30],[17,31],[20,32],[22,33],[22,34],[26,35],[28,36],[31,37],[31,38],[31,39],[31,40],[31,41],[31,42],[36,43],[36,44],[36,45],[36,46],[36,47],[36,48]],"ID":3},{"def":["$s0","$s1","$s4"],"use":["r0.\u003corg.apache.xerces.dom.NodeImpl: short flags\u003e","$s0","$s1","r0"],"callees":[],"nodes":["CompoundStmt","DefinitionStmt","DefinitionStmt","DefinitionStmt","Local","InstanceFieldRef","Local","BinaryOp","Local","CastExpr","Short","Short","Local","Short","Short","Local"," \u0026 ","Constant","Short","Short","Short","Local","RefType","Short","-","5","Int","Short","org","apache","xerces","dom","Node","Impl"],"edges":[[0,1],[0,2],[0,3],[1,4],[1,5],[2,6],[2,7],[3,8],[3,9],[4,10],[5,11],[5,12],[5,13],[6,14],[7,15],[7,16],[7,17],[8,18],[9,19],[9,20],[9,21],[12,22],[15,23],[17,24],[17,25],[17,26],[21,27],[22,28],[22,29],[22,30],[22,31],[22,32],[22,33]],"ID":4}],"edgeSet":[[3,1,0],[0,2,0],[2,3,1],[2,4,2],[4,3,0]],"ENTRY":{"def":[],"use":[],"callees":[],"nodes":["CompoundStmt"],"edges":[],"ID":0},"EXIT":{"def":[],"use":[],"callees":[],"nodes":["CompoundStmt"],"edges":[],"ID":1},"method_name":"needsSyncChildren"},{"blocks":[{"def":[],"use":[],"callees":[],"nodes":["CompoundStmt"],"edges":[],"ID":0},{"def":[],"use":[],"callees":[],"nodes":["CompoundStmt"],"edges":[],"ID":1},{"def":["i0","r0","r0.\u003corg.apache.xerces.dom.DeferredAttrNSImpl: int fNodeIndex\u003e","r1"],"use":["@parameter0: org.apache.xerces.dom.DeferredDocumentImpl","i0","@this: org.apache.xerces.dom.DeferredAttrNSImpl","@parameter1: int","r0","r1"],"callees":["needsSyncChildren","needsSyncData","\u003cinit\u003e"],"nodes":["CompoundStmt","DefinitionStmt","DefinitionStmt","DefinitionStmt","Invoke","DefinitionStmt","Invoke","Invoke","ReturnVoidStmt","Local","ThisRef","Local","Param","Local","Param","InstanceFieldRef","Local","RefType","RefType","RefType","RefType","Int","Int","Int","Local","Int","Int","org","apache","xerces","dom","Deferred","Attr","N","S","Impl","org","apache","xerces","dom","Deferred","Attr","N","S","Impl","org","apache","xerces","dom","Deferred","Document","Impl","org","apache","xerces","dom","Deferred","Document","Impl","RefType","org","apache","xerces","dom","Deferred","Attr","N","S","Impl"],"edges":[[0,1],[0,2],[0,3],[0,4],[0,5],[0,6],[0,7],[0,8],[1,9],[1,10],[2,11],[2,12],[3,13],[3,14],[5,15],[5,16],[9,17],[10,18],[11,19],[12,20],[13,21],[14,22],[15,23],[15,24],[15,25],[16,26],[17,27],[17,28],[17,29],[17,30],[17,31],[17,32],[17,33],[17,34],[17,35],[18,36],[18,37],[18,38],[18,39],[18,40],[18,41],[18,42],[18,43],[18,44],[19,45],[19,46],[19,47],[19,48],[19,49],[19,50],[19,51],[20,52],[20,53],[20,54],[20,55],[20,56],[20,57],[20,58],[24,59],[59,60],[59,61],[59,62],[59,63],[59,64],[59,65],[59,66],[59,67],[59,68]],"ID":2}],"edgeSet":[[0,2,0],[2,1,0]],"ENTRY":{"def":[],"use":[],"callees":[],"nodes":["CompoundStmt"],"edges":[],"ID":0},"EXIT":{"def":[],"use":[],"callees":[],"nodes":["CompoundStmt"],"edges":[],"ID":1},"method_name":"\u003cinit\u003e"},{"blocks":[{"def":[],"use":[],"callees":[],"nodes":["CompoundStmt"],"edges":[],"ID":0},{"def":[],"use":[],"callees":[],"nodes":["CompoundStmt"],"edges":[],"ID":1},{"def":["$i0","r0"],"use":["@this: org.apache.xerces.dom.DeferredAttrNSImpl","$i0","r0.\u003corg.apache.xerces.dom.DeferredAttrNSImpl: int fNodeIndex\u003e","r0"],"callees":[],"nodes":["CompoundStmt","DefinitionStmt","DefinitionStmt","ReturnStmt","Local","ThisRef","Local","InstanceFieldRef","Local","RefType","RefType","Int","Int","Local","Int","Int","org","apache","xerces","dom","Deferred","Attr","N","S","Impl","org","apache","xerces","dom","Deferred","Attr","N","S","Impl","RefType","org","apache","xerces","dom","Deferred","Attr","N","S","Impl"],"edges":[[0,1],[0,2],[0,3],[1,4],[1,5],[2,6],[2,7],[3,8],[4,9],[5,10],[6,11],[7,12],[7,13],[7,14],[8,15],[9,16],[9,17],[9,18],[9,19],[9,20],[9,21],[9,22],[9,23],[9,24],[10,25],[10,26],[10,27],[10,28],[10,29],[10,30],[10,31],[10,32],[10,33],[13,34],[34,35],[34,36],[34,37],[34,38],[34,39],[34,40],[34,41],[34,42],[34,43]],"ID":2}],"edgeSet":[[0,2,0],[2,1,0]],"ENTRY":{"def":[],"use":[],"callees":[],"nodes":["CompoundStmt"],"edges":[],"ID":0},"EXIT":{"def":[],"use":[],"callees":[],"nodes":["CompoundStmt"],"edges":[],"ID":1},"method_name":"getNodeIndex"},{"blocks":[{"def":[],"use":[],"callees":[],"nodes":["CompoundStmt"],"edges":[],"ID":0},{"def":[],"use":[],"callees":[],"nodes":["CompoundStmt"],"edges":[],"ID":1},{"def":["$s0","$s1","r0"],"use":["r0.\u003corg.apache.xerces.dom.NodeImpl: short flags\u003e","$s0","$s1","@this: org.apache.xerces.dom.NodeImpl","r0"],"callees":[],"nodes":["CompoundStmt","DefinitionStmt","DefinitionStmt","DefinitionStmt","IfStmt","Local","ThisRef","Local","InstanceFieldRef","Local","BinaryOp","BinaryOp","RefType","RefType","Short","Short","Local","Short","Short","Local"," \u0026 ","Constant","Local"," \u003d\u003d ","Constant","org","apache","xerces","dom","Node","Impl","org","apache","xerces","dom","Node","Impl","RefType","Short","8","Int","Short","0","Int","org","apache","xerces","dom","Node","Impl"],"edges":[[0,1],[0,2],[0,3],[0,4],[1,5],[1,6],[2,7],[2,8],[3,9],[3,10],[4,11],[5,12],[6,13],[7,14],[8,15],[8,16],[8,17],[9,18],[10,19],[10,20],[10,21],[11,22],[11,23],[11,24],[12,25],[12,26],[12,27],[12,28],[12,29],[12,30],[13,31],[13,32],[13,33],[13,34],[13,35],[13,36],[16,37],[19,38],[21,39],[21,40],[22,41],[24,42],[24,43],[37,44],[37,45],[37,46],[37,47],[37,48],[37,49]],"ID":2},{"def":["$z0"],"use":["$z0"],"callees":[],"nodes":["CompoundStmt","DefinitionStmt","GotoStmt","ReturnStmt","Local","Constant","Local","Boolean","1","Int","Boolean"],"edges":[[0,1],[0,2],[0,3],[1,4],[1,5],[3,6],[4,7],[5,8],[5,9],[6,10]],"ID":3},{"def":["$z0"],"use":[],"callees":[],"nodes":["CompoundStmt","DefinitionStmt","Local","Constant","Boolean","0","Int"],"edges":[[0,1],[1,2],[1,3],[2,4],[3,5],[3,6]],"ID":4}],"edgeSet":[[3,1,0],[0,2,0],[2,3,1],[2,4,2],[4,3,0]],"ENTRY":{"def":[],"use":[],"callees":[],"nodes":["CompoundStmt"],"edges":[],"ID":0},"EXIT":{"def":[],"use":[],"callees":[],"nodes":["CompoundStmt"],"edges":[],"ID":1},"method_name":"isOwned"},{"blocks":[{"def":[],"use":[],"callees":[],"nodes":["CompoundStmt"],"edges":[],"ID":0},{"def":[],"use":[],"callees":[],"nodes":["CompoundStmt"],"edges":[],"ID":1},{"def":["$z0","r0"],"use":["@this: org.apache.xerces.dom.NodeImpl","$z0","r0"],"callees":["isOwned"],"nodes":["CompoundStmt","DefinitionStmt","DefinitionStmt","IfStmt","Local","ThisRef","Local","Invoke","BinaryOp","RefType","RefType","Boolean","Local"," \u003d\u003d ","Constant","org","apache","xerces","dom","Node","Impl","org","apache","xerces","dom","Node","Impl","Boolean","0","Int"],"edges":[[0,1],[0,2],[0,3],[1,4],[1,5],[2,6],[2,7],[3,8],[4,9],[5,10],[6,11],[8,12],[8,13],[8,14],[9,15],[9,16],[9,17],[9,18],[9,19],[9,20],[10,21],[10,22],[10,23],[10,24],[10,25],[10,26],[12,27],[14,28],[14,29]],"ID":2},{"def":["$r3","$r4"],"use":["r0.\u003corg.apache.xerces.dom.NodeImpl: org.apache.xerces.dom.NodeImpl ownerNode\u003e","$r3","$r4","r0"],"callees":["ownerDocument"],"nodes":["CompoundStmt","DefinitionStmt","DefinitionStmt","ReturnStmt","Local","InstanceFieldRef","Local","Invoke","Local","RefType","RefType","Local","RefType","RefType","RefType","org","apache","xerces","dom","Node","Impl","org","apache","xerces","dom","Node","Impl","RefType","org","apache","xerces","dom","Node","Impl","org","apache","xerces","dom","Document","Impl","org","apache","xerces","dom","Document","Impl","org","apache","xerces","dom","Node","Impl"],"edges":[[0,1],[0,2],[0,3],[1,4],[1,5],[2,6],[2,7],[3,8],[4,9],[5,10],[5,11],[5,12],[6,13],[8,14],[9,15],[9,16],[9,17],[9,18],[9,19],[9,20],[10,21],[10,22],[10,23],[10,24],[10,25],[10,26],[11,27],[12,28],[12,29],[12,30],[12,31],[12,32],[12,33],[13,34],[13,35],[13,36],[13,37],[13,38],[13,39],[14,40],[14,41],[14,42],[14,43],[14,44],[14,45],[27,46],[27,47],[27,48],[27,49],[27,50],[27,51]],"ID":3},{"def":["$r1","$r2"],"use":["r0.\u003corg.apache.xerces.dom.NodeImpl: org.apache.xerces.dom.NodeImpl ownerNode\u003e","$r1","$r2","r0"],"callees":[],"nodes":["CompoundStmt","DefinitionStmt","DefinitionStmt","ReturnStmt","Local","InstanceFieldRef","Local","CastExpr","Local","RefType","RefType","Local","RefType","RefType","RefType","RefType","Local","RefType","org","apache","xerces","dom","Node","Impl","org","apache","xerces","dom","Node","Impl","RefType","org","apache","xerces","dom","Node","Impl","org","apache","xerces","dom","Document","Impl","org","apache","xerces","dom","Document","Impl","org","apache","xerces","dom","Document","Impl","RefType","org","apache","xerces","dom","Document","Impl","org","apache","xerces","dom","Node","Impl","org","apache","xerces","dom","Node","Impl"],"edges":[[0,1],[0,2],[0,3],[1,4],[1,5],[2,6],[2,7],[3,8],[4,9],[5,10],[5,11],[5,12],[6,13],[7,14],[7,15],[7,16],[8,17],[9,18],[9,19],[9,20],[9,21],[9,22],[9,23],[10,24],[10,25],[10,26],[10,27],[10,28],[10,29],[11,30],[12,31],[12,32],[12,33],[12,34],[12,35],[12,36],[13,37],[13,38],[13,39],[13,40],[13,41],[13,42],[14,43],[14,44],[14,45],[14,46],[14,47],[14,48],[15,49],[15,50],[15,51],[15,52],[15,53],[15,54],[16,55],[17,56],[17,57],[17,58],[17,59],[17,60],[17,61],[30,62],[30,63],[30,64],[30,65],[30,66],[30,67],[55,68],[55,69],[55,70],[55,71],[55,72],[55,73]],"ID":4}],"edgeSet":[[3,1,0],[4,1,0],[0,2,0],[2,3,1],[2,4,2]],"ENTRY":{"def":[],"use":[],"callees":[],"nodes":["CompoundStmt"],"edges":[],"ID":0},"EXIT":{"def":[],"use":[],"callees":[],"nodes":["CompoundStmt"],"edges":[],"ID":1},"method_name":"ownerDocument"},{"blocks":[{"def":[],"use":[],"callees":[],"nodes":["CompoundStmt"],"edges":[],"ID":0},{"def":[],"use":[],"callees":[],"nodes":["CompoundStmt"],"edges":[],"ID":1},{"def":["i0","$i1","r0"],"use":["i0","@parameter0: int","$i1","@this: org.apache.xerces.dom.DeferredDocumentImpl","r0"],"callees":["getNodeName"],"nodes":["CompoundStmt","DefinitionStmt","DefinitionStmt","DefinitionStmt","ReturnStmt","Local","ThisRef","Local","Param","Local","Invoke","Local","RefType","RefType","Int","Int","Int","Int","org","apache","xerces","dom","Deferred","Document","Impl","org","apache","xerces","dom","Deferred","Document","Impl"],"edges":[[0,1],[0,2],[0,3],[0,4],[1,5],[1,6],[2,7],[2,8],[3,9],[3,10],[4,11],[5,12],[6,13],[7,14],[8,15],[9,16],[11,17],[12,18],[12,19],[12,20],[12,21],[12,22],[12,23],[12,24],[13,25],[13,26],[13,27],[13,28],[13,29],[13,30],[13,31]],"ID":2}],"edgeSet":[[0,2,0],[2,1,0]],"ENTRY":{"def":[],"use":[],"callees":[],"nodes":["CompoundStmt"],"edges":[],"ID":0},"EXIT":{"def":[],"use":[],"callees":[],"nodes":["CompoundStmt"],"edges":[],"ID":1},"method_name":"getNodeName"},{"blocks":[{"def":[],"use":[],"callees":[],"nodes":["CompoundStmt"],"edges":[],"ID":0},{"def":[],"use":[],"callees":[],"nodes":["CompoundStmt"],"edges":[],"ID":1},{"def":["$r1","r0"],"use":["$r1","r0.\u003corg.apache.xerces.dom.DeferredDocumentImpl: org.apache.xerces.utils.StringPool fStringPool\u003e","@this: org.apache.xerces.dom.DeferredDocumentImpl","r0"],"callees":[],"nodes":["CompoundStmt","DefinitionStmt","DefinitionStmt","ReturnStmt","Local","ThisRef","Local","InstanceFieldRef","Local","RefType","RefType","RefType","RefType","Local","RefType","RefType","org","apache","xerces","dom","Deferred","Document","Impl","org","apache","xerces","dom","Deferred","Document","Impl","org","apache","xerces","utils","String","Pool","org","apache","xerces","utils","String","Pool","RefType","org","apache","xerces","utils","String","Pool","org","apache","xerces","utils","String","Pool","org","apache","xerces","dom","Deferred","Document","Impl"],"edges":[[0,1],[0,2],[0,3],[1,4],[1,5],[2,6],[2,7],[3,8],[4,9],[5,10],[6,11],[7,12],[7,13],[7,14],[8,15],[9,16],[9,17],[9,18],[9,19],[9,20],[9,21],[9,22],[10,23],[10,24],[10,25],[10,26],[10,27],[10,28],[10,29],[11,30],[11,31],[11,32],[11,33],[11,34],[11,35],[12,36],[12,37],[12,38],[12,39],[12,40],[12,41],[13,42],[14,43],[14,44],[14,45],[14,46],[14,47],[14,48],[15,49],[15,50],[15,51],[15,52],[15,53],[15,54],[42,55],[42,56],[42,57],[42,58],[42,59],[42,60],[42,61]],"ID":2}],"edgeSet":[[0,2,0],[2,1,0]],"ENTRY":{"def":[],"use":[],"callees":[],"nodes":["CompoundStmt"],"edges":[],"ID":0},"EXIT":{"def":[],"use":[],"callees":[],"nodes":["CompoundStmt"],"edges":[],"ID":1},"method_name":"getStringPool"},{"blocks":[{"def":[],"use":[],"callees":[],"nodes":["CompoundStmt"],"edges":[],"ID":0},{"def":[],"use":[],"callees":[],"nodes":["CompoundStmt"],"edges":[],"ID":1},{"def":["i0","$i1","r0"],"use":["i0","@parameter0: int","$i1","@this: org.apache.xerces.dom.DeferredDocumentImpl","r0"],"callees":["getNodeValue"],"nodes":["CompoundStmt","DefinitionStmt","DefinitionStmt","DefinitionStmt","ReturnStmt","Local","ThisRef","Local","Param","Local","Invoke","Local","RefType","RefType","Int","Int","Int","Int","org","apache","xerces","dom","Deferred","Document","Impl","org","apache","xerces","dom","Deferred","Document","Impl"],"edges":[[0,1],[0,2],[0,3],[0,4],[1,5],[1,6],[2,7],[2,8],[3,9],[3,10],[4,11],[5,12],[6,13],[7,14],[8,15],[9,16],[11,17],[12,18],[12,19],[12,20],[12,21],[12,22],[12,23],[12,24],[13,25],[13,26],[13,27],[13,28],[13,29],[13,30],[13,31]],"ID":2}],"edgeSet":[[0,2,0],[2,1,0]],"ENTRY":{"def":[],"use":[],"callees":[],"nodes":["CompoundStmt"],"edges":[],"ID":0},"EXIT":{"def":[],"use":[],"callees":[],"nodes":["CompoundStmt"],"edges":[],"ID":1},"method_name":"getNodeValue"},{"blocks":[{"def":[],"use":[],"callees":[],"nodes":["CompoundStmt"],"edges":[],"ID":0},{"def":[],"use":[],"callees":[],"nodes":["CompoundStmt"],"edges":[],"ID":1},{"def":["z0","r0"],"use":["@this: org.apache.xerces.dom.NodeImpl","z0","@parameter0: boolean"],"callees":[],"nodes":["CompoundStmt","DefinitionStmt","DefinitionStmt","IfStmt","Local","ThisRef","Local","Param","BinaryOp","RefType","RefType","Boolean","Boolean","Local"," \u003d\u003d ","Constant","org","apache","xerces","dom","Node","Impl","org","apache","xerces","dom","Node","Impl","Boolean","0","Int"],"edges":[[0,1],[0,2],[0,3],[1,4],[1,5],[2,6],[2,7],[3,8],[4,9],[5,10],[6,11],[7,12],[8,13],[8,14],[8,15],[9,16],[9,17],[9,18],[9,19],[9,20],[9,21],[10,22],[10,23],[10,24],[10,25],[10,26],[10,27],[13,28],[15,29],[15,30]],"ID":2},{"def":["r0.\u003corg.apache.xerces.dom.NodeImpl: short flags\u003e","$s2","$s3","$s4"],"use":["r0.\u003corg.apache.xerces.dom.NodeImpl: short flags\u003e","$s2","$s3","$s4","r0"],"callees":[],"nodes":["CompoundStmt","DefinitionStmt","DefinitionStmt","DefinitionStmt","GotoStmt","DefinitionStmt","ReturnVoidStmt","Local","InstanceFieldRef","Local","BinaryOp","Local","CastExpr","InstanceFieldRef","Local","Short","Short","Local","Short","Short","Local"," | ","Constant","Short","Short","Short","Local","Short","Local","Short","Short","RefType","Short","3","2","Int","Short","RefType","org","apache","xerces","dom","Node","Impl","org","apache","xerces","dom","Node","Impl"],"edges":[[0,1],[0,2],[0,3],[0,4],[0,5],[0,6],[1,7],[1,8],[2,9],[2,10],[3,11],[3,12],[5,13],[5,14],[7,15],[8,16],[8,17],[8,18],[9,19],[10,20],[10,21],[10,22],[11,23],[12,24],[12,25],[12,26],[13,27],[13,28],[13,29],[14,30],[17,31],[20,32],[22,33],[22,34],[22,35],[26,36],[28,37],[31,38],[31,39],[31,40],[31,41],[31,42],[31,43],[37,44],[37,45],[37,46],[37,47],[37,48],[37,49]],"ID":3},{"def":["$s0","$s1","$s4"],"use":["r0.\u003corg.apache.xerces.dom.NodeImpl: short flags\u003e","$s0","$s1","r0"],"callees":[],"nodes":["CompoundStmt","DefinitionStmt","DefinitionStmt","DefinitionStmt","Local","InstanceFieldRef","Local","BinaryOp","Local","CastExpr","Short","Short","Local","Short","Short","Local"," \u0026 ","Constant","Short","Short","Short","Local","RefType","Short","-","3","3","Int","Short","org","apache","xerces","dom","Node","Impl"],"edges":[[0,1],[0,2],[0,3],[1,4],[1,5],[2,6],[2,7],[3,8],[3,9],[4,10],[5,11],[5,12],[5,13],[6,14],[7,15],[7,16],[7,17],[8,18],[9,19],[9,20],[9,21],[12,22],[15,23],[17,24],[17,25],[17,26],[17,27],[21,28],[22,29],[22,30],[22,31],[22,32],[22,33],[22,34]],"ID":4}],"edgeSet":[[3,1,0],[0,2,0],[2,3,1],[2,4,2],[4,3,0]],"ENTRY":{"def":[],"use":[],"callees":[],"nodes":["CompoundStmt"],"edges":[],"ID":0},"EXIT":{"def":[],"use":[],"callees":[],"nodes":["CompoundStmt"],"edges":[],"ID":1},"method_name":"isSpecified"},{"blocks":[{"def":[],"use":[],"callees":[],"nodes":["CompoundStmt"],"edges":[],"ID":0},{"def":[],"use":[],"callees":[],"nodes":["CompoundStmt"],"edges":[],"ID":1},{"def":["$s1","i0","r0"],"use":["$s1","i0","@parameter0: int","@this: org.apache.xerces.dom.DeferredDocumentImpl","r0"],"callees":["getNodeURI"],"nodes":["CompoundStmt","DefinitionStmt","DefinitionStmt","DefinitionStmt","ReturnStmt","Local","ThisRef","Local","Param","Local","Invoke","Local","RefType","RefType","Int","Int","Short","Short","org","apache","xerces","dom","Deferred","Document","Impl","org","apache","xerces","dom","Deferred","Document","Impl"],"edges":[[0,1],[0,2],[0,3],[0,4],[1,5],[1,6],[2,7],[2,8],[3,9],[3,10],[4,11],[5,12],[6,13],[7,14],[8,15],[9,16],[11,17],[12,18],[12,19],[12,20],[12,21],[12,22],[12,23],[12,24],[13,25],[13,26],[13,27],[13,28],[13,29],[13,30],[13,31]],"ID":2}],"edgeSet":[[0,2,0],[2,1,0]],"ENTRY":{"def":[],"use":[],"callees":[],"nodes":["CompoundStmt"],"edges":[],"ID":0},"EXIT":{"def":[],"use":[],"callees":[],"nodes":["CompoundStmt"],"edges":[],"ID":1},"method_name":"getNodeURI"},{"blocks":[{"def":[],"use":[],"callees":[],"nodes":["CompoundStmt"],"edges":[],"ID":0},{"def":[],"use":[],"callees":[],"nodes":["CompoundStmt"],"edges":[],"ID":1},{"def":["r2","r0.\u003corg.apache.xerces.dom.AttrImpl: java.lang.String name\u003e","$r3","$r4","i0","$r5","i1","$i2","r0","r1"],"use":["r2","r0.\u003corg.apache.xerces.dom.AttrImpl: java.lang.String name\u003e","$r3","$r4","i0","$r5","i1","@this: org.apache.xerces.dom.DeferredAttrNSImpl","$i2","r0","r0.\u003corg.apache.xerces.dom.DeferredAttrNSImpl: int fNodeIndex\u003e","r1"],"callees":["needsSyncData","getStringPool","getNodeName","ownerDocument"],"nodes":["CompoundStmt","DefinitionStmt","Invoke","DefinitionStmt","DefinitionStmt","DefinitionStmt","DefinitionStmt","DefinitionStmt","DefinitionStmt","DefinitionStmt","DefinitionStmt","DefinitionStmt","IfStmt","Local","ThisRef","Local","Invoke","Local","CastExpr","Local","InstanceFieldRef","Local","Invoke","Local","Invoke","Local","Invoke","InstanceFieldRef","Local","Local","InstanceFieldRef","Local","Invoke","BinaryOp","RefType","RefType","RefType","RefType","RefType","RefType","Local","Int","Int","Local","Int","Int","RefType","RefType","RefType","Local","RefType","RefType","RefType","RefType","Local","RefType","Int","Local"," \u003e\u003d ","Constant","org","apache","xerces","dom","Deferred","Attr","N","S","Impl","org","apache","xerces","dom","Deferred","Attr","N","S","Impl","org","apache","xerces","dom","Document","Impl","org","apache","xerces","dom","Deferred","Document","Impl","org","apache","xerces","dom","Deferred","Document","Impl","org","apache","xerces","dom","Deferred","Document","Impl","RefType","RefType","org","apache","xerces","utils","String","Pool","java","lang","String","java","lang","String","RefType","java","lang","String","java","lang","String","java","lang","String","java","lang","String","RefType","java","lang","String","Int","0","Int","org","apache","xerces","dom","Document","Impl","org","apache","xerces","dom","Deferred","Attr","N","S","Impl","org","apache","xerces","dom","Deferred","Attr","N","S","Impl","org","apache","xerces","dom","Deferred","Attr","N","S","Impl"],"edges":[[0,1],[0,2],[0,3],[0,4],[0,5],[0,6],[0,7],[0,8],[0,9],[0,10],[0,11],[0,12],[1,13],[1,14],[3,15],[3,16],[4,17],[4,18],[5,19],[5,20],[6,21],[6,22],[7,23],[7,24],[8,25],[8,26],[9,27],[9,28],[10,29],[10,30],[11,31],[11,32],[12,33],[13,34],[14,35],[15,36],[17,37],[18,38],[18,39],[18,40],[19,41],[20,42],[20,43],[20,44],[21,45],[23,46],[25,47],[27,48],[27,49],[27,50],[28,51],[29,52],[30,53],[30,54],[30,55],[31,56],[33,57],[33,58],[33,59],[34,60],[34,61],[34,62],[34,63],[34,64],[34,65],[34,66],[34,67],[34,68],[35,69],[35,70],[35,71],[35,72],[35,73],[35,74],[35,75],[35,76],[35,77],[36,78],[36,79],[36,80],[36,81],[36,82],[36,83],[37,84],[37,85],[37,86],[37,87],[37,88],[37,89],[37,90],[38,91],[38,92],[38,93],[38,94],[38,95],[38,96],[38,97],[39,98],[39,99],[39,100],[39,101],[39,102],[39,103],[39,104],[40,105],[43,106],[46,107],[46,108],[46,109],[46,110],[46,111],[46,112],[47,113],[47,114],[47,115],[48,116],[48,117],[48,118],[49,119],[50,120],[50,121],[50,122],[51,123],[51,124],[51,125],[52,126],[52,127],[52,128],[53,129],[53,130],[53,131],[54,132],[55,133],[55,134],[55,135],[57,136],[59,137],[59,138],[105,139],[105,140],[105,141],[105,142],[105,143],[105,144],[106,145],[106,146],[106,147],[106,148],[106,149],[106,150],[106,151],[106,152],[106,153],[119,154],[119,155],[119,156],[119,157],[119,158],[119,159],[119,160],[119,161],[119,162],[132,163],[132,164],[132,165],[132,166],[132,167],[132,168],[132,169],[132,170],[132,171]],"ID":2},{"def":["$i5","$r13","r14","r0.\u003corg.apache.xerces.dom.AttrNSImpl: java.lang.String localName\u003e","$i4"],"use":["$i5","$r13","r0.\u003corg.apache.xerces.dom.AttrImpl: java.lang.String name\u003e","r0","r0.\u003corg.apache.xerces.dom.DeferredAttrNSImpl: int fNodeIndex\u003e","$i4","r1"],"callees":["getNodeValue"],"nodes":["CompoundStmt","DefinitionStmt","DefinitionStmt","DefinitionStmt","GotoStmt","DefinitionStmt","DefinitionStmt","IfStmt","Local","Constant","Local","InstanceFieldRef","InstanceFieldRef","Local","Local","InstanceFieldRef","Local","Invoke","BinaryOp","RefType","Null","RefType","RefType","Local","RefType","RefType","Local","RefType","RefType","Int","Int","Local","Int","Int","Local"," !\u003d ","Constant","java","lang","String","java","lang","String","java","lang","String","RefType","java","lang","String","java","lang","String","RefType","java","lang","String","java","lang","String","RefType","Int","1","Int","org","apache","xerces","dom","Deferred","Attr","N","S","Impl","org","apache","xerces","dom","Deferred","Attr","N","S","Impl","org","apache","xerces","dom","Deferred","Attr","N","S","Impl"],"edges":[[0,1],[0,2],[0,3],[0,4],[0,5],[0,6],[0,7],[1,8],[1,9],[2,10],[2,11],[3,12],[3,13],[5,14],[5,15],[6,16],[6,17],[7,18],[8,19],[9,20],[10,21],[11,22],[11,23],[11,24],[12,25],[12,26],[12,27],[13,28],[14,29],[15,30],[15,31],[15,32],[16,33],[18,34],[18,35],[18,36],[19,37],[19,38],[19,39],[21,40],[21,41],[21,42],[22,43],[22,44],[22,45],[23,46],[24,47],[24,48],[24,49],[25,50],[25,51],[25,52],[26,53],[27,54],[27,55],[27,56],[28,57],[28,58],[28,59],[31,60],[34,61],[36,62],[36,63],[46,64],[46,65],[46,66],[46,67],[46,68],[46,69],[46,70],[46,71],[46,72],[53,73],[53,74],[53,75],[53,76],[53,77],[53,78],[53,79],[53,80],[53,81],[60,82],[60,83],[60,84],[60,85],[60,86],[60,87],[60,88],[60,89],[60,90]],"ID":3},{"def":["r14","$r6","$r7","$r8","r0.\u003corg.apache.xerces.dom.AttrNSImpl: java.lang.String localName\u003e","$i3"],"use":["r0.\u003corg.apache.xerces.dom.AttrImpl: java.lang.String name\u003e","i1","$r6","$r7","$r8","r0","$i3"],"callees":[],"nodes":["CompoundStmt","DefinitionStmt","DefinitionStmt","DefinitionStmt","DefinitionStmt","DefinitionStmt","DefinitionStmt","Local","InstanceFieldRef","Local","Invoke","Local","InstanceFieldRef","Local","BinaryOp","Local","Invoke","InstanceFieldRef","Local","RefType","RefType","Local","RefType","RefType","RefType","RefType","Local","RefType","Int","Local"," + ","Constant","RefType","RefType","Local","RefType","RefType","java","lang","String","java","lang","String","RefType","java","lang","String","java","lang","String","java","lang","String","java","lang","String","RefType","java","lang","String","Int","1","Int","java","lang","String","java","lang","String","RefType","java","lang","String","java","lang","String","org","apache","xerces","dom","Deferred","Attr","N","S","Impl","org","apache","xerces","dom","Deferred","Attr","N","S","Impl","org","apache","xerces","dom","Deferred","Attr","N","S","Impl"],"edges":[[0,1],[0,2],[0,3],[0,4],[0,5],[0,6],[1,7],[1,8],[2,9],[2,10],[3,11],[3,12],[4,13],[4,14],[5,15],[5,16],[6,17],[6,18],[7,19],[8,20],[8,21],[8,22],[9,23],[11,24],[12,25],[12,26],[12,27],[13,28],[14,29],[14,30],[14,31],[15,32],[17,33],[17,34],[17,35],[18,36],[19,37],[19,38],[19,39],[20,40],[20,41],[20,42],[21,43],[22,44],[22,45],[22,46],[23,47],[23,48],[23,49],[24,50],[24,51],[24,52],[25,53],[25,54],[25,55],[26,56],[27,57],[27,58],[27,59],[29,60],[31,61],[31,62],[32,63],[32,64],[32,65],[33,66],[33,67],[33,68],[34,69],[35,70],[35,71],[35,72],[36,73],[36,74],[36,75],[43,76],[43,77],[43,78],[43,79],[43,80],[43,81],[43,82],[43,83],[43,84],[56,85],[56,86],[56,87],[56,88],[56,89],[56,90],[56,91],[56,92],[56,93],[69,94],[69,95],[69,96],[69,97],[69,98],[69,99],[69,100],[69,101],[69,102]],"ID":4},{"def":["$i6","r0.\u003corg.apache.xerces.dom.AttrNSImpl: java.lang.String namespaceURI\u003e","$s7","$r9","$z2","$r10"],"use":["r2","$i6","r0.\u003corg.apache.xerces.dom.AttrNSImpl: java.lang.String namespaceURI\u003e","$s7","$r9","$z2","r0","r0.\u003corg.apache.xerces.dom.DeferredAttrNSImpl: int fNodeIndex\u003e","r1","$r10"],"callees":["getNodeURI","isSpecified"],"nodes":["CompoundStmt","DefinitionStmt","GotoStmt","Invoke","DefinitionStmt","DefinitionStmt","DefinitionStmt","DefinitionStmt","DefinitionStmt","IfStmt","Local","Constant","Local","InstanceFieldRef","Local","Invoke","Local","Invoke","InstanceFieldRef","Local","Local","InstanceFieldRef","BinaryOp","Boolean","1","Int","Int","Int","Local","Int","Short","RefType","RefType","Local","RefType","RefType","RefType","RefType","Local","RefType","Local"," !\u003d ","Constant","RefType","java","lang","String","java","lang","String","RefType","java","lang","String","java","lang","String","java","lang","String","java","lang","String","RefType","java","lang","String","RefType","Null","org","apache","xerces","dom","Deferred","Attr","N","S","Impl","org","apache","xerces","dom","Deferred","Attr","N","S","Impl","org","apache","xerces","dom","Deferred","Attr","N","S","Impl","java","lang","String"],"edges":[[0,1],[0,2],[0,3],[0,4],[0,5],[0,6],[0,7],[0,8],[0,9],[1,10],[1,11],[4,12],[4,13],[5,14],[5,15],[6,16],[6,17],[7,18],[7,19],[8,20],[8,21],[9,22],[10,23],[11,24],[11,25],[12,26],[13,27],[13,28],[13,29],[14,30],[16,31],[18,32],[18,33],[18,34],[19,35],[20,36],[21,37],[21,38],[21,39],[22,40],[22,41],[22,42],[28,43],[31,44],[31,45],[31,46],[32,47],[32,48],[32,49],[33,50],[34,51],[34,52],[34,53],[35,54],[35,55],[35,56],[36,57],[36,58],[36,59],[37,60],[37,61],[37,62],[38,63],[39,64],[39,65],[39,66],[40,67],[42,68],[43,69],[43,70],[43,71],[43,72],[43,73],[43,74],[43,75],[43,76],[43,77],[50,78],[50,79],[50,80],[50,81],[50,82],[50,83],[50,84],[50,85],[50,86],[63,87],[63,88],[63,89],[63,90],[63,91],[63,92],[63,93],[63,94],[63,95],[67,96],[67,97],[67,98]],"ID":5},{"def":["$z2"],"use":[],"callees":[],"nodes":["CompoundStmt","DefinitionStmt","Local","Constant","Boolean","0","Int"],"edges":[[0,1],[1,2],[1,3],[2,4],[3,5],[3,6]],"ID":6},{"def":[],"use":["r14"],"callees":[],"nodes":["CompoundStmt","IfStmt","BinaryOp","Local"," \u003d\u003d ","Constant","RefType","Null","java","lang","String"],"edges":[[0,1],[1,2],[2,3],[2,4],[2,5],[3,6],[5,7],[6,8],[6,9],[6,10]],"ID":7},{"def":["$z1"],"use":["r14","$z1"],"callees":[],"nodes":["CompoundStmt","DefinitionStmt","IfStmt","Local","Invoke","BinaryOp","Boolean","Local"," \u003d\u003d ","Constant","Boolean","0","Int"],"edges":[[0,1],[0,2],[1,3],[1,4],[2,5],[3,6],[5,7],[5,8],[5,9],[7,10],[9,11],[9,12]],"ID":8},{"def":["r0.\u003corg.apache.xerces.dom.AttrNSImpl: java.lang.String namespaceURI\u003e"],"use":["r0"],"callees":[],"nodes":["CompoundStmt","DefinitionStmt","GotoStmt","ReturnVoidStmt","InstanceFieldRef","Constant","RefType","Local","RefType","RefType","java","lang","String","RefType","java","lang","String","java","lang","String","org","apache","xerces","dom","Deferred","Attr","N","S","Impl"],"edges":[[0,1],[0,2],[0,3],[1,4],[1,5],[4,6],[4,7],[4,8],[5,9],[6,10],[6,11],[6,12],[7,13],[8,14],[8,15],[8,16],[9,17],[9,18],[9,19],[13,20],[13,21],[13,22],[13,23],[13,24],[13,25],[13,26],[13,27],[13,28]],"ID":9},{"def":["$z0","$r11"],"use":["r0.\u003corg.apache.xerces.dom.AttrImpl: java.lang.String name\u003e","$z0","$r11","r0"],"callees":[],"nodes":["CompoundStmt","DefinitionStmt","DefinitionStmt","IfStmt","Local","InstanceFieldRef","Local","Invoke","BinaryOp","RefType","RefType","Local","RefType","Boolean","Local"," \u003d\u003d ","Constant","java","lang","String","java","lang","String","RefType","java","lang","String","Boolean","0","Int","org","apache","xerces","dom","Deferred","Attr","N","S","Impl"],"edges":[[0,1],[0,2],[0,3],[1,4],[1,5],[2,6],[2,7],[3,8],[4,9],[5,10],[5,11],[5,12],[6,13],[8,14],[8,15],[8,16],[9,17],[9,18],[9,19],[10,20],[10,21],[10,22],[11,23],[12,24],[12,25],[12,26],[14,27],[16,28],[16,29],[23,30],[23,31],[23,32],[23,33],[23,34],[23,35],[23,36],[23,37],[23,38]],"ID":10},{"def":["r0.\u003corg.apache.xerces.dom.AttrNSImpl: java.lang.String namespaceURI\u003e"],"use":["r0"],"callees":[],"nodes":["CompoundStmt","DefinitionStmt","InstanceFieldRef","Constant","RefType","Local","RefType","RefType","java","lang","String","RefType","java","lang","String","java","lang","String","org","apache","xerces","dom","Deferred","Attr","N","S","Impl"],"edges":[[0,1],[1,2],[1,3],[2,4],[2,5],[2,6],[3,7],[4,8],[4,9],[4,10],[5,11],[6,12],[6,13],[6,14],[7,15],[7,16],[7,17],[11,18],[11,19],[11,20],[11,21],[11,22],[11,23],[11,24],[11,25],[11,26]],"ID":11}],"edgeSet":[[11,9,0],[10,9,2],[9,1,0],[0,2,0],[5,9,2],[3,5,1],[3,6,2],[5,7,1],[7,10,2],[2,3,1],[2,4,2],[7,8,1],[8,9,1],[10,11,1],[4,3,0],[6,5,0],[8,9,2]],"ENTRY":{"def":[],"use":[],"callees":[],"nodes":["CompoundStmt"],"edges":[],"ID":0},"EXIT":{"def":[],"use":[],"callees":[],"nodes":["CompoundStmt"],"edges":[],"ID":1},"method_name":"synchronizeData"},{"blocks":[{"def":[],"use":[],"callees":[],"nodes":["CompoundStmt"],"edges":[],"ID":0},{"def":[],"use":[],"callees":[],"nodes":["CompoundStmt"],"edges":[],"ID":1},{"def":["$i0","r0"],"use":["@this: org.apache.xerces.dom.DeferredAttrNSImpl","$i0","r0.\u003corg.apache.xerces.dom.DeferredAttrNSImpl: int fNodeIndex\u003e","r0"],"callees":["synchronizeChildren"],"nodes":["CompoundStmt","DefinitionStmt","DefinitionStmt","Invoke","ReturnVoidStmt","Local","ThisRef","Local","InstanceFieldRef","RefType","RefType","Int","Int","Local","Int","org","apache","xerces","dom","Deferred","Attr","N","S","Impl","org","apache","xerces","dom","Deferred","Attr","N","S","Impl","RefType","org","apache","xerces","dom","Deferred","Attr","N","S","Impl"],"edges":[[0,1],[0,2],[0,3],[0,4],[1,5],[1,6],[2,7],[2,8],[5,9],[6,10],[7,11],[8,12],[8,13],[8,14],[9,15],[9,16],[9,17],[9,18],[9,19],[9,20],[9,21],[9,22],[9,23],[10,24],[10,25],[10,26],[10,27],[10,28],[10,29],[10,30],[10,31],[10,32],[13,33],[33,34],[33,35],[33,36],[33,37],[33,38],[33,39],[33,40],[33,41],[33,42]],"ID":2}],"edgeSet":[[0,2,0],[2,1,0]],"ENTRY":{"def":[],"use":[],"callees":[],"nodes":["CompoundStmt"],"edges":[],"ID":0},"EXIT":{"def":[],"use":[],"callees":[],"nodes":["CompoundStmt"],"edges":[],"ID":1},"method_name":"synchronizeChildren"}],"label":"3"}