{"data":[{"blocks":[{"def":[],"use":[],"callees":[],"nodes":["CompoundStmt"],"edges":[],"ID":0},{"def":[],"use":[],"callees":[],"nodes":["CompoundStmt"],"edges":[],"ID":1},{"def":["r0"],"use":["@this: org.apache.xerces.msg.ImplementationMessages","r0"],"callees":[],"nodes":["CompoundStmt","DefinitionStmt","Invoke","ReturnVoidStmt","Local","ThisRef","RefType","RefType","org","apache","xerces","msg","Implementation","Messages","org","apache","xerces","msg","Implementation","Messages"],"edges":[[0,1],[0,2],[0,3],[1,4],[1,5],[4,6],[5,7],[6,8],[6,9],[6,10],[6,11],[6,12],[6,13],[7,14],[7,15],[7,16],[7,17],[7,18],[7,19]],"ID":2}],"edgeSet":[[0,2,0],[2,1,0]],"ENTRY":{"def":[],"use":[],"callees":[],"nodes":["CompoundStmt"],"edges":[],"ID":0},"EXIT":{"def":[],"use":[],"callees":[],"nodes":["CompoundStmt"],"edges":[],"ID":1},"method_name":"\u003cinit\u003e"},{"blocks":[{"def":[],"use":[],"callees":[],"nodes":["CompoundStmt"],"edges":[],"ID":0},{"def":[],"use":[],"callees":[],"nodes":["CompoundStmt"],"edges":[],"ID":1},{"def":["$r1","r0"],"use":["\u003corg.apache.xerces.msg.ImplementationMessages: java.lang.Object[][] CONTENTS\u003e","$r1","@this: org.apache.xerces.msg.ImplementationMessages"],"callees":[],"nodes":["CompoundStmt","DefinitionStmt","DefinitionStmt","ReturnStmt","Local","ThisRef","Local","StaticFieldRef","Local","RefType","RefType","Array","Array","Array","Array","org","apache","xerces","msg","Implementation","Messages","org","apache","xerces","msg","Implementation","Messages","Array","[]","Array","[]","Array","[]","Array","[]","RefType","[]","RefType","[]","RefType","[]","RefType","[]","java","lang","Object","java","lang","Object","java","lang","Object","java","lang","Object"],"edges":[[0,1],[0,2],[0,3],[1,4],[1,5],[2,6],[2,7],[3,8],[4,9],[5,10],[6,11],[7,12],[7,13],[8,14],[9,15],[9,16],[9,17],[9,18],[9,19],[9,20],[10,21],[10,22],[10,23],[10,24],[10,25],[10,26],[11,27],[11,28],[12,29],[12,30],[13,31],[13,32],[14,33],[14,34],[27,35],[27,36],[29,37],[29,38],[31,39],[31,40],[33,41],[33,42],[35,43],[35,44],[35,45],[37,46],[37,47],[37,48],[39,49],[39,50],[39,51],[41,52],[41,53],[41,54]],"ID":2}],"edgeSet":[[0,2,0],[2,1,0]],"ENTRY":{"def":[],"use":[],"callees":[],"nodes":["CompoundStmt"],"edges":[],"ID":0},"EXIT":{"def":[],"use":[],"callees":[],"nodes":["CompoundStmt"],"edges":[],"ID":1},"method_name":"getContents"},{"blocks":[{"def":[],"use":[],"callees":[],"nodes":["CompoundStmt"],"edges":[],"ID":0},{"def":[],"use":[],"callees":[],"nodes":["CompoundStmt"],"edges":[],"ID":1},{"def":["$r15[1]","$r14[0]","$r18[0]","$r0[16]","$r1[0]","$r10[0]","$r11[1]","$r9[1]","$r2[1]","$r0[3]","$r5[0]","$r8[0]","$r0[8]","$r0[11]","$r0[15]","$r16[1]","$r0","$r15[0]","$r1","$r2","$r3","$r4","$r5","$r1[1]","$r6","$r11[0]","$r7","$r0[0]","$r8","$r9","$r12[1]","$r5[1]","$r0[4]","$r4[0]","$r7[0]","$r0[9]","$r8[1]","$r0[10]","$r0[14]","$r16[0]","$r13[1]","$r17[1]","$r0[1]","$r12[0]","$r4[1]","$r0[5]","$r3[0]","$r7[1]","\u003corg.apache.xerces.msg.ImplementationMessages: java.lang.Object[][] CONTENTS\u003e","$r0[13]","$r15","$r16","$r17[0]","$r13","$r14[1]","$r14","$r18[1]","$r17","$r18","$r0[2]","$r10[1]","$r2[0]","$r0[17]","$r13[0]","$r0[6]","$r9[0]","$r6[0]","$r3[1]","$r6[1]","$r0[7]","$r0[12]","$r11","$r12","$r10"],"use":["$r15","$r16","$r0","$r13","$r1","$r14","$r2","$r3","$r4","$r17","$r5","$r18","$r6","$r7","$r8","$r9","$r11","$r12","$r10"],"callees":[],"nodes":["CompoundStmt","DefinitionStmt","DefinitionStmt","DefinitionStmt","DefinitionStmt","DefinitionStmt","DefinitionStmt","DefinitionStmt","DefinitionStmt","DefinitionStmt","DefinitionStmt","DefinitionStmt","DefinitionStmt","DefinitionStmt","DefinitionStmt","DefinitionStmt","DefinitionStmt","DefinitionStmt","DefinitionStmt","DefinitionStmt","DefinitionStmt","DefinitionStmt","DefinitionStmt","DefinitionStmt","DefinitionStmt","DefinitionStmt","DefinitionStmt","DefinitionStmt","DefinitionStmt","DefinitionStmt","DefinitionStmt","DefinitionStmt","DefinitionStmt","DefinitionStmt","DefinitionStmt","DefinitionStmt","DefinitionStmt","DefinitionStmt","DefinitionStmt","DefinitionStmt","DefinitionStmt","DefinitionStmt","DefinitionStmt","DefinitionStmt","DefinitionStmt","DefinitionStmt","DefinitionStmt","DefinitionStmt","DefinitionStmt","DefinitionStmt","DefinitionStmt","DefinitionStmt","DefinitionStmt","DefinitionStmt","DefinitionStmt","DefinitionStmt","DefinitionStmt","DefinitionStmt","DefinitionStmt","DefinitionStmt","DefinitionStmt","DefinitionStmt","DefinitionStmt","DefinitionStmt","DefinitionStmt","DefinitionStmt","DefinitionStmt","DefinitionStmt","DefinitionStmt","DefinitionStmt","DefinitionStmt","DefinitionStmt","DefinitionStmt","DefinitionStmt","DefinitionStmt","ReturnVoidStmt","Local","NewArray","Local","NewArray","ArrayRef","Constant","ArrayRef","Constant","ArrayRef","Local","Local","NewArray","ArrayRef","Constant","ArrayRef","Constant","ArrayRef","Local","Local","NewArray","ArrayRef","Constant","ArrayRef","Constant","ArrayRef","Local","Local","NewArray","ArrayRef","Constant","ArrayRef","Constant","ArrayRef","Local","Local","NewArray","ArrayRef","Constant","ArrayRef","Constant","ArrayRef","Local","Local","NewArray","ArrayRef","Constant","ArrayRef","Constant","ArrayRef","Local","Local","NewArray","ArrayRef","Constant","ArrayRef","Constant","ArrayRef","Local","Local","NewArray","ArrayRef","Constant","ArrayRef","Constant","ArrayRef","Local","Local","NewArray","ArrayRef","Constant","ArrayRef","Constant","ArrayRef","Local","Local","NewArray","ArrayRef","Constant","ArrayRef","Constant","ArrayRef","Local","Local","NewArray","ArrayRef","Constant","ArrayRef","Constant","ArrayRef","Local","Local","NewArray","ArrayRef","Constant","ArrayRef","Constant","ArrayRef","Local","Local","NewArray","ArrayRef","Constant","ArrayRef","Constant","ArrayRef","Local","Local","NewArray","ArrayRef","Constant","ArrayRef","Constant","ArrayRef","Local","Local","NewArray","ArrayRef","Constant","ArrayRef","Constant","ArrayRef","Local","Local","NewArray","ArrayRef","Constant","ArrayRef","Constant","ArrayRef","Local","Local","NewArray","ArrayRef","Constant","ArrayRef","Constant","ArrayRef","Local","Local","NewArray","ArrayRef","Constant","ArrayRef","Constant","ArrayRef","Local","StaticFieldRef","Local","Array","Array","Constant","Array","Array","Constant","RefType","Local","Constant","RefType","RefType","Local","Constant","RefType","Array","Local","Constant","Array","Array","Array","Constant","RefType","Local","Constant","RefType","RefType","Local","Constant","RefType","Array","Local","Constant","Array","Array","Array","Constant","RefType","Local","Constant","RefType","RefType","Local","Constant","RefType","Array","Local","Constant","Array","Array","Array","Constant","RefType","Local","Constant","RefType","RefType","Local","Constant","RefType","Array","Local","Constant","Array","Array","Array","Constant","RefType","Local","Constant","RefType","RefType","Local","Constant","RefType","Array","Local","Constant","Array","Array","Array","Constant","RefType","Local","Constant","RefType","RefType","Local","Constant","RefType","Array","Local","Constant","Array","Array","Array","Constant","RefType","Local","Constant","RefType","RefType","Local","Constant","RefType","Array","Local","Constant","Array","Array","Array","Constant","RefType","Local","Constant","RefType","RefType","Local","Constant","RefType","Array","Local","Constant","Array","Array","Array","Constant","RefType","Local","Constant","RefType","RefType","Local","Constant","RefType","Array","Local","Constant","Array","Array","Array","Constant","RefType","Local","Constant","RefType","RefType","Local","Constant","RefType","Array","Local","Constant","Array","Array","Array","Constant","RefType","Local","Constant","RefType","RefType","Local","Constant","RefType","Array","Local","Constant","Array","Array","Array","Constant","RefType","Local","Constant","RefType","RefType","Local","Constant","RefType","Array","Local","Constant","Array","Array","Array","Constant","RefType","Local","Constant","RefType","RefType","Local","Constant","RefType","Array","Local","Constant","Array","Array","Array","Constant","RefType","Local","Constant","RefType","RefType","Local","Constant","RefType","Array","Local","Constant","Array","Array","Array","Constant","RefType","Local","Constant","RefType","RefType","Local","Constant","RefType","Array","Local","Constant","Array","Array","Array","Constant","RefType","Local","Constant","RefType","RefType","Local","Constant","RefType","Array","Local","Constant","Array","Array","Array","Constant","RefType","Local","Constant","RefType","RefType","Local","Constant","RefType","Array","Local","Constant","Array","Array","Array","Constant","RefType","Local","Constant","RefType","RefType","Local","Constant","RefType","Array","Local","Constant","Array","Array","Array","Array","Array","[]","Array","[]","1","8","Int","RefType","[]","RefType","[]","2","Int","java","lang","Object","Array","0","Int","java","lang","String","java","lang","Object","Array","1","Int","java","lang","String","RefType","[]","Array","0","Int","RefType","[]","RefType","[]","RefType","[]","2","Int","java","lang","Object","Array","0","Int","java","lang","String","java","lang","Object","Array","1","Int","java","lang","String","RefType","[]","Array","1","Int","RefType","[]","RefType","[]","RefType","[]","2","Int","java","lang","Object","Array","0","Int","java","lang","String","java","lang","Object","Array","1","Int","java","lang","String","RefType","[]","Array","2","Int","RefType","[]","RefType","[]","RefType","[]","2","Int","java","lang","Object","Array","0","Int","java","lang","String","java","lang","Object","Array","1","Int","java","lang","String","RefType","[]","Array","3","Int","RefType","[]","RefType","[]","RefType","[]","2","Int","java","lang","Object","Array","0","Int","java","lang","String","java","lang","Object","Array","1","Int","java","lang","String","RefType","[]","Array","4","Int","RefType","[]","RefType","[]","RefType","[]","2","Int","java","lang","Object","Array","0","Int","java","lang","String","java","lang","Object","Array","1","Int","java","lang","String","RefType","[]","Array","5","Int","RefType","[]","RefType","[]","RefType","[]","2","Int","java","lang","Object","Array","0","Int","java","lang","String","java","lang","Object","Array","1","Int","java","lang","String","RefType","[]","Array","6","Int","RefType","[]","RefType","[]","RefType","[]","2","Int","java","lang","Object","Array","0","Int","java","lang","String","java","lang","Object","Array","1","Int","java","lang","String","RefType","[]","Array","7","Int","RefType","[]","RefType","[]","RefType","[]","2","Int","java","lang","Object","Array","0","Int","java","lang","String","java","lang","Object","Array","1","Int","java","lang","String","RefType","[]","Array","8","Int","RefType","[]","RefType","[]","RefType","[]","2","Int","java","lang","Object","Array","0","Int","java","lang","String","java","lang","Object","Array","1","Int","java","lang","String","RefType","[]","Array","9","Int","RefType","[]","RefType","[]","RefType","[]","2","Int","java","lang","Object","Array","0","Int","java","lang","String","java","lang","Object","Array","1","Int","java","lang","String","RefType","[]","Array","1","0","Int","RefType","[]","RefType","[]","RefType","[]","2","Int","java","lang","Object","Array","0","Int","java","lang","String","java","lang","Object","Array","1","Int","java","lang","String","RefType","[]","Array","1","1","Int","RefType","[]","RefType","[]","RefType","[]","2","Int","java","lang","Object","Array","0","Int","java","lang","String","java","lang","Object","Array","1","Int","java","lang","String","RefType","[]","Array","1","2","Int","RefType","[]","RefType","[]","RefType","[]","2","Int","java","lang","Object","Array","0","Int","java","lang","String","java","lang","Object","Array","1","Int","java","lang","String","RefType","[]","Array","1","3","Int","RefType","[]","RefType","[]","RefType","[]","2","Int","java","lang","Object","Array","0","Int","java","lang","String","java","lang","Object","Array","1","Int","java","lang","String","RefType","[]","Array","1","4","Int","RefType","[]","RefType","[]","RefType","[]","2","Int","java","lang","Object","Array","0","Int","java","lang","String","java","lang","Object","Array","1","Int","java","lang","String","RefType","[]","Array","1","5","Int","RefType","[]","RefType","[]","RefType","[]","2","Int","java","lang","Object","Array","0","Int","java","lang","String","java","lang","Object","Array","1","Int","java","lang","String","RefType","[]","Array","1","6","Int","RefType","[]","RefType","[]","RefType","[]","2","Int","java","lang","Object","Array","0","Int","java","lang","String","java","lang","Object","Array","1","Int","java","lang","String","RefType","[]","Array","1","7","Int","RefType","[]","Array","[]","Array","[]","Array","[]","RefType","[]","RefType","[]","java","lang","Object","java","lang","Object","RefType","[]","RefType","[]","java","lang","Object","Array","[]","java","lang","Object","java","lang","Object","java","lang","Object","RefType","[]","RefType","[]","java","lang","Object","Array","[]","java","lang","Object","java","lang","Object","java","lang","Object","RefType","[]","RefType","[]","java","lang","Object","Array","[]","java","lang","Object","java","lang","Object","java","lang","Object","RefType","[]","RefType","[]","java","lang","Object","Array","[]","java","lang","Object","java","lang","Object","java","lang","Object","RefType","[]","RefType","[]","java","lang","Object","Array","[]","java","lang","Object","java","lang","Object","java","lang","Object","RefType","[]","RefType","[]","java","lang","Object","Array","[]","java","lang","Object","java","lang","Object","java","lang","Object","RefType","[]","RefType","[]","java","lang","Object","Array","[]","java","lang","Object","java","lang","Object","java","lang","Object","RefType","[]","RefType","[]","java","lang","Object","Array","[]","java","lang","Object","java","lang","Object","java","lang","Object","RefType","[]","RefType","[]","java","lang","Object","Array","[]","java","lang","Object","java","lang","Object","java","lang","Object","RefType","[]","RefType","[]","java","lang","Object","Array","[]","java","lang","Object","java","lang","Object","java","lang","Object","RefType","[]","RefType","[]","java","lang","Object","Array","[]","java","lang","Object","java","lang","Object","java","lang","Object","RefType","[]","RefType","[]","java","lang","Object","Array","[]","java","lang","Object","java","lang","Object","java","lang","Object","RefType","[]","RefType","[]","java","lang","Object","Array","[]","java","lang","Object","java","lang","Object","java","lang","Object","RefType","[]","RefType","[]","java","lang","Object","Array","[]","java","lang","Object","java","lang","Object","java","lang","Object","RefType","[]","RefType","[]","java","lang","Object","Array","[]","java","lang","Object","java","lang","Object","java","lang","Object","RefType","[]","RefType","[]","java","lang","Object","Array","[]","java","lang","Object","java","lang","Object","java","lang","Object","RefType","[]","RefType","[]","java","lang","Object","Array","[]","java","lang","Object","java","lang","Object","java","lang","Object","RefType","[]","RefType","[]","java","lang","Object","Array","[]","java","lang","Object","RefType","[]","RefType","[]","RefType","[]","java","lang","Object","java","lang","Object","java","lang","Object","java","lang","Object","RefType","[]","java","lang","Object","java","lang","Object","RefType","[]","java","lang","Object","java","lang","Object","RefType","[]","java","lang","Object","java","lang","Object","RefType","[]","java","lang","Object","java","lang","Object","RefType","[]","java","lang","Object","java","lang","Object","RefType","[]","java","lang","Object","java","lang","Object","RefType","[]","java","lang","Object","java","lang","Object","RefType","[]","java","lang","Object","java","lang","Object","RefType","[]","java","lang","Object","java","lang","Object","RefType","[]","java","lang","Object","java","lang","Object","RefType","[]","java","lang","Object","java","lang","Object","RefType","[]","java","lang","Object","java","lang","Object","RefType","[]","java","lang","Object","java","lang","Object","RefType","[]","java","lang","Object","java","lang","Object","RefType","[]","java","lang","Object","java","lang","Object","RefType","[]","java","lang","Object","java","lang","Object","RefType","[]","java","lang","Object","java","lang","Object","RefType","[]","java","lang","Object","java","lang","Object","java","lang","Object","java","lang","Object","java","lang","Object","java","lang","Object","java","lang","Object","java","lang","Object","java","lang","Object","java","lang","Object","java","lang","Object","java","lang","Object","java","lang","Object","java","lang","Object","java","lang","Object","java","lang","Object","java","lang","Object","java","lang","Object","java","lang","Object","java","lang","Object","java","lang","Object"],"edges":[[0,1],[0,2],[0,3],[0,4],[0,5],[0,6],[0,7],[0,8],[0,9],[0,10],[0,11],[0,12],[0,13],[0,14],[0,15],[0,16],[0,17],[0,18],[0,19],[0,20],[0,21],[0,22],[0,23],[0,24],[0,25],[0,26],[0,27],[0,28],[0,29],[0,30],[0,31],[0,32],[0,33],[0,34],[0,35],[0,36],[0,37],[0,38],[0,39],[0,40],[0,41],[0,42],[0,43],[0,44],[0,45],[0,46],[0,47],[0,48],[0,49],[0,50],[0,51],[0,52],[0,53],[0,54],[0,55],[0,56],[0,57],[0,58],[0,59],[0,60],[0,61],[0,62],[0,63],[0,64],[0,65],[0,66],[0,67],[0,68],[0,69],[0,70],[0,71],[0,72],[0,73],[0,74],[0,75],[1,76],[1,77],[2,78],[2,79],[3,80],[3,81],[4,82],[4,83],[5,84],[5,85],[6,86],[6,87],[7,88],[7,89],[8,90],[8,91],[9,92],[9,93],[10,94],[10,95],[11,96],[11,97],[12,98],[12,99],[13,100],[13,101],[14,102],[14,103],[15,104],[15,105],[16,106],[16,107],[17,108],[17,109],[18,110],[18,111],[19,112],[19,113],[20,114],[20,115],[21,116],[21,117],[22,118],[22,119],[23,120],[23,121],[24,122],[24,123],[25,124],[25,125],[26,126],[26,127],[27,128],[27,129],[28,130],[28,131],[29,132],[29,133],[30,134],[30,135],[31,136],[31,137],[32,138],[32,139],[33,140],[33,141],[34,142],[34,143],[35,144],[35,145],[36,146],[36,147],[37,148],[37,149],[38,150],[38,151],[39,152],[39,153],[40,154],[40,155],[41,156],[41,157],[42,158],[42,159],[43,160],[43,161],[44,162],[44,163],[45,164],[45,165],[46,166],[46,167],[47,168],[47,169],[48,170],[48,171],[49,172],[49,173],[50,174],[50,175],[51,176],[51,177],[52,178],[52,179],[53,180],[53,181],[54,182],[54,183],[55,184],[55,185],[56,186],[56,187],[57,188],[57,189],[58,190],[58,191],[59,192],[59,193],[60,194],[60,195],[61,196],[61,197],[62,198],[62,199],[63,200],[63,201],[64,202],[64,203],[65,204],[65,205],[66,206],[66,207],[67,208],[67,209],[68,210],[68,211],[69,212],[69,213],[70,214],[70,215],[71,216],[71,217],[72,218],[72,219],[73,220],[73,221],[74,222],[74,223],[76,224],[77,225],[77,226],[78,227],[79,228],[79,229],[80,230],[80,231],[80,232],[81,233],[82,234],[82,235],[82,236],[83,237],[84,238],[84,239],[84,240],[85,241],[86,242],[87,243],[87,244],[88,245],[88,246],[88,247],[89,248],[90,249],[90,250],[90,251],[91,252],[92,253],[92,254],[92,255],[93,256],[94,257],[95,258],[95,259],[96,260],[96,261],[96,262],[97,263],[98,264],[98,265],[98,266],[99,267],[100,268],[100,269],[100,270],[101,271],[102,272],[103,273],[103,274],[104,275],[104,276],[104,277],[105,278],[106,279],[106,280],[106,281],[107,282],[108,283],[108,284],[108,285],[109,286],[110,287],[111,288],[111,289],[112,290],[112,291],[112,292],[113,293],[114,294],[114,295],[114,296],[115,297],[116,298],[116,299],[116,300],[117,301],[118,302],[119,303],[119,304],[120,305],[120,306],[120,307],[121,308],[122,309],[122,310],[122,311],[123,312],[124,313],[124,314],[124,315],[125,316],[126,317],[127,318],[127,319],[128,320],[128,321],[128,322],[129,323],[130,324],[130,325],[130,326],[131,327],[132,328],[132,329],[132,330],[133,331],[134,332],[135,333],[135,334],[136,335],[136,336],[136,337],[137,338],[138,339],[138,340],[138,341],[139,342],[140,343],[140,344],[140,345],[141,346],[142,347],[143,348],[143,349],[144,350],[144,351],[144,352],[145,353],[146,354],[146,355],[146,356],[147,357],[148,358],[148,359],[148,360],[149,361],[150,362],[151,363],[151,364],[152,365],[152,366],[152,367],[153,368],[154,369],[154,370],[154,371],[155,372],[156,373],[156,374],[156,375],[157,376],[158,377],[159,378],[159,379],[160,380],[160,381],[160,382],[161,383],[162,384],[162,385],[162,386],[163,387],[164,388],[164,389],[164,390],[165,391],[166,392],[167,393],[167,394],[168,395],[168,396],[168,397],[169,398],[170,399],[170,400],[170,401],[171,402],[172,403],[172,404],[172,405],[173,406],[174,407],[175,408],[175,409],[176,410],[176,411],[176,412],[177,413],[178,414],[178,415],[178,416],[179,417],[180,418],[180,419],[180,420],[181,421],[182,422],[183,423],[183,424],[184,425],[184,426],[184,427],[185,428],[186,429],[186,430],[186,431],[187,432],[188,433],[188,434],[188,435],[189,436],[190,437],[191,438],[191,439],[192,440],[192,441],[192,442],[193,443],[194,444],[194,445],[194,446],[195,447],[196,448],[196,449],[196,450],[197,451],[198,452],[199,453],[199,454],[200,455],[200,456],[200,457],[201,458],[202,459],[202,460],[202,461],[203,462],[204,463],[204,464],[204,465],[205,466],[206,467],[207,468],[207,469],[208,470],[208,471],[208,472],[209,473],[210,474],[210,475],[210,476],[211,477],[212,478],[212,479],[212,480],[213,481],[214,482],[215,483],[215,484],[216,485],[216,486],[216,487],[217,488],[218,489],[218,490],[218,491],[219,492],[220,493],[220,494],[220,495],[221,496],[222,497],[222,498],[223,499],[224,500],[224,501],[225,502],[225,503],[226,504],[226,505],[226,506],[227,507],[227,508],[228,509],[228,510],[229,511],[229,512],[230,513],[230,514],[230,515],[231,516],[232,517],[232,518],[233,519],[233,520],[233,521],[234,522],[234,523],[234,524],[235,525],[236,526],[236,527],[237,528],[237,529],[237,530],[238,531],[238,532],[239,533],[240,534],[240,535],[241,536],[241,537],[242,538],[242,539],[243,540],[243,541],[244,542],[244,543],[245,544],[245,545],[245,546],[246,547],[247,548],[247,549],[248,550],[248,551],[248,552],[249,553],[249,554],[249,555],[250,556],[251,557],[251,558],[252,559],[252,560],[252,561],[253,562],[253,563],[254,564],[255,565],[255,566],[256,567],[256,568],[257,569],[257,570],[258,571],[258,572],[259,573],[259,574],[260,575],[260,576],[260,577],[261,578],[262,579],[262,580],[263,581],[263,582],[263,583],[264,584],[264,585],[264,586],[265,587],[266,588],[266,589],[267,590],[267,591],[267,592],[268,593],[268,594],[269,595],[270,596],[270,597],[271,598],[271,599],[272,600],[272,601],[273,602],[273,603],[274,604],[274,605],[275,606],[275,607],[275,608],[276,609],[277,610],[277,611],[278,612],[278,613],[278,614],[279,615],[279,616],[279,617],[280,618],[281,619],[281,620],[282,621],[282,622],[282,623],[283,624],[283,625],[284,626],[285,627],[285,628],[286,629],[286,630],[287,631],[287,632],[288,633],[288,634],[289,635],[289,636],[290,637],[290,638],[290,639],[291,640],[292,641],[292,642],[293,643],[293,644],[293,645],[294,646],[294,647],[294,648],[295,649],[296,650],[296,651],[297,652],[297,653],[297,654],[298,655],[298,656],[299,657],[300,658],[300,659],[301,660],[301,661],[302,662],[302,663],[303,664],[303,665],[304,666],[304,667],[305,668],[305,669],[305,670],[306,671],[307,672],[307,673],[308,674],[308,675],[308,676],[309,677],[309,678],[309,679],[310,680],[311,681],[311,682],[312,683],[312,684],[312,685],[313,686],[313,687],[314,688],[315,689],[315,690],[316,691],[316,692],[317,693],[317,694],[318,695],[318,696],[319,697],[319,698],[320,699],[320,700],[320,701],[321,702],[322,703],[322,704],[323,705],[323,706],[323,707],[324,708],[324,709],[324,710],[325,711],[326,712],[326,713],[327,714],[327,715],[327,716],[328,717],[328,718],[329,719],[330,720],[330,721],[331,722],[331,723],[332,724],[332,725],[333,726],[333,727],[334,728],[334,729],[335,730],[335,731],[335,732],[336,733],[337,734],[337,735],[338,736],[338,737],[338,738],[339,739],[339,740],[339,741],[340,742],[341,743],[341,744],[342,745],[342,746],[342,747],[343,748],[343,749],[344,750],[345,751],[345,752],[346,753],[346,754],[347,755],[347,756],[348,757],[348,758],[349,759],[349,760],[350,761],[350,762],[350,763],[351,764],[352,765],[352,766],[353,767],[353,768],[353,769],[354,770],[354,771],[354,772],[355,773],[356,774],[356,775],[357,776],[357,777],[357,778],[358,779],[358,780],[359,781],[360,782],[360,783],[361,784],[361,785],[362,786],[362,787],[363,788],[363,789],[364,790],[364,791],[365,792],[365,793],[365,794],[366,795],[367,796],[367,797],[368,798],[368,799],[368,800],[369,801],[369,802],[369,803],[370,804],[371,805],[371,806],[372,807],[372,808],[372,809],[373,810],[373,811],[374,812],[375,813],[375,814],[376,815],[376,816],[377,817],[377,818],[378,819],[378,820],[379,821],[379,822],[380,823],[380,824],[380,825],[381,826],[382,827],[382,828],[383,829],[383,830],[383,831],[384,832],[384,833],[384,834],[385,835],[386,836],[386,837],[387,838],[387,839],[387,840],[388,841],[388,842],[389,843],[390,844],[390,845],[390,846],[391,847],[391,848],[392,849],[392,850],[393,851],[393,852],[394,853],[394,854],[395,855],[395,856],[395,857],[396,858],[397,859],[397,860],[398,861],[398,862],[398,863],[399,864],[399,865],[399,866],[400,867],[401,868],[401,869],[402,870],[402,871],[402,872],[403,873],[403,874],[404,875],[405,876],[405,877],[405,878],[406,879],[406,880],[407,881],[407,882],[408,883],[408,884],[409,885],[409,886],[410,887],[410,888],[410,889],[411,890],[412,891],[412,892],[413,893],[413,894],[413,895],[414,896],[414,897],[414,898],[415,899],[416,900],[416,901],[417,902],[417,903],[417,904],[418,905],[418,906],[419,907],[420,908],[420,909],[420,910],[421,911],[421,912],[422,913],[422,914],[423,915],[423,916],[424,917],[424,918],[425,919],[425,920],[425,921],[426,922],[427,923],[427,924],[428,925],[428,926],[428,927],[429,928],[429,929],[429,930],[430,931],[431,932],[431,933],[432,934],[432,935],[432,936],[433,937],[433,938],[434,939],[435,940],[435,941],[435,942],[436,943],[436,944],[437,945],[437,946],[438,947],[438,948],[439,949],[439,950],[440,951],[440,952],[440,953],[441,954],[442,955],[442,956],[443,957],[443,958],[443,959],[444,960],[444,961],[444,962],[445,963],[446,964],[446,965],[447,966],[447,967],[447,968],[448,969],[448,970],[449,971],[450,972],[450,973],[450,974],[451,975],[451,976],[452,977],[452,978],[453,979],[453,980],[454,981],[454,982],[455,983],[455,984],[455,985],[456,986],[457,987],[457,988],[458,989],[458,990],[458,991],[459,992],[459,993],[459,994],[460,995],[461,996],[461,997],[462,998],[462,999],[462,1000],[463,1001],[463,1002],[464,1003],[465,1004],[465,1005],[465,1006],[466,1007],[466,1008],[467,1009],[467,1010],[468,1011],[468,1012],[469,1013],[469,1014],[470,1015],[470,1016],[470,1017],[471,1018],[472,1019],[472,1020],[473,1021],[473,1022],[473,1023],[474,1024],[474,1025],[474,1026],[475,1027],[476,1028],[476,1029],[477,1030],[477,1031],[477,1032],[478,1033],[478,1034],[479,1035],[480,1036],[480,1037],[480,1038],[481,1039],[481,1040],[482,1041],[482,1042],[483,1043],[483,1044],[484,1045],[484,1046],[485,1047],[485,1048],[485,1049],[486,1050],[487,1051],[487,1052],[488,1053],[488,1054],[488,1055],[489,1056],[489,1057],[489,1058],[490,1059],[491,1060],[491,1061],[492,1062],[492,1063],[492,1064],[493,1065],[493,1066],[494,1067],[495,1068],[495,1069],[495,1070],[496,1071],[496,1072],[497,1073],[497,1074],[498,1075],[498,1076],[499,1077],[499,1078],[500,1079],[500,1080],[502,1081],[502,1082],[507,1083],[507,1084],[507,1085],[509,1086],[509,1087],[509,1088],[516,1089],[516,1090],[525,1091],[525,1092],[531,1093],[531,1094],[531,1095],[533,1096],[533,1097],[536,1098],[536,1099],[536,1100],[538,1101],[538,1102],[538,1103],[540,1104],[540,1105],[540,1106],[547,1107],[547,1108],[556,1109],[556,1110],[562,1111],[562,1112],[562,1113],[564,1114],[564,1115],[567,1116],[567,1117],[567,1118],[569,1119],[569,1120],[569,1121],[571,1122],[571,1123],[571,1124],[578,1125],[578,1126],[587,1127],[587,1128],[593,1129],[593,1130],[593,1131],[595,1132],[595,1133],[598,1134],[598,1135],[598,1136],[600,1137],[600,1138],[600,1139],[602,1140],[602,1141],[602,1142],[609,1143],[609,1144],[618,1145],[618,1146],[624,1147],[624,1148],[624,1149],[626,1150],[626,1151],[629,1152],[629,1153],[629,1154],[631,1155],[631,1156],[631,1157],[633,1158],[633,1159],[633,1160],[640,1161],[640,1162],[649,1163],[649,1164],[655,1165],[655,1166],[655,1167],[657,1168],[657,1169],[660,1170],[660,1171],[660,1172],[662,1173],[662,1174],[662,1175],[664,1176],[664,1177],[664,1178],[671,1179],[671,1180],[680,1181],[680,1182],[686,1183],[686,1184],[686,1185],[688,1186],[688,1187],[691,1188],[691,1189],[691,1190],[693,1191],[693,1192],[693,1193],[695,1194],[695,1195],[695,1196],[702,1197],[702,1198],[711,1199],[711,1200],[717,1201],[717,1202],[717,1203],[719,1204],[719,1205],[722,1206],[722,1207],[722,1208],[724,1209],[724,1210],[724,1211],[726,1212],[726,1213],[726,1214],[733,1215],[733,1216],[742,1217],[742,1218],[748,1219],[748,1220],[748,1221],[750,1222],[750,1223],[753,1224],[753,1225],[753,1226],[755,1227],[755,1228],[755,1229],[757,1230],[757,1231],[757,1232],[764,1233],[764,1234],[773,1235],[773,1236],[779,1237],[779,1238],[779,1239],[781,1240],[781,1241],[784,1242],[784,1243],[784,1244],[786,1245],[786,1246],[786,1247],[788,1248],[788,1249],[788,1250],[795,1251],[795,1252],[804,1253],[804,1254],[810,1255],[810,1256],[810,1257],[812,1258],[812,1259],[815,1260],[815,1261],[815,1262],[817,1263],[817,1264],[817,1265],[819,1266],[819,1267],[819,1268],[826,1269],[826,1270],[835,1271],[835,1272],[841,1273],[841,1274],[841,1275],[843,1276],[843,1277],[847,1278],[847,1279],[847,1280],[849,1281],[849,1282],[849,1283],[851,1284],[851,1285],[851,1286],[858,1287],[858,1288],[867,1289],[867,1290],[873,1291],[873,1292],[873,1293],[875,1294],[875,1295],[879,1296],[879,1297],[879,1298],[881,1299],[881,1300],[881,1301],[883,1302],[883,1303],[883,1304],[890,1305],[890,1306],[899,1307],[899,1308],[905,1309],[905,1310],[905,1311],[907,1312],[907,1313],[911,1314],[911,1315],[911,1316],[913,1317],[913,1318],[913,1319],[915,1320],[915,1321],[915,1322],[922,1323],[922,1324],[931,1325],[931,1326],[937,1327],[937,1328],[937,1329],[939,1330],[939,1331],[943,1332],[943,1333],[943,1334],[945,1335],[945,1336],[945,1337],[947,1338],[947,1339],[947,1340],[954,1341],[954,1342],[963,1343],[963,1344],[969,1345],[969,1346],[969,1347],[971,1348],[971,1349],[975,1350],[975,1351],[975,1352],[977,1353],[977,1354],[977,1355],[979,1356],[979,1357],[979,1358],[986,1359],[986,1360],[995,1361],[995,1362],[1001,1363],[1001,1364],[1001,1365],[1003,1366],[1003,1367],[1007,1368],[1007,1369],[1007,1370],[1009,1371],[1009,1372],[1009,1373],[1011,1374],[1011,1375],[1011,1376],[1018,1377],[1018,1378],[1027,1379],[1027,1380],[1033,1381],[1033,1382],[1033,1383],[1035,1384],[1035,1385],[1039,1386],[1039,1387],[1039,1388],[1041,1389],[1041,1390],[1041,1391],[1043,1392],[1043,1393],[1043,1394],[1050,1395],[1050,1396],[1059,1397],[1059,1398],[1065,1399],[1065,1400],[1065,1401],[1067,1402],[1067,1403],[1071,1404],[1071,1405],[1071,1406],[1073,1407],[1073,1408],[1075,1409],[1075,1410],[1077,1411],[1077,1412],[1079,1413],[1079,1414],[1079,1415],[1081,1416],[1081,1417],[1081,1418],[1089,1419],[1089,1420],[1089,1421],[1091,1422],[1091,1423],[1091,1424],[1096,1425],[1096,1426],[1107,1427],[1107,1428],[1107,1429],[1109,1430],[1109,1431],[1109,1432],[1114,1433],[1114,1434],[1125,1435],[1125,1436],[1125,1437],[1127,1438],[1127,1439],[1127,1440],[1132,1441],[1132,1442],[1143,1443],[1143,1444],[1143,1445],[1145,1446],[1145,1447],[1145,1448],[1150,1449],[1150,1450],[1161,1451],[1161,1452],[1161,1453],[1163,1454],[1163,1455],[1163,1456],[1168,1457],[1168,1458],[1179,1459],[1179,1460],[1179,1461],[1181,1462],[1181,1463],[1181,1464],[1186,1465],[1186,1466],[1197,1467],[1197,1468],[1197,1469],[1199,1470],[1199,1471],[1199,1472],[1204,1473],[1204,1474],[1215,1475],[1215,1476],[1215,1477],[1217,1478],[1217,1479],[1217,1480],[1222,1481],[1222,1482],[1233,1483],[1233,1484],[1233,1485],[1235,1486],[1235,1487],[1235,1488],[1240,1489],[1240,1490],[1251,1491],[1251,1492],[1251,1493],[1253,1494],[1253,1495],[1253,1496],[1258,1497],[1258,1498],[1269,1499],[1269,1500],[1269,1501],[1271,1502],[1271,1503],[1271,1504],[1276,1505],[1276,1506],[1287,1507],[1287,1508],[1287,1509],[1289,1510],[1289,1511],[1289,1512],[1294,1513],[1294,1514],[1305,1515],[1305,1516],[1305,1517],[1307,1518],[1307,1519],[1307,1520],[1312,1521],[1312,1522],[1323,1523],[1323,1524],[1323,1525],[1325,1526],[1325,1527],[1325,1528],[1330,1529],[1330,1530],[1341,1531],[1341,1532],[1341,1533],[1343,1534],[1343,1535],[1343,1536],[1348,1537],[1348,1538],[1359,1539],[1359,1540],[1359,1541],[1361,1542],[1361,1543],[1361,1544],[1366,1545],[1366,1546],[1377,1547],[1377,1548],[1377,1549],[1379,1550],[1379,1551],[1379,1552],[1384,1553],[1384,1554],[1395,1555],[1395,1556],[1395,1557],[1397,1558],[1397,1559],[1397,1560],[1402,1561],[1402,1562],[1407,1563],[1407,1564],[1407,1565],[1409,1566],[1409,1567],[1409,1568],[1411,1569],[1411,1570],[1411,1571],[1425,1572],[1425,1573],[1425,1574],[1433,1575],[1433,1576],[1433,1577],[1441,1578],[1441,1579],[1441,1580],[1449,1581],[1449,1582],[1449,1583],[1457,1584],[1457,1585],[1457,1586],[1465,1587],[1465,1588],[1465,1589],[1473,1590],[1473,1591],[1473,1592],[1481,1593],[1481,1594],[1481,1595],[1489,1596],[1489,1597],[1489,1598],[1497,1599],[1497,1600],[1497,1601],[1505,1602],[1505,1603],[1505,1604],[1513,1605],[1513,1606],[1513,1607],[1521,1608],[1521,1609],[1521,1610],[1529,1611],[1529,1612],[1529,1613],[1537,1614],[1537,1615],[1537,1616],[1545,1617],[1545,1618],[1545,1619],[1553,1620],[1553,1621],[1553,1622],[1561,1623],[1561,1624],[1561,1625]],"ID":2}],"edgeSet":[[0,2,0],[2,1,0]],"ENTRY":{"def":[],"use":[],"callees":[],"nodes":["CompoundStmt"],"edges":[],"ID":0},"EXIT":{"def":[],"use":[],"callees":[],"nodes":["CompoundStmt"],"edges":[],"ID":1},"method_name":"\u003cclinit\u003e"}],"label":"0"}