{"data":[{"blocks":[{"def":[],"use":[],"callees":[],"nodes":["CompoundStmt"],"edges":[],"ID":0},{"def":[],"use":[],"callees":[],"nodes":["CompoundStmt"],"edges":[],"ID":1},{"def":["$r2","$r3","r0","r1"],"use":["$r2","$r3","@this: org.apache.html.dom.HTMLElementImpl","@parameter0: java.lang.String","r0","r1"],"callees":[],"nodes":["CompoundStmt","DefinitionStmt","DefinitionStmt","DefinitionStmt","DefinitionStmt","ReturnStmt","Local","ThisRef","Local","Param","Local","Invoke","Local","Invoke","Local","RefType","RefType","RefType","RefType","RefType","RefType","RefType","org","apache","html","dom","H","T","M","L","Element","Impl","org","apache","html","dom","H","T","M","L","Element","Impl","java","lang","String","java","lang","String","java","lang","String","org","w3c","dom","Attr","org","w3c","dom","Attr"],"edges":[[0,1],[0,2],[0,3],[0,4],[0,5],[1,6],[1,7],[2,8],[2,9],[3,10],[3,11],[4,12],[4,13],[5,14],[6,15],[7,16],[8,17],[9,18],[10,19],[12,20],[14,21],[15,22],[15,23],[15,24],[15,25],[15,26],[15,27],[15,28],[15,29],[15,30],[15,31],[16,32],[16,33],[16,34],[16,35],[16,36],[16,37],[16,38],[16,39],[16,40],[16,41],[17,42],[17,43],[17,44],[18,45],[18,46],[18,47],[19,48],[19,49],[19,50],[20,51],[20,52],[20,53],[20,54],[21,55],[21,56],[21,57],[21,58]],"ID":2}],"edgeSet":[[0,2,0],[2,1,0]],"ENTRY":{"def":[],"use":[],"callees":[],"nodes":["CompoundStmt"],"edges":[],"ID":0},"EXIT":{"def":[],"use":[],"callees":[],"nodes":["CompoundStmt"],"edges":[],"ID":1},"method_name":"getAttributeNode"},{"blocks":[{"def":[],"use":[],"callees":[],"nodes":["CompoundStmt"],"edges":[],"ID":0},{"def":[],"use":[],"callees":[],"nodes":["CompoundStmt"],"edges":[],"ID":1},{"def":["$r2","r0","r1"],"use":["$r2","@this: org.apache.html.dom.HTMLElementImpl","@parameter0: java.lang.String","r0","r1"],"callees":["getAttributeNode"],"nodes":["CompoundStmt","DefinitionStmt","DefinitionStmt","DefinitionStmt","IfStmt","Local","ThisRef","Local","Param","Local","Invoke","BinaryOp","RefType","RefType","RefType","RefType","RefType","Local"," \u003d\u003d ","Constant","org","apache","html","dom","H","T","M","L","Element","Impl","org","apache","html","dom","H","T","M","L","Element","Impl","java","lang","String","java","lang","String","org","w3c","dom","Attr","RefType","Null","org","w3c","dom","Attr"],"edges":[[0,1],[0,2],[0,3],[0,4],[1,5],[1,6],[2,7],[2,8],[3,9],[3,10],[4,11],[5,12],[6,13],[7,14],[8,15],[9,16],[11,17],[11,18],[11,19],[12,20],[12,21],[12,22],[12,23],[12,24],[12,25],[12,26],[12,27],[12,28],[12,29],[13,30],[13,31],[13,32],[13,33],[13,34],[13,35],[13,36],[13,37],[13,38],[13,39],[14,40],[14,41],[14,42],[15,43],[15,44],[15,45],[16,46],[16,47],[16,48],[16,49],[17,50],[19,51],[50,52],[50,53],[50,54],[50,55]],"ID":2},{"def":["$z0"],"use":["$z0"],"callees":[],"nodes":["CompoundStmt","DefinitionStmt","GotoStmt","ReturnStmt","Local","Constant","Local","Boolean","1","Int","Boolean"],"edges":[[0,1],[0,2],[0,3],[1,4],[1,5],[3,6],[4,7],[5,8],[5,9],[6,10]],"ID":3},{"def":["$z0"],"use":[],"callees":[],"nodes":["CompoundStmt","DefinitionStmt","Local","Constant","Boolean","0","Int"],"edges":[[0,1],[1,2],[1,3],[2,4],[3,5],[3,6]],"ID":4}],"edgeSet":[[3,1,0],[0,2,0],[2,3,1],[2,4,2],[4,3,0]],"ENTRY":{"def":[],"use":[],"callees":[],"nodes":["CompoundStmt"],"edges":[],"ID":0},"EXIT":{"def":[],"use":[],"callees":[],"nodes":["CompoundStmt"],"edges":[],"ID":1},"method_name":"getBinary"},{"blocks":[{"def":[],"use":[],"callees":[],"nodes":["CompoundStmt"],"edges":[],"ID":0},{"def":[],"use":[],"callees":[],"nodes":["CompoundStmt"],"edges":[],"ID":1},{"def":["$z0","r0"],"use":["@this: org.apache.html.dom.HTMLDListElementImpl","$z0","r0"],"callees":["getBinary"],"nodes":["CompoundStmt","DefinitionStmt","DefinitionStmt","ReturnStmt","Local","ThisRef","Local","Invoke","Local","RefType","RefType","Boolean","Boolean","org","apache","html","dom","H","T","M","L","D","List","Element","Impl","org","apache","html","dom","H","T","M","L","D","List","Element","Impl"],"edges":[[0,1],[0,2],[0,3],[1,4],[1,5],[2,6],[2,7],[3,8],[4,9],[5,10],[6,11],[8,12],[9,13],[9,14],[9,15],[9,16],[9,17],[9,18],[9,19],[9,20],[9,21],[9,22],[9,23],[9,24],[10,25],[10,26],[10,27],[10,28],[10,29],[10,30],[10,31],[10,32],[10,33],[10,34],[10,35],[10,36]],"ID":2}],"edgeSet":[[0,2,0],[2,1,0]],"ENTRY":{"def":[],"use":[],"callees":[],"nodes":["CompoundStmt"],"edges":[],"ID":0},"EXIT":{"def":[],"use":[],"callees":[],"nodes":["CompoundStmt"],"edges":[],"ID":1},"method_name":"getCompact"},{"blocks":[{"def":[],"use":[],"callees":[],"nodes":["CompoundStmt"],"edges":[],"ID":0},{"def":[],"use":[],"callees":[],"nodes":["CompoundStmt"],"edges":[],"ID":1},{"def":["z0","r0","r1"],"use":["@parameter1: boolean","z0","@this: org.apache.html.dom.HTMLElementImpl","@parameter0: java.lang.String"],"callees":[],"nodes":["CompoundStmt","DefinitionStmt","DefinitionStmt","DefinitionStmt","IfStmt","Local","ThisRef","Local","Param","Local","Param","BinaryOp","RefType","RefType","RefType","RefType","Boolean","Boolean","Local"," \u003d\u003d ","Constant","org","apache","html","dom","H","T","M","L","Element","Impl","org","apache","html","dom","H","T","M","L","Element","Impl","java","lang","String","java","lang","String","Boolean","0","Int"],"edges":[[0,1],[0,2],[0,3],[0,4],[1,5],[1,6],[2,7],[2,8],[3,9],[3,10],[4,11],[5,12],[6,13],[7,14],[8,15],[9,16],[10,17],[11,18],[11,19],[11,20],[12,21],[12,22],[12,23],[12,24],[12,25],[12,26],[12,27],[12,28],[12,29],[12,30],[13,31],[13,32],[13,33],[13,34],[13,35],[13,36],[13,37],[13,38],[13,39],[13,40],[14,41],[14,42],[14,43],[15,44],[15,45],[15,46],[18,47],[20,48],[20,49]],"ID":2},{"def":[],"use":["r0","r1"],"callees":[],"nodes":["CompoundStmt","Invoke","GotoStmt","ReturnVoidStmt"],"edges":[[0,1],[0,2],[0,3]],"ID":3},{"def":[],"use":["r0","r1"],"callees":[],"nodes":["CompoundStmt","Invoke"],"edges":[[0,1]],"ID":4}],"edgeSet":[[3,1,0],[0,2,0],[2,3,1],[2,4,2],[4,3,0]],"ENTRY":{"def":[],"use":[],"callees":[],"nodes":["CompoundStmt"],"edges":[],"ID":0},"EXIT":{"def":[],"use":[],"callees":[],"nodes":["CompoundStmt"],"edges":[],"ID":1},"method_name":"setAttribute"},{"blocks":[{"def":[],"use":[],"callees":[],"nodes":["CompoundStmt"],"edges":[],"ID":0},{"def":[],"use":[],"callees":[],"nodes":["CompoundStmt"],"edges":[],"ID":1},{"def":["z0","r0"],"use":["@this: org.apache.html.dom.HTMLDListElementImpl","z0","@parameter0: boolean","r0"],"callees":["setAttribute"],"nodes":["CompoundStmt","DefinitionStmt","DefinitionStmt","Invoke","ReturnVoidStmt","Local","ThisRef","Local","Param","RefType","RefType","Boolean","Boolean","org","apache","html","dom","H","T","M","L","D","List","Element","Impl","org","apache","html","dom","H","T","M","L","D","List","Element","Impl"],"edges":[[0,1],[0,2],[0,3],[0,4],[1,5],[1,6],[2,7],[2,8],[5,9],[6,10],[7,11],[8,12],[9,13],[9,14],[9,15],[9,16],[9,17],[9,18],[9,19],[9,20],[9,21],[9,22],[9,23],[9,24],[10,25],[10,26],[10,27],[10,28],[10,29],[10,30],[10,31],[10,32],[10,33],[10,34],[10,35],[10,36]],"ID":2}],"edgeSet":[[0,2,0],[2,1,0]],"ENTRY":{"def":[],"use":[],"callees":[],"nodes":["CompoundStmt"],"edges":[],"ID":0},"EXIT":{"def":[],"use":[],"callees":[],"nodes":["CompoundStmt"],"edges":[],"ID":1},"method_name":"setCompact"},{"blocks":[{"def":[],"use":[],"callees":[],"nodes":["CompoundStmt"],"edges":[],"ID":0},{"def":[],"use":[],"callees":[],"nodes":["CompoundStmt"],"edges":[],"ID":1},{"def":["r2","r0","r1"],"use":["r2","@this: org.apache.html.dom.HTMLDListElementImpl","@parameter0: org.apache.html.dom.HTMLDocumentImpl","@parameter1: java.lang.String","r0","r1"],"callees":["\u003cinit\u003e"],"nodes":["CompoundStmt","DefinitionStmt","DefinitionStmt","DefinitionStmt","Invoke","ReturnVoidStmt","Local","ThisRef","Local","Param","Local","Param","RefType","RefType","RefType","RefType","RefType","RefType","org","apache","html","dom","H","T","M","L","D","List","Element","Impl","org","apache","html","dom","H","T","M","L","D","List","Element","Impl","org","apache","html","dom","H","T","M","L","Document","Impl","org","apache","html","dom","H","T","M","L","Document","Impl","java","lang","String","java","lang","String"],"edges":[[0,1],[0,2],[0,3],[0,4],[0,5],[1,6],[1,7],[2,8],[2,9],[3,10],[3,11],[6,12],[7,13],[8,14],[9,15],[10,16],[11,17],[12,18],[12,19],[12,20],[12,21],[12,22],[12,23],[12,24],[12,25],[12,26],[12,27],[12,28],[12,29],[13,30],[13,31],[13,32],[13,33],[13,34],[13,35],[13,36],[13,37],[13,38],[13,39],[13,40],[13,41],[14,42],[14,43],[14,44],[14,45],[14,46],[14,47],[14,48],[14,49],[14,50],[14,51],[15,52],[15,53],[15,54],[15,55],[15,56],[15,57],[15,58],[15,59],[15,60],[15,61],[16,62],[16,63],[16,64],[17,65],[17,66],[17,67]],"ID":2}],"edgeSet":[[0,2,0],[2,1,0]],"ENTRY":{"def":[],"use":[],"callees":[],"nodes":["CompoundStmt"],"edges":[],"ID":0},"EXIT":{"def":[],"use":[],"callees":[],"nodes":["CompoundStmt"],"edges":[],"ID":1},"method_name":"\u003cinit\u003e"}],"label":"0"}