{"data":[{"blocks":[{"def":[],"use":[],"callees":[],"nodes":["CompoundStmt"],"edges":[],"ID":0},{"def":[],"use":[],"callees":[],"nodes":["CompoundStmt"],"edges":[],"ID":1},{"def":["r0"],"use":["@this: org.apache.xerces.readers.MIME2Java","r0"],"callees":[],"nodes":["CompoundStmt","DefinitionStmt","Invoke","ReturnVoidStmt","Local","ThisRef","RefType","RefType","org","apache","xerces","readers","M","I","M","E2","Java","org","apache","xerces","readers","M","I","M","E2","Java"],"edges":[[0,1],[0,2],[0,3],[1,4],[1,5],[4,6],[5,7],[6,8],[6,9],[6,10],[6,11],[6,12],[6,13],[6,14],[6,15],[6,16],[7,17],[7,18],[7,19],[7,20],[7,21],[7,22],[7,23],[7,24],[7,25]],"ID":2}],"edgeSet":[[0,2,0],[2,1,0]],"ENTRY":{"def":[],"use":[],"callees":[],"nodes":["CompoundStmt"],"edges":[],"ID":0},"EXIT":{"def":[],"use":[],"callees":[],"nodes":["CompoundStmt"],"edges":[],"ID":1},"method_name":"\u003cinit\u003e"},{"blocks":[{"def":[],"use":[],"callees":[],"nodes":["CompoundStmt"],"edges":[],"ID":0},{"def":[],"use":[],"callees":[],"nodes":["CompoundStmt"],"edges":[],"ID":1},{"def":["$r1","$r2","$r3","$r4","r0"],"use":["$r1","$r2","$r3","$r4","\u003corg.apache.xerces.readers.MIME2Java: java.util.Hashtable s_enchash\u003e","@parameter0: java.lang.String","r0"],"callees":[],"nodes":["CompoundStmt","DefinitionStmt","DefinitionStmt","DefinitionStmt","DefinitionStmt","DefinitionStmt","ReturnStmt","Local","Param","Local","StaticFieldRef","Local","Invoke","Local","Invoke","Local","CastExpr","Local","RefType","RefType","RefType","RefType","RefType","RefType","RefType","RefType","RefType","RefType","Local","RefType","java","lang","String","java","lang","String","java","util","Hashtable","java","util","Hashtable","java","util","Hashtable","java","lang","String","java","lang","Object","java","lang","String","java","lang","String","java","lang","String","RefType","java","lang","String","java","lang","Object"],"edges":[[0,1],[0,2],[0,3],[0,4],[0,5],[0,6],[1,7],[1,8],[2,9],[2,10],[3,11],[3,12],[4,13],[4,14],[5,15],[5,16],[6,17],[7,18],[8,19],[9,20],[10,21],[10,22],[11,23],[13,24],[15,25],[16,26],[16,27],[16,28],[17,29],[18,30],[18,31],[18,32],[19,33],[19,34],[19,35],[20,36],[20,37],[20,38],[21,39],[21,40],[21,41],[22,42],[22,43],[22,44],[23,45],[23,46],[23,47],[24,48],[24,49],[24,50],[25,51],[25,52],[25,53],[26,54],[26,55],[26,56],[27,57],[27,58],[27,59],[28,60],[29,61],[29,62],[29,63],[60,64],[60,65],[60,66]],"ID":2}],"edgeSet":[[0,2,0],[2,1,0]],"ENTRY":{"def":[],"use":[],"callees":[],"nodes":["CompoundStmt"],"edges":[],"ID":0},"EXIT":{"def":[],"use":[],"callees":[],"nodes":["CompoundStmt"],"edges":[],"ID":1},"method_name":"convert"},{"blocks":[{"def":[],"use":[],"callees":[],"nodes":["CompoundStmt"],"edges":[],"ID":0},{"def":[],"use":[],"callees":[],"nodes":["CompoundStmt"],"edges":[],"ID":1},{"def":["$r1","$r2","$r3","$r4","r0"],"use":["$r1","$r2","$r3","$r4","\u003corg.apache.xerces.readers.MIME2Java: java.util.Hashtable s_revhash\u003e","@parameter0: java.lang.String","r0"],"callees":[],"nodes":["CompoundStmt","DefinitionStmt","DefinitionStmt","DefinitionStmt","DefinitionStmt","DefinitionStmt","ReturnStmt","Local","Param","Local","StaticFieldRef","Local","Invoke","Local","Invoke","Local","CastExpr","Local","RefType","RefType","RefType","RefType","RefType","RefType","RefType","RefType","RefType","RefType","Local","RefType","java","lang","String","java","lang","String","java","util","Hashtable","java","util","Hashtable","java","util","Hashtable","java","lang","String","java","lang","Object","java","lang","String","java","lang","String","java","lang","String","RefType","java","lang","String","java","lang","Object"],"edges":[[0,1],[0,2],[0,3],[0,4],[0,5],[0,6],[1,7],[1,8],[2,9],[2,10],[3,11],[3,12],[4,13],[4,14],[5,15],[5,16],[6,17],[7,18],[8,19],[9,20],[10,21],[10,22],[11,23],[13,24],[15,25],[16,26],[16,27],[16,28],[17,29],[18,30],[18,31],[18,32],[19,33],[19,34],[19,35],[20,36],[20,37],[20,38],[21,39],[21,40],[21,41],[22,42],[22,43],[22,44],[23,45],[23,46],[23,47],[24,48],[24,49],[24,50],[25,51],[25,52],[25,53],[26,54],[26,55],[26,56],[27,57],[27,58],[27,59],[28,60],[29,61],[29,62],[29,63],[60,64],[60,65],[60,66]],"ID":2}],"edgeSet":[[0,2,0],[2,1,0]],"ENTRY":{"def":[],"use":[],"callees":[],"nodes":["CompoundStmt"],"edges":[],"ID":0},"EXIT":{"def":[],"use":[],"callees":[],"nodes":["CompoundStmt"],"edges":[],"ID":1},"method_name":"reverse"},{"blocks":[{"def":[],"use":[],"callees":[],"nodes":["CompoundStmt"],"edges":[],"ID":0},{"def":[],"use":[],"callees":[],"nodes":["CompoundStmt"],"edges":[],"ID":1},{"def":["$r26","$r16","$r24","$r1","$r14","$r2","$r4","$r18","$r6","$r8","\u003corg.apache.xerces.readers.MIME2Java: java.util.Hashtable s_enchash\u003e","$z0","$r22","$r12","$r20","r0","$r10"],"use":["$r26","$r16","$r24","$r1","$r14","$r2","$r4","$r18","$r6","$r8","\u003corg.apache.xerces.readers.MIME2Java: java.util.Hashtable s_enchash\u003e","$z0","$r22","$r12","$r20","r0","$r10"],"callees":[],"nodes":["CompoundStmt","DefinitionStmt","Invoke","DefinitionStmt","DefinitionStmt","Invoke","DefinitionStmt","Invoke","DefinitionStmt","Invoke","DefinitionStmt","Invoke","DefinitionStmt","Invoke","DefinitionStmt","Invoke","DefinitionStmt","Invoke","DefinitionStmt","Invoke","DefinitionStmt","Invoke","DefinitionStmt","Invoke","DefinitionStmt","Invoke","DefinitionStmt","Invoke","DefinitionStmt","Invoke","DefinitionStmt","DefinitionStmt","IfStmt","Local","NewExpr","StaticFieldRef","Local","Local","StaticFieldRef","Local","StaticFieldRef","Local","StaticFieldRef","Local","StaticFieldRef","Local","StaticFieldRef","Local","StaticFieldRef","Local","StaticFieldRef","Local","StaticFieldRef","Local","StaticFieldRef","Local","StaticFieldRef","Local","StaticFieldRef","Local","StaticFieldRef","Local","StaticFieldRef","Local","Invoke","Local","Invoke","BinaryOp","RefType","RefType","RefType","RefType","RefType","RefType","RefType","RefType","RefType","RefType","RefType","RefType","RefType","RefType","RefType","RefType","RefType","RefType","RefType","RefType","RefType","RefType","RefType","RefType","RefType","RefType","RefType","RefType","RefType","RefType","RefType","RefType","RefType","RefType","RefType","RefType","RefType","RefType","RefType","RefType","RefType","RefType","RefType","RefType","RefType","Boolean","Local"," !\u003d ","Constant","java","util","Hashtable","java","util","Hashtable","java","util","Hashtable","java","util","Hashtable","java","util","Hashtable","java","util","Hashtable","java","util","Hashtable","java","util","Hashtable","java","util","Hashtable","java","util","Hashtable","java","util","Hashtable","java","util","Hashtable","java","util","Hashtable","java","util","Hashtable","java","util","Hashtable","java","util","Hashtable","java","util","Hashtable","java","util","Hashtable","java","util","Hashtable","java","util","Hashtable","java","util","Hashtable","java","util","Hashtable","java","util","Hashtable","java","util","Hashtable","java","util","Hashtable","java","util","Hashtable","java","util","Hashtable","java","util","Hashtable","java","util","Hashtable","java","util","Hashtable","java","util","Hashtable","java","util","Hashtable","java","util","Hashtable","java","util","Hashtable","java","util","Hashtable","java","util","Hashtable","java","util","Hashtable","java","util","Hashtable","java","util","Hashtable","java","util","Hashtable","java","util","Hashtable","java","util","Hashtable","java","util","Hashtable","java","util","Hashtable","java","lang","String","Boolean","0","Int"],"edges":[[0,1],[0,2],[0,3],[0,4],[0,5],[0,6],[0,7],[0,8],[0,9],[0,10],[0,11],[0,12],[0,13],[0,14],[0,15],[0,16],[0,17],[0,18],[0,19],[0,20],[0,21],[0,22],[0,23],[0,24],[0,25],[0,26],[0,27],[0,28],[0,29],[0,30],[0,31],[0,32],[1,33],[1,34],[3,35],[3,36],[4,37],[4,38],[6,39],[6,40],[8,41],[8,42],[10,43],[10,44],[12,45],[12,46],[14,47],[14,48],[16,49],[16,50],[18,51],[18,52],[20,53],[20,54],[22,55],[22,56],[24,57],[24,58],[26,59],[26,60],[28,61],[28,62],[30,63],[30,64],[31,65],[31,66],[32,67],[33,68],[34,69],[35,70],[35,71],[36,72],[37,73],[38,74],[38,75],[39,76],[40,77],[40,78],[41,79],[42,80],[42,81],[43,82],[44,83],[44,84],[45,85],[46,86],[46,87],[47,88],[48,89],[48,90],[49,91],[50,92],[50,93],[51,94],[52,95],[52,96],[53,97],[54,98],[54,99],[55,100],[56,101],[56,102],[57,103],[58,104],[58,105],[59,106],[60,107],[60,108],[61,109],[62,110],[62,111],[63,112],[65,113],[67,114],[67,115],[67,116],[68,117],[68,118],[68,119],[69,120],[69,121],[69,122],[70,123],[70,124],[70,125],[71,126],[71,127],[71,128],[72,129],[72,130],[72,131],[73,132],[73,133],[73,134],[74,135],[74,136],[74,137],[75,138],[75,139],[75,140],[76,141],[76,142],[76,143],[77,144],[77,145],[77,146],[78,147],[78,148],[78,149],[79,150],[79,151],[79,152],[80,153],[80,154],[80,155],[81,156],[81,157],[81,158],[82,159],[82,160],[82,161],[83,162],[83,163],[83,164],[84,165],[84,166],[84,167],[85,168],[85,169],[85,170],[86,171],[86,172],[86,173],[87,174],[87,175],[87,176],[88,177],[88,178],[88,179],[89,180],[89,181],[89,182],[90,183],[90,184],[90,185],[91,186],[91,187],[91,188],[92,189],[92,190],[92,191],[93,192],[93,193],[93,194],[94,195],[94,196],[94,197],[95,198],[95,199],[95,200],[96,201],[96,202],[96,203],[97,204],[97,205],[97,206],[98,207],[98,208],[98,209],[99,210],[99,211],[99,212],[100,213],[100,214],[100,215],[101,216],[101,217],[101,218],[102,219],[102,220],[102,221],[103,222],[103,223],[103,224],[104,225],[104,226],[104,227],[105,228],[105,229],[105,230],[106,231],[106,232],[106,233],[107,234],[107,235],[107,236],[108,237],[108,238],[108,239],[109,240],[109,241],[109,242],[110,243],[110,244],[110,245],[111,246],[111,247],[111,248],[112,249],[112,250],[112,251],[114,252],[116,253],[116,254]],"ID":2},{"def":["$z1"],"use":["$z1","r0"],"callees":[],"nodes":["CompoundStmt","DefinitionStmt","IfStmt","Local","Invoke","BinaryOp","Boolean","Local"," \u003d\u003d ","Constant","Boolean","0","Int"],"edges":[[0,1],[0,2],[1,3],[1,4],[2,5],[3,6],[5,7],[5,8],[5,9],[7,10],[9,11],[9,12]],"ID":3},{"def":["$r68","$r129","$r28","\u003corg.apache.xerces.readers.MIME2Java: java.util.Hashtable s_revhash\u003e","$r127","$r125","$r123","$r121","$r62","$r60","$r66","$r64","$r38","$r79","$r36","$r119","$r117","$r115","$r113","$r111","$r153","$r70","$r30","$r74","$r72","$r34","$r78","$r32","$r76","$r48","$r46","$r109","$r107","$r105","$r149","$r103","$r147","$r101","$r145","$r143","$r141","$r151","$r81","$r40","$r85","$r83","$r44","$r89","$r42","$r87","$r58","$r139","$r137","$r135","$r133","$r131","$r91","$r95","$r52","$r93","$r50","$r99","$r56","$r97","$r54"],"use":["$r68","$r129","$r28","\u003corg.apache.xerces.readers.MIME2Java: java.util.Hashtable s_revhash\u003e","$r127","$r125","$r123","$r121","\u003corg.apache.xerces.readers.MIME2Java: java.util.Hashtable s_enchash\u003e","$r62","$r60","$r66","$r64","$r38","$r79","$r36","$r119","$r117","$r115","$r113","$r111","$r153","$r70","$r30","$r74","$r72","$r34","$r78","$r32","$r76","$r48","$r46","$r109","$r107","$r105","$r149","$r103","$r147","$r101","$r145","$r143","$r141","$r151","$r81","$r40","$r85","$r83","$r44","$r89","$r42","$r87","$r58","$r139","$r137","$r135","$r133","$r131","$r91","$r95","$r52","$r93","$r50","$r99","$r56","$r97","$r54"],"callees":[],"nodes":["CompoundStmt","DefinitionStmt","Invoke","GotoStmt","DefinitionStmt","Invoke","DefinitionStmt","Invoke","DefinitionStmt","Invoke","DefinitionStmt","Invoke","DefinitionStmt","Invoke","DefinitionStmt","Invoke","DefinitionStmt","Invoke","DefinitionStmt","Invoke","DefinitionStmt","Invoke","DefinitionStmt","Invoke","DefinitionStmt","Invoke","DefinitionStmt","Invoke","DefinitionStmt","Invoke","DefinitionStmt","Invoke","DefinitionStmt","Invoke","DefinitionStmt","Invoke","DefinitionStmt","Invoke","DefinitionStmt","Invoke","DefinitionStmt","Invoke","DefinitionStmt","Invoke","DefinitionStmt","Invoke","DefinitionStmt","Invoke","DefinitionStmt","Invoke","DefinitionStmt","Invoke","DefinitionStmt","Invoke","DefinitionStmt","DefinitionStmt","Invoke","DefinitionStmt","Invoke","DefinitionStmt","Invoke","DefinitionStmt","Invoke","DefinitionStmt","Invoke","DefinitionStmt","Invoke","DefinitionStmt","Invoke","DefinitionStmt","Invoke","DefinitionStmt","Invoke","DefinitionStmt","Invoke","DefinitionStmt","Invoke","DefinitionStmt","Invoke","DefinitionStmt","Invoke","DefinitionStmt","Invoke","DefinitionStmt","Invoke","DefinitionStmt","Invoke","DefinitionStmt","Invoke","DefinitionStmt","Invoke","DefinitionStmt","Invoke","DefinitionStmt","Invoke","DefinitionStmt","Invoke","DefinitionStmt","Invoke","DefinitionStmt","Invoke","DefinitionStmt","Invoke","DefinitionStmt","Invoke","DefinitionStmt","Invoke","DefinitionStmt","Invoke","DefinitionStmt","Invoke","DefinitionStmt","Invoke","DefinitionStmt","Invoke","DefinitionStmt","Invoke","DefinitionStmt","Invoke","DefinitionStmt","Invoke","DefinitionStmt","Invoke","DefinitionStmt","Invoke","DefinitionStmt","Invoke","DefinitionStmt","Invoke","DefinitionStmt","Invoke","ReturnVoidStmt","Local","StaticFieldRef","Local","StaticFieldRef","Local","StaticFieldRef","Local","StaticFieldRef","Local","StaticFieldRef","Local","StaticFieldRef","Local","StaticFieldRef","Local","StaticFieldRef","Local","StaticFieldRef","Local","StaticFieldRef","Local","StaticFieldRef","Local","StaticFieldRef","Local","StaticFieldRef","Local","StaticFieldRef","Local","StaticFieldRef","Local","StaticFieldRef","Local","StaticFieldRef","Local","StaticFieldRef","Local","StaticFieldRef","Local","StaticFieldRef","Local","StaticFieldRef","Local","StaticFieldRef","Local","StaticFieldRef","Local","StaticFieldRef","Local","StaticFieldRef","Local","NewExpr","StaticFieldRef","Local","Local","StaticFieldRef","Local","StaticFieldRef","Local","StaticFieldRef","Local","StaticFieldRef","Local","StaticFieldRef","Local","StaticFieldRef","Local","StaticFieldRef","Local","StaticFieldRef","Local","StaticFieldRef","Local","StaticFieldRef","Local","StaticFieldRef","Local","StaticFieldRef","Local","StaticFieldRef","Local","StaticFieldRef","Local","StaticFieldRef","Local","StaticFieldRef","Local","StaticFieldRef","Local","StaticFieldRef","Local","StaticFieldRef","Local","StaticFieldRef","Local","StaticFieldRef","Local","StaticFieldRef","Local","StaticFieldRef","Local","StaticFieldRef","Local","StaticFieldRef","Local","StaticFieldRef","Local","StaticFieldRef","Local","StaticFieldRef","Local","StaticFieldRef","Local","StaticFieldRef","Local","StaticFieldRef","Local","StaticFieldRef","Local","StaticFieldRef","Local","StaticFieldRef","Local","StaticFieldRef","Local","StaticFieldRef","Local","StaticFieldRef","Local","StaticFieldRef","RefType","RefType","RefType","RefType","RefType","RefType","RefType","RefType","RefType","RefType","RefType","RefType","RefType","RefType","RefType","RefType","RefType","RefType","RefType","RefType","RefType","RefType","RefType","RefType","RefType","RefType","RefType","RefType","RefType","RefType","RefType","RefType","RefType","RefType","RefType","RefType","RefType","RefType","RefType","RefType","RefType","RefType","RefType","RefType","RefType","RefType","RefType","RefType","RefType","RefType","RefType","RefType","RefType","RefType","RefType","RefType","RefType","RefType","RefType","RefType","RefType","RefType","RefType","RefType","RefType","RefType","RefType","RefType","RefType","RefType","RefType","RefType","RefType","RefType","RefType","RefType","RefType","RefType","RefType","RefType","RefType","RefType","RefType","RefType","RefType","RefType","RefType","RefType","RefType","RefType","RefType","RefType","RefType","RefType","RefType","RefType","RefType","RefType","RefType","RefType","RefType","RefType","RefType","RefType","RefType","RefType","RefType","RefType","RefType","RefType","RefType","RefType","RefType","RefType","RefType","RefType","RefType","RefType","RefType","RefType","RefType","RefType","RefType","RefType","RefType","RefType","RefType","RefType","RefType","RefType","RefType","RefType","RefType","RefType","RefType","RefType","RefType","RefType","RefType","RefType","RefType","RefType","RefType","RefType","RefType","RefType","RefType","RefType","RefType","RefType","RefType","RefType","RefType","RefType","RefType","RefType","RefType","RefType","RefType","RefType","RefType","RefType","RefType","RefType","RefType","RefType","RefType","RefType","RefType","RefType","RefType","RefType","RefType","RefType","RefType","RefType","RefType","RefType","RefType","RefType","RefType","RefType","RefType","RefType","RefType","RefType","RefType","RefType","RefType","RefType","RefType","RefType","RefType","RefType","java","util","Hashtable","java","util","Hashtable","java","util","Hashtable","java","util","Hashtable","java","util","Hashtable","java","util","Hashtable","java","util","Hashtable","java","util","Hashtable","java","util","Hashtable","java","util","Hashtable","java","util","Hashtable","java","util","Hashtable","java","util","Hashtable","java","util","Hashtable","java","util","Hashtable","java","util","Hashtable","java","util","Hashtable","java","util","Hashtable","java","util","Hashtable","java","util","Hashtable","java","util","Hashtable","java","util","Hashtable","java","util","Hashtable","java","util","Hashtable","java","util","Hashtable","java","util","Hashtable","java","util","Hashtable","java","util","Hashtable","java","util","Hashtable","java","util","Hashtable","java","util","Hashtable","java","util","Hashtable","java","util","Hashtable","java","util","Hashtable","java","util","Hashtable","java","util","Hashtable","java","util","Hashtable","java","util","Hashtable","java","util","Hashtable","java","util","Hashtable","java","util","Hashtable","java","util","Hashtable","java","util","Hashtable","java","util","Hashtable","java","util","Hashtable","java","util","Hashtable","java","util","Hashtable","java","util","Hashtable","java","util","Hashtable","java","util","Hashtable","java","util","Hashtable","java","util","Hashtable","java","util","Hashtable","java","util","Hashtable","java","util","Hashtable","java","util","Hashtable","java","util","Hashtable","java","util","Hashtable","java","util","Hashtable","java","util","Hashtable","java","util","Hashtable","java","util","Hashtable","java","util","Hashtable","java","util","Hashtable","java","util","Hashtable","java","util","Hashtable","java","util","Hashtable","java","util","Hashtable","java","util","Hashtable","java","util","Hashtable","java","util","Hashtable","java","util","Hashtable","java","util","Hashtable","java","util","Hashtable","java","util","Hashtable","java","util","Hashtable","java","util","Hashtable","java","util","Hashtable","java","util","Hashtable","java","util","Hashtable","java","util","Hashtable","java","util","Hashtable","java","util","Hashtable","java","util","Hashtable","java","util","Hashtable","java","util","Hashtable","java","util","Hashtable","java","util","Hashtable","java","util","Hashtable","java","util","Hashtable","java","util","Hashtable","java","util","Hashtable","java","util","Hashtable","java","util","Hashtable","java","util","Hashtable","java","util","Hashtable","java","util","Hashtable","java","util","Hashtable","java","util","Hashtable","java","util","Hashtable","java","util","Hashtable","java","util","Hashtable","java","util","Hashtable","java","util","Hashtable","java","util","Hashtable","java","util","Hashtable","java","util","Hashtable","java","util","Hashtable","java","util","Hashtable","java","util","Hashtable","java","util","Hashtable","java","util","Hashtable","java","util","Hashtable","java","util","Hashtable","java","util","Hashtable","java","util","Hashtable","java","util","Hashtable","java","util","Hashtable","java","util","Hashtable","java","util","Hashtable","java","util","Hashtable","java","util","Hashtable","java","util","Hashtable","java","util","Hashtable","java","util","Hashtable","java","util","Hashtable","java","util","Hashtable","java","util","Hashtable","java","util","Hashtable","java","util","Hashtable","java","util","Hashtable","java","util","Hashtable","java","util","Hashtable","java","util","Hashtable","java","util","Hashtable","java","util","Hashtable","java","util","Hashtable","java","util","Hashtable","java","util","Hashtable","java","util","Hashtable","java","util","Hashtable","java","util","Hashtable","java","util","Hashtable","java","util","Hashtable","java","util","Hashtable","java","util","Hashtable","java","util","Hashtable","java","util","Hashtable","java","util","Hashtable","java","util","Hashtable","java","util","Hashtable","java","util","Hashtable","java","util","Hashtable","java","util","Hashtable","java","util","Hashtable","java","util","Hashtable","java","util","Hashtable","java","util","Hashtable","java","util","Hashtable","java","util","Hashtable","java","util","Hashtable","java","util","Hashtable","java","util","Hashtable","java","util","Hashtable","java","util","Hashtable","java","util","Hashtable","java","util","Hashtable","java","util","Hashtable","java","util","Hashtable","java","util","Hashtable","java","util","Hashtable","java","util","Hashtable","java","util","Hashtable","java","util","Hashtable","java","util","Hashtable","java","util","Hashtable","java","util","Hashtable","java","util","Hashtable","java","util","Hashtable","java","util","Hashtable","java","util","Hashtable","java","util","Hashtable","java","util","Hashtable","java","util","Hashtable","java","util","Hashtable","java","util","Hashtable","java","util","Hashtable","java","util","Hashtable","java","util","Hashtable","java","util","Hashtable","java","util","Hashtable","java","util","Hashtable","java","util","Hashtable","java","util","Hashtable"],"edges":[[0,1],[0,2],[0,3],[0,4],[0,5],[0,6],[0,7],[0,8],[0,9],[0,10],[0,11],[0,12],[0,13],[0,14],[0,15],[0,16],[0,17],[0,18],[0,19],[0,20],[0,21],[0,22],[0,23],[0,24],[0,25],[0,26],[0,27],[0,28],[0,29],[0,30],[0,31],[0,32],[0,33],[0,34],[0,35],[0,36],[0,37],[0,38],[0,39],[0,40],[0,41],[0,42],[0,43],[0,44],[0,45],[0,46],[0,47],[0,48],[0,49],[0,50],[0,51],[0,52],[0,53],[0,54],[0,55],[0,56],[0,57],[0,58],[0,59],[0,60],[0,61],[0,62],[0,63],[0,64],[0,65],[0,66],[0,67],[0,68],[0,69],[0,70],[0,71],[0,72],[0,73],[0,74],[0,75],[0,76],[0,77],[0,78],[0,79],[0,80],[0,81],[0,82],[0,83],[0,84],[0,85],[0,86],[0,87],[0,88],[0,89],[0,90],[0,91],[0,92],[0,93],[0,94],[0,95],[0,96],[0,97],[0,98],[0,99],[0,100],[0,101],[0,102],[0,103],[0,104],[0,105],[0,106],[0,107],[0,108],[0,109],[0,110],[0,111],[0,112],[0,113],[0,114],[0,115],[0,116],[0,117],[0,118],[0,119],[0,120],[0,121],[0,122],[0,123],[0,124],[0,125],[0,126],[0,127],[0,128],[0,129],[0,130],[0,131],[1,132],[1,133],[4,134],[4,135],[6,136],[6,137],[8,138],[8,139],[10,140],[10,141],[12,142],[12,143],[14,144],[14,145],[16,146],[16,147],[18,148],[18,149],[20,150],[20,151],[22,152],[22,153],[24,154],[24,155],[26,156],[26,157],[28,158],[28,159],[30,160],[30,161],[32,162],[32,163],[34,164],[34,165],[36,166],[36,167],[38,168],[38,169],[40,170],[40,171],[42,172],[42,173],[44,174],[44,175],[46,176],[46,177],[48,178],[48,179],[50,180],[50,181],[52,182],[52,183],[54,184],[54,185],[55,186],[55,187],[57,188],[57,189],[59,190],[59,191],[61,192],[61,193],[63,194],[63,195],[65,196],[65,197],[67,198],[67,199],[69,200],[69,201],[71,202],[71,203],[73,204],[73,205],[75,206],[75,207],[77,208],[77,209],[79,210],[79,211],[81,212],[81,213],[83,214],[83,215],[85,216],[85,217],[87,218],[87,219],[89,220],[89,221],[91,222],[91,223],[93,224],[93,225],[95,226],[95,227],[97,228],[97,229],[99,230],[99,231],[101,232],[101,233],[103,234],[103,235],[105,236],[105,237],[107,238],[107,239],[109,240],[109,241],[111,242],[111,243],[113,244],[113,245],[115,246],[115,247],[117,248],[117,249],[119,250],[119,251],[121,252],[121,253],[123,254],[123,255],[125,256],[125,257],[127,258],[127,259],[129,260],[129,261],[132,262],[133,263],[133,264],[134,265],[135,266],[135,267],[136,268],[137,269],[137,270],[138,271],[139,272],[139,273],[140,274],[141,275],[141,276],[142,277],[143,278],[143,279],[144,280],[145,281],[145,282],[146,283],[147,284],[147,285],[148,286],[149,287],[149,288],[150,289],[151,290],[151,291],[152,292],[153,293],[153,294],[154,295],[155,296],[155,297],[156,298],[157,299],[157,300],[158,301],[159,302],[159,303],[160,304],[161,305],[161,306],[162,307],[163,308],[163,309],[164,310],[165,311],[165,312],[166,313],[167,314],[167,315],[168,316],[169,317],[169,318],[170,319],[171,320],[171,321],[172,322],[173,323],[173,324],[174,325],[175,326],[175,327],[176,328],[177,329],[177,330],[178,331],[179,332],[179,333],[180,334],[181,335],[181,336],[182,337],[183,338],[184,339],[184,340],[185,341],[186,342],[187,343],[187,344],[188,345],[189,346],[189,347],[190,348],[191,349],[191,350],[192,351],[193,352],[193,353],[194,354],[195,355],[195,356],[196,357],[197,358],[197,359],[198,360],[199,361],[199,362],[200,363],[201,364],[201,365],[202,366],[203,367],[203,368],[204,369],[205,370],[205,371],[206,372],[207,373],[207,374],[208,375],[209,376],[209,377],[210,378],[211,379],[211,380],[212,381],[213,382],[213,383],[214,384],[215,385],[215,386],[216,387],[217,388],[217,389],[218,390],[219,391],[219,392],[220,393],[221,394],[221,395],[222,396],[223,397],[223,398],[224,399],[225,400],[225,401],[226,402],[227,403],[227,404],[228,405],[229,406],[229,407],[230,408],[231,409],[231,410],[232,411],[233,412],[233,413],[234,414],[235,415],[235,416],[236,417],[237,418],[237,419],[238,420],[239,421],[239,422],[240,423],[241,424],[241,425],[242,426],[243,427],[243,428],[244,429],[245,430],[245,431],[246,432],[247,433],[247,434],[248,435],[249,436],[249,437],[250,438],[251,439],[251,440],[252,441],[253,442],[253,443],[254,444],[255,445],[255,446],[256,447],[257,448],[257,449],[258,450],[259,451],[259,452],[260,453],[261,454],[261,455],[262,456],[262,457],[262,458],[263,459],[263,460],[263,461],[264,462],[264,463],[264,464],[265,465],[265,466],[265,467],[266,468],[266,469],[266,470],[267,471],[267,472],[267,473],[268,474],[268,475],[268,476],[269,477],[269,478],[269,479],[270,480],[270,481],[270,482],[271,483],[271,484],[271,485],[272,486],[272,487],[272,488],[273,489],[273,490],[273,491],[274,492],[274,493],[274,494],[275,495],[275,496],[275,497],[276,498],[276,499],[276,500],[277,501],[277,502],[277,503],[278,504],[278,505],[278,506],[279,507],[279,508],[279,509],[280,510],[280,511],[280,512],[281,513],[281,514],[281,515],[282,516],[282,517],[282,518],[283,519],[283,520],[283,521],[284,522],[284,523],[284,524],[285,525],[285,526],[285,527],[286,528],[286,529],[286,530],[287,531],[287,532],[287,533],[288,534],[288,535],[288,536],[289,537],[289,538],[289,539],[290,540],[290,541],[290,542],[291,543],[291,544],[291,545],[292,546],[292,547],[292,548],[293,549],[293,550],[293,551],[294,552],[294,553],[294,554],[295,555],[295,556],[295,557],[296,558],[296,559],[296,560],[297,561],[297,562],[297,563],[298,564],[298,565],[298,566],[299,567],[299,568],[299,569],[300,570],[300,571],[300,572],[301,573],[301,574],[301,575],[302,576],[302,577],[302,578],[303,579],[303,580],[303,581],[304,582],[304,583],[304,584],[305,585],[305,586],[305,587],[306,588],[306,589],[306,590],[307,591],[307,592],[307,593],[308,594],[308,595],[308,596],[309,597],[309,598],[309,599],[310,600],[310,601],[310,602],[311,603],[311,604],[311,605],[312,606],[312,607],[312,608],[313,609],[313,610],[313,611],[314,612],[314,613],[314,614],[315,615],[315,616],[315,617],[316,618],[316,619],[316,620],[317,621],[317,622],[317,623],[318,624],[318,625],[318,626],[319,627],[319,628],[319,629],[320,630],[320,631],[320,632],[321,633],[321,634],[321,635],[322,636],[322,637],[322,638],[323,639],[323,640],[323,641],[324,642],[324,643],[324,644],[325,645],[325,646],[325,647],[326,648],[326,649],[326,650],[327,651],[327,652],[327,653],[328,654],[328,655],[328,656],[329,657],[329,658],[329,659],[330,660],[330,661],[330,662],[331,663],[331,664],[331,665],[332,666],[332,667],[332,668],[333,669],[333,670],[333,671],[334,672],[334,673],[334,674],[335,675],[335,676],[335,677],[336,678],[336,679],[336,680],[337,681],[337,682],[337,683],[338,684],[338,685],[338,686],[339,687],[339,688],[339,689],[340,690],[340,691],[340,692],[341,693],[341,694],[341,695],[342,696],[342,697],[342,698],[343,699],[343,700],[343,701],[344,702],[344,703],[344,704],[345,705],[345,706],[345,707],[346,708],[346,709],[346,710],[347,711],[347,712],[347,713],[348,714],[348,715],[348,716],[349,717],[349,718],[349,719],[350,720],[350,721],[350,722],[351,723],[351,724],[351,725],[352,726],[352,727],[352,728],[353,729],[353,730],[353,731],[354,732],[354,733],[354,734],[355,735],[355,736],[355,737],[356,738],[356,739],[356,740],[357,741],[357,742],[357,743],[358,744],[358,745],[358,746],[359,747],[359,748],[359,749],[360,750],[360,751],[360,752],[361,753],[361,754],[361,755],[362,756],[362,757],[362,758],[363,759],[363,760],[363,761],[364,762],[364,763],[364,764],[365,765],[365,766],[365,767],[366,768],[366,769],[366,770],[367,771],[367,772],[367,773],[368,774],[368,775],[368,776],[369,777],[369,778],[369,779],[370,780],[370,781],[370,782],[371,783],[371,784],[371,785],[372,786],[372,787],[372,788],[373,789],[373,790],[373,791],[374,792],[374,793],[374,794],[375,795],[375,796],[375,797],[376,798],[376,799],[376,800],[377,801],[377,802],[377,803],[378,804],[378,805],[378,806],[379,807],[379,808],[379,809],[380,810],[380,811],[380,812],[381,813],[381,814],[381,815],[382,816],[382,817],[382,818],[383,819],[383,820],[383,821],[384,822],[384,823],[384,824],[385,825],[385,826],[385,827],[386,828],[386,829],[386,830],[387,831],[387,832],[387,833],[388,834],[388,835],[388,836],[389,837],[389,838],[389,839],[390,840],[390,841],[390,842],[391,843],[391,844],[391,845],[392,846],[392,847],[392,848],[393,849],[393,850],[393,851],[394,852],[394,853],[394,854],[395,855],[395,856],[395,857],[396,858],[396,859],[396,860],[397,861],[397,862],[397,863],[398,864],[398,865],[398,866],[399,867],[399,868],[399,869],[400,870],[400,871],[400,872],[401,873],[401,874],[401,875],[402,876],[402,877],[402,878],[403,879],[403,880],[403,881],[404,882],[404,883],[404,884],[405,885],[405,886],[405,887],[406,888],[406,889],[406,890],[407,891],[407,892],[407,893],[408,894],[408,895],[408,896],[409,897],[409,898],[409,899],[410,900],[410,901],[410,902],[411,903],[411,904],[411,905],[412,906],[412,907],[412,908],[413,909],[413,910],[413,911],[414,912],[414,913],[414,914],[415,915],[415,916],[415,917],[416,918],[416,919],[416,920],[417,921],[417,922],[417,923],[418,924],[418,925],[418,926],[419,927],[419,928],[419,929],[420,930],[420,931],[420,932],[421,933],[421,934],[421,935],[422,936],[422,937],[422,938],[423,939],[423,940],[423,941],[424,942],[424,943],[424,944],[425,945],[425,946],[425,947],[426,948],[426,949],[426,950],[427,951],[427,952],[427,953],[428,954],[428,955],[428,956],[429,957],[429,958],[429,959],[430,960],[430,961],[430,962],[431,963],[431,964],[431,965],[432,966],[432,967],[432,968],[433,969],[433,970],[433,971],[434,972],[434,973],[434,974],[435,975],[435,976],[435,977],[436,978],[436,979],[436,980],[437,981],[437,982],[437,983],[438,984],[438,985],[438,986],[439,987],[439,988],[439,989],[440,990],[440,991],[440,992],[441,993],[441,994],[441,995],[442,996],[442,997],[442,998],[443,999],[443,1000],[443,1001],[444,1002],[444,1003],[444,1004],[445,1005],[445,1006],[445,1007],[446,1008],[446,1009],[446,1010],[447,1011],[447,1012],[447,1013],[448,1014],[448,1015],[448,1016],[449,1017],[449,1018],[449,1019],[450,1020],[450,1021],[450,1022],[451,1023],[451,1024],[451,1025],[452,1026],[452,1027],[452,1028],[453,1029],[453,1030],[453,1031],[454,1032],[454,1033],[454,1034],[455,1035],[455,1036],[455,1037]],"ID":4},{"def":["$r155"],"use":["\u003corg.apache.xerces.readers.MIME2Java: java.util.Hashtable s_enchash\u003e","$r155"],"callees":[],"nodes":["CompoundStmt","DefinitionStmt","Invoke","Local","StaticFieldRef","RefType","RefType","RefType","java","util","Hashtable","java","util","Hashtable","java","util","Hashtable"],"edges":[[0,1],[0,2],[1,3],[1,4],[3,5],[4,6],[4,7],[5,8],[5,9],[5,10],[6,11],[6,12],[6,13],[7,14],[7,15],[7,16]],"ID":5}],"edgeSet":[[4,1,0],[0,2,0],[2,3,1],[2,4,2],[3,4,1],[3,5,2],[5,4,0]],"ENTRY":{"def":[],"use":[],"callees":[],"nodes":["CompoundStmt"],"edges":[],"ID":0},"EXIT":{"def":[],"use":[],"callees":[],"nodes":["CompoundStmt"],"edges":[],"ID":1},"method_name":"\u003cclinit\u003e"}],"label":"3"}