{"data":[{"blocks":[{"def":[],"use":[],"callees":[],"nodes":["CompoundStmt"],"edges":[],"ID":0},{"def":[],"use":[],"callees":[],"nodes":["CompoundStmt"],"edges":[],"ID":1},{"def":["z0","r0"],"use":["@this: org.apache.xerces.dom.NodeImpl","z0","@parameter0: boolean"],"callees":[],"nodes":["CompoundStmt","DefinitionStmt","DefinitionStmt","IfStmt","Local","ThisRef","Local","Param","BinaryOp","RefType","RefType","Boolean","Boolean","Local"," \u003d\u003d ","Constant","org","apache","xerces","dom","Node","Impl","org","apache","xerces","dom","Node","Impl","Boolean","0","Int"],"edges":[[0,1],[0,2],[0,3],[1,4],[1,5],[2,6],[2,7],[3,8],[4,9],[5,10],[6,11],[7,12],[8,13],[8,14],[8,15],[9,16],[9,17],[9,18],[9,19],[9,20],[9,21],[10,22],[10,23],[10,24],[10,25],[10,26],[10,27],[13,28],[15,29],[15,30]],"ID":2},{"def":["r0.\u003corg.apache.xerces.dom.NodeImpl: short flags\u003e","$s2","$s3","$s4"],"use":["r0.\u003corg.apache.xerces.dom.NodeImpl: short flags\u003e","$s2","$s3","$s4","r0"],"callees":[],"nodes":["CompoundStmt","DefinitionStmt","DefinitionStmt","DefinitionStmt","GotoStmt","DefinitionStmt","ReturnVoidStmt","Local","InstanceFieldRef","Local","BinaryOp","Local","CastExpr","InstanceFieldRef","Local","Short","Short","Local","Short","Short","Local"," | ","Constant","Short","Short","Short","Local","Short","Local","Short","Short","RefType","Short","2","Int","Short","RefType","org","apache","xerces","dom","Node","Impl","org","apache","xerces","dom","Node","Impl"],"edges":[[0,1],[0,2],[0,3],[0,4],[0,5],[0,6],[1,7],[1,8],[2,9],[2,10],[3,11],[3,12],[5,13],[5,14],[7,15],[8,16],[8,17],[8,18],[9,19],[10,20],[10,21],[10,22],[11,23],[12,24],[12,25],[12,26],[13,27],[13,28],[13,29],[14,30],[17,31],[20,32],[22,33],[22,34],[26,35],[28,36],[31,37],[31,38],[31,39],[31,40],[31,41],[31,42],[36,43],[36,44],[36,45],[36,46],[36,47],[36,48]],"ID":3},{"def":["$s0","$s1","$s4"],"use":["r0.\u003corg.apache.xerces.dom.NodeImpl: short flags\u003e","$s0","$s1","r0"],"callees":[],"nodes":["CompoundStmt","DefinitionStmt","DefinitionStmt","DefinitionStmt","Local","InstanceFieldRef","Local","BinaryOp","Local","CastExpr","Short","Short","Local","Short","Short","Local"," \u0026 ","Constant","Short","Short","Short","Local","RefType","Short","-","3","Int","Short","org","apache","xerces","dom","Node","Impl"],"edges":[[0,1],[0,2],[0,3],[1,4],[1,5],[2,6],[2,7],[3,8],[3,9],[4,10],[5,11],[5,12],[5,13],[6,14],[7,15],[7,16],[7,17],[8,18],[9,19],[9,20],[9,21],[12,22],[15,23],[17,24],[17,25],[17,26],[21,27],[22,28],[22,29],[22,30],[22,31],[22,32],[22,33]],"ID":4}],"edgeSet":[[3,1,0],[0,2,0],[2,3,1],[2,4,2],[4,3,0]],"ENTRY":{"def":[],"use":[],"callees":[],"nodes":["CompoundStmt"],"edges":[],"ID":0},"EXIT":{"def":[],"use":[],"callees":[],"nodes":["CompoundStmt"],"edges":[],"ID":1},"method_name":"needsSyncData"},{"blocks":[{"def":[],"use":[],"callees":[],"nodes":["CompoundStmt"],"edges":[],"ID":0},{"def":[],"use":[],"callees":[],"nodes":["CompoundStmt"],"edges":[],"ID":1},{"def":["z0","r0"],"use":["@this: org.apache.xerces.dom.NodeImpl","z0","@parameter0: boolean"],"callees":[],"nodes":["CompoundStmt","DefinitionStmt","DefinitionStmt","IfStmt","Local","ThisRef","Local","Param","BinaryOp","RefType","RefType","Boolean","Boolean","Local"," \u003d\u003d ","Constant","org","apache","xerces","dom","Node","Impl","org","apache","xerces","dom","Node","Impl","Boolean","0","Int"],"edges":[[0,1],[0,2],[0,3],[1,4],[1,5],[2,6],[2,7],[3,8],[4,9],[5,10],[6,11],[7,12],[8,13],[8,14],[8,15],[9,16],[9,17],[9,18],[9,19],[9,20],[9,21],[10,22],[10,23],[10,24],[10,25],[10,26],[10,27],[13,28],[15,29],[15,30]],"ID":2},{"def":["r0.\u003corg.apache.xerces.dom.NodeImpl: short flags\u003e","$s2","$s3","$s4"],"use":["r0.\u003corg.apache.xerces.dom.NodeImpl: short flags\u003e","$s2","$s3","$s4","r0"],"callees":[],"nodes":["CompoundStmt","DefinitionStmt","DefinitionStmt","DefinitionStmt","GotoStmt","DefinitionStmt","ReturnVoidStmt","Local","InstanceFieldRef","Local","BinaryOp","Local","CastExpr","InstanceFieldRef","Local","Short","Short","Local","Short","Short","Local"," | ","Constant","Short","Short","Short","Local","Short","Local","Short","Short","RefType","Short","4","Int","Short","RefType","org","apache","xerces","dom","Node","Impl","org","apache","xerces","dom","Node","Impl"],"edges":[[0,1],[0,2],[0,3],[0,4],[0,5],[0,6],[1,7],[1,8],[2,9],[2,10],[3,11],[3,12],[5,13],[5,14],[7,15],[8,16],[8,17],[8,18],[9,19],[10,20],[10,21],[10,22],[11,23],[12,24],[12,25],[12,26],[13,27],[13,28],[13,29],[14,30],[17,31],[20,32],[22,33],[22,34],[26,35],[28,36],[31,37],[31,38],[31,39],[31,40],[31,41],[31,42],[36,43],[36,44],[36,45],[36,46],[36,47],[36,48]],"ID":3},{"def":["$s0","$s1","$s4"],"use":["r0.\u003corg.apache.xerces.dom.NodeImpl: short flags\u003e","$s0","$s1","r0"],"callees":[],"nodes":["CompoundStmt","DefinitionStmt","DefinitionStmt","DefinitionStmt","Local","InstanceFieldRef","Local","BinaryOp","Local","CastExpr","Short","Short","Local","Short","Short","Local"," \u0026 ","Constant","Short","Short","Short","Local","RefType","Short","-","5","Int","Short","org","apache","xerces","dom","Node","Impl"],"edges":[[0,1],[0,2],[0,3],[1,4],[1,5],[2,6],[2,7],[3,8],[3,9],[4,10],[5,11],[5,12],[5,13],[6,14],[7,15],[7,16],[7,17],[8,18],[9,19],[9,20],[9,21],[12,22],[15,23],[17,24],[17,25],[17,26],[21,27],[22,28],[22,29],[22,30],[22,31],[22,32],[22,33]],"ID":4}],"edgeSet":[[3,1,0],[0,2,0],[2,3,1],[2,4,2],[4,3,0]],"ENTRY":{"def":[],"use":[],"callees":[],"nodes":["CompoundStmt"],"edges":[],"ID":0},"EXIT":{"def":[],"use":[],"callees":[],"nodes":["CompoundStmt"],"edges":[],"ID":1},"method_name":"needsSyncChildren"},{"blocks":[{"def":[],"use":[],"callees":[],"nodes":["CompoundStmt"],"edges":[],"ID":0},{"def":[],"use":[],"callees":[],"nodes":["CompoundStmt"],"edges":[],"ID":1},{"def":["i0","r0.\u003corg.apache.xerces.dom.DeferredElementDefinitionImpl: int fNodeIndex\u003e","r0","r1"],"use":["@parameter0: org.apache.xerces.dom.DeferredDocumentImpl","@this: org.apache.xerces.dom.DeferredElementDefinitionImpl","i0","@parameter1: int","r0","r1"],"callees":["needsSyncChildren","needsSyncData","\u003cinit\u003e"],"nodes":["CompoundStmt","DefinitionStmt","DefinitionStmt","DefinitionStmt","Invoke","DefinitionStmt","Invoke","Invoke","ReturnVoidStmt","Local","ThisRef","Local","Param","Local","Param","InstanceFieldRef","Local","RefType","RefType","RefType","RefType","Int","Int","Int","Local","Int","Int","org","apache","xerces","dom","Deferred","Element","Definition","Impl","org","apache","xerces","dom","Deferred","Element","Definition","Impl","org","apache","xerces","dom","Deferred","Document","Impl","org","apache","xerces","dom","Deferred","Document","Impl","RefType","org","apache","xerces","dom","Deferred","Element","Definition","Impl"],"edges":[[0,1],[0,2],[0,3],[0,4],[0,5],[0,6],[0,7],[0,8],[1,9],[1,10],[2,11],[2,12],[3,13],[3,14],[5,15],[5,16],[9,17],[10,18],[11,19],[12,20],[13,21],[14,22],[15,23],[15,24],[15,25],[16,26],[17,27],[17,28],[17,29],[17,30],[17,31],[17,32],[17,33],[17,34],[18,35],[18,36],[18,37],[18,38],[18,39],[18,40],[18,41],[18,42],[19,43],[19,44],[19,45],[19,46],[19,47],[19,48],[19,49],[20,50],[20,51],[20,52],[20,53],[20,54],[20,55],[20,56],[24,57],[57,58],[57,59],[57,60],[57,61],[57,62],[57,63],[57,64],[57,65]],"ID":2}],"edgeSet":[[0,2,0],[2,1,0]],"ENTRY":{"def":[],"use":[],"callees":[],"nodes":["CompoundStmt"],"edges":[],"ID":0},"EXIT":{"def":[],"use":[],"callees":[],"nodes":["CompoundStmt"],"edges":[],"ID":1},"method_name":"\u003cinit\u003e"},{"blocks":[{"def":[],"use":[],"callees":[],"nodes":["CompoundStmt"],"edges":[],"ID":0},{"def":[],"use":[],"callees":[],"nodes":["CompoundStmt"],"edges":[],"ID":1},{"def":["$i0","r0"],"use":["@this: org.apache.xerces.dom.DeferredElementDefinitionImpl","r0.\u003corg.apache.xerces.dom.DeferredElementDefinitionImpl: int fNodeIndex\u003e","$i0","r0"],"callees":[],"nodes":["CompoundStmt","DefinitionStmt","DefinitionStmt","ReturnStmt","Local","ThisRef","Local","InstanceFieldRef","Local","RefType","RefType","Int","Int","Local","Int","Int","org","apache","xerces","dom","Deferred","Element","Definition","Impl","org","apache","xerces","dom","Deferred","Element","Definition","Impl","RefType","org","apache","xerces","dom","Deferred","Element","Definition","Impl"],"edges":[[0,1],[0,2],[0,3],[1,4],[1,5],[2,6],[2,7],[3,8],[4,9],[5,10],[6,11],[7,12],[7,13],[7,14],[8,15],[9,16],[9,17],[9,18],[9,19],[9,20],[9,21],[9,22],[9,23],[10,24],[10,25],[10,26],[10,27],[10,28],[10,29],[10,30],[10,31],[13,32],[32,33],[32,34],[32,35],[32,36],[32,37],[32,38],[32,39],[32,40]],"ID":2}],"edgeSet":[[0,2,0],[2,1,0]],"ENTRY":{"def":[],"use":[],"callees":[],"nodes":["CompoundStmt"],"edges":[],"ID":0},"EXIT":{"def":[],"use":[],"callees":[],"nodes":["CompoundStmt"],"edges":[],"ID":1},"method_name":"getNodeIndex"},{"blocks":[{"def":[],"use":[],"callees":[],"nodes":["CompoundStmt"],"edges":[],"ID":0},{"def":[],"use":[],"callees":[],"nodes":["CompoundStmt"],"edges":[],"ID":1},{"def":["$r1","i0","r0"],"use":["$r1","i0","@parameter0: int","@this: org.apache.xerces.dom.DeferredDocumentImpl","r0"],"callees":["getNodeNameString"],"nodes":["CompoundStmt","DefinitionStmt","DefinitionStmt","DefinitionStmt","ReturnStmt","Local","ThisRef","Local","Param","Local","Invoke","Local","RefType","RefType","Int","Int","RefType","RefType","org","apache","xerces","dom","Deferred","Document","Impl","org","apache","xerces","dom","Deferred","Document","Impl","java","lang","String","java","lang","String"],"edges":[[0,1],[0,2],[0,3],[0,4],[1,5],[1,6],[2,7],[2,8],[3,9],[3,10],[4,11],[5,12],[6,13],[7,14],[8,15],[9,16],[11,17],[12,18],[12,19],[12,20],[12,21],[12,22],[12,23],[12,24],[13,25],[13,26],[13,27],[13,28],[13,29],[13,30],[13,31],[16,32],[16,33],[16,34],[17,35],[17,36],[17,37]],"ID":2}],"edgeSet":[[0,2,0],[2,1,0]],"ENTRY":{"def":[],"use":[],"callees":[],"nodes":["CompoundStmt"],"edges":[],"ID":0},"EXIT":{"def":[],"use":[],"callees":[],"nodes":["CompoundStmt"],"edges":[],"ID":1},"method_name":"getNodeNameString"},{"blocks":[{"def":[],"use":[],"callees":[],"nodes":["CompoundStmt"],"edges":[],"ID":0},{"def":[],"use":[],"callees":[],"nodes":["CompoundStmt"],"edges":[],"ID":1},{"def":["$r2","r0.\u003corg.apache.xerces.dom.ElementDefinitionImpl: java.lang.String name\u003e","$r3","$i0","r0","r1"],"use":["r0.\u003corg.apache.xerces.dom.ParentNode: org.apache.xerces.dom.DocumentImpl ownerDocument\u003e","@this: org.apache.xerces.dom.DeferredElementDefinitionImpl","$r2","$r3","r0.\u003corg.apache.xerces.dom.DeferredElementDefinitionImpl: int fNodeIndex\u003e","$i0","r0","r1"],"callees":["needsSyncData","getNodeNameString"],"nodes":["CompoundStmt","DefinitionStmt","Invoke","DefinitionStmt","DefinitionStmt","DefinitionStmt","DefinitionStmt","DefinitionStmt","ReturnVoidStmt","Local","ThisRef","Local","InstanceFieldRef","Local","CastExpr","Local","InstanceFieldRef","Local","Invoke","InstanceFieldRef","Local","RefType","RefType","RefType","RefType","Local","RefType","RefType","RefType","RefType","Local","Int","Int","Local","Int","RefType","RefType","Local","RefType","RefType","org","apache","xerces","dom","Deferred","Element","Definition","Impl","org","apache","xerces","dom","Deferred","Element","Definition","Impl","org","apache","xerces","dom","Document","Impl","org","apache","xerces","dom","Document","Impl","RefType","org","apache","xerces","dom","Document","Impl","org","apache","xerces","dom","Deferred","Document","Impl","org","apache","xerces","dom","Deferred","Document","Impl","org","apache","xerces","dom","Deferred","Document","Impl","RefType","RefType","java","lang","String","java","lang","String","RefType","java","lang","String","java","lang","String","org","apache","xerces","dom","Deferred","Element","Definition","Impl","org","apache","xerces","dom","Document","Impl","org","apache","xerces","dom","Deferred","Element","Definition","Impl","org","apache","xerces","dom","Deferred","Element","Definition","Impl"],"edges":[[0,1],[0,2],[0,3],[0,4],[0,5],[0,6],[0,7],[0,8],[1,9],[1,10],[3,11],[3,12],[4,13],[4,14],[5,15],[5,16],[6,17],[6,18],[7,19],[7,20],[9,21],[10,22],[11,23],[12,24],[12,25],[12,26],[13,27],[14,28],[14,29],[14,30],[15,31],[16,32],[16,33],[16,34],[17,35],[19,36],[19,37],[19,38],[20,39],[21,40],[21,41],[21,42],[21,43],[21,44],[21,45],[21,46],[21,47],[22,48],[22,49],[22,50],[22,51],[22,52],[22,53],[22,54],[22,55],[23,56],[23,57],[23,58],[23,59],[23,60],[23,61],[24,62],[24,63],[24,64],[24,65],[24,66],[24,67],[25,68],[26,69],[26,70],[26,71],[26,72],[26,73],[26,74],[27,75],[27,76],[27,77],[27,78],[27,79],[27,80],[27,81],[28,82],[28,83],[28,84],[28,85],[28,86],[28,87],[28,88],[29,89],[29,90],[29,91],[29,92],[29,93],[29,94],[29,95],[30,96],[33,97],[35,98],[35,99],[35,100],[36,101],[36,102],[36,103],[37,104],[38,105],[38,106],[38,107],[39,108],[39,109],[39,110],[68,111],[68,112],[68,113],[68,114],[68,115],[68,116],[68,117],[68,118],[96,119],[96,120],[96,121],[96,122],[96,123],[96,124],[97,125],[97,126],[97,127],[97,128],[97,129],[97,130],[97,131],[97,132],[104,133],[104,134],[104,135],[104,136],[104,137],[104,138],[104,139],[104,140]],"ID":2}],"edgeSet":[[0,2,0],[2,1,0]],"ENTRY":{"def":[],"use":[],"callees":[],"nodes":["CompoundStmt"],"edges":[],"ID":0},"EXIT":{"def":[],"use":[],"callees":[],"nodes":["CompoundStmt"],"edges":[],"ID":1},"method_name":"synchronizeData"},{"blocks":[{"def":[],"use":[],"callees":[],"nodes":["CompoundStmt"],"edges":[],"ID":0},{"def":[],"use":[],"callees":[],"nodes":["CompoundStmt"],"edges":[],"ID":1},{"def":["i0","$i1","r0"],"use":["i0","@parameter0: int","$i1","@this: org.apache.xerces.dom.DeferredDocumentImpl","r0"],"callees":["getLastChild"],"nodes":["CompoundStmt","DefinitionStmt","DefinitionStmt","DefinitionStmt","ReturnStmt","Local","ThisRef","Local","Param","Local","Invoke","Local","RefType","RefType","Int","Int","Int","Int","org","apache","xerces","dom","Deferred","Document","Impl","org","apache","xerces","dom","Deferred","Document","Impl"],"edges":[[0,1],[0,2],[0,3],[0,4],[1,5],[1,6],[2,7],[2,8],[3,9],[3,10],[4,11],[5,12],[6,13],[7,14],[8,15],[9,16],[11,17],[12,18],[12,19],[12,20],[12,21],[12,22],[12,23],[12,24],[13,25],[13,26],[13,27],[13,28],[13,29],[13,30],[13,31]],"ID":2}],"edgeSet":[[0,2,0],[2,1,0]],"ENTRY":{"def":[],"use":[],"callees":[],"nodes":["CompoundStmt"],"edges":[],"ID":0},"EXIT":{"def":[],"use":[],"callees":[],"nodes":["CompoundStmt"],"edges":[],"ID":1},"method_name":"getLastChild"},{"blocks":[{"def":[],"use":[],"callees":[],"nodes":["CompoundStmt"],"edges":[],"ID":0},{"def":[],"use":[],"callees":[],"nodes":["CompoundStmt"],"edges":[],"ID":1},{"def":["$r2","i0","i1","r0","r1"],"use":["@parameter0: int[][]","@parameter2: int","$r2","i0","@this: org.apache.xerces.dom.DeferredDocumentImpl","@parameter1: int","r1[i0]","r1"],"callees":[],"nodes":["CompoundStmt","DefinitionStmt","DefinitionStmt","DefinitionStmt","DefinitionStmt","DefinitionStmt","IfStmt","Local","ThisRef","Local","Param","Local","Param","Local","Param","Local","ArrayRef","BinaryOp","RefType","RefType","Array","Array","Int","Int","Int","Int","Array","Array","Local","Local","Local"," \u003d\u003d ","Constant","org","apache","xerces","dom","Deferred","Document","Impl","org","apache","xerces","dom","Deferred","Document","Impl","Array","[]","Array","[]","Int","[]","Int","[]","Array","Int","Array","Null","Int","[]","Int","[]","Array","[]","Int","[]","Int","[]"],"edges":[[0,1],[0,2],[0,3],[0,4],[0,5],[0,6],[1,7],[1,8],[2,9],[2,10],[3,11],[3,12],[4,13],[4,14],[5,15],[5,16],[6,17],[7,18],[8,19],[9,20],[10,21],[11,22],[12,23],[13,24],[14,25],[15,26],[16,27],[16,28],[16,29],[17,30],[17,31],[17,32],[18,33],[18,34],[18,35],[18,36],[18,37],[18,38],[18,39],[19,40],[19,41],[19,42],[19,43],[19,44],[19,45],[19,46],[20,47],[20,48],[21,49],[21,50],[26,51],[26,52],[27,53],[27,54],[28,55],[29,56],[30,57],[32,58],[47,59],[47,60],[49,61],[49,62],[55,63],[55,64],[57,65],[57,66],[63,67],[63,68]],"ID":2},{"def":["$r3","$i2"],"use":["$r3","i0","i1","$r3[i1]","$i2","r1[i0]","r1"],"callees":[],"nodes":["CompoundStmt","DefinitionStmt","DefinitionStmt","GotoStmt","ReturnStmt","Local","ArrayRef","Local","ArrayRef","Local","Array","Array","Local","Local","Int","Int","Local","Local","Int","Int","[]","Int","[]","Array","Int","Array","Int","Array","[]","Int","[]","Int","[]"],"edges":[[0,1],[0,2],[0,3],[0,4],[1,5],[1,6],[2,7],[2,8],[4,9],[5,10],[6,11],[6,12],[6,13],[7,14],[8,15],[8,16],[8,17],[9,18],[10,19],[10,20],[11,21],[11,22],[12,23],[13,24],[16,25],[17,26],[23,27],[23,28],[25,29],[25,30],[27,31],[27,32]],"ID":3},{"def":["$i2"],"use":[],"callees":[],"nodes":["CompoundStmt","DefinitionStmt","Local","Constant","Int","-","1","Int"],"edges":[[0,1],[1,2],[1,3],[2,4],[3,5],[3,6],[3,7]],"ID":4}],"edgeSet":[[3,1,0],[0,2,0],[2,3,1],[2,4,2],[4,3,0]],"ENTRY":{"def":[],"use":[],"callees":[],"nodes":["CompoundStmt"],"edges":[],"ID":0},"EXIT":{"def":[],"use":[],"callees":[],"nodes":["CompoundStmt"],"edges":[],"ID":1},"method_name":"getChunkIndex"},{"blocks":[{"def":[],"use":[],"callees":[],"nodes":["CompoundStmt"],"edges":[],"ID":0},{"def":[],"use":[],"callees":[],"nodes":["CompoundStmt"],"edges":[],"ID":1},{"def":["$r2","i0","i1","r0","r1"],"use":["@parameter0: int[][]","@parameter2: int","$r2","i0","@this: org.apache.xerces.dom.DeferredDocumentImpl","@parameter1: int","r1[i0]","r1"],"callees":[],"nodes":["CompoundStmt","DefinitionStmt","DefinitionStmt","DefinitionStmt","DefinitionStmt","DefinitionStmt","IfStmt","Local","ThisRef","Local","Param","Local","Param","Local","Param","Local","ArrayRef","BinaryOp","RefType","RefType","Array","Array","Int","Int","Int","Int","Array","Array","Local","Local","Local"," \u003d\u003d ","Constant","org","apache","xerces","dom","Deferred","Document","Impl","org","apache","xerces","dom","Deferred","Document","Impl","Array","[]","Array","[]","Int","[]","Int","[]","Array","Int","Array","Null","Int","[]","Int","[]","Array","[]","Int","[]","Int","[]"],"edges":[[0,1],[0,2],[0,3],[0,4],[0,5],[0,6],[1,7],[1,8],[2,9],[2,10],[3,11],[3,12],[4,13],[4,14],[5,15],[5,16],[6,17],[7,18],[8,19],[9,20],[10,21],[11,22],[12,23],[13,24],[14,25],[15,26],[16,27],[16,28],[16,29],[17,30],[17,31],[17,32],[18,33],[18,34],[18,35],[18,36],[18,37],[18,38],[18,39],[19,40],[19,41],[19,42],[19,43],[19,44],[19,45],[19,46],[20,47],[20,48],[21,49],[21,50],[26,51],[26,52],[27,53],[27,54],[28,55],[29,56],[30,57],[32,58],[47,59],[47,60],[49,61],[49,62],[55,63],[55,64],[57,65],[57,66],[63,67],[63,68]],"ID":2},{"def":["$i7","$r7","i2"],"use":["$i7","i0","i1","$r7[i1]","$r7","i2","r1[i0]","r1"],"callees":[],"nodes":["CompoundStmt","DefinitionStmt","DefinitionStmt","GotoStmt","DefinitionStmt","IfStmt","Local","ArrayRef","Local","ArrayRef","Local","Local","BinaryOp","Array","Array","Local","Local","Int","Int","Local","Local","Int","Int","Local"," \u003d\u003d ","Constant","Int","[]","Int","[]","Array","Int","Array","Int","Int","-","1","Int","Array","[]","Int","[]","Int","[]"],"edges":[[0,1],[0,2],[0,3],[0,4],[0,5],[1,6],[1,7],[2,8],[2,9],[4,10],[4,11],[5,12],[6,13],[7,14],[7,15],[7,16],[8,17],[9,18],[9,19],[9,20],[10,21],[11,22],[12,23],[12,24],[12,25],[13,26],[13,27],[14,28],[14,29],[15,30],[16,31],[19,32],[20,33],[23,34],[25,35],[25,36],[25,37],[30,38],[30,39],[32,40],[32,41],[38,42],[38,43]],"ID":3},{"def":["$i7"],"use":[],"callees":[],"nodes":["CompoundStmt","DefinitionStmt","Local","Constant","Int","-","1","Int"],"edges":[[0,1],[1,2],[1,3],[2,4],[3,5],[3,6],[3,7]],"ID":4},{"def":["$r4[i1]","$i5","$i6","$r3","$r4","$r3[2049]","$r5","$r6","$i3","$i4"],"use":["$r3","$r4","i0","$r3[2049]","$r5","i1","$r6","$i3","$i4","$i5","$r6[2049]","$i6","$r5[2048]","r1[i0]","r1"],"callees":[],"nodes":["CompoundStmt","DefinitionStmt","DefinitionStmt","DefinitionStmt","DefinitionStmt","DefinitionStmt","DefinitionStmt","DefinitionStmt","DefinitionStmt","DefinitionStmt","DefinitionStmt","IfStmt","Local","ArrayRef","Local","ArrayRef","Local","BinaryOp","ArrayRef","Local","Local","ArrayRef","ArrayRef","Constant","Local","ArrayRef","Local","ArrayRef","Local","ArrayRef","Local","ArrayRef","BinaryOp","Array","Array","Local","Local","Int","Int","Local","Constant","Int","Local"," + ","Constant","Int","Local","Constant","Int","Array","Array","Local","Local","Int","Local","Local","-","1","Int","Array","Array","Local","Local","Int","Int","Local","Constant","Array","Array","Local","Local","Int","Int","Local","Constant","Local"," !\u003d ","Local","Int","[]","Int","[]","Array","Int","Array","2","0","4","9","Int","Int","1","Int","Array","2","0","4","9","Int","Int","[]","Int","[]","Array","Int","Array","Int","Int","[]","Int","[]","Array","Int","Array","2","0","4","8","Int","Int","[]","Int","[]","Array","Int","Array","2","0","4","9","Int","Int","Int","Array","[]","Int","[]","Int","[]","Array","[]","Int","[]","Array","[]","Int","[]","Array","[]","Int","[]","Int","[]","Int","[]","Int","[]","Int","[]"],"edges":[[0,1],[0,2],[0,3],[0,4],[0,5],[0,6],[0,7],[0,8],[0,9],[0,10],[0,11],[1,12],[1,13],[2,14],[2,15],[3,16],[3,17],[4,18],[4,19],[5,20],[5,21],[6,22],[6,23],[7,24],[7,25],[8,26],[8,27],[9,28],[9,29],[10,30],[10,31],[11,32],[12,33],[13,34],[13,35],[13,36],[14,37],[15,38],[15,39],[15,40],[16,41],[17,42],[17,43],[17,44],[18,45],[18,46],[18,47],[19,48],[20,49],[21,50],[21,51],[21,52],[22,53],[22,54],[22,55],[23,56],[23,57],[23,58],[24,59],[25,60],[25,61],[25,62],[26,63],[27,64],[27,65],[27,66],[28,67],[29,68],[29,69],[29,70],[30,71],[31,72],[31,73],[31,74],[32,75],[32,76],[32,77],[33,78],[33,79],[34,80],[34,81],[35,82],[36,83],[39,84],[40,85],[40,86],[40,87],[40,88],[40,89],[42,90],[44,91],[44,92],[46,93],[47,94],[47,95],[47,96],[47,97],[47,98],[49,99],[49,100],[50,101],[50,102],[51,103],[52,104],[54,105],[55,106],[59,107],[59,108],[60,109],[60,110],[61,111],[62,112],[65,113],[66,114],[66,115],[66,116],[66,117],[66,118],[67,119],[67,120],[68,121],[68,122],[69,123],[70,124],[73,125],[74,126],[74,127],[74,128],[74,129],[74,130],[75,131],[77,132],[82,133],[82,134],[84,135],[84,136],[93,137],[93,138],[103,139],[103,140],[105,141],[105,142],[111,143],[111,144],[113,145],[113,146],[123,147],[123,148],[125,149],[125,150],[133,151],[133,152],[139,153],[139,154],[143,155],[143,156],[147,157],[147,158]],"ID":5},{"def":["r1[i0]"],"use":["i0","i2","r1"],"callees":[],"nodes":["CompoundStmt","DefinitionStmt","ReturnStmt","ArrayRef","Constant","Local","Array","Local","Local","Null","Int","Int","[]","Array","Int","Array","[]","Int","[]"],"edges":[[0,1],[0,2],[1,3],[1,4],[2,5],[3,6],[3,7],[3,8],[4,9],[5,10],[6,11],[6,12],[7,13],[8,14],[13,15],[13,16],[15,17],[15,18]],"ID":6}],"edgeSet":[[6,1,0],[0,2,0],[3,5,1],[3,6,2],[2,3,1],[2,4,2],[5,6,1],[4,3,0],[5,6,2]],"ENTRY":{"def":[],"use":[],"callees":[],"nodes":["CompoundStmt"],"edges":[],"ID":0},"EXIT":{"def":[],"use":[],"callees":[],"nodes":["CompoundStmt"],"edges":[],"ID":1},"method_name":"clearChunkIndex"},{"blocks":[{"def":[],"use":[],"callees":[],"nodes":["CompoundStmt"],"edges":[],"ID":0},{"def":[],"use":[],"callees":[],"nodes":["CompoundStmt"],"edges":[],"ID":1},{"def":["i0","i5","i6","r0"],"use":["@parameter2: int","@parameter3: int","i5","@parameter0: int[]","i6","@parameter1: int"],"callees":[],"nodes":["CompoundStmt","DefinitionStmt","DefinitionStmt","DefinitionStmt","DefinitionStmt","GotoStmt","IfStmt","Local","Param","Local","Param","Local","Param","Local","Param","BinaryOp","Array","Array","Int","Int","Int","Int","Int","Int","Local"," \u003c\u003d ","Local","Int","[]","Int","[]","Int","Int"],"edges":[[0,1],[0,2],[0,3],[0,4],[0,5],[0,6],[1,7],[1,8],[2,9],[2,10],[3,11],[3,12],[4,13],[4,14],[6,15],[7,16],[8,17],[9,18],[10,19],[11,20],[12,21],[13,22],[14,23],[15,24],[15,25],[15,26],[16,27],[16,28],[17,29],[17,30],[24,31],[26,32]],"ID":2},{"def":["i1","$i2","i7"],"use":["r0[i7]","i0","i1","i5","i6","$i2","r0","i7"],"callees":[],"nodes":["CompoundStmt","DefinitionStmt","DefinitionStmt","DefinitionStmt","IfStmt","Local","BinaryOp","Local","BinaryOp","Local","ArrayRef","BinaryOp","Int","Local"," + ","Local","Int","Local"," / ","Constant","Int","Int","Local","Local","Local"," !\u003d ","Local","Int","Int","Int","2","Int","Array","Int","Int","Int","Int","[]"],"edges":[[0,1],[0,2],[0,3],[0,4],[1,5],[1,6],[2,7],[2,8],[3,9],[3,10],[4,11],[5,12],[6,13],[6,14],[6,15],[7,16],[8,17],[8,18],[8,19],[9,20],[10,21],[10,22],[10,23],[11,24],[11,25],[11,26],[13,27],[15,28],[17,29],[19,30],[19,31],[22,32],[23,33],[24,34],[26,35],[32,36],[32,37]],"ID":3},{"def":[],"use":["i7"],"callees":[],"nodes":["CompoundStmt","GotoStmt","IfStmt","BinaryOp","Local"," \u003c\u003d ","Constant","Int","0","Int"],"edges":[[0,1],[0,2],[2,3],[3,4],[3,5],[3,6],[4,7],[6,8],[6,9]],"ID":4},{"def":["i7"],"use":["i7"],"callees":[],"nodes":["CompoundStmt","DefinitionStmt","Local","BinaryOp","Int","Local"," + ","Constant","Int","-","1","Int"],"edges":[[0,1],[1,2],[1,3],[2,4],[3,5],[3,6],[3,7],[5,8],[7,9],[7,10],[7,11]],"ID":5},{"def":["$i3","$i4"],"use":["i0","i7","r0","$i3","r0[$i3]","$i4"],"callees":[],"nodes":["CompoundStmt","DefinitionStmt","DefinitionStmt","IfStmt","Local","BinaryOp","Local","ArrayRef","BinaryOp","Int","Local"," - ","Constant","Int","Int","Local","Local","Local"," \u003d\u003d ","Local","Int","1","Int","Array","Int","Int","Int","Int","[]"],"edges":[[0,1],[0,2],[0,3],[1,4],[1,5],[2,6],[2,7],[3,8],[4,9],[5,10],[5,11],[5,12],[6,13],[7,14],[7,15],[7,16],[8,17],[8,18],[8,19],[10,20],[12,21],[12,22],[15,23],[16,24],[17,25],[19,26],[23,27],[23,28]],"ID":6},{"def":[],"use":["i7"],"callees":[],"nodes":["CompoundStmt","ReturnStmt","Local","Int"],"edges":[[0,1],[1,2],[2,3]],"ID":7},{"def":[],"use":["i0","i1"],"callees":[],"nodes":["CompoundStmt","IfStmt","BinaryOp","Local"," \u003c\u003d ","Local","Int","Int"],"edges":[[0,1],[1,2],[2,3],[2,4],[2,5],[3,6],[5,7]],"ID":8},{"def":["i6"],"use":["i7"],"callees":[],"nodes":["CompoundStmt","DefinitionStmt","GotoStmt","Local","BinaryOp","Int","Local"," - ","Constant","Int","1","Int"],"edges":[[0,1],[0,2],[1,3],[1,4],[3,5],[4,6],[4,7],[4,8],[6,9],[8,10],[8,11]],"ID":9},{"def":["i5"],"use":["i7"],"callees":[],"nodes":["CompoundStmt","DefinitionStmt","Local","BinaryOp","Int","Local"," + ","Constant","Int","1","Int"],"edges":[[0,1],[1,2],[1,3],[2,4],[3,5],[3,6],[3,7],[5,8],[7,9],[7,10]],"ID":10},{"def":[],"use":[],"callees":[],"nodes":["CompoundStmt","ReturnStmt","Constant","-","1","Int"],"edges":[[0,1],[1,2],[2,3],[2,4],[2,5]],"ID":11}],"edgeSet":[[6,5,2],[7,1,0],[9,2,0],[10,2,0],[11,1,0],[2,11,1],[3,8,2],[0,2,0],[4,6,1],[4,7,2],[3,4,1],[6,7,1],[8,9,1],[8,10,2],[5,4,0],[2,3,2]],"ENTRY":{"def":[],"use":[],"callees":[],"nodes":["CompoundStmt"],"edges":[],"ID":0},"EXIT":{"def":[],"use":[],"callees":[],"nodes":["CompoundStmt"],"edges":[],"ID":1},"method_name":"binarySearch"},{"blocks":[{"def":[],"use":[],"callees":[],"nodes":["CompoundStmt"],"edges":[],"ID":0},{"def":[],"use":[],"callees":[],"nodes":["CompoundStmt"],"edges":[],"ID":1},{"def":["r2","$r3","r0","r1"],"use":["r0.\u003corg.apache.xerces.dom.DocumentImpl: java.util.Hashtable identifiers\u003e","$r3","@parameter0: java.lang.String","@parameter1: org.w3c.dom.Element","@this: org.apache.xerces.dom.DeferredDocumentImpl","r0"],"callees":[],"nodes":["CompoundStmt","DefinitionStmt","DefinitionStmt","DefinitionStmt","DefinitionStmt","IfStmt","Local","ThisRef","Local","Param","Local","Param","Local","InstanceFieldRef","BinaryOp","RefType","RefType","RefType","RefType","RefType","RefType","RefType","RefType","Local","RefType","Local"," !\u003d ","Constant","org","apache","xerces","dom","Deferred","Document","Impl","org","apache","xerces","dom","Deferred","Document","Impl","java","lang","String","java","lang","String","org","w3c","dom","Element","org","w3c","dom","Element","java","util","Hashtable","java","util","Hashtable","RefType","java","util","Hashtable","RefType","Null","org","apache","xerces","dom","Deferred","Document","Impl","java","util","Hashtable"],"edges":[[0,1],[0,2],[0,3],[0,4],[0,5],[1,6],[1,7],[2,8],[2,9],[3,10],[3,11],[4,12],[4,13],[5,14],[6,15],[7,16],[8,17],[9,18],[10,19],[11,20],[12,21],[13,22],[13,23],[13,24],[14,25],[14,26],[14,27],[15,28],[15,29],[15,30],[15,31],[15,32],[15,33],[15,34],[16,35],[16,36],[16,37],[16,38],[16,39],[16,40],[16,41],[17,42],[17,43],[17,44],[18,45],[18,46],[18,47],[19,48],[19,49],[19,50],[19,51],[20,52],[20,53],[20,54],[20,55],[21,56],[21,57],[21,58],[22,59],[22,60],[22,61],[23,62],[24,63],[24,64],[24,65],[25,66],[27,67],[62,68],[62,69],[62,70],[62,71],[62,72],[62,73],[62,74],[66,75],[66,76],[66,77]],"ID":2},{"def":["r0.\u003corg.apache.xerces.dom.DocumentImpl: java.util.Hashtable identifiers\u003e","$r4","$r6"],"use":["r2","r0.\u003corg.apache.xerces.dom.DocumentImpl: java.util.Hashtable identifiers\u003e","$r4","$r6","r0","r1"],"callees":[],"nodes":["CompoundStmt","DefinitionStmt","Invoke","DefinitionStmt","DefinitionStmt","Invoke","ReturnVoidStmt","Local","NewExpr","InstanceFieldRef","Local","Local","InstanceFieldRef","RefType","RefType","RefType","Local","RefType","RefType","RefType","RefType","Local","RefType","java","util","Hashtable","java","util","Hashtable","java","util","Hashtable","RefType","java","util","Hashtable","java","util","Hashtable","java","util","Hashtable","java","util","Hashtable","RefType","java","util","Hashtable","org","apache","xerces","dom","Deferred","Document","Impl","org","apache","xerces","dom","Deferred","Document","Impl"],"edges":[[0,1],[0,2],[0,3],[0,4],[0,5],[0,6],[1,7],[1,8],[3,9],[3,10],[4,11],[4,12],[7,13],[8,14],[9,15],[9,16],[9,17],[10,18],[11,19],[12,20],[12,21],[12,22],[13,23],[13,24],[13,25],[14,26],[14,27],[14,28],[15,29],[15,30],[15,31],[16,32],[17,33],[17,34],[17,35],[18,36],[18,37],[18,38],[19,39],[19,40],[19,41],[20,42],[20,43],[20,44],[21,45],[22,46],[22,47],[22,48],[32,49],[32,50],[32,51],[32,52],[32,53],[32,54],[32,55],[45,56],[45,57],[45,58],[45,59],[45,60],[45,61],[45,62]],"ID":3}],"edgeSet":[[3,1,0],[0,2,0],[2,3,1],[2,3,2]],"ENTRY":{"def":[],"use":[],"callees":[],"nodes":["CompoundStmt"],"edges":[],"ID":0},"EXIT":{"def":[],"use":[],"callees":[],"nodes":["CompoundStmt"],"edges":[],"ID":1},"method_name":"putIdentifier0"},{"blocks":[{"def":[],"use":[],"callees":[],"nodes":["CompoundStmt"],"edges":[],"ID":0},{"def":[],"use":[],"callees":[],"nodes":["CompoundStmt"],"edges":[],"ID":1},{"def":["i0","r0"],"use":["i0","@parameter0: int","@this: org.apache.xerces.dom.DeferredDocumentImpl"],"callees":[],"nodes":["CompoundStmt","DefinitionStmt","DefinitionStmt","IfStmt","Local","ThisRef","Local","Param","BinaryOp","RefType","RefType","Int","Int","Local"," !\u003d ","Constant","org","apache","xerces","dom","Deferred","Document","Impl","org","apache","xerces","dom","Deferred","Document","Impl","Int","-","1","Int"],"edges":[[0,1],[0,2],[0,3],[1,4],[1,5],[2,6],[2,7],[3,8],[4,9],[5,10],[6,11],[7,12],[8,13],[8,14],[8,15],[9,16],[9,17],[9,18],[9,19],[9,20],[9,21],[9,22],[10,23],[10,24],[10,25],[10,26],[10,27],[10,28],[10,29],[13,30],[15,31],[15,32],[15,33]],"ID":2},{"def":[],"use":[],"callees":[],"nodes":["CompoundStmt","ReturnStmt","Constant","Null"],"edges":[[0,1],[1,2],[2,3]],"ID":3},{"def":["$r2","i1","i2","i3"],"use":["$r2","i0","r0.\u003corg.apache.xerces.dom.DeferredDocumentImpl: int[][] fNodeType\u003e","i1","i2","i3","r0"],"callees":["getChunkIndex"],"nodes":["CompoundStmt","DefinitionStmt","DefinitionStmt","DefinitionStmt","DefinitionStmt","IfStmt","Local","BinaryOp","Local","BinaryOp","Local","InstanceFieldRef","Local","Invoke","BinaryOp","Int","Local"," \u003e\u003e ","Constant","Int","Local"," \u0026 ","Constant","Array","Array","Local","Array","Int","Local"," \u003d\u003d ","Constant","Int","1","1","Int","Int","2","0","4","7","Int","Array","[]","Array","[]","RefType","Array","[]","Int","3","Int","Int","[]","Int","[]","org","apache","xerces","dom","Deferred","Document","Impl","Int","[]"],"edges":[[0,1],[0,2],[0,3],[0,4],[0,5],[1,6],[1,7],[2,8],[2,9],[3,10],[3,11],[4,12],[4,13],[5,14],[6,15],[7,16],[7,17],[7,18],[8,19],[9,20],[9,21],[9,22],[10,23],[11,24],[11,25],[11,26],[12,27],[14,28],[14,29],[14,30],[16,31],[18,32],[18,33],[18,34],[20,35],[22,36],[22,37],[22,38],[22,39],[22,40],[23,41],[23,42],[24,43],[24,44],[25,45],[26,46],[26,47],[28,48],[30,49],[30,50],[41,51],[41,52],[43,53],[43,54],[45,55],[45,56],[45,57],[45,58],[45,59],[45,60],[45,61],[46,62],[46,63]],"ID":4},{"def":["$r32"],"use":["r0.\u003corg.apache.xerces.dom.DeferredDocumentImpl: int[][] fNodeType\u003e","i1","i2","i3","r0","$r32"],"callees":["clearChunkIndex"],"nodes":["CompoundStmt","DefinitionStmt","Invoke","SwitchStmt","Local","InstanceFieldRef","Local","Array","Array","Local","Array","Int","Array","[]","Array","[]","RefType","Array","[]","Int","[]","Int","[]","org","apache","xerces","dom","Deferred","Document","Impl","Int","[]"],"edges":[[0,1],[0,2],[0,3],[1,4],[1,5],[3,6],[4,7],[5,8],[5,9],[5,10],[6,11],[7,12],[7,13],[8,14],[8,15],[9,16],[10,17],[10,18],[12,19],[12,20],[14,21],[14,22],[16,23],[16,24],[16,25],[16,26],[16,27],[16,28],[16,29],[17,30],[17,31]],"ID":5},{"def":["$z0"],"use":["r0.\u003corg.apache.xerces.dom.DeferredDocumentImpl: boolean fNamespacesEnabled\u003e","$z0","r0"],"callees":[],"nodes":["CompoundStmt","DefinitionStmt","IfStmt","Local","InstanceFieldRef","BinaryOp","Boolean","Boolean","Local","Boolean","Local"," \u003d\u003d ","Constant","RefType","Boolean","0","Int","org","apache","xerces","dom","Deferred","Document","Impl"],"edges":[[0,1],[0,2],[1,3],[1,4],[2,5],[3,6],[4,7],[4,8],[4,9],[5,10],[5,11],[5,12],[8,13],[10,14],[12,15],[12,16],[13,17],[13,18],[13,19],[13,20],[13,21],[13,22],[13,23]],"ID":6},{"def":["$r14","r33"],"use":["$r14","r33","i0","r0"],"callees":["\u003cinit\u003e"],"nodes":["CompoundStmt","DefinitionStmt","Invoke","DefinitionStmt","GotoStmt","IfStmt","Local","NewExpr","Local","Local","BinaryOp","RefType","RefType","RefType","RefType","Local"," \u003d\u003d ","Constant","org","apache","xerces","dom","Deferred","Attr","N","S","Impl","org","apache","xerces","dom","Deferred","Attr","N","S","Impl","org","apache","xerces","dom","Deferred","Node","org","apache","xerces","dom","Deferred","Attr","N","S","Impl","RefType","Null","org","apache","xerces","dom","Deferred","Node"],"edges":[[0,1],[0,2],[0,3],[0,4],[0,5],[1,6],[1,7],[3,8],[3,9],[5,10],[6,11],[7,12],[8,13],[9,14],[10,15],[10,16],[10,17],[11,18],[11,19],[11,20],[11,21],[11,22],[11,23],[11,24],[11,25],[11,26],[12,27],[12,28],[12,29],[12,30],[12,31],[12,32],[12,33],[12,34],[12,35],[13,36],[13,37],[13,38],[13,39],[13,40],[13,41],[14,42],[14,43],[14,44],[14,45],[14,46],[14,47],[14,48],[14,49],[14,50],[15,51],[17,52],[51,53],[51,54],[51,55],[51,56],[51,57],[51,58]],"ID":7},{"def":["$r13","r33"],"use":["$r13","i0","r0"],"callees":["\u003cinit\u003e"],"nodes":["CompoundStmt","DefinitionStmt","Invoke","DefinitionStmt","GotoStmt","Local","NewExpr","Local","Local","RefType","RefType","RefType","RefType","org","apache","xerces","dom","Deferred","Attr","Impl","org","apache","xerces","dom","Deferred","Attr","Impl","org","apache","xerces","dom","Deferred","Node","org","apache","xerces","dom","Deferred","Attr","Impl"],"edges":[[0,1],[0,2],[0,3],[0,4],[1,5],[1,6],[3,7],[3,8],[5,9],[6,10],[7,11],[8,12],[9,13],[9,14],[9,15],[9,16],[9,17],[9,18],[9,19],[10,20],[10,21],[10,22],[10,23],[10,24],[10,25],[10,26],[11,27],[11,28],[11,29],[11,30],[11,31],[11,32],[12,33],[12,34],[12,35],[12,36],[12,37],[12,38],[12,39]],"ID":8},{"def":["r33","$r11"],"use":["i0","$r11","r0"],"callees":["\u003cinit\u003e"],"nodes":["CompoundStmt","DefinitionStmt","Invoke","DefinitionStmt","GotoStmt","Local","NewExpr","Local","Local","RefType","RefType","RefType","RefType","org","apache","xerces","dom","Deferred","C","D","A","T","A","Section","Impl","org","apache","xerces","dom","Deferred","C","D","A","T","A","Section","Impl","org","apache","xerces","dom","Deferred","Node","org","apache","xerces","dom","Deferred","C","D","A","T","A","Section","Impl"],"edges":[[0,1],[0,2],[0,3],[0,4],[1,5],[1,6],[3,7],[3,8],[5,9],[6,10],[7,11],[8,12],[9,13],[9,14],[9,15],[9,16],[9,17],[9,18],[9,19],[9,20],[9,21],[9,22],[9,23],[9,24],[10,25],[10,26],[10,27],[10,28],[10,29],[10,30],[10,31],[10,32],[10,33],[10,34],[10,35],[10,36],[11,37],[11,38],[11,39],[11,40],[11,41],[11,42],[12,43],[12,44],[12,45],[12,46],[12,47],[12,48],[12,49],[12,50],[12,51],[12,52],[12,53],[12,54]],"ID":9},{"def":["r33","$r7"],"use":["i0","$r7","r0"],"callees":["\u003cinit\u003e"],"nodes":["CompoundStmt","DefinitionStmt","Invoke","DefinitionStmt","GotoStmt","Local","NewExpr","Local","Local","RefType","RefType","RefType","RefType","org","apache","xerces","dom","Deferred","Comment","Impl","org","apache","xerces","dom","Deferred","Comment","Impl","org","apache","xerces","dom","Deferred","Node","org","apache","xerces","dom","Deferred","Comment","Impl"],"edges":[[0,1],[0,2],[0,3],[0,4],[1,5],[1,6],[3,7],[3,8],[5,9],[6,10],[7,11],[8,12],[9,13],[9,14],[9,15],[9,16],[9,17],[9,18],[9,19],[10,20],[10,21],[10,22],[10,23],[10,24],[10,25],[10,26],[11,27],[11,28],[11,29],[11,30],[11,31],[11,32],[12,33],[12,34],[12,35],[12,36],[12,37],[12,38],[12,39]],"ID":10},{"def":["r33"],"use":["r0"],"callees":[],"nodes":["CompoundStmt","DefinitionStmt","GotoStmt","Local","Local","RefType","RefType","org","apache","xerces","dom","Deferred","Node","org","apache","xerces","dom","Deferred","Document","Impl"],"edges":[[0,1],[0,2],[1,3],[1,4],[3,5],[4,6],[5,7],[5,8],[5,9],[5,10],[5,11],[5,12],[6,13],[6,14],[6,15],[6,16],[6,17],[6,18],[6,19]],"ID":11},{"def":["r33","r0.\u003corg.apache.xerces.dom.DocumentImpl: org.apache.xerces.dom.DocumentTypeImpl docType\u003e","$r5","$r6"],"use":["r33","i0","$r5","$r6","r0"],"callees":["\u003cinit\u003e"],"nodes":["CompoundStmt","DefinitionStmt","Invoke","DefinitionStmt","DefinitionStmt","DefinitionStmt","GotoStmt","Local","NewExpr","Local","Local","Local","CastExpr","InstanceFieldRef","Local","RefType","RefType","RefType","RefType","RefType","RefType","RefType","Local","RefType","Local","RefType","RefType","org","apache","xerces","dom","Deferred","Document","Type","Impl","org","apache","xerces","dom","Deferred","Document","Type","Impl","org","apache","xerces","dom","Deferred","Node","org","apache","xerces","dom","Deferred","Document","Type","Impl","org","apache","xerces","dom","Document","Type","Impl","org","apache","xerces","dom","Document","Type","Impl","org","apache","xerces","dom","Document","Type","Impl","RefType","org","apache","xerces","dom","Document","Type","Impl","RefType","org","apache","xerces","dom","Document","Type","Impl","org","apache","xerces","dom","Document","Type","Impl","org","apache","xerces","dom","Deferred","Node","org","apache","xerces","dom","Deferred","Document","Impl"],"edges":[[0,1],[0,2],[0,3],[0,4],[0,5],[0,6],[1,7],[1,8],[3,9],[3,10],[4,11],[4,12],[5,13],[5,14],[7,15],[8,16],[9,17],[10,18],[11,19],[12,20],[12,21],[12,22],[13,23],[13,24],[13,25],[14,26],[15,27],[15,28],[15,29],[15,30],[15,31],[15,32],[15,33],[15,34],[16,35],[16,36],[16,37],[16,38],[16,39],[16,40],[16,41],[16,42],[17,43],[17,44],[17,45],[17,46],[17,47],[17,48],[18,49],[18,50],[18,51],[18,52],[18,53],[18,54],[18,55],[18,56],[19,57],[19,58],[19,59],[19,60],[19,61],[19,62],[19,63],[20,64],[20,65],[20,66],[20,67],[20,68],[20,69],[20,70],[21,71],[21,72],[21,73],[21,74],[21,75],[21,76],[21,77],[22,78],[23,79],[23,80],[23,81],[23,82],[23,83],[23,84],[23,85],[24,86],[25,87],[25,88],[25,89],[25,90],[25,91],[25,92],[25,93],[26,94],[26,95],[26,96],[26,97],[26,98],[26,99],[26,100],[78,101],[78,102],[78,103],[78,104],[78,105],[78,106],[86,107],[86,108],[86,109],[86,110],[86,111],[86,112],[86,113]],"ID":12},{"def":["$z1"],"use":["r0.\u003corg.apache.xerces.dom.DeferredDocumentImpl: boolean fNamespacesEnabled\u003e","$z1","r0"],"callees":[],"nodes":["CompoundStmt","DefinitionStmt","IfStmt","Local","InstanceFieldRef","BinaryOp","Boolean","Boolean","Local","Boolean","Local"," \u003d\u003d ","Constant","RefType","Boolean","0","Int","org","apache","xerces","dom","Deferred","Document","Impl"],"edges":[[0,1],[0,2],[1,3],[1,4],[2,5],[3,6],[4,7],[4,8],[4,9],[5,10],[5,11],[5,12],[8,13],[10,14],[12,15],[12,16],[13,17],[13,18],[13,19],[13,20],[13,21],[13,22],[13,23]],"ID":13},{"def":["$r16","$r25","r33"],"use":["r0.\u003corg.apache.xerces.dom.DocumentImpl: org.apache.xerces.dom.ElementImpl docElement\u003e","$r16","$r25","i0","r0"],"callees":["\u003cinit\u003e"],"nodes":["CompoundStmt","DefinitionStmt","Invoke","DefinitionStmt","GotoStmt","DefinitionStmt","IfStmt","Local","NewExpr","Local","Local","Local","InstanceFieldRef","BinaryOp","RefType","RefType","RefType","RefType","RefType","RefType","Local","RefType","Local"," !\u003d ","Constant","org","apache","xerces","dom","Deferred","Element","N","S","Impl","org","apache","xerces","dom","Deferred","Element","N","S","Impl","org","apache","xerces","dom","Deferred","Node","org","apache","xerces","dom","Deferred","Element","N","S","Impl","org","apache","xerces","dom","Element","Impl","org","apache","xerces","dom","Element","Impl","RefType","org","apache","xerces","dom","Element","Impl","RefType","Null","org","apache","xerces","dom","Deferred","Document","Impl","org","apache","xerces","dom","Element","Impl"],"edges":[[0,1],[0,2],[0,3],[0,4],[0,5],[0,6],[1,7],[1,8],[3,9],[3,10],[5,11],[5,12],[6,13],[7,14],[8,15],[9,16],[10,17],[11,18],[12,19],[12,20],[12,21],[13,22],[13,23],[13,24],[14,25],[14,26],[14,27],[14,28],[14,29],[14,30],[14,31],[14,32],[14,33],[15,34],[15,35],[15,36],[15,37],[15,38],[15,39],[15,40],[15,41],[15,42],[16,43],[16,44],[16,45],[16,46],[16,47],[16,48],[17,49],[17,50],[17,51],[17,52],[17,53],[17,54],[17,55],[17,56],[17,57],[18,58],[18,59],[18,60],[18,61],[18,62],[18,63],[19,64],[19,65],[19,66],[19,67],[19,68],[19,69],[20,70],[21,71],[21,72],[21,73],[21,74],[21,75],[21,76],[22,77],[24,78],[70,79],[70,80],[70,81],[70,82],[70,83],[70,84],[70,85],[77,86],[77,87],[77,88],[77,89],[77,90],[77,91]],"ID":14},{"def":["$r15","r33"],"use":["$r15","i0","r0"],"callees":["\u003cinit\u003e"],"nodes":["CompoundStmt","DefinitionStmt","Invoke","DefinitionStmt","Local","NewExpr","Local","Local","RefType","RefType","RefType","RefType","org","apache","xerces","dom","Deferred","Element","Impl","org","apache","xerces","dom","Deferred","Element","Impl","org","apache","xerces","dom","Deferred","Node","org","apache","xerces","dom","Deferred","Element","Impl"],"edges":[[0,1],[0,2],[0,3],[1,4],[1,5],[3,6],[3,7],[4,8],[5,9],[6,10],[7,11],[8,12],[8,13],[8,14],[8,15],[8,16],[8,17],[8,18],[9,19],[9,20],[9,21],[9,22],[9,23],[9,24],[9,25],[10,26],[10,27],[10,28],[10,29],[10,30],[10,31],[11,32],[11,33],[11,34],[11,35],[11,36],[11,37],[11,38]],"ID":15},{"def":["r0.\u003corg.apache.xerces.dom.DocumentImpl: org.apache.xerces.dom.ElementImpl docElement\u003e","$r24","$r17"],"use":["$r24","r33","$r17","r0.\u003corg.apache.xerces.dom.DeferredDocumentImpl: int[] fIdElement\u003e","r0"],"callees":[],"nodes":["CompoundStmt","DefinitionStmt","DefinitionStmt","DefinitionStmt","IfStmt","Local","CastExpr","InstanceFieldRef","Local","Local","InstanceFieldRef","BinaryOp","RefType","RefType","RefType","Local","RefType","Local","RefType","RefType","Array","Array","Local","Array","Local"," \u003d\u003d ","Constant","org","apache","xerces","dom","Element","Impl","org","apache","xerces","dom","Element","Impl","org","apache","xerces","dom","Element","Impl","RefType","org","apache","xerces","dom","Element","Impl","RefType","org","apache","xerces","dom","Element","Impl","org","apache","xerces","dom","Element","Impl","Int","[]","Int","[]","RefType","Int","[]","Array","Null","org","apache","xerces","dom","Deferred","Node","org","apache","xerces","dom","Deferred","Document","Impl","org","apache","xerces","dom","Deferred","Document","Impl","Int","[]"],"edges":[[0,1],[0,2],[0,3],[0,4],[1,5],[1,6],[2,7],[2,8],[3,9],[3,10],[4,11],[5,12],[6,13],[6,14],[6,15],[7,16],[7,17],[7,18],[8,19],[9,20],[10,21],[10,22],[10,23],[11,24],[11,25],[11,26],[12,27],[12,28],[12,29],[12,30],[12,31],[12,32],[13,33],[13,34],[13,35],[13,36],[13,37],[13,38],[14,39],[14,40],[14,41],[14,42],[14,43],[14,44],[15,45],[16,46],[16,47],[16,48],[16,49],[16,50],[16,51],[17,52],[18,53],[18,54],[18,55],[18,56],[18,57],[18,58],[19,59],[19,60],[19,61],[19,62],[19,63],[19,64],[20,65],[20,66],[21,67],[21,68],[22,69],[23,70],[23,71],[24,72],[26,73],[45,74],[45,75],[45,76],[45,77],[45,78],[45,79],[52,80],[52,81],[52,82],[52,83],[52,84],[52,85],[52,86],[69,87],[69,88],[69,89],[69,90],[69,91],[69,92],[69,93],[72,94],[72,95]],"ID":16},{"def":["$i5","$i6","$r18","i11"],"use":["$i5","$i6","r0.\u003corg.apache.xerces.dom.DeferredDocumentImpl: int fIdCount\u003e","$r18","i0","i11","r0.\u003corg.apache.xerces.dom.DeferredDocumentImpl: int[] fIdElement\u003e","r0"],"callees":["binarySearch"],"nodes":["CompoundStmt","DefinitionStmt","DefinitionStmt","DefinitionStmt","DefinitionStmt","GotoStmt","IfStmt","Local","InstanceFieldRef","Local","InstanceFieldRef","Local","BinaryOp","Local","Invoke","BinaryOp","Array","Array","Local","Array","Int","Int","Local","Int","Int","Local"," - ","Constant","Int","Local"," !\u003d ","Constant","Int","[]","Int","[]","RefType","Int","[]","RefType","Int","1","Int","Int","-","1","Int","org","apache","xerces","dom","Deferred","Document","Impl","org","apache","xerces","dom","Deferred","Document","Impl"],"edges":[[0,1],[0,2],[0,3],[0,4],[0,5],[0,6],[1,7],[1,8],[2,9],[2,10],[3,11],[3,12],[4,13],[4,14],[6,15],[7,16],[8,17],[8,18],[8,19],[9,20],[10,21],[10,22],[10,23],[11,24],[12,25],[12,26],[12,27],[13,28],[15,29],[15,30],[15,31],[16,32],[16,33],[17,34],[17,35],[18,36],[19,37],[19,38],[22,39],[25,40],[27,41],[27,42],[29,43],[31,44],[31,45],[31,46],[36,47],[36,48],[36,49],[36,50],[36,51],[36,52],[36,53],[39,54],[39,55],[39,56],[39,57],[39,58],[39,59],[39,60]],"ID":17},{"def":["$r19","i4"],"use":["$r19[i11]","$r19","r0.\u003corg.apache.xerces.dom.DeferredDocumentImpl: int[] fIdName\u003e","i11","i4","r0"],"callees":[],"nodes":["CompoundStmt","DefinitionStmt","DefinitionStmt","IfStmt","Local","InstanceFieldRef","Local","ArrayRef","BinaryOp","Array","Array","Local","Array","Int","Int","Local","Local","Local"," \u003d\u003d ","Constant","Int","[]","Int","[]","RefType","Int","[]","Array","Int","Int","-","1","Int","org","apache","xerces","dom","Deferred","Document","Impl","Int","[]"],"edges":[[0,1],[0,2],[0,3],[1,4],[1,5],[2,6],[2,7],[3,8],[4,9],[5,10],[5,11],[5,12],[6,13],[7,14],[7,15],[7,16],[8,17],[8,18],[8,19],[9,20],[9,21],[10,22],[10,23],[11,24],[12,25],[12,26],[15,27],[16,28],[17,29],[19,30],[19,31],[19,32],[24,33],[24,34],[24,35],[24,36],[24,37],[24,38],[24,39],[27,40],[27,41]],"ID":18},{"def":["$i7","$i8","$r23[i11]","$r22","$r23","$r21","r1"],"use":["r0.\u003corg.apache.xerces.dom.DeferredDocumentImpl: int fIdCount\u003e","i11","i4","r0.\u003corg.apache.xerces.dom.DeferredDocumentImpl: org.apache.xerces.utils.StringPool fStringPool\u003e","$i7","r33","$i8","r0.\u003corg.apache.xerces.dom.DeferredDocumentImpl: int[] fIdName\u003e","$r22","$r23","r0","$r21","r1"],"callees":["putIdentifier0"],"nodes":["CompoundStmt","DefinitionStmt","DefinitionStmt","DefinitionStmt","Invoke","DefinitionStmt","DefinitionStmt","DefinitionStmt","DefinitionStmt","IfStmt","Local","InstanceFieldRef","Local","Invoke","Local","CastExpr","Local","InstanceFieldRef","ArrayRef","Constant","Local","BinaryOp","Local","InstanceFieldRef","BinaryOp","RefType","RefType","Local","RefType","RefType","RefType","RefType","RefType","Local","Array","Array","Local","Array","Int","Local","Local","-","1","Int","Int","Local"," + ","Constant","Int","Int","Local","Int","Local"," \u003e\u003d ","Local","org","apache","xerces","utils","String","Pool","org","apache","xerces","utils","String","Pool","RefType","org","apache","xerces","utils","String","Pool","java","lang","String","org","w3c","dom","Element","org","w3c","dom","Element","org","w3c","dom","Element","RefType","Int","[]","Int","[]","RefType","Int","[]","Array","Int","Int","1","Int","RefType","Int","Int","org","apache","xerces","dom","Deferred","Document","Impl","org","apache","xerces","dom","Deferred","Node","org","apache","xerces","dom","Deferred","Document","Impl","Int","[]","org","apache","xerces","dom","Deferred","Document","Impl"],"edges":[[0,1],[0,2],[0,3],[0,4],[0,5],[0,6],[0,7],[0,8],[0,9],[1,10],[1,11],[2,12],[2,13],[3,14],[3,15],[5,16],[5,17],[6,18],[6,19],[7,20],[7,21],[8,22],[8,23],[9,24],[10,25],[11,26],[11,27],[11,28],[12,29],[14,30],[15,31],[15,32],[15,33],[16,34],[17,35],[17,36],[17,37],[18,38],[18,39],[18,40],[19,41],[19,42],[19,43],[20,44],[21,45],[21,46],[21,47],[22,48],[23,49],[23,50],[23,51],[24,52],[24,53],[24,54],[25,55],[25,56],[25,57],[25,58],[25,59],[25,60],[26,61],[26,62],[26,63],[26,64],[26,65],[26,66],[27,67],[28,68],[28,69],[28,70],[28,71],[28,72],[28,73],[29,74],[29,75],[29,76],[30,77],[30,78],[30,79],[30,80],[31,81],[31,82],[31,83],[31,84],[32,85],[32,86],[32,87],[32,88],[33,89],[34,90],[34,91],[35,92],[35,93],[36,94],[37,95],[37,96],[39,97],[40,98],[45,99],[47,100],[47,101],[50,102],[52,103],[54,104],[67,105],[67,106],[67,107],[67,108],[67,109],[67,110],[67,111],[89,112],[89,113],[89,114],[89,115],[89,116],[89,117],[94,118],[94,119],[94,120],[94,121],[94,122],[94,123],[94,124],[97,125],[97,126],[102,127],[102,128],[102,129],[102,130],[102,131],[102,132],[102,133]],"ID":19},{"def":["$i9","$i10","$r20"],"use":["$r20[$i9]","$i9","$i10","i0","i11","r0.\u003corg.apache.xerces.dom.DeferredDocumentImpl: int[] fIdElement\u003e","r0","$r20"],"callees":[],"nodes":["CompoundStmt","DefinitionStmt","DefinitionStmt","DefinitionStmt","IfStmt","Local","InstanceFieldRef","Local","BinaryOp","Local","ArrayRef","BinaryOp","Array","Array","Local","Array","Int","Local"," + ","Constant","Int","Int","Local","Local","Local"," !\u003d ","Local","Int","[]","Int","[]","RefType","Int","[]","Int","1","Int","Array","Int","Int","Int","org","apache","xerces","dom","Deferred","Document","Impl","Int","[]"],"edges":[[0,1],[0,2],[0,3],[0,4],[1,5],[1,6],[2,7],[2,8],[3,9],[3,10],[4,11],[5,12],[6,13],[6,14],[6,15],[7,16],[8,17],[8,18],[8,19],[9,20],[10,21],[10,22],[10,23],[11,24],[11,25],[11,26],[12,27],[12,28],[13,29],[13,30],[14,31],[15,32],[15,33],[17,34],[19,35],[19,36],[22,37],[23,38],[24,39],[26,40],[31,41],[31,42],[31,43],[31,44],[31,45],[31,46],[31,47],[37,48],[37,49]],"ID":20},{"def":["i11"],"use":["i11"],"callees":[],"nodes":["CompoundStmt","DefinitionStmt","GotoStmt","Local","BinaryOp","Int","Local"," + ","Constant","Int","1","Int"],"edges":[[0,1],[0,2],[1,3],[1,4],[3,5],[4,6],[4,7],[4,8],[6,9],[8,10],[8,11]],"ID":21},{"def":["i11"],"use":[],"callees":[],"nodes":["CompoundStmt","DefinitionStmt","Local","Constant","Int","-","1","Int"],"edges":[[0,1],[1,2],[1,3],[2,4],[3,5],[3,6],[3,7]],"ID":22},{"def":[],"use":[],"callees":[],"nodes":["CompoundStmt","GotoStmt"],"edges":[[0,1]],"ID":23},{"def":["r33","$r9"],"use":["i0","$r9","r0"],"callees":["\u003cinit\u003e"],"nodes":["CompoundStmt","DefinitionStmt","Invoke","DefinitionStmt","GotoStmt","Local","NewExpr","Local","Local","RefType","RefType","RefType","RefType","org","apache","xerces","dom","Deferred","Entity","Impl","org","apache","xerces","dom","Deferred","Entity","Impl","org","apache","xerces","dom","Deferred","Node","org","apache","xerces","dom","Deferred","Entity","Impl"],"edges":[[0,1],[0,2],[0,3],[0,4],[1,5],[1,6],[3,7],[3,8],[5,9],[6,10],[7,11],[8,12],[9,13],[9,14],[9,15],[9,16],[9,17],[9,18],[9,19],[10,20],[10,21],[10,22],[10,23],[10,24],[10,25],[10,26],[11,27],[11,28],[11,29],[11,30],[11,31],[11,32],[12,33],[12,34],[12,35],[12,36],[12,37],[12,38],[12,39]],"ID":24},{"def":["r33","$r10"],"use":["i0","r0","$r10"],"callees":["\u003cinit\u003e"],"nodes":["CompoundStmt","DefinitionStmt","Invoke","DefinitionStmt","GotoStmt","Local","NewExpr","Local","Local","RefType","RefType","RefType","RefType","org","apache","xerces","dom","Deferred","Entity","Reference","Impl","org","apache","xerces","dom","Deferred","Entity","Reference","Impl","org","apache","xerces","dom","Deferred","Node","org","apache","xerces","dom","Deferred","Entity","Reference","Impl"],"edges":[[0,1],[0,2],[0,3],[0,4],[1,5],[1,6],[3,7],[3,8],[5,9],[6,10],[7,11],[8,12],[9,13],[9,14],[9,15],[9,16],[9,17],[9,18],[9,19],[9,20],[10,21],[10,22],[10,23],[10,24],[10,25],[10,26],[10,27],[10,28],[11,29],[11,30],[11,31],[11,32],[11,33],[11,34],[12,35],[12,36],[12,37],[12,38],[12,39],[12,40],[12,41],[12,42]],"ID":25},{"def":["r33","$r3"],"use":["$r3","i0","r0"],"callees":["\u003cinit\u003e"],"nodes":["CompoundStmt","DefinitionStmt","Invoke","DefinitionStmt","GotoStmt","Local","NewExpr","Local","Local","RefType","RefType","RefType","RefType","org","apache","xerces","dom","Deferred","Notation","Impl","org","apache","xerces","dom","Deferred","Notation","Impl","org","apache","xerces","dom","Deferred","Node","org","apache","xerces","dom","Deferred","Notation","Impl"],"edges":[[0,1],[0,2],[0,3],[0,4],[1,5],[1,6],[3,7],[3,8],[5,9],[6,10],[7,11],[8,12],[9,13],[9,14],[9,15],[9,16],[9,17],[9,18],[9,19],[10,20],[10,21],[10,22],[10,23],[10,24],[10,25],[10,26],[11,27],[11,28],[11,29],[11,30],[11,31],[11,32],[12,33],[12,34],[12,35],[12,36],[12,37],[12,38],[12,39]],"ID":26},{"def":["r33","$r8"],"use":["i0","$r8","r0"],"callees":["\u003cinit\u003e"],"nodes":["CompoundStmt","DefinitionStmt","Invoke","DefinitionStmt","GotoStmt","Local","NewExpr","Local","Local","RefType","RefType","RefType","RefType","org","apache","xerces","dom","Deferred","Processing","Instruction","Impl","org","apache","xerces","dom","Deferred","Processing","Instruction","Impl","org","apache","xerces","dom","Deferred","Node","org","apache","xerces","dom","Deferred","Processing","Instruction","Impl"],"edges":[[0,1],[0,2],[0,3],[0,4],[1,5],[1,6],[3,7],[3,8],[5,9],[6,10],[7,11],[8,12],[9,13],[9,14],[9,15],[9,16],[9,17],[9,18],[9,19],[9,20],[10,21],[10,22],[10,23],[10,24],[10,25],[10,26],[10,27],[10,28],[11,29],[11,30],[11,31],[11,32],[11,33],[11,34],[12,35],[12,36],[12,37],[12,38],[12,39],[12,40],[12,41],[12,42]],"ID":27},{"def":["r33","$r12"],"use":["i0","$r12","r0"],"callees":["\u003cinit\u003e"],"nodes":["CompoundStmt","DefinitionStmt","Invoke","DefinitionStmt","GotoStmt","Local","NewExpr","Local","Local","RefType","RefType","RefType","RefType","org","apache","xerces","dom","Deferred","Text","Impl","org","apache","xerces","dom","Deferred","Text","Impl","org","apache","xerces","dom","Deferred","Node","org","apache","xerces","dom","Deferred","Text","Impl"],"edges":[[0,1],[0,2],[0,3],[0,4],[1,5],[1,6],[3,7],[3,8],[5,9],[6,10],[7,11],[8,12],[9,13],[9,14],[9,15],[9,16],[9,17],[9,18],[9,19],[10,20],[10,21],[10,22],[10,23],[10,24],[10,25],[10,26],[11,27],[11,28],[11,29],[11,30],[11,31],[11,32],[12,33],[12,34],[12,35],[12,36],[12,37],[12,38],[12,39]],"ID":28},{"def":["$r26","r33"],"use":["$r26","i0","r0"],"callees":["\u003cinit\u003e"],"nodes":["CompoundStmt","DefinitionStmt","Invoke","DefinitionStmt","GotoStmt","Local","NewExpr","Local","Local","RefType","RefType","RefType","RefType","org","apache","xerces","dom","Deferred","Element","Definition","Impl","org","apache","xerces","dom","Deferred","Element","Definition","Impl","org","apache","xerces","dom","Deferred","Node","org","apache","xerces","dom","Deferred","Element","Definition","Impl"],"edges":[[0,1],[0,2],[0,3],[0,4],[1,5],[1,6],[3,7],[3,8],[5,9],[6,10],[7,11],[8,12],[9,13],[9,14],[9,15],[9,16],[9,17],[9,18],[9,19],[9,20],[10,21],[10,22],[10,23],[10,24],[10,25],[10,26],[10,27],[10,28],[11,29],[11,30],[11,31],[11,32],[11,33],[11,34],[12,35],[12,36],[12,37],[12,38],[12,39],[12,40],[12,41],[12,42]],"ID":29},{"def":["$r27","$r28","$r29","$r30","$r31"],"use":["$r27","$r28","$r29","$r30","i3","$r31"],"callees":[],"nodes":["CompoundStmt","DefinitionStmt","DefinitionStmt","Invoke","DefinitionStmt","DefinitionStmt","DefinitionStmt","Invoke","ThrowStmt","Local","NewExpr","Local","NewExpr","Local","Invoke","Local","Invoke","Local","Invoke","Local","RefType","RefType","RefType","RefType","RefType","RefType","RefType","RefType","java","lang","Illegal","Argument","Exception","java","lang","Illegal","Argument","Exception","java","lang","String","Buffer","java","lang","String","Buffer","java","lang","String","Buffer","java","lang","String","Buffer","java","lang","String","java","lang","Illegal","Argument","Exception"],"edges":[[0,1],[0,2],[0,3],[0,4],[0,5],[0,6],[0,7],[0,8],[1,9],[1,10],[2,11],[2,12],[4,13],[4,14],[5,15],[5,16],[6,17],[6,18],[8,19],[9,20],[10,21],[11,22],[12,23],[13,24],[15,25],[17,26],[19,27],[20,28],[20,29],[20,30],[20,31],[20,32],[21,33],[21,34],[21,35],[21,36],[21,37],[22,38],[22,39],[22,40],[22,41],[23,42],[23,43],[23,44],[23,45],[24,46],[24,47],[24,48],[24,49],[25,50],[25,51],[25,52],[25,53],[26,54],[26,55],[26,56],[27,57],[27,58],[27,59],[27,60],[27,61]],"ID":30},{"def":[],"use":["r33"],"callees":[],"nodes":["CompoundStmt","ReturnStmt","Local","RefType","org","apache","xerces","dom","Deferred","Node"],"edges":[[0,1],[1,2],[2,3],[3,4],[3,5],[3,6],[3,7],[3,8],[3,9]],"ID":31},{"def":["$r4"],"use":["$r4"],"callees":[],"nodes":["CompoundStmt","DefinitionStmt","Invoke","ThrowStmt","Local","NewExpr","Local","RefType","RefType","RefType","java","lang","Illegal","Argument","Exception","java","lang","Illegal","Argument","Exception","java","lang","Illegal","Argument","Exception"],"edges":[[0,1],[0,2],[0,3],[1,4],[1,5],[3,6],[4,7],[5,8],[6,9],[7,10],[7,11],[7,12],[7,13],[7,14],[8,15],[8,16],[8,17],[8,18],[8,19],[9,20],[9,21],[9,22],[9,23],[9,24]],"ID":32}],"edgeSet":[[5,6,9],[7,31,1],[5,10,15],[5,27,14],[17,23,1],[4,5,1],[13,15,2],[16,17,1],[20,21,1],[4,5,2],[9,7,0],[11,7,0],[22,17,0],[7,32,2],[5,11,16],[23,7,0],[25,7,0],[5,28,10],[27,7,0],[29,7,0],[5,24,13],[30,1,0],[0,2,0],[32,1,0],[19,20,1],[20,22,2],[5,12,17],[5,29,6],[5,25,12],[2,3,1],[5,13,8],[6,7,1],[18,19,1],[8,7,0],[18,19,2],[3,1,0],[10,7,0],[21,17,0],[12,7,0],[5,9,11],[16,7,2],[5,30,7],[24,7,0],[26,7,0],[28,7,0],[5,26,18],[31,1,0],[14,16,1],[19,22,2],[2,4,2],[6,8,2],[13,14,1],[14,16,2],[15,14,0],[17,18,2]],"ENTRY":{"def":[],"use":[],"callees":[],"nodes":["CompoundStmt"],"edges":[],"ID":0},"EXIT":{"def":[],"use":[],"callees":[],"nodes":["CompoundStmt"],"edges":[],"ID":1},"method_name":"getNodeObject"},{"blocks":[{"def":[],"use":[],"callees":[],"nodes":["CompoundStmt"],"edges":[],"ID":0},{"def":[],"use":[],"callees":[],"nodes":["CompoundStmt"],"edges":[],"ID":1},{"def":["$s0","$s1","r0"],"use":["$s0","$s1","@this: org.apache.xerces.dom.NamedNodeMapImpl","r0.\u003corg.apache.xerces.dom.NamedNodeMapImpl: short flags\u003e","r0"],"callees":[],"nodes":["CompoundStmt","DefinitionStmt","DefinitionStmt","DefinitionStmt","IfStmt","Local","ThisRef","Local","InstanceFieldRef","Local","BinaryOp","BinaryOp","RefType","RefType","Short","Short","Local","Short","Short","Local"," \u0026 ","Constant","Local"," \u003d\u003d ","Constant","org","apache","xerces","dom","Named","Node","Map","Impl","org","apache","xerces","dom","Named","Node","Map","Impl","RefType","Short","1","Int","Short","0","Int","org","apache","xerces","dom","Named","Node","Map","Impl"],"edges":[[0,1],[0,2],[0,3],[0,4],[1,5],[1,6],[2,7],[2,8],[3,9],[3,10],[4,11],[5,12],[6,13],[7,14],[8,15],[8,16],[8,17],[9,18],[10,19],[10,20],[10,21],[11,22],[11,23],[11,24],[12,25],[12,26],[12,27],[12,28],[12,29],[12,30],[12,31],[12,32],[13,33],[13,34],[13,35],[13,36],[13,37],[13,38],[13,39],[13,40],[16,41],[19,42],[21,43],[21,44],[22,45],[24,46],[24,47],[41,48],[41,49],[41,50],[41,51],[41,52],[41,53],[41,54],[41,55]],"ID":2},{"def":["$z0"],"use":["$z0"],"callees":[],"nodes":["CompoundStmt","DefinitionStmt","GotoStmt","ReturnStmt","Local","Constant","Local","Boolean","1","Int","Boolean"],"edges":[[0,1],[0,2],[0,3],[1,4],[1,5],[3,6],[4,7],[5,8],[5,9],[6,10]],"ID":3},{"def":["$z0"],"use":[],"callees":[],"nodes":["CompoundStmt","DefinitionStmt","Local","Constant","Boolean","0","Int"],"edges":[[0,1],[1,2],[1,3],[2,4],[3,5],[3,6]],"ID":4}],"edgeSet":[[3,1,0],[0,2,0],[2,3,1],[2,4,2],[4,3,0]],"ENTRY":{"def":[],"use":[],"callees":[],"nodes":["CompoundStmt"],"edges":[],"ID":0},"EXIT":{"def":[],"use":[],"callees":[],"nodes":["CompoundStmt"],"edges":[],"ID":1},"method_name":"isReadOnly"},{"blocks":[{"def":[],"use":[],"callees":[],"nodes":["CompoundStmt"],"edges":[],"ID":0},{"def":[],"use":[],"callees":[],"nodes":["CompoundStmt"],"edges":[],"ID":1},{"def":["$s0","$s1","r0"],"use":["r0.\u003corg.apache.xerces.dom.NodeImpl: short flags\u003e","$s0","$s1","@this: org.apache.xerces.dom.NodeImpl","r0"],"callees":[],"nodes":["CompoundStmt","DefinitionStmt","DefinitionStmt","DefinitionStmt","IfStmt","Local","ThisRef","Local","InstanceFieldRef","Local","BinaryOp","BinaryOp","RefType","RefType","Short","Short","Local","Short","Short","Local"," \u0026 ","Constant","Local"," \u003d\u003d ","Constant","org","apache","xerces","dom","Node","Impl","org","apache","xerces","dom","Node","Impl","RefType","Short","8","Int","Short","0","Int","org","apache","xerces","dom","Node","Impl"],"edges":[[0,1],[0,2],[0,3],[0,4],[1,5],[1,6],[2,7],[2,8],[3,9],[3,10],[4,11],[5,12],[6,13],[7,14],[8,15],[8,16],[8,17],[9,18],[10,19],[10,20],[10,21],[11,22],[11,23],[11,24],[12,25],[12,26],[12,27],[12,28],[12,29],[12,30],[13,31],[13,32],[13,33],[13,34],[13,35],[13,36],[16,37],[19,38],[21,39],[21,40],[22,41],[24,42],[24,43],[37,44],[37,45],[37,46],[37,47],[37,48],[37,49]],"ID":2},{"def":["$z0"],"use":["$z0"],"callees":[],"nodes":["CompoundStmt","DefinitionStmt","GotoStmt","ReturnStmt","Local","Constant","Local","Boolean","1","Int","Boolean"],"edges":[[0,1],[0,2],[0,3],[1,4],[1,5],[3,6],[4,7],[5,8],[5,9],[6,10]],"ID":3},{"def":["$z0"],"use":[],"callees":[],"nodes":["CompoundStmt","DefinitionStmt","Local","Constant","Boolean","0","Int"],"edges":[[0,1],[1,2],[1,3],[2,4],[3,5],[3,6]],"ID":4}],"edgeSet":[[3,1,0],[0,2,0],[2,3,1],[2,4,2],[4,3,0]],"ENTRY":{"def":[],"use":[],"callees":[],"nodes":["CompoundStmt"],"edges":[],"ID":0},"EXIT":{"def":[],"use":[],"callees":[],"nodes":["CompoundStmt"],"edges":[],"ID":1},"method_name":"isOwned"},{"blocks":[{"def":[],"use":[],"callees":[],"nodes":["CompoundStmt"],"edges":[],"ID":0},{"def":[],"use":[],"callees":[],"nodes":["CompoundStmt"],"edges":[],"ID":1},{"def":["$z0","r0"],"use":["@this: org.apache.xerces.dom.NodeImpl","$z0","r0"],"callees":["isOwned"],"nodes":["CompoundStmt","DefinitionStmt","DefinitionStmt","IfStmt","Local","ThisRef","Local","Invoke","BinaryOp","RefType","RefType","Boolean","Local"," \u003d\u003d ","Constant","org","apache","xerces","dom","Node","Impl","org","apache","xerces","dom","Node","Impl","Boolean","0","Int"],"edges":[[0,1],[0,2],[0,3],[1,4],[1,5],[2,6],[2,7],[3,8],[4,9],[5,10],[6,11],[8,12],[8,13],[8,14],[9,15],[9,16],[9,17],[9,18],[9,19],[9,20],[10,21],[10,22],[10,23],[10,24],[10,25],[10,26],[12,27],[14,28],[14,29]],"ID":2},{"def":["$r3","$r4"],"use":["r0.\u003corg.apache.xerces.dom.NodeImpl: org.apache.xerces.dom.NodeImpl ownerNode\u003e","$r3","$r4","r0"],"callees":["ownerDocument"],"nodes":["CompoundStmt","DefinitionStmt","DefinitionStmt","ReturnStmt","Local","InstanceFieldRef","Local","Invoke","Local","RefType","RefType","Local","RefType","RefType","RefType","org","apache","xerces","dom","Node","Impl","org","apache","xerces","dom","Node","Impl","RefType","org","apache","xerces","dom","Node","Impl","org","apache","xerces","dom","Document","Impl","org","apache","xerces","dom","Document","Impl","org","apache","xerces","dom","Node","Impl"],"edges":[[0,1],[0,2],[0,3],[1,4],[1,5],[2,6],[2,7],[3,8],[4,9],[5,10],[5,11],[5,12],[6,13],[8,14],[9,15],[9,16],[9,17],[9,18],[9,19],[9,20],[10,21],[10,22],[10,23],[10,24],[10,25],[10,26],[11,27],[12,28],[12,29],[12,30],[12,31],[12,32],[12,33],[13,34],[13,35],[13,36],[13,37],[13,38],[13,39],[14,40],[14,41],[14,42],[14,43],[14,44],[14,45],[27,46],[27,47],[27,48],[27,49],[27,50],[27,51]],"ID":3},{"def":["$r1","$r2"],"use":["r0.\u003corg.apache.xerces.dom.NodeImpl: org.apache.xerces.dom.NodeImpl ownerNode\u003e","$r1","$r2","r0"],"callees":[],"nodes":["CompoundStmt","DefinitionStmt","DefinitionStmt","ReturnStmt","Local","InstanceFieldRef","Local","CastExpr","Local","RefType","RefType","Local","RefType","RefType","RefType","RefType","Local","RefType","org","apache","xerces","dom","Node","Impl","org","apache","xerces","dom","Node","Impl","RefType","org","apache","xerces","dom","Node","Impl","org","apache","xerces","dom","Document","Impl","org","apache","xerces","dom","Document","Impl","org","apache","xerces","dom","Document","Impl","RefType","org","apache","xerces","dom","Document","Impl","org","apache","xerces","dom","Node","Impl","org","apache","xerces","dom","Node","Impl"],"edges":[[0,1],[0,2],[0,3],[1,4],[1,5],[2,6],[2,7],[3,8],[4,9],[5,10],[5,11],[5,12],[6,13],[7,14],[7,15],[7,16],[8,17],[9,18],[9,19],[9,20],[9,21],[9,22],[9,23],[10,24],[10,25],[10,26],[10,27],[10,28],[10,29],[11,30],[12,31],[12,32],[12,33],[12,34],[12,35],[12,36],[13,37],[13,38],[13,39],[13,40],[13,41],[13,42],[14,43],[14,44],[14,45],[14,46],[14,47],[14,48],[15,49],[15,50],[15,51],[15,52],[15,53],[15,54],[16,55],[17,56],[17,57],[17,58],[17,59],[17,60],[17,61],[30,62],[30,63],[30,64],[30,65],[30,66],[30,67],[55,68],[55,69],[55,70],[55,71],[55,72],[55,73]],"ID":4}],"edgeSet":[[3,1,0],[4,1,0],[0,2,0],[2,3,1],[2,4,2]],"ENTRY":{"def":[],"use":[],"callees":[],"nodes":["CompoundStmt"],"edges":[],"ID":0},"EXIT":{"def":[],"use":[],"callees":[],"nodes":["CompoundStmt"],"edges":[],"ID":1},"method_name":"ownerDocument"},{"blocks":[{"def":[],"use":[],"callees":[],"nodes":["CompoundStmt"],"edges":[],"ID":0},{"def":[],"use":[],"callees":[],"nodes":["CompoundStmt"],"edges":[],"ID":1},{"def":["$r2","i0","i4","r0","r1"],"use":["$r2","r0.\u003corg.apache.xerces.dom.NamedNodeMapImpl: java.util.Vector nodes\u003e","@this: org.apache.xerces.dom.NamedNodeMapImpl","@parameter0: java.lang.String","@parameter1: int","r0"],"callees":[],"nodes":["CompoundStmt","DefinitionStmt","DefinitionStmt","DefinitionStmt","DefinitionStmt","DefinitionStmt","IfStmt","Local","ThisRef","Local","Param","Local","Param","Local","Constant","Local","InstanceFieldRef","BinaryOp","RefType","RefType","RefType","RefType","Int","Int","Int","0","Int","RefType","RefType","Local","RefType","Local"," \u003d\u003d ","Constant","org","apache","xerces","dom","Named","Node","Map","Impl","org","apache","xerces","dom","Named","Node","Map","Impl","java","lang","String","java","lang","String","java","util","Vector","java","util","Vector","RefType","java","util","Vector","RefType","Null","org","apache","xerces","dom","Named","Node","Map","Impl","java","util","Vector"],"edges":[[0,1],[0,2],[0,3],[0,4],[0,5],[0,6],[1,7],[1,8],[2,9],[2,10],[3,11],[3,12],[4,13],[4,14],[5,15],[5,16],[6,17],[7,18],[8,19],[9,20],[10,21],[11,22],[12,23],[13,24],[14,25],[14,26],[15,27],[16,28],[16,29],[16,30],[17,31],[17,32],[17,33],[18,34],[18,35],[18,36],[18,37],[18,38],[18,39],[18,40],[18,41],[19,42],[19,43],[19,44],[19,45],[19,46],[19,47],[19,48],[19,49],[20,50],[20,51],[20,52],[21,53],[21,54],[21,55],[27,56],[27,57],[27,58],[28,59],[28,60],[28,61],[29,62],[30,63],[30,64],[30,65],[31,66],[33,67],[62,68],[62,69],[62,70],[62,71],[62,72],[62,73],[62,74],[62,75],[66,76],[66,77],[66,78]],"ID":2},{"def":["$r3","i5","$i2","i6"],"use":["$r3","i0","r0.\u003corg.apache.xerces.dom.NamedNodeMapImpl: java.util.Vector nodes\u003e","i5","$i2","i6","r0"],"callees":[],"nodes":["CompoundStmt","DefinitionStmt","DefinitionStmt","DefinitionStmt","DefinitionStmt","GotoStmt","IfStmt","Local","Local","Local","InstanceFieldRef","Local","Invoke","Local","BinaryOp","BinaryOp","Int","Int","RefType","RefType","Local","RefType","Int","Int","Local"," - ","Constant","Local"," \u003c\u003d ","Local","java","util","Vector","java","util","Vector","RefType","java","util","Vector","Int","1","Int","Int","Int","org","apache","xerces","dom","Named","Node","Map","Impl"],"edges":[[0,1],[0,2],[0,3],[0,4],[0,5],[0,6],[1,7],[1,8],[2,9],[2,10],[3,11],[3,12],[4,13],[4,14],[6,15],[7,16],[8,17],[9,18],[10,19],[10,20],[10,21],[11,22],[13,23],[14,24],[14,25],[14,26],[15,27],[15,28],[15,29],[18,30],[18,31],[18,32],[19,33],[19,34],[19,35],[20,36],[21,37],[21,38],[21,39],[24,40],[26,41],[26,42],[27,43],[29,44],[36,45],[36,46],[36,47],[36,48],[36,49],[36,50],[36,51],[36,52]],"ID":3},{"def":["$r4","$r5","$r6","i1","$r7","i4","$i3"],"use":["$r4","$r5","$r6","i1","r0.\u003corg.apache.xerces.dom.NamedNodeMapImpl: java.util.Vector nodes\u003e","$r7","i4","i5","i6","$i3","r0","r1"],"callees":[],"nodes":["CompoundStmt","DefinitionStmt","DefinitionStmt","DefinitionStmt","DefinitionStmt","DefinitionStmt","DefinitionStmt","DefinitionStmt","IfStmt","Local","BinaryOp","Local","BinaryOp","Local","InstanceFieldRef","Local","Invoke","Local","CastExpr","Local","Invoke","Local","Invoke","BinaryOp","Int","Local"," + ","Local","Int","Local"," / ","Constant","RefType","RefType","Local","RefType","RefType","RefType","RefType","RefType","Local","RefType","Int","Local"," !\u003d ","Constant","Int","Int","Int","2","Int","java","util","Vector","java","util","Vector","RefType","java","util","Vector","java","lang","Object","org","w3c","dom","Node","org","w3c","dom","Node","org","w3c","dom","Node","RefType","java","lang","String","Int","0","Int","org","apache","xerces","dom","Named","Node","Map","Impl","java","lang","Object"],"edges":[[0,1],[0,2],[0,3],[0,4],[0,5],[0,6],[0,7],[0,8],[1,9],[1,10],[2,11],[2,12],[3,13],[3,14],[4,15],[4,16],[5,17],[5,18],[6,19],[6,20],[7,21],[7,22],[8,23],[9,24],[10,25],[10,26],[10,27],[11,28],[12,29],[12,30],[12,31],[13,32],[14,33],[14,34],[14,35],[15,36],[17,37],[18,38],[18,39],[18,40],[19,41],[21,42],[23,43],[23,44],[23,45],[25,46],[27,47],[29,48],[31,49],[31,50],[32,51],[32,52],[32,53],[33,54],[33,55],[33,56],[34,57],[35,58],[35,59],[35,60],[36,61],[36,62],[36,63],[37,64],[37,65],[37,66],[37,67],[38,68],[38,69],[38,70],[38,71],[39,72],[39,73],[39,74],[39,75],[40,76],[41,77],[41,78],[41,79],[43,80],[45,81],[45,82],[57,83],[57,84],[57,85],[57,86],[57,87],[57,88],[57,89],[57,90],[76,91],[76,92],[76,93]],"ID":4},{"def":[],"use":["i4"],"callees":[],"nodes":["CompoundStmt","ReturnStmt","Local","Int"],"edges":[[0,1],[1,2],[2,3]],"ID":5},{"def":[],"use":["i1"],"callees":[],"nodes":["CompoundStmt","IfStmt","BinaryOp","Local"," \u003e\u003d ","Constant","Int","0","Int"],"edges":[[0,1],[1,2],[2,3],[2,4],[2,5],[3,6],[5,7],[5,8]],"ID":6},{"def":["i6"],"use":["i4"],"callees":[],"nodes":["CompoundStmt","DefinitionStmt","GotoStmt","Local","BinaryOp","Int","Local"," - ","Constant","Int","1","Int"],"edges":[[0,1],[0,2],[1,3],[1,4],[3,5],[4,6],[4,7],[4,8],[6,9],[8,10],[8,11]],"ID":7},{"def":["i5"],"use":["i4"],"callees":[],"nodes":["CompoundStmt","DefinitionStmt","Local","BinaryOp","Int","Local"," + ","Constant","Int","1","Int"],"edges":[[0,1],[1,2],[1,3],[2,4],[3,5],[3,6],[3,7],[5,8],[7,9],[7,10]],"ID":8},{"def":[],"use":["i4","i5"],"callees":[],"nodes":["CompoundStmt","IfStmt","BinaryOp","Local"," \u003c\u003d ","Local","Int","Int"],"edges":[[0,1],[1,2],[2,3],[2,4],[2,5],[3,6],[5,7]],"ID":9},{"def":["$i7","i4"],"use":["$i7","i4","i5"],"callees":[],"nodes":["CompoundStmt","DefinitionStmt","DefinitionStmt","ReturnStmt","Local","Local","Local","BinaryOp","Local","Int","Int","Int","Constant"," - ","Local","Int","-","1","Int","Int"],"edges":[[0,1],[0,2],[0,3],[1,4],[1,5],[2,6],[2,7],[3,8],[4,9],[5,10],[6,11],[7,12],[7,13],[7,14],[8,15],[12,16],[12,17],[12,18],[14,19]],"ID":10}],"edgeSet":[[5,1,0],[7,3,0],[8,3,0],[10,1,0],[2,10,2],[3,9,1],[0,2,0],[2,3,1],[4,5,1],[4,6,2],[6,7,1],[6,8,2],[9,10,1],[3,4,2],[9,10,2]],"ENTRY":{"def":[],"use":[],"callees":[],"nodes":["CompoundStmt"],"edges":[],"ID":0},"EXIT":{"def":[],"use":[],"callees":[],"nodes":["CompoundStmt"],"edges":[],"ID":1},"method_name":"findNamePoint"},{"blocks":[{"def":[],"use":[],"callees":[],"nodes":["CompoundStmt"],"edges":[],"ID":0},{"def":[],"use":[],"callees":[],"nodes":["CompoundStmt"],"edges":[],"ID":1},{"def":["$z0","r0","r1"],"use":["@parameter0: org.w3c.dom.Node","$z0","@this: org.apache.xerces.dom.NamedNodeMapImpl","r0"],"callees":["isReadOnly"],"nodes":["CompoundStmt","DefinitionStmt","DefinitionStmt","DefinitionStmt","IfStmt","Local","ThisRef","Local","Param","Local","Invoke","BinaryOp","RefType","RefType","RefType","RefType","Boolean","Local"," \u003d\u003d ","Constant","org","apache","xerces","dom","Named","Node","Map","Impl","org","apache","xerces","dom","Named","Node","Map","Impl","org","w3c","dom","Node","org","w3c","dom","Node","Boolean","0","Int"],"edges":[[0,1],[0,2],[0,3],[0,4],[1,5],[1,6],[2,7],[2,8],[3,9],[3,10],[4,11],[5,12],[6,13],[7,14],[8,15],[9,16],[11,17],[11,18],[11,19],[12,20],[12,21],[12,22],[12,23],[12,24],[12,25],[12,26],[12,27],[13,28],[13,29],[13,30],[13,31],[13,32],[13,33],[13,34],[13,35],[14,36],[14,37],[14,38],[14,39],[15,40],[15,41],[15,42],[15,43],[17,44],[19,45],[19,46]],"ID":2},{"def":["$r13"],"use":["$r13"],"callees":[],"nodes":["CompoundStmt","DefinitionStmt","Invoke","ThrowStmt","Local","NewExpr","Local","RefType","RefType","RefType","org","w3c","dom","D","O","M","Exception","org","w3c","dom","D","O","M","Exception","org","w3c","dom","D","O","M","Exception"],"edges":[[0,1],[0,2],[0,3],[1,4],[1,5],[3,6],[4,7],[5,8],[6,9],[7,10],[7,11],[7,12],[7,13],[7,14],[7,15],[7,16],[8,17],[8,18],[8,19],[8,20],[8,21],[8,22],[8,23],[9,24],[9,25],[9,26],[9,27],[9,28],[9,29],[9,30]],"ID":3},{"def":["$r2","$r3","$r4"],"use":["r0.\u003corg.apache.xerces.dom.NamedNodeMapImpl: org.apache.xerces.dom.NodeImpl ownerNode\u003e","$r2","$r3","$r4","r0","r1"],"callees":["ownerDocument"],"nodes":["CompoundStmt","DefinitionStmt","DefinitionStmt","DefinitionStmt","IfStmt","Local","Invoke","Local","InstanceFieldRef","Local","Invoke","BinaryOp","RefType","RefType","RefType","Local","RefType","RefType","Local"," \u003d\u003d ","Local","org","w3c","dom","Document","org","apache","xerces","dom","Node","Impl","org","apache","xerces","dom","Node","Impl","RefType","org","apache","xerces","dom","Node","Impl","org","apache","xerces","dom","Document","Impl","RefType","RefType","org","apache","xerces","dom","Named","Node","Map","Impl","org","w3c","dom","Document","org","apache","xerces","dom","Document","Impl"],"edges":[[0,1],[0,2],[0,3],[0,4],[1,5],[1,6],[2,7],[2,8],[3,9],[3,10],[4,11],[5,12],[7,13],[8,14],[8,15],[8,16],[9,17],[11,18],[11,19],[11,20],[12,21],[12,22],[12,23],[12,24],[13,25],[13,26],[13,27],[13,28],[13,29],[13,30],[14,31],[14,32],[14,33],[14,34],[14,35],[14,36],[15,37],[16,38],[16,39],[16,40],[16,41],[16,42],[16,43],[17,44],[17,45],[17,46],[17,47],[17,48],[17,49],[18,50],[20,51],[37,52],[37,53],[37,54],[37,55],[37,56],[37,57],[37,58],[37,59],[50,60],[50,61],[50,62],[50,63],[51,64],[51,65],[51,66],[51,67],[51,68],[51,69]],"ID":4},{"def":["$r12"],"use":["$r12"],"callees":[],"nodes":["CompoundStmt","DefinitionStmt","Invoke","ThrowStmt","Local","NewExpr","Local","RefType","RefType","RefType","org","w3c","dom","D","O","M","Exception","org","w3c","dom","D","O","M","Exception","org","w3c","dom","D","O","M","Exception"],"edges":[[0,1],[0,2],[0,3],[1,4],[1,5],[3,6],[4,7],[5,8],[6,9],[7,10],[7,11],[7,12],[7,13],[7,14],[7,15],[7,16],[8,17],[8,18],[8,19],[8,20],[8,21],[8,22],[8,23],[9,24],[9,25],[9,26],[9,27],[9,28],[9,29],[9,30]],"ID":5},{"def":["r14","$r5","i0"],"use":["$r5","i0","r0","r1"],"callees":["findNamePoint"],"nodes":["CompoundStmt","DefinitionStmt","DefinitionStmt","DefinitionStmt","IfStmt","Local","Invoke","Local","Invoke","Local","Constant","BinaryOp","RefType","Int","RefType","Null","Local"," \u003c ","Constant","java","lang","String","org","apache","xerces","dom","Node","Impl","Int","0","Int"],"edges":[[0,1],[0,2],[0,3],[0,4],[1,5],[1,6],[2,7],[2,8],[3,9],[3,10],[4,11],[5,12],[7,13],[9,14],[10,15],[11,16],[11,17],[11,18],[12,19],[12,20],[12,21],[14,22],[14,23],[14,24],[14,25],[14,26],[14,27],[16,28],[18,29],[18,30]],"ID":6},{"def":["r14","$r9","$r11","$r10"],"use":["r14","i0","r0.\u003corg.apache.xerces.dom.NamedNodeMapImpl: java.util.Vector nodes\u003e","$r9","$r11","r0","$r10","r1"],"callees":[],"nodes":["CompoundStmt","DefinitionStmt","DefinitionStmt","DefinitionStmt","DefinitionStmt","Invoke","GotoStmt","ReturnStmt","Local","InstanceFieldRef","Local","Invoke","Local","CastExpr","Local","InstanceFieldRef","Local","RefType","RefType","Local","RefType","RefType","RefType","RefType","RefType","Local","RefType","RefType","Local","RefType","RefType","java","util","Vector","java","util","Vector","RefType","java","util","Vector","java","lang","Object","org","apache","xerces","dom","Node","Impl","org","apache","xerces","dom","Node","Impl","org","apache","xerces","dom","Node","Impl","RefType","java","util","Vector","java","util","Vector","RefType","java","util","Vector","org","apache","xerces","dom","Node","Impl","org","apache","xerces","dom","Named","Node","Map","Impl","java","lang","Object","org","apache","xerces","dom","Named","Node","Map","Impl"],"edges":[[0,1],[0,2],[0,3],[0,4],[0,5],[0,6],[0,7],[1,8],[1,9],[2,10],[2,11],[3,12],[3,13],[4,14],[4,15],[7,16],[8,17],[9,18],[9,19],[9,20],[10,21],[12,22],[13,23],[13,24],[13,25],[14,26],[15,27],[15,28],[15,29],[16,30],[17,31],[17,32],[17,33],[18,34],[18,35],[18,36],[19,37],[20,38],[20,39],[20,40],[21,41],[21,42],[21,43],[22,44],[22,45],[22,46],[22,47],[22,48],[22,49],[23,50],[23,51],[23,52],[23,53],[23,54],[23,55],[24,56],[24,57],[24,58],[24,59],[24,60],[24,61],[25,62],[26,63],[26,64],[26,65],[27,66],[27,67],[27,68],[28,69],[29,70],[29,71],[29,72],[30,73],[30,74],[30,75],[30,76],[30,77],[30,78],[37,79],[37,80],[37,81],[37,82],[37,83],[37,84],[37,85],[37,86],[62,87],[62,88],[62,89],[69,90],[69,91],[69,92],[69,93],[69,94],[69,95],[69,96],[69,97]],"ID":7},{"def":["i1","$r6"],"use":["i0","$r6","r0.\u003corg.apache.xerces.dom.NamedNodeMapImpl: java.util.Vector nodes\u003e","r0"],"callees":[],"nodes":["CompoundStmt","DefinitionStmt","DefinitionStmt","IfStmt","Local","BinaryOp","Local","InstanceFieldRef","BinaryOp","Int","Constant"," - ","Local","RefType","RefType","Local","RefType","Constant"," !\u003d ","Local","-","1","Int","Int","java","util","Vector","java","util","Vector","RefType","java","util","Vector","Null","RefType","org","apache","xerces","dom","Named","Node","Map","Impl","java","util","Vector"],"edges":[[0,1],[0,2],[0,3],[1,4],[1,5],[2,6],[2,7],[3,8],[4,9],[5,10],[5,11],[5,12],[6,13],[7,14],[7,15],[7,16],[8,17],[8,18],[8,19],[10,20],[10,21],[10,22],[12,23],[13,24],[13,25],[13,26],[14,27],[14,28],[14,29],[15,30],[16,31],[16,32],[16,33],[17,34],[19,35],[30,36],[30,37],[30,38],[30,39],[30,40],[30,41],[30,42],[30,43],[35,44],[35,45],[35,46]],"ID":8},{"def":["r0.\u003corg.apache.xerces.dom.NamedNodeMapImpl: java.util.Vector nodes\u003e","$r7","$r8"],"use":["i1","r0.\u003corg.apache.xerces.dom.NamedNodeMapImpl: java.util.Vector nodes\u003e","$r7","$r8","r0","r1"],"callees":[],"nodes":["CompoundStmt","DefinitionStmt","Invoke","DefinitionStmt","DefinitionStmt","Invoke","Local","NewExpr","InstanceFieldRef","Local","Local","InstanceFieldRef","RefType","RefType","RefType","Local","RefType","RefType","RefType","RefType","Local","RefType","java","util","Vector","java","util","Vector","java","util","Vector","RefType","java","util","Vector","java","util","Vector","java","util","Vector","java","util","Vector","RefType","java","util","Vector","org","apache","xerces","dom","Named","Node","Map","Impl","org","apache","xerces","dom","Named","Node","Map","Impl"],"edges":[[0,1],[0,2],[0,3],[0,4],[0,5],[1,6],[1,7],[3,8],[3,9],[4,10],[4,11],[6,12],[7,13],[8,14],[8,15],[8,16],[9,17],[10,18],[11,19],[11,20],[11,21],[12,22],[12,23],[12,24],[13,25],[13,26],[13,27],[14,28],[14,29],[14,30],[15,31],[16,32],[16,33],[16,34],[17,35],[17,36],[17,37],[18,38],[18,39],[18,40],[19,41],[19,42],[19,43],[20,44],[21,45],[21,46],[21,47],[31,48],[31,49],[31,50],[31,51],[31,52],[31,53],[31,54],[31,55],[44,56],[44,57],[44,58],[44,59],[44,60],[44,61],[44,62],[44,63]],"ID":9}],"edgeSet":[[3,1,0],[9,7,0],[5,1,0],[7,1,0],[0,2,0],[2,3,1],[2,4,2],[4,5,1],[4,6,2],[6,7,1],[6,8,2],[8,9,1],[8,9,2]],"ENTRY":{"def":[],"use":[],"callees":[],"nodes":["CompoundStmt"],"edges":[],"ID":0},"EXIT":{"def":[],"use":[],"callees":[],"nodes":["CompoundStmt"],"edges":[],"ID":1},"method_name":"setNamedItem"},{"blocks":[{"def":[],"use":[],"callees":[],"nodes":["CompoundStmt"],"edges":[],"ID":0},{"def":[],"use":[],"callees":[],"nodes":["CompoundStmt"],"edges":[],"ID":1},{"def":["i0","$i1","r0"],"use":["i0","@parameter0: int","$i1","@this: org.apache.xerces.dom.DeferredDocumentImpl","r0"],"callees":["getPrevSibling"],"nodes":["CompoundStmt","DefinitionStmt","DefinitionStmt","DefinitionStmt","ReturnStmt","Local","ThisRef","Local","Param","Local","Invoke","Local","RefType","RefType","Int","Int","Int","Int","org","apache","xerces","dom","Deferred","Document","Impl","org","apache","xerces","dom","Deferred","Document","Impl"],"edges":[[0,1],[0,2],[0,3],[0,4],[1,5],[1,6],[2,7],[2,8],[3,9],[3,10],[4,11],[5,12],[6,13],[7,14],[8,15],[9,16],[11,17],[12,18],[12,19],[12,20],[12,21],[12,22],[12,23],[12,24],[13,25],[13,26],[13,27],[13,28],[13,29],[13,30],[13,31]],"ID":2}],"edgeSet":[[0,2,0],[2,1,0]],"ENTRY":{"def":[],"use":[],"callees":[],"nodes":["CompoundStmt"],"edges":[],"ID":0},"EXIT":{"def":[],"use":[],"callees":[],"nodes":["CompoundStmt"],"edges":[],"ID":1},"method_name":"getPrevSibling"},{"blocks":[{"def":[],"use":[],"callees":[],"nodes":["CompoundStmt"],"edges":[],"ID":0},{"def":[],"use":[],"callees":[],"nodes":["CompoundStmt"],"edges":[],"ID":1},{"def":["$r3","z0","$r4","$r5","$r6","r0.\u003corg.apache.xerces.dom.ElementDefinitionImpl: org.apache.xerces.dom.NamedNodeMapImpl attributes\u003e","i1","$r4.\u003corg.apache.xerces.dom.DocumentImpl: boolean mutationEvents\u003e","$i0","r0","r1"],"use":["r0.\u003corg.apache.xerces.dom.ParentNode: org.apache.xerces.dom.DocumentImpl ownerDocument\u003e","@this: org.apache.xerces.dom.DeferredElementDefinitionImpl","$r3","$r4","$r3.\u003corg.apache.xerces.dom.DocumentImpl: boolean mutationEvents\u003e","$r5","r0.\u003corg.apache.xerces.dom.DeferredElementDefinitionImpl: int fNodeIndex\u003e","$r6","i1","$i0","r0","r1"],"callees":["needsSyncChildren","\u003cinit\u003e","getLastChild"],"nodes":["CompoundStmt","DefinitionStmt","DefinitionStmt","DefinitionStmt","DefinitionStmt","DefinitionStmt","Invoke","DefinitionStmt","DefinitionStmt","DefinitionStmt","Invoke","DefinitionStmt","DefinitionStmt","DefinitionStmt","GotoStmt","IfStmt","Local","ThisRef","Local","InstanceFieldRef","Local","InstanceFieldRef","Local","InstanceFieldRef","InstanceFieldRef","Constant","Local","InstanceFieldRef","Local","CastExpr","Local","NewExpr","InstanceFieldRef","Local","Local","InstanceFieldRef","Local","Invoke","BinaryOp","RefType","RefType","RefType","RefType","Local","RefType","Boolean","Boolean","Local","Boolean","RefType","RefType","Local","RefType","Boolean","Local","Boolean","0","Int","RefType","RefType","Local","RefType","RefType","RefType","RefType","Local","RefType","RefType","RefType","Local","RefType","RefType","Int","Int","Local","Int","Int","Local"," !\u003d ","Constant","org","apache","xerces","dom","Deferred","Element","Definition","Impl","org","apache","xerces","dom","Deferred","Element","Definition","Impl","org","apache","xerces","dom","Document","Impl","org","apache","xerces","dom","Document","Impl","RefType","org","apache","xerces","dom","Document","Impl","RefType","org","apache","xerces","dom","Document","Impl","org","apache","xerces","dom","Document","Impl","RefType","org","apache","xerces","dom","Document","Impl","RefType","org","apache","xerces","dom","Document","Impl","org","apache","xerces","dom","Document","Impl","RefType","org","apache","xerces","dom","Document","Impl","org","apache","xerces","dom","Deferred","Document","Impl","org","apache","xerces","dom","Deferred","Document","Impl","org","apache","xerces","dom","Deferred","Document","Impl","RefType","org","apache","xerces","dom","Named","Node","Map","Impl","org","apache","xerces","dom","Named","Node","Map","Impl","org","apache","xerces","dom","Named","Node","Map","Impl","RefType","org","apache","xerces","dom","Named","Node","Map","Impl","org","apache","xerces","dom","Named","Node","Map","Impl","RefType","Int","-","1","Int","org","apache","xerces","dom","Deferred","Element","Definition","Impl","org","apache","xerces","dom","Document","Impl","org","apache","xerces","dom","Deferred","Element","Definition","Impl","org","apache","xerces","dom","Document","Impl","org","apache","xerces","dom","Deferred","Element","Definition","Impl","org","apache","xerces","dom","Document","Impl","org","apache","xerces","dom","Deferred","Element","Definition","Impl","org","apache","xerces","dom","Deferred","Element","Definition","Impl"],"edges":[[0,1],[0,2],[0,3],[0,4],[0,5],[0,6],[0,7],[0,8],[0,9],[0,10],[0,11],[0,12],[0,13],[0,14],[0,15],[1,16],[1,17],[2,18],[2,19],[3,20],[3,21],[4,22],[4,23],[5,24],[5,25],[7,26],[7,27],[8,28],[8,29],[9,30],[9,31],[11,32],[11,33],[12,34],[12,35],[13,36],[13,37],[15,38],[16,39],[17,40],[18,41],[19,42],[19,43],[19,44],[20,45],[21,46],[21,47],[21,48],[22,49],[23,50],[23,51],[23,52],[24,53],[24,54],[24,55],[25,56],[25,57],[26,58],[27,59],[27,60],[27,61],[28,62],[29,63],[29,64],[29,65],[30,66],[31,67],[32,68],[32,69],[32,70],[33,71],[34,72],[35,73],[35,74],[35,75],[36,76],[38,77],[38,78],[38,79],[39,80],[39,81],[39,82],[39,83],[39,84],[39,85],[39,86],[39,87],[40,88],[40,89],[40,90],[40,91],[40,92],[40,93],[40,94],[40,95],[41,96],[41,97],[41,98],[41,99],[41,100],[41,101],[42,102],[42,103],[42,104],[42,105],[42,106],[42,107],[43,108],[44,109],[44,110],[44,111],[44,112],[44,113],[44,114],[47,115],[49,116],[49,117],[49,118],[49,119],[49,120],[49,121],[50,122],[50,123],[50,124],[50,125],[50,126],[50,127],[51,128],[52,129],[52,130],[52,131],[52,132],[52,133],[52,134],[54,135],[58,136],[58,137],[58,138],[58,139],[58,140],[58,141],[59,142],[59,143],[59,144],[59,145],[59,146],[59,147],[60,148],[61,149],[61,150],[61,151],[61,152],[61,153],[61,154],[62,155],[62,156],[62,157],[62,158],[62,159],[62,160],[62,161],[63,162],[63,163],[63,164],[63,165],[63,166],[63,167],[63,168],[64,169],[64,170],[64,171],[64,172],[64,173],[64,174],[64,175],[65,176],[66,177],[66,178],[66,179],[66,180],[66,181],[66,182],[66,183],[66,184],[67,185],[67,186],[67,187],[67,188],[67,189],[67,190],[67,191],[67,192],[68,193],[68,194],[68,195],[68,196],[68,197],[68,198],[68,199],[68,200],[69,201],[70,202],[70,203],[70,204],[70,205],[70,206],[70,207],[70,208],[70,209],[71,210],[71,211],[71,212],[71,213],[71,214],[71,215],[71,216],[71,217],[74,218],[77,219],[79,220],[79,221],[79,222],[108,223],[108,224],[108,225],[108,226],[108,227],[108,228],[108,229],[108,230],[115,231],[115,232],[115,233],[115,234],[115,235],[115,236],[128,237],[128,238],[128,239],[128,240],[128,241],[128,242],[128,243],[128,244],[135,245],[135,246],[135,247],[135,248],[135,249],[135,250],[148,251],[148,252],[148,253],[148,254],[148,255],[148,256],[148,257],[148,258],[176,259],[176,260],[176,261],[176,262],[176,263],[176,264],[201,265],[201,266],[201,267],[201,268],[201,269],[201,270],[201,271],[201,272],[218,273],[218,274],[218,275],[218,276],[218,277],[218,278],[218,279],[218,280]],"ID":2},{"def":["r2","i1","$r7"],"use":["r2","i1","r0.\u003corg.apache.xerces.dom.ElementDefinitionImpl: org.apache.xerces.dom.NamedNodeMapImpl attributes\u003e","$r7","r0","r1"],"callees":["getPrevSibling","setNamedItem","getNodeObject"],"nodes":["CompoundStmt","DefinitionStmt","DefinitionStmt","Invoke","DefinitionStmt","Local","Invoke","Local","InstanceFieldRef","Local","Invoke","RefType","RefType","RefType","Local","RefType","Int","org","apache","xerces","dom","Deferred","Node","org","apache","xerces","dom","Named","Node","Map","Impl","org","apache","xerces","dom","Named","Node","Map","Impl","RefType","org","apache","xerces","dom","Named","Node","Map","Impl","org","apache","xerces","dom","Deferred","Element","Definition","Impl"],"edges":[[0,1],[0,2],[0,3],[0,4],[1,5],[1,6],[2,7],[2,8],[4,9],[4,10],[5,11],[7,12],[8,13],[8,14],[8,15],[9,16],[11,17],[11,18],[11,19],[11,20],[11,21],[11,22],[12,23],[12,24],[12,25],[12,26],[12,27],[12,28],[12,29],[12,30],[13,31],[13,32],[13,33],[13,34],[13,35],[13,36],[13,37],[13,38],[14,39],[15,40],[15,41],[15,42],[15,43],[15,44],[15,45],[15,46],[15,47],[39,48],[39,49],[39,50],[39,51],[39,52],[39,53],[39,54],[39,55]],"ID":3},{"def":["r1.\u003corg.apache.xerces.dom.DocumentImpl: boolean mutationEvents\u003e"],"use":["z0","r1"],"callees":[],"nodes":["CompoundStmt","DefinitionStmt","ReturnVoidStmt","InstanceFieldRef","Local","Boolean","Local","Boolean","Boolean","RefType","org","apache","xerces","dom","Deferred","Document","Impl"],"edges":[[0,1],[0,2],[1,3],[1,4],[3,5],[3,6],[3,7],[4,8],[6,9],[9,10],[9,11],[9,12],[9,13],[9,14],[9,15],[9,16]],"ID":4}],"edgeSet":[[4,1,0],[0,2,0],[2,4,1],[3,2,0],[2,3,2]],"ENTRY":{"def":[],"use":[],"callees":[],"nodes":["CompoundStmt"],"edges":[],"ID":0},"EXIT":{"def":[],"use":[],"callees":[],"nodes":["CompoundStmt"],"edges":[],"ID":1},"method_name":"synchronizeChildren"}],"label":"2"}