{"data":[{"blocks":[{"def":[],"use":[],"callees":[],"nodes":["CompoundStmt"],"edges":[],"ID":0},{"def":[],"use":[],"callees":[],"nodes":["CompoundStmt"],"edges":[],"ID":1},{"def":["r0.\u003corg.apache.xerces.framework.XMLContentSpec: int value\u003e","r0.\u003corg.apache.xerces.framework.XMLContentSpec: int type\u003e","r0","r0.\u003corg.apache.xerces.framework.XMLContentSpec: int otherValue\u003e"],"use":["@this: org.apache.xerces.framework.XMLContentSpec","r0"],"callees":[],"nodes":["CompoundStmt","DefinitionStmt","DefinitionStmt","DefinitionStmt","DefinitionStmt","ReturnVoidStmt","Local","ThisRef","InstanceFieldRef","Constant","InstanceFieldRef","Constant","InstanceFieldRef","Constant","RefType","RefType","Int","Local","Int","-","1","Int","Int","Local","Int","-","1","Int","Int","Local","Int","-","1","Int","org","apache","xerces","framework","X","M","L","Content","Spec","org","apache","xerces","framework","X","M","L","Content","Spec","RefType","RefType","RefType","org","apache","xerces","framework","X","M","L","Content","Spec","org","apache","xerces","framework","X","M","L","Content","Spec","org","apache","xerces","framework","X","M","L","Content","Spec"],"edges":[[0,1],[0,2],[0,3],[0,4],[0,5],[1,6],[1,7],[2,8],[2,9],[3,10],[3,11],[4,12],[4,13],[6,14],[7,15],[8,16],[8,17],[8,18],[9,19],[9,20],[9,21],[10,22],[10,23],[10,24],[11,25],[11,26],[11,27],[12,28],[12,29],[12,30],[13,31],[13,32],[13,33],[14,34],[14,35],[14,36],[14,37],[14,38],[14,39],[14,40],[14,41],[14,42],[15,43],[15,44],[15,45],[15,46],[15,47],[15,48],[15,49],[15,50],[15,51],[17,52],[23,53],[29,54],[52,55],[52,56],[52,57],[52,58],[52,59],[52,60],[52,61],[52,62],[52,63],[53,64],[53,65],[53,66],[53,67],[53,68],[53,69],[53,70],[53,71],[53,72],[54,73],[54,74],[54,75],[54,76],[54,77],[54,78],[54,79],[54,80],[54,81]],"ID":2}],"edgeSet":[[0,2,0],[2,1,0]],"ENTRY":{"def":[],"use":[],"callees":[],"nodes":["CompoundStmt"],"edges":[],"ID":0},"EXIT":{"def":[],"use":[],"callees":[],"nodes":["CompoundStmt"],"edges":[],"ID":1},"method_name":"clear"},{"blocks":[{"def":[],"use":[],"callees":[],"nodes":["CompoundStmt"],"edges":[],"ID":0},{"def":[],"use":[],"callees":[],"nodes":["CompoundStmt"],"edges":[],"ID":1},{"def":["r0"],"use":["@this: org.apache.xerces.framework.XMLContentSpec","r0"],"callees":["clear"],"nodes":["CompoundStmt","DefinitionStmt","Invoke","Invoke","ReturnVoidStmt","Local","ThisRef","RefType","RefType","org","apache","xerces","framework","X","M","L","Content","Spec","org","apache","xerces","framework","X","M","L","Content","Spec"],"edges":[[0,1],[0,2],[0,3],[0,4],[1,5],[1,6],[5,7],[6,8],[7,9],[7,10],[7,11],[7,12],[7,13],[7,14],[7,15],[7,16],[7,17],[8,18],[8,19],[8,20],[8,21],[8,22],[8,23],[8,24],[8,25],[8,26]],"ID":2}],"edgeSet":[[0,2,0],[2,1,0]],"ENTRY":{"def":[],"use":[],"callees":[],"nodes":["CompoundStmt"],"edges":[],"ID":0},"EXIT":{"def":[],"use":[],"callees":[],"nodes":["CompoundStmt"],"edges":[],"ID":1},"method_name":"\u003cinit\u003e"},{"blocks":[{"def":[],"use":[],"callees":[],"nodes":["CompoundStmt"],"edges":[],"ID":0},{"def":[],"use":[],"callees":[],"nodes":["CompoundStmt"],"edges":[],"ID":1},{"def":["r0.\u003corg.apache.xerces.framework.XMLContentSpec: int value\u003e","r0.\u003corg.apache.xerces.framework.XMLContentSpec: int type\u003e","i0","i1","i2","r0","r0.\u003corg.apache.xerces.framework.XMLContentSpec: int otherValue\u003e"],"use":["@parameter2: int","@this: org.apache.xerces.framework.XMLContentSpec","i0","i1","@parameter0: int","i2","@parameter1: int","r0"],"callees":[],"nodes":["CompoundStmt","DefinitionStmt","DefinitionStmt","DefinitionStmt","DefinitionStmt","DefinitionStmt","DefinitionStmt","DefinitionStmt","ReturnVoidStmt","Local","ThisRef","Local","Param","Local","Param","Local","Param","InstanceFieldRef","Local","InstanceFieldRef","Local","InstanceFieldRef","Local","RefType","RefType","Int","Int","Int","Int","Int","Int","Int","Local","Int","Int","Int","Local","Int","Int","Int","Local","Int","Int","org","apache","xerces","framework","X","M","L","Content","Spec","org","apache","xerces","framework","X","M","L","Content","Spec","RefType","RefType","RefType","org","apache","xerces","framework","X","M","L","Content","Spec","org","apache","xerces","framework","X","M","L","Content","Spec","org","apache","xerces","framework","X","M","L","Content","Spec"],"edges":[[0,1],[0,2],[0,3],[0,4],[0,5],[0,6],[0,7],[0,8],[1,9],[1,10],[2,11],[2,12],[3,13],[3,14],[4,15],[4,16],[5,17],[5,18],[6,19],[6,20],[7,21],[7,22],[9,23],[10,24],[11,25],[12,26],[13,27],[14,28],[15,29],[16,30],[17,31],[17,32],[17,33],[18,34],[19,35],[19,36],[19,37],[20,38],[21,39],[21,40],[21,41],[22,42],[23,43],[23,44],[23,45],[23,46],[23,47],[23,48],[23,49],[23,50],[23,51],[24,52],[24,53],[24,54],[24,55],[24,56],[24,57],[24,58],[24,59],[24,60],[32,61],[36,62],[40,63],[61,64],[61,65],[61,66],[61,67],[61,68],[61,69],[61,70],[61,71],[61,72],[62,73],[62,74],[62,75],[62,76],[62,77],[62,78],[62,79],[62,80],[62,81],[63,82],[63,83],[63,84],[63,85],[63,86],[63,87],[63,88],[63,89],[63,90]],"ID":2}],"edgeSet":[[0,2,0],[2,1,0]],"ENTRY":{"def":[],"use":[],"callees":[],"nodes":["CompoundStmt"],"edges":[],"ID":0},"EXIT":{"def":[],"use":[],"callees":[],"nodes":["CompoundStmt"],"edges":[],"ID":1},"method_name":"setValues"},{"blocks":[{"def":[],"use":[],"callees":[],"nodes":["CompoundStmt"],"edges":[],"ID":0},{"def":[],"use":[],"callees":[],"nodes":["CompoundStmt"],"edges":[],"ID":1},{"def":["i0","i1","i2","r0"],"use":["@parameter2: int","@this: org.apache.xerces.framework.XMLContentSpec","i0","i1","@parameter0: int","i2","@parameter1: int","r0"],"callees":["setValues"],"nodes":["CompoundStmt","DefinitionStmt","DefinitionStmt","DefinitionStmt","DefinitionStmt","Invoke","Invoke","ReturnVoidStmt","Local","ThisRef","Local","Param","Local","Param","Local","Param","RefType","RefType","Int","Int","Int","Int","Int","Int","org","apache","xerces","framework","X","M","L","Content","Spec","org","apache","xerces","framework","X","M","L","Content","Spec"],"edges":[[0,1],[0,2],[0,3],[0,4],[0,5],[0,6],[0,7],[1,8],[1,9],[2,10],[2,11],[3,12],[3,13],[4,14],[4,15],[8,16],[9,17],[10,18],[11,19],[12,20],[13,21],[14,22],[15,23],[16,24],[16,25],[16,26],[16,27],[16,28],[16,29],[16,30],[16,31],[16,32],[17,33],[17,34],[17,35],[17,36],[17,37],[17,38],[17,39],[17,40],[17,41]],"ID":2}],"edgeSet":[[0,2,0],[2,1,0]],"ENTRY":{"def":[],"use":[],"callees":[],"nodes":["CompoundStmt"],"edges":[],"ID":0},"EXIT":{"def":[],"use":[],"callees":[],"nodes":["CompoundStmt"],"edges":[],"ID":1},"method_name":"\u003cinit\u003e"},{"blocks":[{"def":[],"use":[],"callees":[],"nodes":["CompoundStmt"],"edges":[],"ID":0},{"def":[],"use":[],"callees":[],"nodes":["CompoundStmt"],"edges":[],"ID":1},{"def":["r0","r1"],"use":["@this: org.apache.xerces.framework.XMLContentSpec","@parameter0: org.apache.xerces.framework.XMLContentSpec","r0","r1"],"callees":["setValues"],"nodes":["CompoundStmt","DefinitionStmt","DefinitionStmt","Invoke","Invoke","ReturnVoidStmt","Local","ThisRef","Local","Param","RefType","RefType","RefType","RefType","org","apache","xerces","framework","X","M","L","Content","Spec","org","apache","xerces","framework","X","M","L","Content","Spec","org","apache","xerces","framework","X","M","L","Content","Spec","org","apache","xerces","framework","X","M","L","Content","Spec"],"edges":[[0,1],[0,2],[0,3],[0,4],[0,5],[1,6],[1,7],[2,8],[2,9],[6,10],[7,11],[8,12],[9,13],[10,14],[10,15],[10,16],[10,17],[10,18],[10,19],[10,20],[10,21],[10,22],[11,23],[11,24],[11,25],[11,26],[11,27],[11,28],[11,29],[11,30],[11,31],[12,32],[12,33],[12,34],[12,35],[12,36],[12,37],[12,38],[12,39],[12,40],[13,41],[13,42],[13,43],[13,44],[13,45],[13,46],[13,47],[13,48],[13,49]],"ID":2}],"edgeSet":[[0,2,0],[2,1,0]],"ENTRY":{"def":[],"use":[],"callees":[],"nodes":["CompoundStmt"],"edges":[],"ID":0},"EXIT":{"def":[],"use":[],"callees":[],"nodes":["CompoundStmt"],"edges":[],"ID":1},"method_name":"\u003cinit\u003e"},{"blocks":[{"def":[],"use":[],"callees":[],"nodes":["CompoundStmt"],"edges":[],"ID":0},{"def":[],"use":[],"callees":[],"nodes":["CompoundStmt"],"edges":[],"ID":1},{"def":["i0","r0","r1"],"use":["@this: org.apache.xerces.framework.XMLContentSpec","i0","@parameter0: org.apache.xerces.framework.XMLContentSpec$Provider","@parameter1: int","r0","r1"],"callees":["setValues"],"nodes":["CompoundStmt","DefinitionStmt","DefinitionStmt","DefinitionStmt","Invoke","Invoke","ReturnVoidStmt","Local","ThisRef","Local","Param","Local","Param","RefType","RefType","RefType","RefType","Int","Int","org","apache","xerces","framework","X","M","L","Content","Spec","org","apache","xerces","framework","X","M","L","Content","Spec","org","apache","xerces","framework","X","M","L","Content","Spec$","Provider","org","apache","xerces","framework","X","M","L","Content","Spec$","Provider"],"edges":[[0,1],[0,2],[0,3],[0,4],[0,5],[0,6],[1,7],[1,8],[2,9],[2,10],[3,11],[3,12],[7,13],[8,14],[9,15],[10,16],[11,17],[12,18],[13,19],[13,20],[13,21],[13,22],[13,23],[13,24],[13,25],[13,26],[13,27],[14,28],[14,29],[14,30],[14,31],[14,32],[14,33],[14,34],[14,35],[14,36],[15,37],[15,38],[15,39],[15,40],[15,41],[15,42],[15,43],[15,44],[15,45],[15,46],[16,47],[16,48],[16,49],[16,50],[16,51],[16,52],[16,53],[16,54],[16,55],[16,56]],"ID":2}],"edgeSet":[[0,2,0],[2,1,0]],"ENTRY":{"def":[],"use":[],"callees":[],"nodes":["CompoundStmt"],"edges":[],"ID":0},"EXIT":{"def":[],"use":[],"callees":[],"nodes":["CompoundStmt"],"edges":[],"ID":1},"method_name":"\u003cinit\u003e"},{"blocks":[{"def":[],"use":[],"callees":[],"nodes":["CompoundStmt"],"edges":[],"ID":0},{"def":[],"use":[],"callees":[],"nodes":["CompoundStmt"],"edges":[],"ID":1},{"def":["r0.\u003corg.apache.xerces.framework.XMLContentSpec: int value\u003e","r0.\u003corg.apache.xerces.framework.XMLContentSpec: int type\u003e","r0","r0.\u003corg.apache.xerces.framework.XMLContentSpec: int otherValue\u003e"],"use":["@this: org.apache.xerces.framework.XMLContentSpec","r0"],"callees":[],"nodes":["CompoundStmt","DefinitionStmt","DefinitionStmt","DefinitionStmt","DefinitionStmt","ReturnVoidStmt","Local","ThisRef","InstanceFieldRef","Constant","InstanceFieldRef","Constant","InstanceFieldRef","Constant","RefType","RefType","Int","Local","Int","-","1","Int","Int","Local","Int","-","1","Int","Int","Local","Int","-","1","Int","org","apache","xerces","framework","X","M","L","Content","Spec","org","apache","xerces","framework","X","M","L","Content","Spec","RefType","RefType","RefType","org","apache","xerces","framework","X","M","L","Content","Spec","org","apache","xerces","framework","X","M","L","Content","Spec","org","apache","xerces","framework","X","M","L","Content","Spec"],"edges":[[0,1],[0,2],[0,3],[0,4],[0,5],[1,6],[1,7],[2,8],[2,9],[3,10],[3,11],[4,12],[4,13],[6,14],[7,15],[8,16],[8,17],[8,18],[9,19],[9,20],[9,21],[10,22],[10,23],[10,24],[11,25],[11,26],[11,27],[12,28],[12,29],[12,30],[13,31],[13,32],[13,33],[14,34],[14,35],[14,36],[14,37],[14,38],[14,39],[14,40],[14,41],[14,42],[15,43],[15,44],[15,45],[15,46],[15,47],[15,48],[15,49],[15,50],[15,51],[17,52],[23,53],[29,54],[52,55],[52,56],[52,57],[52,58],[52,59],[52,60],[52,61],[52,62],[52,63],[53,64],[53,65],[53,66],[53,67],[53,68],[53,69],[53,70],[53,71],[53,72],[54,73],[54,74],[54,75],[54,76],[54,77],[54,78],[54,79],[54,80],[54,81]],"ID":2}],"edgeSet":[[0,2,0],[2,1,0]],"ENTRY":{"def":[],"use":[],"callees":[],"nodes":["CompoundStmt"],"edges":[],"ID":0},"EXIT":{"def":[],"use":[],"callees":[],"nodes":["CompoundStmt"],"edges":[],"ID":1},"method_name":"clear"},{"blocks":[{"def":[],"use":[],"callees":[],"nodes":["CompoundStmt"],"edges":[],"ID":0},{"def":[],"use":[],"callees":[],"nodes":["CompoundStmt"],"edges":[],"ID":1},{"def":["r0.\u003corg.apache.xerces.framework.XMLContentSpec: int value\u003e","r0.\u003corg.apache.xerces.framework.XMLContentSpec: int type\u003e","i0","i1","i2","r0","r0.\u003corg.apache.xerces.framework.XMLContentSpec: int otherValue\u003e"],"use":["@parameter2: int","@this: org.apache.xerces.framework.XMLContentSpec","i0","i1","@parameter0: int","i2","@parameter1: int","r0"],"callees":[],"nodes":["CompoundStmt","DefinitionStmt","DefinitionStmt","DefinitionStmt","DefinitionStmt","DefinitionStmt","DefinitionStmt","DefinitionStmt","ReturnVoidStmt","Local","ThisRef","Local","Param","Local","Param","Local","Param","InstanceFieldRef","Local","InstanceFieldRef","Local","InstanceFieldRef","Local","RefType","RefType","Int","Int","Int","Int","Int","Int","Int","Local","Int","Int","Int","Local","Int","Int","Int","Local","Int","Int","org","apache","xerces","framework","X","M","L","Content","Spec","org","apache","xerces","framework","X","M","L","Content","Spec","RefType","RefType","RefType","org","apache","xerces","framework","X","M","L","Content","Spec","org","apache","xerces","framework","X","M","L","Content","Spec","org","apache","xerces","framework","X","M","L","Content","Spec"],"edges":[[0,1],[0,2],[0,3],[0,4],[0,5],[0,6],[0,7],[0,8],[1,9],[1,10],[2,11],[2,12],[3,13],[3,14],[4,15],[4,16],[5,17],[5,18],[6,19],[6,20],[7,21],[7,22],[9,23],[10,24],[11,25],[12,26],[13,27],[14,28],[15,29],[16,30],[17,31],[17,32],[17,33],[18,34],[19,35],[19,36],[19,37],[20,38],[21,39],[21,40],[21,41],[22,42],[23,43],[23,44],[23,45],[23,46],[23,47],[23,48],[23,49],[23,50],[23,51],[24,52],[24,53],[24,54],[24,55],[24,56],[24,57],[24,58],[24,59],[24,60],[32,61],[36,62],[40,63],[61,64],[61,65],[61,66],[61,67],[61,68],[61,69],[61,70],[61,71],[61,72],[62,73],[62,74],[62,75],[62,76],[62,77],[62,78],[62,79],[62,80],[62,81],[63,82],[63,83],[63,84],[63,85],[63,86],[63,87],[63,88],[63,89],[63,90]],"ID":2}],"edgeSet":[[0,2,0],[2,1,0]],"ENTRY":{"def":[],"use":[],"callees":[],"nodes":["CompoundStmt"],"edges":[],"ID":0},"EXIT":{"def":[],"use":[],"callees":[],"nodes":["CompoundStmt"],"edges":[],"ID":1},"method_name":"setValues"},{"blocks":[{"def":[],"use":[],"callees":[],"nodes":["CompoundStmt"],"edges":[],"ID":0},{"def":[],"use":[],"callees":[],"nodes":["CompoundStmt"],"edges":[],"ID":1},{"def":["r0.\u003corg.apache.xerces.framework.XMLContentSpec: int value\u003e","r0.\u003corg.apache.xerces.framework.XMLContentSpec: int type\u003e","$i0","$i1","$i2","r0","r0.\u003corg.apache.xerces.framework.XMLContentSpec: int otherValue\u003e","r1"],"use":["r1.\u003corg.apache.xerces.framework.XMLContentSpec: int type\u003e","r1.\u003corg.apache.xerces.framework.XMLContentSpec: int value\u003e","@this: org.apache.xerces.framework.XMLContentSpec","@parameter0: org.apache.xerces.framework.XMLContentSpec","$i0","$i1","$i2","r0","r1.\u003corg.apache.xerces.framework.XMLContentSpec: int otherValue\u003e","r1"],"callees":[],"nodes":["CompoundStmt","DefinitionStmt","DefinitionStmt","DefinitionStmt","DefinitionStmt","DefinitionStmt","DefinitionStmt","DefinitionStmt","DefinitionStmt","ReturnVoidStmt","Local","ThisRef","Local","Param","Local","InstanceFieldRef","InstanceFieldRef","Local","Local","InstanceFieldRef","InstanceFieldRef","Local","Local","InstanceFieldRef","InstanceFieldRef","Local","RefType","RefType","RefType","RefType","Int","Int","Local","Int","Int","Local","Int","Int","Int","Int","Local","Int","Int","Local","Int","Int","Int","Int","Local","Int","Int","Local","Int","Int","org","apache","xerces","framework","X","M","L","Content","Spec","org","apache","xerces","framework","X","M","L","Content","Spec","org","apache","xerces","framework","X","M","L","Content","Spec","org","apache","xerces","framework","X","M","L","Content","Spec","RefType","RefType","RefType","RefType","RefType","RefType","org","apache","xerces","framework","X","M","L","Content","Spec","org","apache","xerces","framework","X","M","L","Content","Spec","org","apache","xerces","framework","X","M","L","Content","Spec","org","apache","xerces","framework","X","M","L","Content","Spec","org","apache","xerces","framework","X","M","L","Content","Spec","org","apache","xerces","framework","X","M","L","Content","Spec"],"edges":[[0,1],[0,2],[0,3],[0,4],[0,5],[0,6],[0,7],[0,8],[0,9],[1,10],[1,11],[2,12],[2,13],[3,14],[3,15],[4,16],[4,17],[5,18],[5,19],[6,20],[6,21],[7,22],[7,23],[8,24],[8,25],[10,26],[11,27],[12,28],[13,29],[14,30],[15,31],[15,32],[15,33],[16,34],[16,35],[16,36],[17,37],[18,38],[19,39],[19,40],[19,41],[20,42],[20,43],[20,44],[21,45],[22,46],[23,47],[23,48],[23,49],[24,50],[24,51],[24,52],[25,53],[26,54],[26,55],[26,56],[26,57],[26,58],[26,59],[26,60],[26,61],[26,62],[27,63],[27,64],[27,65],[27,66],[27,67],[27,68],[27,69],[27,70],[27,71],[28,72],[28,73],[28,74],[28,75],[28,76],[28,77],[28,78],[28,79],[28,80],[29,81],[29,82],[29,83],[29,84],[29,85],[29,86],[29,87],[29,88],[29,89],[32,90],[35,91],[40,92],[43,93],[48,94],[51,95],[90,96],[90,97],[90,98],[90,99],[90,100],[90,101],[90,102],[90,103],[90,104],[91,105],[91,106],[91,107],[91,108],[91,109],[91,110],[91,111],[91,112],[91,113],[92,114],[92,115],[92,116],[92,117],[92,118],[92,119],[92,120],[92,121],[92,122],[93,123],[93,124],[93,125],[93,126],[93,127],[93,128],[93,129],[93,130],[93,131],[94,132],[94,133],[94,134],[94,135],[94,136],[94,137],[94,138],[94,139],[94,140],[95,141],[95,142],[95,143],[95,144],[95,145],[95,146],[95,147],[95,148],[95,149]],"ID":2}],"edgeSet":[[0,2,0],[2,1,0]],"ENTRY":{"def":[],"use":[],"callees":[],"nodes":["CompoundStmt"],"edges":[],"ID":0},"EXIT":{"def":[],"use":[],"callees":[],"nodes":["CompoundStmt"],"edges":[],"ID":1},"method_name":"setValues"},{"blocks":[{"def":[],"use":[],"callees":[],"nodes":["CompoundStmt"],"edges":[],"ID":0},{"def":[],"use":[],"callees":[],"nodes":["CompoundStmt"],"edges":[],"ID":1},{"def":["i0","$z0","r0","r1"],"use":["@this: org.apache.xerces.framework.XMLContentSpec","i0","$z0","@parameter0: org.apache.xerces.framework.XMLContentSpec$Provider","@parameter1: int","r0","r1"],"callees":[],"nodes":["CompoundStmt","DefinitionStmt","DefinitionStmt","DefinitionStmt","DefinitionStmt","IfStmt","Local","ThisRef","Local","Param","Local","Param","Local","Invoke","BinaryOp","RefType","RefType","RefType","RefType","Int","Int","Boolean","Local"," !\u003d ","Constant","org","apache","xerces","framework","X","M","L","Content","Spec","org","apache","xerces","framework","X","M","L","Content","Spec","org","apache","xerces","framework","X","M","L","Content","Spec$","Provider","org","apache","xerces","framework","X","M","L","Content","Spec$","Provider","Boolean","0","Int"],"edges":[[0,1],[0,2],[0,3],[0,4],[0,5],[1,6],[1,7],[2,8],[2,9],[3,10],[3,11],[4,12],[4,13],[5,14],[6,15],[7,16],[8,17],[9,18],[10,19],[11,20],[12,21],[14,22],[14,23],[14,24],[15,25],[15,26],[15,27],[15,28],[15,29],[15,30],[15,31],[15,32],[15,33],[16,34],[16,35],[16,36],[16,37],[16,38],[16,39],[16,40],[16,41],[16,42],[17,43],[17,44],[17,45],[17,46],[17,47],[17,48],[17,49],[17,50],[17,51],[17,52],[18,53],[18,54],[18,55],[18,56],[18,57],[18,58],[18,59],[18,60],[18,61],[18,62],[22,63],[24,64],[24,65]],"ID":2},{"def":[],"use":["r0"],"callees":["clear"],"nodes":["CompoundStmt","Invoke","ReturnVoidStmt"],"edges":[[0,1],[0,2]],"ID":3}],"edgeSet":[[3,1,0],[0,2,0],[2,3,1],[2,3,2]],"ENTRY":{"def":[],"use":[],"callees":[],"nodes":["CompoundStmt"],"edges":[],"ID":0},"EXIT":{"def":[],"use":[],"callees":[],"nodes":["CompoundStmt"],"edges":[],"ID":1},"method_name":"setValues"},{"blocks":[{"def":[],"use":[],"callees":[],"nodes":["CompoundStmt"],"edges":[],"ID":0},{"def":[],"use":[],"callees":[],"nodes":["CompoundStmt"],"edges":[],"ID":1},{"def":["r2","r3","z0","i0","i1","r0","r1","$i4"],"use":["@parameter4: boolean","r2","@parameter2: org.apache.xerces.framework.XMLContentSpec","i1","@parameter1: org.apache.xerces.utils.StringPool","@parameter3: java.lang.StringBuffer","r2.\u003corg.apache.xerces.framework.XMLContentSpec: int type\u003e","@parameter0: org.apache.xerces.framework.XMLContentSpec$Provider","@parameter5: int","$i4"],"callees":[],"nodes":["CompoundStmt","DefinitionStmt","DefinitionStmt","DefinitionStmt","DefinitionStmt","DefinitionStmt","DefinitionStmt","DefinitionStmt","DefinitionStmt","SwitchStmt","Local","Param","Local","Param","Local","Param","Local","Param","Local","Param","Local","Param","Local","InstanceFieldRef","Local","BinaryOp","Local","RefType","RefType","RefType","RefType","RefType","RefType","RefType","RefType","Boolean","Boolean","Int","Int","Int","Int","Local","Int","Int","Local"," \u0026 ","Constant","Int","org","apache","xerces","framework","X","M","L","Content","Spec$","Provider","org","apache","xerces","framework","X","M","L","Content","Spec$","Provider","org","apache","xerces","utils","String","Pool","org","apache","xerces","utils","String","Pool","org","apache","xerces","framework","X","M","L","Content","Spec","org","apache","xerces","framework","X","M","L","Content","Spec","java","lang","String","Buffer","java","lang","String","Buffer","RefType","Int","1","5","Int","org","apache","xerces","framework","X","M","L","Content","Spec"],"edges":[[0,1],[0,2],[0,3],[0,4],[0,5],[0,6],[0,7],[0,8],[0,9],[1,10],[1,11],[2,12],[2,13],[3,14],[3,15],[4,16],[4,17],[5,18],[5,19],[6,20],[6,21],[7,22],[7,23],[8,24],[8,25],[9,26],[10,27],[11,28],[12,29],[13,30],[14,31],[15,32],[16,33],[17,34],[18,35],[19,36],[20,37],[21,38],[22,39],[23,40],[23,41],[23,42],[24,43],[25,44],[25,45],[25,46],[26,47],[27,48],[27,49],[27,50],[27,51],[27,52],[27,53],[27,54],[27,55],[27,56],[27,57],[28,58],[28,59],[28,60],[28,61],[28,62],[28,63],[28,64],[28,65],[28,66],[28,67],[29,68],[29,69],[29,70],[29,71],[29,72],[29,73],[30,74],[30,75],[30,76],[30,77],[30,78],[30,79],[31,80],[31,81],[31,82],[31,83],[31,84],[31,85],[31,86],[31,87],[31,88],[32,89],[32,90],[32,91],[32,92],[32,93],[32,94],[32,95],[32,96],[32,97],[33,98],[33,99],[33,100],[33,101],[34,102],[34,103],[34,104],[34,105],[41,106],[44,107],[46,108],[46,109],[46,110],[106,111],[106,112],[106,113],[106,114],[106,115],[106,116],[106,117],[106,118],[106,119]],"ID":2},{"def":["$i13"],"use":["r2","$i13","r2.\u003corg.apache.xerces.framework.XMLContentSpec: int value\u003e"],"callees":[],"nodes":["CompoundStmt","DefinitionStmt","IfStmt","Local","InstanceFieldRef","BinaryOp","Int","Int","Local","Int","Local"," !\u003d ","Constant","RefType","Int","-","1","Int","org","apache","xerces","framework","X","M","L","Content","Spec"],"edges":[[0,1],[0,2],[1,3],[1,4],[2,5],[3,6],[4,7],[4,8],[4,9],[5,10],[5,11],[5,12],[8,13],[10,14],[12,15],[12,16],[12,17],[13,18],[13,19],[13,20],[13,21],[13,22],[13,23],[13,24],[13,25],[13,26]],"ID":3},{"def":["$i19"],"use":["r2","r2.\u003corg.apache.xerces.framework.XMLContentSpec: int otherValue\u003e","$i19"],"callees":[],"nodes":["CompoundStmt","DefinitionStmt","IfStmt","Local","InstanceFieldRef","BinaryOp","Int","Int","Local","Int","Local"," !\u003d ","Constant","RefType","Int","-","1","Int","org","apache","xerces","framework","X","M","L","Content","Spec"],"edges":[[0,1],[0,2],[1,3],[1,4],[2,5],[3,6],[4,7],[4,8],[4,9],[5,10],[5,11],[5,12],[8,13],[10,14],[12,15],[12,16],[12,17],[13,18],[13,19],[13,20],[13,21],[13,22],[13,23],[13,24],[13,25],[13,26]],"ID":4},{"def":[],"use":["r3"],"callees":[],"nodes":["CompoundStmt","Invoke","GotoStmt","ReturnVoidStmt"],"edges":[[0,1],[0,2],[0,3]],"ID":5},{"def":["$i14"],"use":["r2","r2.\u003corg.apache.xerces.framework.XMLContentSpec: int value\u003e","$i14"],"callees":[],"nodes":["CompoundStmt","DefinitionStmt","IfStmt","Local","InstanceFieldRef","BinaryOp","Int","Int","Local","Int","Local"," !\u003d ","Constant","RefType","Int","-","1","Int","org","apache","xerces","framework","X","M","L","Content","Spec"],"edges":[[0,1],[0,2],[1,3],[1,4],[2,5],[3,6],[4,7],[4,8],[4,9],[5,10],[5,11],[5,12],[8,13],[10,14],[12,15],[12,16],[12,17],[13,18],[13,19],[13,20],[13,21],[13,22],[13,23],[13,24],[13,25],[13,26]],"ID":6},{"def":["$i17"],"use":["r2","r2.\u003corg.apache.xerces.framework.XMLContentSpec: int otherValue\u003e","$i17"],"callees":[],"nodes":["CompoundStmt","DefinitionStmt","IfStmt","Local","InstanceFieldRef","BinaryOp","Int","Int","Local","Int","Local"," \u003d\u003d ","Constant","RefType","Int","-","1","Int","org","apache","xerces","framework","X","M","L","Content","Spec"],"edges":[[0,1],[0,2],[1,3],[1,4],[2,5],[3,6],[4,7],[4,8],[4,9],[5,10],[5,11],[5,12],[8,13],[10,14],[12,15],[12,16],[12,17],[13,18],[13,19],[13,20],[13,21],[13,22],[13,23],[13,24],[13,25],[13,26]],"ID":7},{"def":["$r35","$r36","$r33","$i18","$r34","$r32"],"use":["r2","r3","$r35","r2.\u003corg.apache.xerces.framework.XMLContentSpec: int otherValue\u003e","$r36","$r33","$i18","$r34","$r32","r1"],"callees":[],"nodes":["CompoundStmt","DefinitionStmt","Invoke","DefinitionStmt","DefinitionStmt","DefinitionStmt","DefinitionStmt","DefinitionStmt","Invoke","GotoStmt","Local","NewExpr","Local","Invoke","Local","InstanceFieldRef","Local","Invoke","Local","Invoke","Local","Invoke","RefType","RefType","RefType","Int","Int","Local","Int","RefType","RefType","RefType","java","lang","String","Buffer","java","lang","String","Buffer","java","lang","String","Buffer","RefType","java","lang","String","java","lang","String","Buffer","java","lang","String","org","apache","xerces","framework","X","M","L","Content","Spec"],"edges":[[0,1],[0,2],[0,3],[0,4],[0,5],[0,6],[0,7],[0,8],[0,9],[1,10],[1,11],[3,12],[3,13],[4,14],[4,15],[5,16],[5,17],[6,18],[6,19],[7,20],[7,21],[10,22],[11,23],[12,24],[14,25],[15,26],[15,27],[15,28],[16,29],[18,30],[20,31],[22,32],[22,33],[22,34],[22,35],[23,36],[23,37],[23,38],[23,39],[24,40],[24,41],[24,42],[24,43],[27,44],[29,45],[29,46],[29,47],[30,48],[30,49],[30,50],[30,51],[31,52],[31,53],[31,54],[44,55],[44,56],[44,57],[44,58],[44,59],[44,60],[44,61],[44,62],[44,63]],"ID":8},{"def":["$i15"],"use":["r2","$i15","r2.\u003corg.apache.xerces.framework.XMLContentSpec: int value\u003e"],"callees":[],"nodes":["CompoundStmt","DefinitionStmt","IfStmt","Local","InstanceFieldRef","BinaryOp","Int","Int","Local","Int","Local"," !\u003d ","Constant","RefType","Int","-","1","Int","org","apache","xerces","framework","X","M","L","Content","Spec"],"edges":[[0,1],[0,2],[1,3],[1,4],[2,5],[3,6],[4,7],[4,8],[4,9],[5,10],[5,11],[5,12],[8,13],[10,14],[12,15],[12,16],[12,17],[13,18],[13,19],[13,20],[13,21],[13,22],[13,23],[13,24],[13,25],[13,26]],"ID":9},{"def":[],"use":["r3"],"callees":[],"nodes":["CompoundStmt","Invoke","GotoStmt"],"edges":[[0,1],[0,2]],"ID":10},{"def":["$r29","$i16"],"use":["r2","r3","$r29","r2.\u003corg.apache.xerces.framework.XMLContentSpec: int value\u003e","$i16","r1"],"callees":[],"nodes":["CompoundStmt","DefinitionStmt","DefinitionStmt","Invoke","GotoStmt","Local","InstanceFieldRef","Local","Invoke","Int","Int","Local","Int","RefType","RefType","java","lang","String","org","apache","xerces","framework","X","M","L","Content","Spec"],"edges":[[0,1],[0,2],[0,3],[0,4],[1,5],[1,6],[2,7],[2,8],[5,9],[6,10],[6,11],[6,12],[7,13],[11,14],[13,15],[13,16],[13,17],[14,18],[14,19],[14,20],[14,21],[14,22],[14,23],[14,24],[14,25],[14,26]],"ID":11},{"def":[],"use":["i0"],"callees":[],"nodes":["CompoundStmt","IfStmt","BinaryOp","Local"," \u003d\u003d ","Constant","Int","3","Int"],"edges":[[0,1],[1,2],[2,3],[2,4],[2,5],[3,6],[5,7],[5,8]],"ID":12},{"def":[],"use":["i0"],"callees":[],"nodes":["CompoundStmt","IfStmt","BinaryOp","Local"," \u003d\u003d ","Constant","Int","2","Int"],"edges":[[0,1],[1,2],[2,3],[2,4],[2,5],[3,6],[5,7],[5,8]],"ID":13},{"def":[],"use":["i0"],"callees":[],"nodes":["CompoundStmt","IfStmt","BinaryOp","Local"," !\u003d ","Constant","Int","1","Int"],"edges":[[0,1],[1,2],[2,3],[2,4],[2,5],[3,6],[5,7],[5,8]],"ID":14},{"def":["$i20"],"use":["r2","r3","$i20","i1","r2.\u003corg.apache.xerces.framework.XMLContentSpec: int value\u003e","r0","r1"],"callees":["appendContentSpec"],"nodes":["CompoundStmt","DefinitionStmt","Invoke","Invoke","Invoke","Invoke","GotoStmt","Invoke","GotoStmt","Local","InstanceFieldRef","Int","Int","Local","Int","RefType","org","apache","xerces","framework","X","M","L","Content","Spec"],"edges":[[0,1],[0,2],[0,3],[0,4],[0,5],[0,6],[0,7],[0,8],[1,9],[1,10],[9,11],[10,12],[10,13],[10,14],[13,15],[15,16],[15,17],[15,18],[15,19],[15,20],[15,21],[15,22],[15,23],[15,24]],"ID":15},{"def":["$i12"],"use":["r2","r3","$i12","i1","r2.\u003corg.apache.xerces.framework.XMLContentSpec: int value\u003e","r0","r1"],"callees":["appendContentSpec"],"nodes":["CompoundStmt","DefinitionStmt","Invoke","Invoke","Local","InstanceFieldRef","Int","Int","Local","Int","RefType","org","apache","xerces","framework","X","M","L","Content","Spec"],"edges":[[0,1],[0,2],[0,3],[1,4],[1,5],[4,6],[5,7],[5,8],[5,9],[8,10],[10,11],[10,12],[10,13],[10,14],[10,15],[10,16],[10,17],[10,18],[10,19]],"ID":16},{"def":[],"use":["i0"],"callees":[],"nodes":["CompoundStmt","IfStmt","BinaryOp","Local"," \u003d\u003d ","Constant","Int","3","Int"],"edges":[[0,1],[1,2],[2,3],[2,4],[2,5],[3,6],[5,7],[5,8]],"ID":17},{"def":[],"use":["i0"],"callees":[],"nodes":["CompoundStmt","IfStmt","BinaryOp","Local"," \u003d\u003d ","Constant","Int","2","Int"],"edges":[[0,1],[1,2],[2,3],[2,4],[2,5],[3,6],[5,7],[5,8]],"ID":18},{"def":[],"use":["i0"],"callees":[],"nodes":["CompoundStmt","IfStmt","BinaryOp","Local"," !\u003d ","Constant","Int","1","Int"],"edges":[[0,1],[1,2],[2,3],[2,4],[2,5],[3,6],[5,7],[5,8]],"ID":19},{"def":["$i21"],"use":["r2","r3","$i21","i1","r2.\u003corg.apache.xerces.framework.XMLContentSpec: int value\u003e","r0","r1"],"callees":["appendContentSpec"],"nodes":["CompoundStmt","DefinitionStmt","Invoke","Invoke","Invoke","Invoke","GotoStmt","Invoke","GotoStmt","Local","InstanceFieldRef","Int","Int","Local","Int","RefType","org","apache","xerces","framework","X","M","L","Content","Spec"],"edges":[[0,1],[0,2],[0,3],[0,4],[0,5],[0,6],[0,7],[0,8],[1,9],[1,10],[9,11],[10,12],[10,13],[10,14],[13,15],[15,16],[15,17],[15,18],[15,19],[15,20],[15,21],[15,22],[15,23],[15,24]],"ID":20},{"def":["$i11"],"use":["r2","r3","$i11","i1","r2.\u003corg.apache.xerces.framework.XMLContentSpec: int value\u003e","r0","r1"],"callees":["appendContentSpec"],"nodes":["CompoundStmt","DefinitionStmt","Invoke","Invoke","Local","InstanceFieldRef","Int","Int","Local","Int","RefType","org","apache","xerces","framework","X","M","L","Content","Spec"],"edges":[[0,1],[0,2],[0,3],[1,4],[1,5],[4,6],[5,7],[5,8],[5,9],[8,10],[10,11],[10,12],[10,13],[10,14],[10,15],[10,16],[10,17],[10,18],[10,19]],"ID":21},{"def":[],"use":["i0"],"callees":[],"nodes":["CompoundStmt","IfStmt","BinaryOp","Local"," \u003d\u003d ","Constant","Int","3","Int"],"edges":[[0,1],[1,2],[2,3],[2,4],[2,5],[3,6],[5,7],[5,8]],"ID":22},{"def":[],"use":["i0"],"callees":[],"nodes":["CompoundStmt","IfStmt","BinaryOp","Local"," \u003d\u003d ","Constant","Int","2","Int"],"edges":[[0,1],[1,2],[2,3],[2,4],[2,5],[3,6],[5,7],[5,8]],"ID":23},{"def":[],"use":["i0"],"callees":[],"nodes":["CompoundStmt","IfStmt","BinaryOp","Local"," !\u003d ","Constant","Int","1","Int"],"edges":[[0,1],[1,2],[2,3],[2,4],[2,5],[3,6],[5,7],[5,8]],"ID":24},{"def":["$i22"],"use":["r2","r3","$i22","i1","r2.\u003corg.apache.xerces.framework.XMLContentSpec: int value\u003e","r0","r1"],"callees":["appendContentSpec"],"nodes":["CompoundStmt","Invoke","DefinitionStmt","Invoke","Invoke","Invoke","GotoStmt","Invoke","GotoStmt","Local","InstanceFieldRef","Int","Int","Local","Int","RefType","org","apache","xerces","framework","X","M","L","Content","Spec"],"edges":[[0,1],[0,2],[0,3],[0,4],[0,5],[0,6],[0,7],[0,8],[2,9],[2,10],[9,11],[10,12],[10,13],[10,14],[13,15],[15,16],[15,17],[15,18],[15,19],[15,20],[15,21],[15,22],[15,23],[15,24]],"ID":25},{"def":["$i10"],"use":["r2","r3","$i10","i1","r2.\u003corg.apache.xerces.framework.XMLContentSpec: int value\u003e","r0","r1"],"callees":["appendContentSpec"],"nodes":["CompoundStmt","DefinitionStmt","Invoke","Invoke","Local","InstanceFieldRef","Int","Int","Local","Int","RefType","org","apache","xerces","framework","X","M","L","Content","Spec"],"edges":[[0,1],[0,2],[0,3],[1,4],[1,5],[4,6],[5,7],[5,8],[5,9],[8,10],[10,11],[10,12],[10,13],[10,14],[10,15],[10,16],[10,17],[10,18],[10,19]],"ID":26},{"def":[],"use":["z0"],"callees":[],"nodes":["CompoundStmt","IfStmt","BinaryOp","Local"," \u003d\u003d ","Constant","Boolean","0","Int"],"edges":[[0,1],[1,2],[2,3],[2,4],[2,5],[3,6],[5,7],[5,8]],"ID":27},{"def":["$i8","$i9","i2","i3"],"use":["r2","r3","r2.\u003corg.apache.xerces.framework.XMLContentSpec: int otherValue\u003e","$i8","$i9","r2.\u003corg.apache.xerces.framework.XMLContentSpec: int value\u003e","i2","r2.\u003corg.apache.xerces.framework.XMLContentSpec: int type\u003e","r0"],"callees":[],"nodes":["CompoundStmt","Invoke","DefinitionStmt","DefinitionStmt","DefinitionStmt","Invoke","DefinitionStmt","IfStmt","Local","InstanceFieldRef","Local","InstanceFieldRef","Local","InstanceFieldRef","Local","InstanceFieldRef","BinaryOp","Int","Int","Local","Int","Int","Int","Local","Int","Int","Int","Local","Int","Int","Int","Local","Int","Local"," \u003d\u003d ","Local","RefType","RefType","RefType","RefType","Int","Int","org","apache","xerces","framework","X","M","L","Content","Spec","org","apache","xerces","framework","X","M","L","Content","Spec","org","apache","xerces","framework","X","M","L","Content","Spec","org","apache","xerces","framework","X","M","L","Content","Spec"],"edges":[[0,1],[0,2],[0,3],[0,4],[0,5],[0,6],[0,7],[2,8],[2,9],[3,10],[3,11],[4,12],[4,13],[6,14],[6,15],[7,16],[8,17],[9,18],[9,19],[9,20],[10,21],[11,22],[11,23],[11,24],[12,25],[13,26],[13,27],[13,28],[14,29],[15,30],[15,31],[15,32],[16,33],[16,34],[16,35],[19,36],[23,37],[27,38],[31,39],[33,40],[35,41],[36,42],[36,43],[36,44],[36,45],[36,46],[36,47],[36,48],[36,49],[36,50],[37,51],[37,52],[37,53],[37,54],[37,55],[37,56],[37,57],[37,58],[37,59],[38,60],[38,61],[38,62],[38,63],[38,64],[38,65],[38,66],[38,67],[38,68],[39,69],[39,70],[39,71],[39,72],[39,73],[39,74],[39,75],[39,76],[39,77]],"ID":28},{"def":["$z9"],"use":["r2","r3","$z9","i1","i2","r0","r1"],"callees":["appendContentSpec"],"nodes":["CompoundStmt","DefinitionStmt","GotoStmt","Invoke","IfStmt","Local","Constant","BinaryOp","Boolean","1","Int","Local"," !\u003d ","Constant","Int","4","Int"],"edges":[[0,1],[0,2],[0,3],[0,4],[1,5],[1,6],[4,7],[5,8],[6,9],[6,10],[7,11],[7,12],[7,13],[11,14],[13,15],[13,16]],"ID":29},{"def":["$z9"],"use":[],"callees":[],"nodes":["CompoundStmt","DefinitionStmt","Local","Constant","Boolean","0","Int"],"edges":[[0,1],[1,2],[1,3],[2,4],[3,5],[3,6]],"ID":30},{"def":[],"use":["r2","r3","z0","i1","i3","r0","r1"],"callees":["appendContentSpec"],"nodes":["CompoundStmt","Invoke","GotoStmt","Invoke","Invoke","IfStmt","BinaryOp","Local"," \u003d\u003d ","Constant","Boolean","0","Int"],"edges":[[0,1],[0,2],[0,3],[0,4],[0,5],[5,6],[6,7],[6,8],[6,9],[7,10],[9,11],[9,12]],"ID":31},{"def":[],"use":["r3"],"callees":[],"nodes":["CompoundStmt","Invoke"],"edges":[[0,1]],"ID":32},{"def":[],"use":["r3"],"callees":[],"nodes":["CompoundStmt","Invoke","GotoStmt"],"edges":[[0,1],[0,2]],"ID":33},{"def":["$i6"],"use":["r2","r3","$i6","r2.\u003corg.apache.xerces.framework.XMLContentSpec: int otherValue\u003e"],"callees":[],"nodes":["CompoundStmt","Invoke","DefinitionStmt","IfStmt","Local","InstanceFieldRef","BinaryOp","Int","Int","Local","Int","Local"," \u003d\u003d ","Constant","RefType","Int","-","1","Int","org","apache","xerces","framework","X","M","L","Content","Spec"],"edges":[[0,1],[0,2],[0,3],[2,4],[2,5],[3,6],[4,7],[5,8],[5,9],[5,10],[6,11],[6,12],[6,13],[9,14],[11,15],[13,16],[13,17],[13,18],[14,19],[14,20],[14,21],[14,22],[14,23],[14,24],[14,25],[14,26],[14,27]],"ID":34},{"def":["$i7","$r10"],"use":["r2","r3","$i7","r2.\u003corg.apache.xerces.framework.XMLContentSpec: int otherValue\u003e","r1","$r10"],"callees":[],"nodes":["CompoundStmt","Invoke","DefinitionStmt","DefinitionStmt","Invoke","GotoStmt","Local","InstanceFieldRef","Local","Invoke","Int","Int","Local","Int","RefType","RefType","java","lang","String","org","apache","xerces","framework","X","M","L","Content","Spec"],"edges":[[0,1],[0,2],[0,3],[0,4],[0,5],[2,6],[2,7],[3,8],[3,9],[6,10],[7,11],[7,12],[7,13],[8,14],[12,15],[14,16],[14,17],[14,18],[15,19],[15,20],[15,21],[15,22],[15,23],[15,24],[15,25],[15,26],[15,27]],"ID":35},{"def":["$i5","$r6"],"use":["r2","$i5","r3","r2.\u003corg.apache.xerces.framework.XMLContentSpec: int otherValue\u003e","$r6","r1"],"callees":[],"nodes":["CompoundStmt","Invoke","DefinitionStmt","DefinitionStmt","Invoke","GotoStmt","Local","InstanceFieldRef","Local","Invoke","Int","Int","Local","Int","RefType","RefType","java","lang","String","org","apache","xerces","framework","X","M","L","Content","Spec"],"edges":[[0,1],[0,2],[0,3],[0,4],[0,5],[2,6],[2,7],[3,8],[3,9],[6,10],[7,11],[7,12],[7,13],[8,14],[12,15],[14,16],[14,17],[14,18],[15,19],[15,20],[15,21],[15,22],[15,23],[15,24],[15,25],[15,26],[15,27]],"ID":36},{"def":[],"use":["r3"],"callees":[],"nodes":["CompoundStmt","Invoke","GotoStmt"],"edges":[[0,1],[0,2]],"ID":37},{"def":[],"use":["r3"],"callees":[],"nodes":["CompoundStmt","Invoke"],"edges":[[0,1]],"ID":38}],"edgeSet":[[2,37,13],[2,17,8],[6,9,2],[22,25,2],[29,31,1],[9,11,2],[4,5,1],[12,13,1],[13,15,2],[24,25,1],[28,29,1],[26,25,0],[30,29,0],[8,5,0],[10,5,0],[2,38,14],[2,34,11],[20,5,0],[2,22,9],[0,2,0],[17,20,2],[29,32,2],[34,5,2],[36,5,0],[19,20,1],[4,6,2],[3,4,1],[7,8,1],[23,24,1],[24,26,2],[27,28,1],[28,30,2],[38,5,0],[21,20,0],[27,28,2],[2,27,10],[12,15,2],[31,33,1],[18,19,1],[7,9,2],[6,7,1],[14,15,1],[19,21,2],[22,23,1],[23,25,2],[34,35,1],[16,15,0],[32,31,0],[5,1,0],[2,3,6],[11,5,0],[2,36,12],[15,5,0],[25,5,0],[31,5,2],[33,5,0],[2,12,7],[35,5,0],[3,6,2],[9,10,1],[13,14,1],[14,16,2],[17,18,1],[18,20,2],[37,5,0]],"ENTRY":{"def":[],"use":[],"callees":[],"nodes":["CompoundStmt"],"edges":[],"ID":0},"EXIT":{"def":[],"use":[],"callees":[],"nodes":["CompoundStmt"],"edges":[],"ID":1},"method_name":"appendContentSpec"},{"blocks":[{"def":[],"use":[],"callees":[],"nodes":["CompoundStmt"],"edges":[],"ID":0},{"def":[],"use":[],"callees":[],"nodes":["CompoundStmt"],"edges":[],"ID":1},{"def":["r2","$r4","i0","$z0","r0","r1"],"use":["r2","@parameter2: int","$r4","i0","$z0","@parameter1: org.apache.xerces.utils.StringPool","@parameter0: org.apache.xerces.framework.XMLContentSpec$Provider","r0"],"callees":["\u003cinit\u003e"],"nodes":["CompoundStmt","DefinitionStmt","DefinitionStmt","DefinitionStmt","DefinitionStmt","Invoke","DefinitionStmt","DefinitionStmt","IfStmt","Local","Param","Local","Param","Local","Param","Local","NewExpr","Local","Local","Local","Invoke","BinaryOp","RefType","RefType","RefType","RefType","Int","Int","RefType","RefType","RefType","RefType","Boolean","Local"," \u003d\u003d ","Constant","org","apache","xerces","framework","X","M","L","Content","Spec$","Provider","org","apache","xerces","framework","X","M","L","Content","Spec$","Provider","org","apache","xerces","utils","String","Pool","org","apache","xerces","utils","String","Pool","org","apache","xerces","framework","X","M","L","Content","Spec","org","apache","xerces","framework","X","M","L","Content","Spec","org","apache","xerces","framework","X","M","L","Content","Spec","org","apache","xerces","framework","X","M","L","Content","Spec","Boolean","0","Int"],"edges":[[0,1],[0,2],[0,3],[0,4],[0,5],[0,6],[0,7],[0,8],[1,9],[1,10],[2,11],[2,12],[3,13],[3,14],[4,15],[4,16],[6,17],[6,18],[7,19],[7,20],[8,21],[9,22],[10,23],[11,24],[12,25],[13,26],[14,27],[15,28],[16,29],[17,30],[18,31],[19,32],[21,33],[21,34],[21,35],[22,36],[22,37],[22,38],[22,39],[22,40],[22,41],[22,42],[22,43],[22,44],[22,45],[23,46],[23,47],[23,48],[23,49],[23,50],[23,51],[23,52],[23,53],[23,54],[23,55],[24,56],[24,57],[24,58],[24,59],[24,60],[24,61],[25,62],[25,63],[25,64],[25,65],[25,66],[25,67],[28,68],[28,69],[28,70],[28,71],[28,72],[28,73],[28,74],[28,75],[28,76],[29,77],[29,78],[29,79],[29,80],[29,81],[29,82],[29,83],[29,84],[29,85],[30,86],[30,87],[30,88],[30,89],[30,90],[30,91],[30,92],[30,93],[30,94],[31,95],[31,96],[31,97],[31,98],[31,99],[31,100],[31,101],[31,102],[31,103],[33,104],[35,105],[35,106]],"ID":2},{"def":["r3","$r5","i1","$i2"],"use":["r2","$r5","i1","r2.\u003corg.apache.xerces.framework.XMLContentSpec: int type\u003e","$i2"],"callees":[],"nodes":["CompoundStmt","DefinitionStmt","Invoke","DefinitionStmt","DefinitionStmt","DefinitionStmt","SwitchStmt","Local","NewExpr","Local","Local","Local","InstanceFieldRef","Local","BinaryOp","Local","RefType","RefType","RefType","RefType","Int","Int","Local","Int","Int","Local"," \u0026 ","Constant","Int","java","lang","String","Buffer","java","lang","String","Buffer","java","lang","String","Buffer","java","lang","String","Buffer","RefType","Int","1","5","Int","org","apache","xerces","framework","X","M","L","Content","Spec"],"edges":[[0,1],[0,2],[0,3],[0,4],[0,5],[0,6],[1,7],[1,8],[3,9],[3,10],[4,11],[4,12],[5,13],[5,14],[6,15],[7,16],[8,17],[9,18],[10,19],[11,20],[12,21],[12,22],[12,23],[13,24],[14,25],[14,26],[14,27],[15,28],[16,29],[16,30],[16,31],[16,32],[17,33],[17,34],[17,35],[17,36],[18,37],[18,38],[18,39],[18,40],[19,41],[19,42],[19,43],[19,44],[22,45],[25,46],[27,47],[27,48],[27,49],[45,50],[45,51],[45,52],[45,53],[45,54],[45,55],[45,56],[45,57],[45,58]],"ID":3},{"def":["$i21"],"use":["r2","r3","$i21","r2.\u003corg.apache.xerces.framework.XMLContentSpec: int value\u003e"],"callees":[],"nodes":["CompoundStmt","Invoke","DefinitionStmt","IfStmt","Local","InstanceFieldRef","BinaryOp","Int","Int","Local","Int","Local"," !\u003d ","Constant","RefType","Int","-","1","Int","org","apache","xerces","framework","X","M","L","Content","Spec"],"edges":[[0,1],[0,2],[0,3],[2,4],[2,5],[3,6],[4,7],[5,8],[5,9],[5,10],[6,11],[6,12],[6,13],[9,14],[11,15],[13,16],[13,17],[13,18],[14,19],[14,20],[14,21],[14,22],[14,23],[14,24],[14,25],[14,26],[14,27]],"ID":4},{"def":["$i23"],"use":["r2","r2.\u003corg.apache.xerces.framework.XMLContentSpec: int otherValue\u003e","$i23"],"callees":[],"nodes":["CompoundStmt","DefinitionStmt","IfStmt","Local","InstanceFieldRef","BinaryOp","Int","Int","Local","Int","Local"," !\u003d ","Constant","RefType","Int","-","1","Int","org","apache","xerces","framework","X","M","L","Content","Spec"],"edges":[[0,1],[0,2],[1,3],[1,4],[2,5],[3,6],[4,7],[4,8],[4,9],[5,10],[5,11],[5,12],[8,13],[10,14],[12,15],[12,16],[12,17],[13,18],[13,19],[13,20],[13,21],[13,22],[13,23],[13,24],[13,25],[13,26]],"ID":5},{"def":["$r55"],"use":["r3","$r55"],"callees":[],"nodes":["CompoundStmt","Invoke","GotoStmt","Invoke","GotoStmt","DefinitionStmt","ReturnStmt","Local","Invoke","Local","RefType","RefType","java","lang","String","java","lang","String"],"edges":[[0,1],[0,2],[0,3],[0,4],[0,5],[0,6],[5,7],[5,8],[6,9],[7,10],[9,11],[10,12],[10,13],[10,14],[11,15],[11,16],[11,17]],"ID":6},{"def":["$i22","$r50"],"use":["r2","r3","$i22","r2.\u003corg.apache.xerces.framework.XMLContentSpec: int value\u003e","$r50","r1"],"callees":[],"nodes":["CompoundStmt","DefinitionStmt","DefinitionStmt","Invoke","Local","InstanceFieldRef","Local","Invoke","Int","Int","Local","Int","RefType","RefType","java","lang","String","org","apache","xerces","framework","X","M","L","Content","Spec"],"edges":[[0,1],[0,2],[0,3],[1,4],[1,5],[2,6],[2,7],[4,8],[5,9],[5,10],[5,11],[6,12],[10,13],[12,14],[12,15],[12,16],[13,17],[13,18],[13,19],[13,20],[13,21],[13,22],[13,23],[13,24],[13,25]],"ID":7},{"def":["i24","$i19"],"use":["r2","r2.\u003corg.apache.xerces.framework.XMLContentSpec: int value\u003e","i24","$i19","r2.\u003corg.apache.xerces.framework.XMLContentSpec: int type\u003e","r0"],"callees":[],"nodes":["CompoundStmt","DefinitionStmt","Invoke","DefinitionStmt","IfStmt","Local","InstanceFieldRef","Local","InstanceFieldRef","BinaryOp","Int","Int","Local","Int","Int","Int","Local","Int","Local"," !\u003d ","Constant","RefType","RefType","Int","0","Int","org","apache","xerces","framework","X","M","L","Content","Spec","org","apache","xerces","framework","X","M","L","Content","Spec"],"edges":[[0,1],[0,2],[0,3],[0,4],[1,5],[1,6],[3,7],[3,8],[4,9],[5,10],[6,11],[6,12],[6,13],[7,14],[8,15],[8,16],[8,17],[9,18],[9,19],[9,20],[12,21],[16,22],[18,23],[20,24],[20,25],[21,26],[21,27],[21,28],[21,29],[21,30],[21,31],[21,32],[21,33],[21,34],[22,35],[22,36],[22,37],[22,38],[22,39],[22,40],[22,41],[22,42],[22,43]],"ID":8},{"def":["$i20","$r46"],"use":["r2","r3","$i20","$r46","r2.\u003corg.apache.xerces.framework.XMLContentSpec: int value\u003e","r1"],"callees":[],"nodes":["CompoundStmt","Invoke","DefinitionStmt","DefinitionStmt","Invoke","Invoke","GotoStmt","Invoke","GotoStmt","Local","InstanceFieldRef","Local","Invoke","Int","Int","Local","Int","RefType","RefType","java","lang","String","org","apache","xerces","framework","X","M","L","Content","Spec"],"edges":[[0,1],[0,2],[0,3],[0,4],[0,5],[0,6],[0,7],[0,8],[2,9],[2,10],[3,11],[3,12],[9,13],[10,14],[10,15],[10,16],[11,17],[15,18],[17,19],[17,20],[17,21],[18,22],[18,23],[18,24],[18,25],[18,26],[18,27],[18,28],[18,29],[18,30]],"ID":9},{"def":[],"use":["i24"],"callees":[],"nodes":["CompoundStmt","IfStmt","BinaryOp","Local"," \u003d\u003d ","Constant","Int","3","Int"],"edges":[[0,1],[1,2],[2,3],[2,4],[2,5],[3,6],[5,7],[5,8]],"ID":10},{"def":[],"use":["i24"],"callees":[],"nodes":["CompoundStmt","IfStmt","BinaryOp","Local"," \u003d\u003d ","Constant","Int","2","Int"],"edges":[[0,1],[1,2],[2,3],[2,4],[2,5],[3,6],[5,7],[5,8]],"ID":11},{"def":[],"use":["i24"],"callees":[],"nodes":["CompoundStmt","IfStmt","BinaryOp","Local"," !\u003d ","Constant","Int","1","Int"],"edges":[[0,1],[1,2],[2,3],[2,4],[2,5],[3,6],[5,7],[5,8]],"ID":12},{"def":[],"use":["r2","r3","i1","r0","r1"],"callees":["appendContentSpec"],"nodes":["CompoundStmt","Invoke","Invoke","Invoke","GotoStmt"],"edges":[[0,1],[0,2],[0,3],[0,4]],"ID":13},{"def":[],"use":["r2","r3","i1","r0","r1"],"callees":["appendContentSpec"],"nodes":["CompoundStmt","Invoke"],"edges":[[0,1]],"ID":14},{"def":["$i13","i25"],"use":["r2","$i13","r2.\u003corg.apache.xerces.framework.XMLContentSpec: int value\u003e","r2.\u003corg.apache.xerces.framework.XMLContentSpec: int type\u003e","i25","r0"],"callees":[],"nodes":["CompoundStmt","DefinitionStmt","Invoke","DefinitionStmt","IfStmt","Local","InstanceFieldRef","Local","InstanceFieldRef","BinaryOp","Int","Int","Local","Int","Int","Int","Local","Int","Local"," !\u003d ","Constant","RefType","RefType","Int","0","Int","org","apache","xerces","framework","X","M","L","Content","Spec","org","apache","xerces","framework","X","M","L","Content","Spec"],"edges":[[0,1],[0,2],[0,3],[0,4],[1,5],[1,6],[3,7],[3,8],[4,9],[5,10],[6,11],[6,12],[6,13],[7,14],[8,15],[8,16],[8,17],[9,18],[9,19],[9,20],[12,21],[16,22],[18,23],[20,24],[20,25],[21,26],[21,27],[21,28],[21,29],[21,30],[21,31],[21,32],[21,33],[21,34],[22,35],[22,36],[22,37],[22,38],[22,39],[22,40],[22,41],[22,42],[22,43]],"ID":15},{"def":["$i14"],"use":["r2","r3","r2.\u003corg.apache.xerces.framework.XMLContentSpec: int value\u003e","$i14"],"callees":[],"nodes":["CompoundStmt","Invoke","DefinitionStmt","IfStmt","Local","InstanceFieldRef","BinaryOp","Int","Int","Local","Int","Local"," !\u003d ","Constant","RefType","Int","-","1","Int","org","apache","xerces","framework","X","M","L","Content","Spec"],"edges":[[0,1],[0,2],[0,3],[2,4],[2,5],[3,6],[4,7],[5,8],[5,9],[5,10],[6,11],[6,12],[6,13],[9,14],[11,15],[13,16],[13,17],[13,18],[14,19],[14,20],[14,21],[14,22],[14,23],[14,24],[14,25],[14,26],[14,27]],"ID":16},{"def":["$i18"],"use":["r2","r2.\u003corg.apache.xerces.framework.XMLContentSpec: int otherValue\u003e","$i18"],"callees":[],"nodes":["CompoundStmt","DefinitionStmt","IfStmt","Local","InstanceFieldRef","BinaryOp","Int","Int","Local","Int","Local"," !\u003d ","Constant","RefType","Int","-","1","Int","org","apache","xerces","framework","X","M","L","Content","Spec"],"edges":[[0,1],[0,2],[1,3],[1,4],[2,5],[3,6],[4,7],[4,8],[4,9],[5,10],[5,11],[5,12],[8,13],[10,14],[12,15],[12,16],[12,17],[13,18],[13,19],[13,20],[13,21],[13,22],[13,23],[13,24],[13,25],[13,26]],"ID":17},{"def":[],"use":["r3"],"callees":[],"nodes":["CompoundStmt","Invoke","GotoStmt","Invoke","GotoStmt","Invoke","GotoStmt"],"edges":[[0,1],[0,2],[0,3],[0,4],[0,5],[0,6]],"ID":18},{"def":["$i15"],"use":["r2","r2.\u003corg.apache.xerces.framework.XMLContentSpec: int otherValue\u003e","$i15"],"callees":[],"nodes":["CompoundStmt","DefinitionStmt","IfStmt","Local","InstanceFieldRef","BinaryOp","Int","Int","Local","Int","Local"," \u003d\u003d ","Constant","RefType","Int","-","1","Int","org","apache","xerces","framework","X","M","L","Content","Spec"],"edges":[[0,1],[0,2],[1,3],[1,4],[2,5],[3,6],[4,7],[4,8],[4,9],[5,10],[5,11],[5,12],[8,13],[10,14],[12,15],[12,16],[12,17],[13,18],[13,19],[13,20],[13,21],[13,22],[13,23],[13,24],[13,25],[13,26]],"ID":19},{"def":["$r37","$r38","$r35","$r36","$r39","$i17"],"use":["r2","$r37","$r38","r3","$r35","r2.\u003corg.apache.xerces.framework.XMLContentSpec: int otherValue\u003e","$r36","$r39","$i17","r1"],"callees":[],"nodes":["CompoundStmt","DefinitionStmt","Invoke","DefinitionStmt","DefinitionStmt","DefinitionStmt","DefinitionStmt","DefinitionStmt","Invoke","GotoStmt","Local","NewExpr","Local","Invoke","Local","InstanceFieldRef","Local","Invoke","Local","Invoke","Local","Invoke","RefType","RefType","RefType","Int","Int","Local","Int","RefType","RefType","RefType","java","lang","String","Buffer","java","lang","String","Buffer","java","lang","String","Buffer","RefType","java","lang","String","java","lang","String","Buffer","java","lang","String","org","apache","xerces","framework","X","M","L","Content","Spec"],"edges":[[0,1],[0,2],[0,3],[0,4],[0,5],[0,6],[0,7],[0,8],[0,9],[1,10],[1,11],[3,12],[3,13],[4,14],[4,15],[5,16],[5,17],[6,18],[6,19],[7,20],[7,21],[10,22],[11,23],[12,24],[14,25],[15,26],[15,27],[15,28],[16,29],[18,30],[20,31],[22,32],[22,33],[22,34],[22,35],[23,36],[23,37],[23,38],[23,39],[24,40],[24,41],[24,42],[24,43],[27,44],[29,45],[29,46],[29,47],[30,48],[30,49],[30,50],[30,51],[31,52],[31,53],[31,54],[44,55],[44,56],[44,57],[44,58],[44,59],[44,60],[44,61],[44,62],[44,63]],"ID":20},{"def":["$i16"],"use":["r2","r2.\u003corg.apache.xerces.framework.XMLContentSpec: int value\u003e","$i16"],"callees":[],"nodes":["CompoundStmt","DefinitionStmt","IfStmt","Local","InstanceFieldRef","BinaryOp","Int","Int","Local","Int","Local"," !\u003d ","Constant","RefType","Int","-","1","Int","org","apache","xerces","framework","X","M","L","Content","Spec"],"edges":[[0,1],[0,2],[1,3],[1,4],[2,5],[3,6],[4,7],[4,8],[4,9],[5,10],[5,11],[5,12],[8,13],[10,14],[12,15],[12,16],[12,17],[13,18],[13,19],[13,20],[13,21],[13,22],[13,23],[13,24],[13,25],[13,26]],"ID":21},{"def":[],"use":["r3"],"callees":[],"nodes":["CompoundStmt","Invoke","GotoStmt"],"edges":[[0,1],[0,2]],"ID":22},{"def":[],"use":["r2","r3","i1","r0","r1"],"callees":["appendContentSpec"],"nodes":["CompoundStmt","Invoke"],"edges":[[0,1]],"ID":23},{"def":[],"use":["i25"],"callees":[],"nodes":["CompoundStmt","IfStmt","BinaryOp","Local"," \u003d\u003d ","Constant","Int","3","Int"],"edges":[[0,1],[1,2],[2,3],[2,4],[2,5],[3,6],[5,7],[5,8]],"ID":24},{"def":[],"use":["i25"],"callees":[],"nodes":["CompoundStmt","IfStmt","BinaryOp","Local"," \u003d\u003d ","Constant","Int","2","Int"],"edges":[[0,1],[1,2],[2,3],[2,4],[2,5],[3,6],[5,7],[5,8]],"ID":25},{"def":[],"use":["i25"],"callees":[],"nodes":["CompoundStmt","IfStmt","BinaryOp","Local"," !\u003d ","Constant","Int","1","Int"],"edges":[[0,1],[1,2],[2,3],[2,4],[2,5],[3,6],[5,7],[5,8]],"ID":26},{"def":[],"use":["r2","r3","i1","r0","r1"],"callees":["appendContentSpec"],"nodes":["CompoundStmt","Invoke","Invoke","Invoke","GotoStmt"],"edges":[[0,1],[0,2],[0,3],[0,4]],"ID":27},{"def":[],"use":["r2","r3","i1","r0","r1"],"callees":["appendContentSpec"],"nodes":["CompoundStmt","Invoke"],"edges":[[0,1]],"ID":28},{"def":["$i6","i26"],"use":["r2","$i6","r2.\u003corg.apache.xerces.framework.XMLContentSpec: int value\u003e","i26","r2.\u003corg.apache.xerces.framework.XMLContentSpec: int type\u003e","r0"],"callees":[],"nodes":["CompoundStmt","DefinitionStmt","Invoke","DefinitionStmt","IfStmt","Local","InstanceFieldRef","Local","InstanceFieldRef","BinaryOp","Int","Int","Local","Int","Int","Int","Local","Int","Local"," !\u003d ","Constant","RefType","RefType","Int","0","Int","org","apache","xerces","framework","X","M","L","Content","Spec","org","apache","xerces","framework","X","M","L","Content","Spec"],"edges":[[0,1],[0,2],[0,3],[0,4],[1,5],[1,6],[3,7],[3,8],[4,9],[5,10],[6,11],[6,12],[6,13],[7,14],[8,15],[8,16],[8,17],[9,18],[9,19],[9,20],[12,21],[16,22],[18,23],[20,24],[20,25],[21,26],[21,27],[21,28],[21,29],[21,30],[21,31],[21,32],[21,33],[21,34],[22,35],[22,36],[22,37],[22,38],[22,39],[22,40],[22,41],[22,42],[22,43]],"ID":29},{"def":["$i7"],"use":["r2","r3","$i7","r2.\u003corg.apache.xerces.framework.XMLContentSpec: int value\u003e"],"callees":[],"nodes":["CompoundStmt","Invoke","DefinitionStmt","IfStmt","Local","InstanceFieldRef","BinaryOp","Int","Int","Local","Int","Local"," !\u003d ","Constant","RefType","Int","-","1","Int","org","apache","xerces","framework","X","M","L","Content","Spec"],"edges":[[0,1],[0,2],[0,3],[2,4],[2,5],[3,6],[4,7],[5,8],[5,9],[5,10],[6,11],[6,12],[6,13],[9,14],[11,15],[13,16],[13,17],[13,18],[14,19],[14,20],[14,21],[14,22],[14,23],[14,24],[14,25],[14,26],[14,27]],"ID":30},{"def":["$i12"],"use":["r2","r2.\u003corg.apache.xerces.framework.XMLContentSpec: int otherValue\u003e","$i12"],"callees":[],"nodes":["CompoundStmt","DefinitionStmt","IfStmt","Local","InstanceFieldRef","BinaryOp","Int","Int","Local","Int","Local"," !\u003d ","Constant","RefType","Int","-","1","Int","org","apache","xerces","framework","X","M","L","Content","Spec"],"edges":[[0,1],[0,2],[1,3],[1,4],[2,5],[3,6],[4,7],[4,8],[4,9],[5,10],[5,11],[5,12],[8,13],[10,14],[12,15],[12,16],[12,17],[13,18],[13,19],[13,20],[13,21],[13,22],[13,23],[13,24],[13,25],[13,26]],"ID":31},{"def":[],"use":["r3"],"callees":[],"nodes":["CompoundStmt","Invoke","GotoStmt","Invoke","GotoStmt","Invoke","GotoStmt"],"edges":[[0,1],[0,2],[0,3],[0,4],[0,5],[0,6]],"ID":32},{"def":["$i8"],"use":["r2","r2.\u003corg.apache.xerces.framework.XMLContentSpec: int otherValue\u003e","$i8"],"callees":[],"nodes":["CompoundStmt","DefinitionStmt","IfStmt","Local","InstanceFieldRef","BinaryOp","Int","Int","Local","Int","Local"," \u003d\u003d ","Constant","RefType","Int","-","1","Int","org","apache","xerces","framework","X","M","L","Content","Spec"],"edges":[[0,1],[0,2],[1,3],[1,4],[2,5],[3,6],[4,7],[4,8],[4,9],[5,10],[5,11],[5,12],[8,13],[10,14],[12,15],[12,16],[12,17],[13,18],[13,19],[13,20],[13,21],[13,22],[13,23],[13,24],[13,25],[13,26]],"ID":33},{"def":["$r26","$r24","$r25","$i11","$r22","$r23"],"use":["r2","$r26","r3","$r24","r2.\u003corg.apache.xerces.framework.XMLContentSpec: int otherValue\u003e","$r25","$i11","$r22","$r23","r1"],"callees":[],"nodes":["CompoundStmt","DefinitionStmt","Invoke","DefinitionStmt","DefinitionStmt","DefinitionStmt","DefinitionStmt","DefinitionStmt","Invoke","GotoStmt","Local","NewExpr","Local","Invoke","Local","InstanceFieldRef","Local","Invoke","Local","Invoke","Local","Invoke","RefType","RefType","RefType","Int","Int","Local","Int","RefType","RefType","RefType","java","lang","String","Buffer","java","lang","String","Buffer","java","lang","String","Buffer","RefType","java","lang","String","java","lang","String","Buffer","java","lang","String","org","apache","xerces","framework","X","M","L","Content","Spec"],"edges":[[0,1],[0,2],[0,3],[0,4],[0,5],[0,6],[0,7],[0,8],[0,9],[1,10],[1,11],[3,12],[3,13],[4,14],[4,15],[5,16],[5,17],[6,18],[6,19],[7,20],[7,21],[10,22],[11,23],[12,24],[14,25],[15,26],[15,27],[15,28],[16,29],[18,30],[20,31],[22,32],[22,33],[22,34],[22,35],[23,36],[23,37],[23,38],[23,39],[24,40],[24,41],[24,42],[24,43],[27,44],[29,45],[29,46],[29,47],[30,48],[30,49],[30,50],[30,51],[31,52],[31,53],[31,54],[44,55],[44,56],[44,57],[44,58],[44,59],[44,60],[44,61],[44,62],[44,63]],"ID":34},{"def":["$i9"],"use":["r2","$i9","r2.\u003corg.apache.xerces.framework.XMLContentSpec: int value\u003e"],"callees":[],"nodes":["CompoundStmt","DefinitionStmt","IfStmt","Local","InstanceFieldRef","BinaryOp","Int","Int","Local","Int","Local"," !\u003d ","Constant","RefType","Int","-","1","Int","org","apache","xerces","framework","X","M","L","Content","Spec"],"edges":[[0,1],[0,2],[1,3],[1,4],[2,5],[3,6],[4,7],[4,8],[4,9],[5,10],[5,11],[5,12],[8,13],[10,14],[12,15],[12,16],[12,17],[13,18],[13,19],[13,20],[13,21],[13,22],[13,23],[13,24],[13,25],[13,26]],"ID":35},{"def":[],"use":["r3"],"callees":[],"nodes":["CompoundStmt","Invoke","GotoStmt"],"edges":[[0,1],[0,2]],"ID":36},{"def":["$i10","$r18"],"use":["r2","r3","$i10","$r18","r2.\u003corg.apache.xerces.framework.XMLContentSpec: int value\u003e","r1"],"callees":[],"nodes":["CompoundStmt","DefinitionStmt","DefinitionStmt","Invoke","Local","InstanceFieldRef","Local","Invoke","Int","Int","Local","Int","RefType","RefType","java","lang","String","org","apache","xerces","framework","X","M","L","Content","Spec"],"edges":[[0,1],[0,2],[0,3],[1,4],[1,5],[2,6],[2,7],[4,8],[5,9],[5,10],[5,11],[6,12],[10,13],[12,14],[12,15],[12,16],[13,17],[13,18],[13,19],[13,20],[13,21],[13,22],[13,23],[13,24],[13,25]],"ID":37},{"def":[],"use":["i26"],"callees":[],"nodes":["CompoundStmt","IfStmt","BinaryOp","Local"," \u003d\u003d ","Constant","Int","3","Int"],"edges":[[0,1],[1,2],[2,3],[2,4],[2,5],[3,6],[5,7],[5,8]],"ID":38},{"def":[],"use":["i26"],"callees":[],"nodes":["CompoundStmt","IfStmt","BinaryOp","Local"," \u003d\u003d ","Constant","Int","2","Int"],"edges":[[0,1],[1,2],[2,3],[2,4],[2,5],[3,6],[5,7],[5,8]],"ID":39},{"def":[],"use":["i26"],"callees":[],"nodes":["CompoundStmt","IfStmt","BinaryOp","Local"," !\u003d ","Constant","Int","1","Int"],"edges":[[0,1],[1,2],[2,3],[2,4],[2,5],[3,6],[5,7],[5,8]],"ID":40},{"def":[],"use":["r2","r3","i1","r0","r1"],"callees":["appendContentSpec"],"nodes":["CompoundStmt","Invoke","Invoke","Invoke","GotoStmt"],"edges":[[0,1],[0,2],[0,3],[0,4]],"ID":41},{"def":[],"use":["r2","r3","i1","r0","r1"],"callees":["appendContentSpec"],"nodes":["CompoundStmt","Invoke"],"edges":[[0,1]],"ID":42},{"def":[],"use":["r2","r3","i1","r0","r1"],"callees":["appendContentSpec"],"nodes":["CompoundStmt","Invoke","GotoStmt"],"edges":[[0,1],[0,2]],"ID":43},{"def":["$i4"],"use":["r2","r3","r2.\u003corg.apache.xerces.framework.XMLContentSpec: int otherValue\u003e","$i4"],"callees":[],"nodes":["CompoundStmt","Invoke","DefinitionStmt","IfStmt","Local","InstanceFieldRef","BinaryOp","Int","Int","Local","Int","Local"," \u003d\u003d ","Constant","RefType","Int","-","1","Int","org","apache","xerces","framework","X","M","L","Content","Spec"],"edges":[[0,1],[0,2],[0,3],[2,4],[2,5],[3,6],[4,7],[5,8],[5,9],[5,10],[6,11],[6,12],[6,13],[9,14],[11,15],[13,16],[13,17],[13,18],[14,19],[14,20],[14,21],[14,22],[14,23],[14,24],[14,25],[14,26],[14,27]],"ID":44},{"def":["$i5","$r12"],"use":["r2","$i5","r3","r2.\u003corg.apache.xerces.framework.XMLContentSpec: int otherValue\u003e","$r12","r1"],"callees":[],"nodes":["CompoundStmt","Invoke","DefinitionStmt","DefinitionStmt","Invoke","GotoStmt","Local","InstanceFieldRef","Local","Invoke","Int","Int","Local","Int","RefType","RefType","java","lang","String","org","apache","xerces","framework","X","M","L","Content","Spec"],"edges":[[0,1],[0,2],[0,3],[0,4],[0,5],[2,6],[2,7],[3,8],[3,9],[6,10],[7,11],[7,12],[7,13],[8,14],[12,15],[14,16],[14,17],[14,18],[15,19],[15,20],[15,21],[15,22],[15,23],[15,24],[15,25],[15,26],[15,27]],"ID":45},{"def":["$r8","$i3"],"use":["r2","r3","r2.\u003corg.apache.xerces.framework.XMLContentSpec: int otherValue\u003e","$r8","$i3","r1"],"callees":[],"nodes":["CompoundStmt","Invoke","DefinitionStmt","DefinitionStmt","Invoke","GotoStmt","Local","InstanceFieldRef","Local","Invoke","Int","Int","Local","Int","RefType","RefType","java","lang","String","org","apache","xerces","framework","X","M","L","Content","Spec"],"edges":[[0,1],[0,2],[0,3],[0,4],[0,5],[2,6],[2,7],[3,8],[3,9],[6,10],[7,11],[7,12],[7,13],[8,14],[12,15],[14,16],[14,17],[14,18],[15,19],[15,20],[15,21],[15,22],[15,23],[15,24],[15,25],[15,26],[15,27]],"ID":46},{"def":[],"use":["r3"],"callees":[],"nodes":["CompoundStmt","Invoke","GotoStmt"],"edges":[[0,1],[0,2]],"ID":47},{"def":[],"use":["r3"],"callees":[],"nodes":["CompoundStmt","Invoke"],"edges":[[0,1]],"ID":48},{"def":[],"use":[],"callees":[],"nodes":["CompoundStmt","ReturnStmt","Constant","Null"],"edges":[[0,1],[1,2],[2,3]],"ID":49}],"edgeSet":[[3,43,10],[34,32,0],[9,6,0],[36,32,0],[23,18,0],[27,18,0],[42,32,0],[49,1,0],[3,15,8],[38,41,2],[10,13,2],[30,33,2],[12,13,1],[8,9,1],[4,5,1],[5,7,2],[16,17,1],[17,19,2],[21,23,2],[24,25,1],[25,27,2],[33,35,2],[3,48,14],[40,41,1],[44,45,1],[3,44,11],[43,6,0],[6,1,0],[14,9,0],[45,6,0],[47,6,0],[15,24,2],[0,2,0],[12,14,2],[8,10,2],[11,12,1],[15,16,1],[19,20,1],[31,32,1],[35,36,1],[39,40,1],[40,42,2],[3,8,7],[20,18,0],[22,18,0],[37,32,0],[3,4,6],[41,32,0],[28,18,0],[18,6,0],[3,29,9],[32,6,0],[4,7,2],[16,19,2],[24,27,2],[2,3,1],[10,11,1],[11,13,2],[19,21,2],[26,27,1],[30,31,1],[31,33,2],[35,37,2],[3,46,12],[38,39,1],[39,41,2],[13,9,0],[44,6,2],[46,6,0],[48,6,0],[2,49,2],[29,38,2],[5,6,1],[17,18,1],[21,22,1],[25,26,1],[26,28,2],[29,30,1],[33,34,1],[3,47,13],[7,6,0]],"ENTRY":{"def":[],"use":[],"callees":[],"nodes":["CompoundStmt"],"edges":[],"ID":0},"EXIT":{"def":[],"use":[],"callees":[],"nodes":["CompoundStmt"],"edges":[],"ID":1},"method_name":"toString"},{"blocks":[{"def":[],"use":[],"callees":[],"nodes":["CompoundStmt"],"edges":[],"ID":0},{"def":[],"use":[],"callees":[],"nodes":["CompoundStmt"],"edges":[],"ID":1},{"def":["$i5","$i6","$i0","$i1","$i2","r0","$i3","$i4"],"use":["$i5","$i6","r0.\u003corg.apache.xerces.framework.XMLContentSpec: int value\u003e","@this: org.apache.xerces.framework.XMLContentSpec","r0.\u003corg.apache.xerces.framework.XMLContentSpec: int type\u003e","$i0","$i1","$i2","r0","$i3","r0.\u003corg.apache.xerces.framework.XMLContentSpec: int otherValue\u003e","$i4"],"callees":[],"nodes":["CompoundStmt","DefinitionStmt","DefinitionStmt","DefinitionStmt","DefinitionStmt","DefinitionStmt","DefinitionStmt","DefinitionStmt","DefinitionStmt","ReturnStmt","Local","ThisRef","Local","InstanceFieldRef","Local","BinaryOp","Local","InstanceFieldRef","Local","BinaryOp","Local","BinaryOp","Local","InstanceFieldRef","Local","BinaryOp","Local","RefType","RefType","Int","Int","Local","Int","Int","Local"," \u003c\u003c ","Constant","Int","Int","Local","Int","Int","Local"," \u003c\u003c ","Constant","Int","Local"," | ","Local","Int","Int","Local","Int","Int","Local"," | ","Local","Int","org","apache","xerces","framework","X","M","L","Content","Spec","org","apache","xerces","framework","X","M","L","Content","Spec","RefType","Int","1","6","Int","RefType","Int","8","Int","Int","Int","RefType","Int","Int","org","apache","xerces","framework","X","M","L","Content","Spec","org","apache","xerces","framework","X","M","L","Content","Spec","org","apache","xerces","framework","X","M","L","Content","Spec"],"edges":[[0,1],[0,2],[0,3],[0,4],[0,5],[0,6],[0,7],[0,8],[0,9],[1,10],[1,11],[2,12],[2,13],[3,14],[3,15],[4,16],[4,17],[5,18],[5,19],[6,20],[6,21],[7,22],[7,23],[8,24],[8,25],[9,26],[10,27],[11,28],[12,29],[13,30],[13,31],[13,32],[14,33],[15,34],[15,35],[15,36],[16,37],[17,38],[17,39],[17,40],[18,41],[19,42],[19,43],[19,44],[20,45],[21,46],[21,47],[21,48],[22,49],[23,50],[23,51],[23,52],[24,53],[25,54],[25,55],[25,56],[26,57],[27,58],[27,59],[27,60],[27,61],[27,62],[27,63],[27,64],[27,65],[27,66],[28,67],[28,68],[28,69],[28,70],[28,71],[28,72],[28,73],[28,74],[28,75],[31,76],[34,77],[36,78],[36,79],[36,80],[39,81],[42,82],[44,83],[44,84],[46,85],[48,86],[51,87],[54,88],[56,89],[76,90],[76,91],[76,92],[76,93],[76,94],[76,95],[76,96],[76,97],[76,98],[81,99],[81,100],[81,101],[81,102],[81,103],[81,104],[81,105],[81,106],[81,107],[87,108],[87,109],[87,110],[87,111],[87,112],[87,113],[87,114],[87,115],[87,116]],"ID":2}],"edgeSet":[[0,2,0],[2,1,0]],"ENTRY":{"def":[],"use":[],"callees":[],"nodes":["CompoundStmt"],"edges":[],"ID":0},"EXIT":{"def":[],"use":[],"callees":[],"nodes":["CompoundStmt"],"edges":[],"ID":1},"method_name":"hashCode"},{"blocks":[{"def":[],"use":[],"callees":[],"nodes":["CompoundStmt"],"edges":[],"ID":0},{"def":[],"use":[],"callees":[],"nodes":["CompoundStmt"],"edges":[],"ID":1},{"def":["r0","r1"],"use":["@this: org.apache.xerces.framework.XMLContentSpec","@parameter0: java.lang.Object","r1"],"callees":[],"nodes":["CompoundStmt","DefinitionStmt","DefinitionStmt","IfStmt","Local","ThisRef","Local","Param","BinaryOp","RefType","RefType","RefType","RefType","Local"," \u003d\u003d ","Constant","org","apache","xerces","framework","X","M","L","Content","Spec","org","apache","xerces","framework","X","M","L","Content","Spec","java","lang","Object","java","lang","Object","RefType","Null","java","lang","Object"],"edges":[[0,1],[0,2],[0,3],[1,4],[1,5],[2,6],[2,7],[3,8],[4,9],[5,10],[6,11],[7,12],[8,13],[8,14],[8,15],[9,16],[9,17],[9,18],[9,19],[9,20],[9,21],[9,22],[9,23],[9,24],[10,25],[10,26],[10,27],[10,28],[10,29],[10,30],[10,31],[10,32],[10,33],[11,34],[11,35],[11,36],[12,37],[12,38],[12,39],[13,40],[15,41],[40,42],[40,43],[40,44]],"ID":2},{"def":["$z0"],"use":["$z0","r1"],"callees":[],"nodes":["CompoundStmt","DefinitionStmt","IfStmt","Local","InstanceOfExpr","BinaryOp","Boolean","Boolean","Local","RefType","Local"," \u003d\u003d ","Constant","RefType","org","apache","xerces","framework","X","M","L","Content","Spec","Boolean","0","Int","java","lang","Object"],"edges":[[0,1],[0,2],[1,3],[1,4],[2,5],[3,6],[4,7],[4,8],[4,9],[5,10],[5,11],[5,12],[8,13],[9,14],[9,15],[9,16],[9,17],[9,18],[9,19],[9,20],[9,21],[9,22],[10,23],[12,24],[12,25],[13,26],[13,27],[13,28]],"ID":3},{"def":["r2","$i0","$i1"],"use":["r2","r0.\u003corg.apache.xerces.framework.XMLContentSpec: int type\u003e","$i0","$i1","r2.\u003corg.apache.xerces.framework.XMLContentSpec: int type\u003e","r0","r1"],"callees":[],"nodes":["CompoundStmt","DefinitionStmt","DefinitionStmt","DefinitionStmt","IfStmt","Local","CastExpr","Local","InstanceFieldRef","Local","InstanceFieldRef","BinaryOp","RefType","RefType","RefType","Local","Int","Int","Local","Int","Int","Int","Local","Int","Local"," !\u003d ","Local","org","apache","xerces","framework","X","M","L","Content","Spec","org","apache","xerces","framework","X","M","L","Content","Spec","org","apache","xerces","framework","X","M","L","Content","Spec","RefType","RefType","RefType","Int","Int","java","lang","Object","org","apache","xerces","framework","X","M","L","Content","Spec","org","apache","xerces","framework","X","M","L","Content","Spec"],"edges":[[0,1],[0,2],[0,3],[0,4],[1,5],[1,6],[2,7],[2,8],[3,9],[3,10],[4,11],[5,12],[6,13],[6,14],[6,15],[7,16],[8,17],[8,18],[8,19],[9,20],[10,21],[10,22],[10,23],[11,24],[11,25],[11,26],[12,27],[12,28],[12,29],[12,30],[12,31],[12,32],[12,33],[12,34],[12,35],[13,36],[13,37],[13,38],[13,39],[13,40],[13,41],[13,42],[13,43],[13,44],[14,45],[14,46],[14,47],[14,48],[14,49],[14,50],[14,51],[14,52],[14,53],[15,54],[18,55],[22,56],[24,57],[26,58],[54,59],[54,60],[54,61],[55,62],[55,63],[55,64],[55,65],[55,66],[55,67],[55,68],[55,69],[55,70],[56,71],[56,72],[56,73],[56,74],[56,75],[56,76],[56,77],[56,78],[56,79]],"ID":4},{"def":["$i2","$i3"],"use":["r2","r0.\u003corg.apache.xerces.framework.XMLContentSpec: int value\u003e","r2.\u003corg.apache.xerces.framework.XMLContentSpec: int value\u003e","$i2","r0","$i3"],"callees":[],"nodes":["CompoundStmt","DefinitionStmt","DefinitionStmt","IfStmt","Local","InstanceFieldRef","Local","InstanceFieldRef","BinaryOp","Int","Int","Local","Int","Int","Int","Local","Int","Local"," !\u003d ","Local","RefType","RefType","Int","Int","org","apache","xerces","framework","X","M","L","Content","Spec","org","apache","xerces","framework","X","M","L","Content","Spec"],"edges":[[0,1],[0,2],[0,3],[1,4],[1,5],[2,6],[2,7],[3,8],[4,9],[5,10],[5,11],[5,12],[6,13],[7,14],[7,15],[7,16],[8,17],[8,18],[8,19],[11,20],[15,21],[17,22],[19,23],[20,24],[20,25],[20,26],[20,27],[20,28],[20,29],[20,30],[20,31],[20,32],[21,33],[21,34],[21,35],[21,36],[21,37],[21,38],[21,39],[21,40],[21,41]],"ID":5},{"def":["$i5","$i4"],"use":["r2","$i5","r2.\u003corg.apache.xerces.framework.XMLContentSpec: int otherValue\u003e","r0.\u003corg.apache.xerces.framework.XMLContentSpec: int otherValue\u003e","r0","$i4"],"callees":[],"nodes":["CompoundStmt","DefinitionStmt","DefinitionStmt","IfStmt","Local","InstanceFieldRef","Local","InstanceFieldRef","BinaryOp","Int","Int","Local","Int","Int","Int","Local","Int","Local"," !\u003d ","Local","RefType","RefType","Int","Int","org","apache","xerces","framework","X","M","L","Content","Spec","org","apache","xerces","framework","X","M","L","Content","Spec"],"edges":[[0,1],[0,2],[0,3],[1,4],[1,5],[2,6],[2,7],[3,8],[4,9],[5,10],[5,11],[5,12],[6,13],[7,14],[7,15],[7,16],[8,17],[8,18],[8,19],[11,20],[15,21],[17,22],[19,23],[20,24],[20,25],[20,26],[20,27],[20,28],[20,29],[20,30],[20,31],[20,32],[21,33],[21,34],[21,35],[21,36],[21,37],[21,38],[21,39],[21,40],[21,41]],"ID":6},{"def":["$z1"],"use":["$z1"],"callees":[],"nodes":["CompoundStmt","DefinitionStmt","GotoStmt","ReturnStmt","Local","Constant","Local","Boolean","1","Int","Boolean"],"edges":[[0,1],[0,2],[0,3],[1,4],[1,5],[3,6],[4,7],[5,8],[5,9],[6,10]],"ID":7},{"def":["$z1"],"use":[],"callees":[],"nodes":["CompoundStmt","DefinitionStmt","Local","Constant","Boolean","0","Int"],"edges":[[0,1],[1,2],[1,3],[2,4],[3,5],[3,6]],"ID":8},{"def":[],"use":[],"callees":[],"nodes":["CompoundStmt","ReturnStmt","Constant","0","Int"],"edges":[[0,1],[1,2],[2,3],[2,4]],"ID":9}],"edgeSet":[[7,1,0],[9,1,0],[2,9,2],[3,9,2],[0,2,0],[4,8,2],[5,8,2],[2,3,1],[3,4,1],[4,5,1],[5,6,1],[6,7,1],[6,8,2],[8,7,0]],"ENTRY":{"def":[],"use":[],"callees":[],"nodes":["CompoundStmt"],"edges":[],"ID":0},"EXIT":{"def":[],"use":[],"callees":[],"nodes":["CompoundStmt"],"edges":[],"ID":1},"method_name":"equals"},{"blocks":[{"def":[],"use":[],"callees":[],"nodes":["CompoundStmt"],"edges":[],"ID":0},{"def":[],"use":[],"callees":[],"nodes":["CompoundStmt"],"edges":[],"ID":1},{"def":["r2","r3","z0","i0","i1","r0","r1","$i4"],"use":["@parameter4: boolean","r2","@parameter2: org.apache.xerces.framework.XMLContentSpec","i1","@parameter1: org.apache.xerces.utils.StringPool","@parameter3: java.lang.StringBuffer","r2.\u003corg.apache.xerces.framework.XMLContentSpec: int type\u003e","@parameter0: org.apache.xerces.framework.XMLContentSpec$Provider","@parameter5: int","$i4"],"callees":[],"nodes":["CompoundStmt","DefinitionStmt","DefinitionStmt","DefinitionStmt","DefinitionStmt","DefinitionStmt","DefinitionStmt","DefinitionStmt","DefinitionStmt","SwitchStmt","Local","Param","Local","Param","Local","Param","Local","Param","Local","Param","Local","Param","Local","InstanceFieldRef","Local","BinaryOp","Local","RefType","RefType","RefType","RefType","RefType","RefType","RefType","RefType","Boolean","Boolean","Int","Int","Int","Int","Local","Int","Int","Local"," \u0026 ","Constant","Int","org","apache","xerces","framework","X","M","L","Content","Spec$","Provider","org","apache","xerces","framework","X","M","L","Content","Spec$","Provider","org","apache","xerces","utils","String","Pool","org","apache","xerces","utils","String","Pool","org","apache","xerces","framework","X","M","L","Content","Spec","org","apache","xerces","framework","X","M","L","Content","Spec","java","lang","String","Buffer","java","lang","String","Buffer","RefType","Int","1","5","Int","org","apache","xerces","framework","X","M","L","Content","Spec"],"edges":[[0,1],[0,2],[0,3],[0,4],[0,5],[0,6],[0,7],[0,8],[0,9],[1,10],[1,11],[2,12],[2,13],[3,14],[3,15],[4,16],[4,17],[5,18],[5,19],[6,20],[6,21],[7,22],[7,23],[8,24],[8,25],[9,26],[10,27],[11,28],[12,29],[13,30],[14,31],[15,32],[16,33],[17,34],[18,35],[19,36],[20,37],[21,38],[22,39],[23,40],[23,41],[23,42],[24,43],[25,44],[25,45],[25,46],[26,47],[27,48],[27,49],[27,50],[27,51],[27,52],[27,53],[27,54],[27,55],[27,56],[27,57],[28,58],[28,59],[28,60],[28,61],[28,62],[28,63],[28,64],[28,65],[28,66],[28,67],[29,68],[29,69],[29,70],[29,71],[29,72],[29,73],[30,74],[30,75],[30,76],[30,77],[30,78],[30,79],[31,80],[31,81],[31,82],[31,83],[31,84],[31,85],[31,86],[31,87],[31,88],[32,89],[32,90],[32,91],[32,92],[32,93],[32,94],[32,95],[32,96],[32,97],[33,98],[33,99],[33,100],[33,101],[34,102],[34,103],[34,104],[34,105],[41,106],[44,107],[46,108],[46,109],[46,110],[106,111],[106,112],[106,113],[106,114],[106,115],[106,116],[106,117],[106,118],[106,119]],"ID":2},{"def":["$i13"],"use":["r2","$i13","r2.\u003corg.apache.xerces.framework.XMLContentSpec: int value\u003e"],"callees":[],"nodes":["CompoundStmt","DefinitionStmt","IfStmt","Local","InstanceFieldRef","BinaryOp","Int","Int","Local","Int","Local"," !\u003d ","Constant","RefType","Int","-","1","Int","org","apache","xerces","framework","X","M","L","Content","Spec"],"edges":[[0,1],[0,2],[1,3],[1,4],[2,5],[3,6],[4,7],[4,8],[4,9],[5,10],[5,11],[5,12],[8,13],[10,14],[12,15],[12,16],[12,17],[13,18],[13,19],[13,20],[13,21],[13,22],[13,23],[13,24],[13,25],[13,26]],"ID":3},{"def":["$i19"],"use":["r2","r2.\u003corg.apache.xerces.framework.XMLContentSpec: int otherValue\u003e","$i19"],"callees":[],"nodes":["CompoundStmt","DefinitionStmt","IfStmt","Local","InstanceFieldRef","BinaryOp","Int","Int","Local","Int","Local"," !\u003d ","Constant","RefType","Int","-","1","Int","org","apache","xerces","framework","X","M","L","Content","Spec"],"edges":[[0,1],[0,2],[1,3],[1,4],[2,5],[3,6],[4,7],[4,8],[4,9],[5,10],[5,11],[5,12],[8,13],[10,14],[12,15],[12,16],[12,17],[13,18],[13,19],[13,20],[13,21],[13,22],[13,23],[13,24],[13,25],[13,26]],"ID":4},{"def":[],"use":["r3"],"callees":[],"nodes":["CompoundStmt","Invoke","GotoStmt","ReturnVoidStmt"],"edges":[[0,1],[0,2],[0,3]],"ID":5},{"def":["$i14"],"use":["r2","r2.\u003corg.apache.xerces.framework.XMLContentSpec: int value\u003e","$i14"],"callees":[],"nodes":["CompoundStmt","DefinitionStmt","IfStmt","Local","InstanceFieldRef","BinaryOp","Int","Int","Local","Int","Local"," !\u003d ","Constant","RefType","Int","-","1","Int","org","apache","xerces","framework","X","M","L","Content","Spec"],"edges":[[0,1],[0,2],[1,3],[1,4],[2,5],[3,6],[4,7],[4,8],[4,9],[5,10],[5,11],[5,12],[8,13],[10,14],[12,15],[12,16],[12,17],[13,18],[13,19],[13,20],[13,21],[13,22],[13,23],[13,24],[13,25],[13,26]],"ID":6},{"def":["$i17"],"use":["r2","r2.\u003corg.apache.xerces.framework.XMLContentSpec: int otherValue\u003e","$i17"],"callees":[],"nodes":["CompoundStmt","DefinitionStmt","IfStmt","Local","InstanceFieldRef","BinaryOp","Int","Int","Local","Int","Local"," \u003d\u003d ","Constant","RefType","Int","-","1","Int","org","apache","xerces","framework","X","M","L","Content","Spec"],"edges":[[0,1],[0,2],[1,3],[1,4],[2,5],[3,6],[4,7],[4,8],[4,9],[5,10],[5,11],[5,12],[8,13],[10,14],[12,15],[12,16],[12,17],[13,18],[13,19],[13,20],[13,21],[13,22],[13,23],[13,24],[13,25],[13,26]],"ID":7},{"def":["$r35","$r36","$r33","$i18","$r34","$r32"],"use":["r2","r3","$r35","r2.\u003corg.apache.xerces.framework.XMLContentSpec: int otherValue\u003e","$r36","$r33","$i18","$r34","$r32","r1"],"callees":[],"nodes":["CompoundStmt","DefinitionStmt","Invoke","DefinitionStmt","DefinitionStmt","DefinitionStmt","DefinitionStmt","DefinitionStmt","Invoke","GotoStmt","Local","NewExpr","Local","Invoke","Local","InstanceFieldRef","Local","Invoke","Local","Invoke","Local","Invoke","RefType","RefType","RefType","Int","Int","Local","Int","RefType","RefType","RefType","java","lang","String","Buffer","java","lang","String","Buffer","java","lang","String","Buffer","RefType","java","lang","String","java","lang","String","Buffer","java","lang","String","org","apache","xerces","framework","X","M","L","Content","Spec"],"edges":[[0,1],[0,2],[0,3],[0,4],[0,5],[0,6],[0,7],[0,8],[0,9],[1,10],[1,11],[3,12],[3,13],[4,14],[4,15],[5,16],[5,17],[6,18],[6,19],[7,20],[7,21],[10,22],[11,23],[12,24],[14,25],[15,26],[15,27],[15,28],[16,29],[18,30],[20,31],[22,32],[22,33],[22,34],[22,35],[23,36],[23,37],[23,38],[23,39],[24,40],[24,41],[24,42],[24,43],[27,44],[29,45],[29,46],[29,47],[30,48],[30,49],[30,50],[30,51],[31,52],[31,53],[31,54],[44,55],[44,56],[44,57],[44,58],[44,59],[44,60],[44,61],[44,62],[44,63]],"ID":8},{"def":["$i15"],"use":["r2","$i15","r2.\u003corg.apache.xerces.framework.XMLContentSpec: int value\u003e"],"callees":[],"nodes":["CompoundStmt","DefinitionStmt","IfStmt","Local","InstanceFieldRef","BinaryOp","Int","Int","Local","Int","Local"," !\u003d ","Constant","RefType","Int","-","1","Int","org","apache","xerces","framework","X","M","L","Content","Spec"],"edges":[[0,1],[0,2],[1,3],[1,4],[2,5],[3,6],[4,7],[4,8],[4,9],[5,10],[5,11],[5,12],[8,13],[10,14],[12,15],[12,16],[12,17],[13,18],[13,19],[13,20],[13,21],[13,22],[13,23],[13,24],[13,25],[13,26]],"ID":9},{"def":[],"use":["r3"],"callees":[],"nodes":["CompoundStmt","Invoke","GotoStmt"],"edges":[[0,1],[0,2]],"ID":10},{"def":["$r29","$i16"],"use":["r2","r3","$r29","r2.\u003corg.apache.xerces.framework.XMLContentSpec: int value\u003e","$i16","r1"],"callees":[],"nodes":["CompoundStmt","DefinitionStmt","DefinitionStmt","Invoke","GotoStmt","Local","InstanceFieldRef","Local","Invoke","Int","Int","Local","Int","RefType","RefType","java","lang","String","org","apache","xerces","framework","X","M","L","Content","Spec"],"edges":[[0,1],[0,2],[0,3],[0,4],[1,5],[1,6],[2,7],[2,8],[5,9],[6,10],[6,11],[6,12],[7,13],[11,14],[13,15],[13,16],[13,17],[14,18],[14,19],[14,20],[14,21],[14,22],[14,23],[14,24],[14,25],[14,26]],"ID":11},{"def":[],"use":["i0"],"callees":[],"nodes":["CompoundStmt","IfStmt","BinaryOp","Local"," \u003d\u003d ","Constant","Int","3","Int"],"edges":[[0,1],[1,2],[2,3],[2,4],[2,5],[3,6],[5,7],[5,8]],"ID":12},{"def":[],"use":["i0"],"callees":[],"nodes":["CompoundStmt","IfStmt","BinaryOp","Local"," \u003d\u003d ","Constant","Int","2","Int"],"edges":[[0,1],[1,2],[2,3],[2,4],[2,5],[3,6],[5,7],[5,8]],"ID":13},{"def":[],"use":["i0"],"callees":[],"nodes":["CompoundStmt","IfStmt","BinaryOp","Local"," !\u003d ","Constant","Int","1","Int"],"edges":[[0,1],[1,2],[2,3],[2,4],[2,5],[3,6],[5,7],[5,8]],"ID":14},{"def":["$i20"],"use":["r2","r3","$i20","i1","r2.\u003corg.apache.xerces.framework.XMLContentSpec: int value\u003e","r0","r1"],"callees":["appendContentSpec"],"nodes":["CompoundStmt","DefinitionStmt","Invoke","Invoke","Invoke","Invoke","GotoStmt","Invoke","GotoStmt","Local","InstanceFieldRef","Int","Int","Local","Int","RefType","org","apache","xerces","framework","X","M","L","Content","Spec"],"edges":[[0,1],[0,2],[0,3],[0,4],[0,5],[0,6],[0,7],[0,8],[1,9],[1,10],[9,11],[10,12],[10,13],[10,14],[13,15],[15,16],[15,17],[15,18],[15,19],[15,20],[15,21],[15,22],[15,23],[15,24]],"ID":15},{"def":["$i12"],"use":["r2","r3","$i12","i1","r2.\u003corg.apache.xerces.framework.XMLContentSpec: int value\u003e","r0","r1"],"callees":["appendContentSpec"],"nodes":["CompoundStmt","DefinitionStmt","Invoke","Invoke","Local","InstanceFieldRef","Int","Int","Local","Int","RefType","org","apache","xerces","framework","X","M","L","Content","Spec"],"edges":[[0,1],[0,2],[0,3],[1,4],[1,5],[4,6],[5,7],[5,8],[5,9],[8,10],[10,11],[10,12],[10,13],[10,14],[10,15],[10,16],[10,17],[10,18],[10,19]],"ID":16},{"def":[],"use":["i0"],"callees":[],"nodes":["CompoundStmt","IfStmt","BinaryOp","Local"," \u003d\u003d ","Constant","Int","3","Int"],"edges":[[0,1],[1,2],[2,3],[2,4],[2,5],[3,6],[5,7],[5,8]],"ID":17},{"def":[],"use":["i0"],"callees":[],"nodes":["CompoundStmt","IfStmt","BinaryOp","Local"," \u003d\u003d ","Constant","Int","2","Int"],"edges":[[0,1],[1,2],[2,3],[2,4],[2,5],[3,6],[5,7],[5,8]],"ID":18},{"def":[],"use":["i0"],"callees":[],"nodes":["CompoundStmt","IfStmt","BinaryOp","Local"," !\u003d ","Constant","Int","1","Int"],"edges":[[0,1],[1,2],[2,3],[2,4],[2,5],[3,6],[5,7],[5,8]],"ID":19},{"def":["$i21"],"use":["r2","r3","$i21","i1","r2.\u003corg.apache.xerces.framework.XMLContentSpec: int value\u003e","r0","r1"],"callees":["appendContentSpec"],"nodes":["CompoundStmt","DefinitionStmt","Invoke","Invoke","Invoke","Invoke","GotoStmt","Invoke","GotoStmt","Local","InstanceFieldRef","Int","Int","Local","Int","RefType","org","apache","xerces","framework","X","M","L","Content","Spec"],"edges":[[0,1],[0,2],[0,3],[0,4],[0,5],[0,6],[0,7],[0,8],[1,9],[1,10],[9,11],[10,12],[10,13],[10,14],[13,15],[15,16],[15,17],[15,18],[15,19],[15,20],[15,21],[15,22],[15,23],[15,24]],"ID":20},{"def":["$i11"],"use":["r2","r3","$i11","i1","r2.\u003corg.apache.xerces.framework.XMLContentSpec: int value\u003e","r0","r1"],"callees":["appendContentSpec"],"nodes":["CompoundStmt","DefinitionStmt","Invoke","Invoke","Local","InstanceFieldRef","Int","Int","Local","Int","RefType","org","apache","xerces","framework","X","M","L","Content","Spec"],"edges":[[0,1],[0,2],[0,3],[1,4],[1,5],[4,6],[5,7],[5,8],[5,9],[8,10],[10,11],[10,12],[10,13],[10,14],[10,15],[10,16],[10,17],[10,18],[10,19]],"ID":21},{"def":[],"use":["i0"],"callees":[],"nodes":["CompoundStmt","IfStmt","BinaryOp","Local"," \u003d\u003d ","Constant","Int","3","Int"],"edges":[[0,1],[1,2],[2,3],[2,4],[2,5],[3,6],[5,7],[5,8]],"ID":22},{"def":[],"use":["i0"],"callees":[],"nodes":["CompoundStmt","IfStmt","BinaryOp","Local"," \u003d\u003d ","Constant","Int","2","Int"],"edges":[[0,1],[1,2],[2,3],[2,4],[2,5],[3,6],[5,7],[5,8]],"ID":23},{"def":[],"use":["i0"],"callees":[],"nodes":["CompoundStmt","IfStmt","BinaryOp","Local"," !\u003d ","Constant","Int","1","Int"],"edges":[[0,1],[1,2],[2,3],[2,4],[2,5],[3,6],[5,7],[5,8]],"ID":24},{"def":["$i22"],"use":["r2","r3","$i22","i1","r2.\u003corg.apache.xerces.framework.XMLContentSpec: int value\u003e","r0","r1"],"callees":["appendContentSpec"],"nodes":["CompoundStmt","Invoke","DefinitionStmt","Invoke","Invoke","Invoke","GotoStmt","Invoke","GotoStmt","Local","InstanceFieldRef","Int","Int","Local","Int","RefType","org","apache","xerces","framework","X","M","L","Content","Spec"],"edges":[[0,1],[0,2],[0,3],[0,4],[0,5],[0,6],[0,7],[0,8],[2,9],[2,10],[9,11],[10,12],[10,13],[10,14],[13,15],[15,16],[15,17],[15,18],[15,19],[15,20],[15,21],[15,22],[15,23],[15,24]],"ID":25},{"def":["$i10"],"use":["r2","r3","$i10","i1","r2.\u003corg.apache.xerces.framework.XMLContentSpec: int value\u003e","r0","r1"],"callees":["appendContentSpec"],"nodes":["CompoundStmt","DefinitionStmt","Invoke","Invoke","Local","InstanceFieldRef","Int","Int","Local","Int","RefType","org","apache","xerces","framework","X","M","L","Content","Spec"],"edges":[[0,1],[0,2],[0,3],[1,4],[1,5],[4,6],[5,7],[5,8],[5,9],[8,10],[10,11],[10,12],[10,13],[10,14],[10,15],[10,16],[10,17],[10,18],[10,19]],"ID":26},{"def":[],"use":["z0"],"callees":[],"nodes":["CompoundStmt","IfStmt","BinaryOp","Local"," \u003d\u003d ","Constant","Boolean","0","Int"],"edges":[[0,1],[1,2],[2,3],[2,4],[2,5],[3,6],[5,7],[5,8]],"ID":27},{"def":["$i8","$i9","i2","i3"],"use":["r2","r3","r2.\u003corg.apache.xerces.framework.XMLContentSpec: int otherValue\u003e","$i8","$i9","r2.\u003corg.apache.xerces.framework.XMLContentSpec: int value\u003e","i2","r2.\u003corg.apache.xerces.framework.XMLContentSpec: int type\u003e","r0"],"callees":[],"nodes":["CompoundStmt","Invoke","DefinitionStmt","DefinitionStmt","DefinitionStmt","Invoke","DefinitionStmt","IfStmt","Local","InstanceFieldRef","Local","InstanceFieldRef","Local","InstanceFieldRef","Local","InstanceFieldRef","BinaryOp","Int","Int","Local","Int","Int","Int","Local","Int","Int","Int","Local","Int","Int","Int","Local","Int","Local"," \u003d\u003d ","Local","RefType","RefType","RefType","RefType","Int","Int","org","apache","xerces","framework","X","M","L","Content","Spec","org","apache","xerces","framework","X","M","L","Content","Spec","org","apache","xerces","framework","X","M","L","Content","Spec","org","apache","xerces","framework","X","M","L","Content","Spec"],"edges":[[0,1],[0,2],[0,3],[0,4],[0,5],[0,6],[0,7],[2,8],[2,9],[3,10],[3,11],[4,12],[4,13],[6,14],[6,15],[7,16],[8,17],[9,18],[9,19],[9,20],[10,21],[11,22],[11,23],[11,24],[12,25],[13,26],[13,27],[13,28],[14,29],[15,30],[15,31],[15,32],[16,33],[16,34],[16,35],[19,36],[23,37],[27,38],[31,39],[33,40],[35,41],[36,42],[36,43],[36,44],[36,45],[36,46],[36,47],[36,48],[36,49],[36,50],[37,51],[37,52],[37,53],[37,54],[37,55],[37,56],[37,57],[37,58],[37,59],[38,60],[38,61],[38,62],[38,63],[38,64],[38,65],[38,66],[38,67],[38,68],[39,69],[39,70],[39,71],[39,72],[39,73],[39,74],[39,75],[39,76],[39,77]],"ID":28},{"def":["$z9"],"use":["r2","r3","$z9","i1","i2","r0","r1"],"callees":["appendContentSpec"],"nodes":["CompoundStmt","DefinitionStmt","GotoStmt","Invoke","IfStmt","Local","Constant","BinaryOp","Boolean","1","Int","Local"," !\u003d ","Constant","Int","4","Int"],"edges":[[0,1],[0,2],[0,3],[0,4],[1,5],[1,6],[4,7],[5,8],[6,9],[6,10],[7,11],[7,12],[7,13],[11,14],[13,15],[13,16]],"ID":29},{"def":["$z9"],"use":[],"callees":[],"nodes":["CompoundStmt","DefinitionStmt","Local","Constant","Boolean","0","Int"],"edges":[[0,1],[1,2],[1,3],[2,4],[3,5],[3,6]],"ID":30},{"def":[],"use":["r2","r3","z0","i1","i3","r0","r1"],"callees":["appendContentSpec"],"nodes":["CompoundStmt","Invoke","GotoStmt","Invoke","Invoke","IfStmt","BinaryOp","Local"," \u003d\u003d ","Constant","Boolean","0","Int"],"edges":[[0,1],[0,2],[0,3],[0,4],[0,5],[5,6],[6,7],[6,8],[6,9],[7,10],[9,11],[9,12]],"ID":31},{"def":[],"use":["r3"],"callees":[],"nodes":["CompoundStmt","Invoke"],"edges":[[0,1]],"ID":32},{"def":[],"use":["r3"],"callees":[],"nodes":["CompoundStmt","Invoke","GotoStmt"],"edges":[[0,1],[0,2]],"ID":33},{"def":["$i6"],"use":["r2","r3","$i6","r2.\u003corg.apache.xerces.framework.XMLContentSpec: int otherValue\u003e"],"callees":[],"nodes":["CompoundStmt","Invoke","DefinitionStmt","IfStmt","Local","InstanceFieldRef","BinaryOp","Int","Int","Local","Int","Local"," \u003d\u003d ","Constant","RefType","Int","-","1","Int","org","apache","xerces","framework","X","M","L","Content","Spec"],"edges":[[0,1],[0,2],[0,3],[2,4],[2,5],[3,6],[4,7],[5,8],[5,9],[5,10],[6,11],[6,12],[6,13],[9,14],[11,15],[13,16],[13,17],[13,18],[14,19],[14,20],[14,21],[14,22],[14,23],[14,24],[14,25],[14,26],[14,27]],"ID":34},{"def":["$i7","$r10"],"use":["r2","r3","$i7","r2.\u003corg.apache.xerces.framework.XMLContentSpec: int otherValue\u003e","r1","$r10"],"callees":[],"nodes":["CompoundStmt","Invoke","DefinitionStmt","DefinitionStmt","Invoke","GotoStmt","Local","InstanceFieldRef","Local","Invoke","Int","Int","Local","Int","RefType","RefType","java","lang","String","org","apache","xerces","framework","X","M","L","Content","Spec"],"edges":[[0,1],[0,2],[0,3],[0,4],[0,5],[2,6],[2,7],[3,8],[3,9],[6,10],[7,11],[7,12],[7,13],[8,14],[12,15],[14,16],[14,17],[14,18],[15,19],[15,20],[15,21],[15,22],[15,23],[15,24],[15,25],[15,26],[15,27]],"ID":35},{"def":["$i5","$r6"],"use":["r2","$i5","r3","r2.\u003corg.apache.xerces.framework.XMLContentSpec: int otherValue\u003e","$r6","r1"],"callees":[],"nodes":["CompoundStmt","Invoke","DefinitionStmt","DefinitionStmt","Invoke","GotoStmt","Local","InstanceFieldRef","Local","Invoke","Int","Int","Local","Int","RefType","RefType","java","lang","String","org","apache","xerces","framework","X","M","L","Content","Spec"],"edges":[[0,1],[0,2],[0,3],[0,4],[0,5],[2,6],[2,7],[3,8],[3,9],[6,10],[7,11],[7,12],[7,13],[8,14],[12,15],[14,16],[14,17],[14,18],[15,19],[15,20],[15,21],[15,22],[15,23],[15,24],[15,25],[15,26],[15,27]],"ID":36},{"def":[],"use":["r3"],"callees":[],"nodes":["CompoundStmt","Invoke","GotoStmt"],"edges":[[0,1],[0,2]],"ID":37},{"def":[],"use":["r3"],"callees":[],"nodes":["CompoundStmt","Invoke"],"edges":[[0,1]],"ID":38}],"edgeSet":[[2,37,13],[2,17,8],[6,9,2],[22,25,2],[29,31,1],[9,11,2],[4,5,1],[12,13,1],[13,15,2],[24,25,1],[28,29,1],[26,25,0],[30,29,0],[8,5,0],[10,5,0],[2,38,14],[2,34,11],[20,5,0],[2,22,9],[0,2,0],[17,20,2],[29,32,2],[34,5,2],[36,5,0],[19,20,1],[4,6,2],[3,4,1],[7,8,1],[23,24,1],[24,26,2],[27,28,1],[28,30,2],[38,5,0],[21,20,0],[27,28,2],[2,27,10],[12,15,2],[31,33,1],[18,19,1],[7,9,2],[6,7,1],[14,15,1],[19,21,2],[22,23,1],[23,25,2],[34,35,1],[16,15,0],[32,31,0],[5,1,0],[2,3,6],[11,5,0],[2,36,12],[15,5,0],[25,5,0],[31,5,2],[33,5,0],[2,12,7],[35,5,0],[3,6,2],[9,10,1],[13,14,1],[14,16,2],[17,18,1],[18,20,2],[37,5,0]],"ENTRY":{"def":[],"use":[],"callees":[],"nodes":["CompoundStmt"],"edges":[],"ID":0},"EXIT":{"def":[],"use":[],"callees":[],"nodes":["CompoundStmt"],"edges":[],"ID":1},"method_name":"appendContentSpec"}],"label":"0"}