{"data":[{"blocks":[{"def":[],"use":[],"callees":[],"nodes":["CompoundStmt"],"edges":[],"ID":0},{"def":[],"use":[],"callees":[],"nodes":["CompoundStmt"],"edges":[],"ID":1},{"def":["z0","r0"],"use":["@this: org.apache.xerces.dom.NodeImpl","z0","@parameter0: boolean"],"callees":[],"nodes":["CompoundStmt","DefinitionStmt","DefinitionStmt","IfStmt","Local","ThisRef","Local","Param","BinaryOp","RefType","RefType","Boolean","Boolean","Local"," \u003d\u003d ","Constant","org","apache","xerces","dom","Node","Impl","org","apache","xerces","dom","Node","Impl","Boolean","0","Int"],"edges":[[0,1],[0,2],[0,3],[1,4],[1,5],[2,6],[2,7],[3,8],[4,9],[5,10],[6,11],[7,12],[8,13],[8,14],[8,15],[9,16],[9,17],[9,18],[9,19],[9,20],[9,21],[10,22],[10,23],[10,24],[10,25],[10,26],[10,27],[13,28],[15,29],[15,30]],"ID":2},{"def":["r0.\u003corg.apache.xerces.dom.NodeImpl: short flags\u003e","$s2","$s3","$s4"],"use":["r0.\u003corg.apache.xerces.dom.NodeImpl: short flags\u003e","$s2","$s3","$s4","r0"],"callees":[],"nodes":["CompoundStmt","DefinitionStmt","DefinitionStmt","DefinitionStmt","GotoStmt","DefinitionStmt","ReturnVoidStmt","Local","InstanceFieldRef","Local","BinaryOp","Local","CastExpr","InstanceFieldRef","Local","Short","Short","Local","Short","Short","Local"," | ","Constant","Short","Short","Short","Local","Short","Local","Short","Short","RefType","Short","2","Int","Short","RefType","org","apache","xerces","dom","Node","Impl","org","apache","xerces","dom","Node","Impl"],"edges":[[0,1],[0,2],[0,3],[0,4],[0,5],[0,6],[1,7],[1,8],[2,9],[2,10],[3,11],[3,12],[5,13],[5,14],[7,15],[8,16],[8,17],[8,18],[9,19],[10,20],[10,21],[10,22],[11,23],[12,24],[12,25],[12,26],[13,27],[13,28],[13,29],[14,30],[17,31],[20,32],[22,33],[22,34],[26,35],[28,36],[31,37],[31,38],[31,39],[31,40],[31,41],[31,42],[36,43],[36,44],[36,45],[36,46],[36,47],[36,48]],"ID":3},{"def":["$s0","$s1","$s4"],"use":["r0.\u003corg.apache.xerces.dom.NodeImpl: short flags\u003e","$s0","$s1","r0"],"callees":[],"nodes":["CompoundStmt","DefinitionStmt","DefinitionStmt","DefinitionStmt","Local","InstanceFieldRef","Local","BinaryOp","Local","CastExpr","Short","Short","Local","Short","Short","Local"," \u0026 ","Constant","Short","Short","Short","Local","RefType","Short","-","3","Int","Short","org","apache","xerces","dom","Node","Impl"],"edges":[[0,1],[0,2],[0,3],[1,4],[1,5],[2,6],[2,7],[3,8],[3,9],[4,10],[5,11],[5,12],[5,13],[6,14],[7,15],[7,16],[7,17],[8,18],[9,19],[9,20],[9,21],[12,22],[15,23],[17,24],[17,25],[17,26],[21,27],[22,28],[22,29],[22,30],[22,31],[22,32],[22,33]],"ID":4}],"edgeSet":[[3,1,0],[0,2,0],[2,3,1],[2,4,2],[4,3,0]],"ENTRY":{"def":[],"use":[],"callees":[],"nodes":["CompoundStmt"],"edges":[],"ID":0},"EXIT":{"def":[],"use":[],"callees":[],"nodes":["CompoundStmt"],"edges":[],"ID":1},"method_name":"needsSyncData"},{"blocks":[{"def":[],"use":[],"callees":[],"nodes":["CompoundStmt"],"edges":[],"ID":0},{"def":[],"use":[],"callees":[],"nodes":["CompoundStmt"],"edges":[],"ID":1},{"def":["z0","r0"],"use":["@this: org.apache.xerces.dom.NodeImpl","z0","@parameter0: boolean"],"callees":[],"nodes":["CompoundStmt","DefinitionStmt","DefinitionStmt","IfStmt","Local","ThisRef","Local","Param","BinaryOp","RefType","RefType","Boolean","Boolean","Local"," \u003d\u003d ","Constant","org","apache","xerces","dom","Node","Impl","org","apache","xerces","dom","Node","Impl","Boolean","0","Int"],"edges":[[0,1],[0,2],[0,3],[1,4],[1,5],[2,6],[2,7],[3,8],[4,9],[5,10],[6,11],[7,12],[8,13],[8,14],[8,15],[9,16],[9,17],[9,18],[9,19],[9,20],[9,21],[10,22],[10,23],[10,24],[10,25],[10,26],[10,27],[13,28],[15,29],[15,30]],"ID":2},{"def":["r0.\u003corg.apache.xerces.dom.NodeImpl: short flags\u003e","$s2","$s3","$s4"],"use":["r0.\u003corg.apache.xerces.dom.NodeImpl: short flags\u003e","$s2","$s3","$s4","r0"],"callees":[],"nodes":["CompoundStmt","DefinitionStmt","DefinitionStmt","DefinitionStmt","GotoStmt","DefinitionStmt","ReturnVoidStmt","Local","InstanceFieldRef","Local","BinaryOp","Local","CastExpr","InstanceFieldRef","Local","Short","Short","Local","Short","Short","Local"," | ","Constant","Short","Short","Short","Local","Short","Local","Short","Short","RefType","Short","4","Int","Short","RefType","org","apache","xerces","dom","Node","Impl","org","apache","xerces","dom","Node","Impl"],"edges":[[0,1],[0,2],[0,3],[0,4],[0,5],[0,6],[1,7],[1,8],[2,9],[2,10],[3,11],[3,12],[5,13],[5,14],[7,15],[8,16],[8,17],[8,18],[9,19],[10,20],[10,21],[10,22],[11,23],[12,24],[12,25],[12,26],[13,27],[13,28],[13,29],[14,30],[17,31],[20,32],[22,33],[22,34],[26,35],[28,36],[31,37],[31,38],[31,39],[31,40],[31,41],[31,42],[36,43],[36,44],[36,45],[36,46],[36,47],[36,48]],"ID":3},{"def":["$s0","$s1","$s4"],"use":["r0.\u003corg.apache.xerces.dom.NodeImpl: short flags\u003e","$s0","$s1","r0"],"callees":[],"nodes":["CompoundStmt","DefinitionStmt","DefinitionStmt","DefinitionStmt","Local","InstanceFieldRef","Local","BinaryOp","Local","CastExpr","Short","Short","Local","Short","Short","Local"," \u0026 ","Constant","Short","Short","Short","Local","RefType","Short","-","5","Int","Short","org","apache","xerces","dom","Node","Impl"],"edges":[[0,1],[0,2],[0,3],[1,4],[1,5],[2,6],[2,7],[3,8],[3,9],[4,10],[5,11],[5,12],[5,13],[6,14],[7,15],[7,16],[7,17],[8,18],[9,19],[9,20],[9,21],[12,22],[15,23],[17,24],[17,25],[17,26],[21,27],[22,28],[22,29],[22,30],[22,31],[22,32],[22,33]],"ID":4}],"edgeSet":[[3,1,0],[0,2,0],[2,3,1],[2,4,2],[4,3,0]],"ENTRY":{"def":[],"use":[],"callees":[],"nodes":["CompoundStmt"],"edges":[],"ID":0},"EXIT":{"def":[],"use":[],"callees":[],"nodes":["CompoundStmt"],"edges":[],"ID":1},"method_name":"needsSyncChildren"},{"blocks":[{"def":[],"use":[],"callees":[],"nodes":["CompoundStmt"],"edges":[],"ID":0},{"def":[],"use":[],"callees":[],"nodes":["CompoundStmt"],"edges":[],"ID":1},{"def":["r0.\u003corg.apache.xerces.dom.DeferredAttrImpl: int fNodeIndex\u003e","i0","r0","r1"],"use":["@parameter0: org.apache.xerces.dom.DeferredDocumentImpl","@this: org.apache.xerces.dom.DeferredAttrImpl","i0","@parameter1: int","r0","r1"],"callees":["needsSyncChildren","needsSyncData","\u003cinit\u003e"],"nodes":["CompoundStmt","DefinitionStmt","DefinitionStmt","DefinitionStmt","Invoke","DefinitionStmt","Invoke","Invoke","ReturnVoidStmt","Local","ThisRef","Local","Param","Local","Param","InstanceFieldRef","Local","RefType","RefType","RefType","RefType","Int","Int","Int","Local","Int","Int","org","apache","xerces","dom","Deferred","Attr","Impl","org","apache","xerces","dom","Deferred","Attr","Impl","org","apache","xerces","dom","Deferred","Document","Impl","org","apache","xerces","dom","Deferred","Document","Impl","RefType","org","apache","xerces","dom","Deferred","Attr","Impl"],"edges":[[0,1],[0,2],[0,3],[0,4],[0,5],[0,6],[0,7],[0,8],[1,9],[1,10],[2,11],[2,12],[3,13],[3,14],[5,15],[5,16],[9,17],[10,18],[11,19],[12,20],[13,21],[14,22],[15,23],[15,24],[15,25],[16,26],[17,27],[17,28],[17,29],[17,30],[17,31],[17,32],[17,33],[18,34],[18,35],[18,36],[18,37],[18,38],[18,39],[18,40],[19,41],[19,42],[19,43],[19,44],[19,45],[19,46],[19,47],[20,48],[20,49],[20,50],[20,51],[20,52],[20,53],[20,54],[24,55],[55,56],[55,57],[55,58],[55,59],[55,60],[55,61],[55,62]],"ID":2}],"edgeSet":[[0,2,0],[2,1,0]],"ENTRY":{"def":[],"use":[],"callees":[],"nodes":["CompoundStmt"],"edges":[],"ID":0},"EXIT":{"def":[],"use":[],"callees":[],"nodes":["CompoundStmt"],"edges":[],"ID":1},"method_name":"\u003cinit\u003e"},{"blocks":[{"def":[],"use":[],"callees":[],"nodes":["CompoundStmt"],"edges":[],"ID":0},{"def":[],"use":[],"callees":[],"nodes":["CompoundStmt"],"edges":[],"ID":1},{"def":["$i0","r0"],"use":["@this: org.apache.xerces.dom.DeferredAttrImpl","r0.\u003corg.apache.xerces.dom.DeferredAttrImpl: int fNodeIndex\u003e","$i0","r0"],"callees":[],"nodes":["CompoundStmt","DefinitionStmt","DefinitionStmt","ReturnStmt","Local","ThisRef","Local","InstanceFieldRef","Local","RefType","RefType","Int","Int","Local","Int","Int","org","apache","xerces","dom","Deferred","Attr","Impl","org","apache","xerces","dom","Deferred","Attr","Impl","RefType","org","apache","xerces","dom","Deferred","Attr","Impl"],"edges":[[0,1],[0,2],[0,3],[1,4],[1,5],[2,6],[2,7],[3,8],[4,9],[5,10],[6,11],[7,12],[7,13],[7,14],[8,15],[9,16],[9,17],[9,18],[9,19],[9,20],[9,21],[9,22],[10,23],[10,24],[10,25],[10,26],[10,27],[10,28],[10,29],[13,30],[30,31],[30,32],[30,33],[30,34],[30,35],[30,36],[30,37]],"ID":2}],"edgeSet":[[0,2,0],[2,1,0]],"ENTRY":{"def":[],"use":[],"callees":[],"nodes":["CompoundStmt"],"edges":[],"ID":0},"EXIT":{"def":[],"use":[],"callees":[],"nodes":["CompoundStmt"],"edges":[],"ID":1},"method_name":"getNodeIndex"},{"blocks":[{"def":[],"use":[],"callees":[],"nodes":["CompoundStmt"],"edges":[],"ID":0},{"def":[],"use":[],"callees":[],"nodes":["CompoundStmt"],"edges":[],"ID":1},{"def":["$s0","$s1","r0"],"use":["r0.\u003corg.apache.xerces.dom.NodeImpl: short flags\u003e","$s0","$s1","@this: org.apache.xerces.dom.NodeImpl","r0"],"callees":[],"nodes":["CompoundStmt","DefinitionStmt","DefinitionStmt","DefinitionStmt","IfStmt","Local","ThisRef","Local","InstanceFieldRef","Local","BinaryOp","BinaryOp","RefType","RefType","Short","Short","Local","Short","Short","Local"," \u0026 ","Constant","Local"," \u003d\u003d ","Constant","org","apache","xerces","dom","Node","Impl","org","apache","xerces","dom","Node","Impl","RefType","Short","8","Int","Short","0","Int","org","apache","xerces","dom","Node","Impl"],"edges":[[0,1],[0,2],[0,3],[0,4],[1,5],[1,6],[2,7],[2,8],[3,9],[3,10],[4,11],[5,12],[6,13],[7,14],[8,15],[8,16],[8,17],[9,18],[10,19],[10,20],[10,21],[11,22],[11,23],[11,24],[12,25],[12,26],[12,27],[12,28],[12,29],[12,30],[13,31],[13,32],[13,33],[13,34],[13,35],[13,36],[16,37],[19,38],[21,39],[21,40],[22,41],[24,42],[24,43],[37,44],[37,45],[37,46],[37,47],[37,48],[37,49]],"ID":2},{"def":["$z0"],"use":["$z0"],"callees":[],"nodes":["CompoundStmt","DefinitionStmt","GotoStmt","ReturnStmt","Local","Constant","Local","Boolean","1","Int","Boolean"],"edges":[[0,1],[0,2],[0,3],[1,4],[1,5],[3,6],[4,7],[5,8],[5,9],[6,10]],"ID":3},{"def":["$z0"],"use":[],"callees":[],"nodes":["CompoundStmt","DefinitionStmt","Local","Constant","Boolean","0","Int"],"edges":[[0,1],[1,2],[1,3],[2,4],[3,5],[3,6]],"ID":4}],"edgeSet":[[3,1,0],[0,2,0],[2,3,1],[2,4,2],[4,3,0]],"ENTRY":{"def":[],"use":[],"callees":[],"nodes":["CompoundStmt"],"edges":[],"ID":0},"EXIT":{"def":[],"use":[],"callees":[],"nodes":["CompoundStmt"],"edges":[],"ID":1},"method_name":"isOwned"},{"blocks":[{"def":[],"use":[],"callees":[],"nodes":["CompoundStmt"],"edges":[],"ID":0},{"def":[],"use":[],"callees":[],"nodes":["CompoundStmt"],"edges":[],"ID":1},{"def":["$z0","r0"],"use":["@this: org.apache.xerces.dom.NodeImpl","$z0","r0"],"callees":["isOwned"],"nodes":["CompoundStmt","DefinitionStmt","DefinitionStmt","IfStmt","Local","ThisRef","Local","Invoke","BinaryOp","RefType","RefType","Boolean","Local"," \u003d\u003d ","Constant","org","apache","xerces","dom","Node","Impl","org","apache","xerces","dom","Node","Impl","Boolean","0","Int"],"edges":[[0,1],[0,2],[0,3],[1,4],[1,5],[2,6],[2,7],[3,8],[4,9],[5,10],[6,11],[8,12],[8,13],[8,14],[9,15],[9,16],[9,17],[9,18],[9,19],[9,20],[10,21],[10,22],[10,23],[10,24],[10,25],[10,26],[12,27],[14,28],[14,29]],"ID":2},{"def":["$r3","$r4"],"use":["r0.\u003corg.apache.xerces.dom.NodeImpl: org.apache.xerces.dom.NodeImpl ownerNode\u003e","$r3","$r4","r0"],"callees":["ownerDocument"],"nodes":["CompoundStmt","DefinitionStmt","DefinitionStmt","ReturnStmt","Local","InstanceFieldRef","Local","Invoke","Local","RefType","RefType","Local","RefType","RefType","RefType","org","apache","xerces","dom","Node","Impl","org","apache","xerces","dom","Node","Impl","RefType","org","apache","xerces","dom","Node","Impl","org","apache","xerces","dom","Document","Impl","org","apache","xerces","dom","Document","Impl","org","apache","xerces","dom","Node","Impl"],"edges":[[0,1],[0,2],[0,3],[1,4],[1,5],[2,6],[2,7],[3,8],[4,9],[5,10],[5,11],[5,12],[6,13],[8,14],[9,15],[9,16],[9,17],[9,18],[9,19],[9,20],[10,21],[10,22],[10,23],[10,24],[10,25],[10,26],[11,27],[12,28],[12,29],[12,30],[12,31],[12,32],[12,33],[13,34],[13,35],[13,36],[13,37],[13,38],[13,39],[14,40],[14,41],[14,42],[14,43],[14,44],[14,45],[27,46],[27,47],[27,48],[27,49],[27,50],[27,51]],"ID":3},{"def":["$r1","$r2"],"use":["r0.\u003corg.apache.xerces.dom.NodeImpl: org.apache.xerces.dom.NodeImpl ownerNode\u003e","$r1","$r2","r0"],"callees":[],"nodes":["CompoundStmt","DefinitionStmt","DefinitionStmt","ReturnStmt","Local","InstanceFieldRef","Local","CastExpr","Local","RefType","RefType","Local","RefType","RefType","RefType","RefType","Local","RefType","org","apache","xerces","dom","Node","Impl","org","apache","xerces","dom","Node","Impl","RefType","org","apache","xerces","dom","Node","Impl","org","apache","xerces","dom","Document","Impl","org","apache","xerces","dom","Document","Impl","org","apache","xerces","dom","Document","Impl","RefType","org","apache","xerces","dom","Document","Impl","org","apache","xerces","dom","Node","Impl","org","apache","xerces","dom","Node","Impl"],"edges":[[0,1],[0,2],[0,3],[1,4],[1,5],[2,6],[2,7],[3,8],[4,9],[5,10],[5,11],[5,12],[6,13],[7,14],[7,15],[7,16],[8,17],[9,18],[9,19],[9,20],[9,21],[9,22],[9,23],[10,24],[10,25],[10,26],[10,27],[10,28],[10,29],[11,30],[12,31],[12,32],[12,33],[12,34],[12,35],[12,36],[13,37],[13,38],[13,39],[13,40],[13,41],[13,42],[14,43],[14,44],[14,45],[14,46],[14,47],[14,48],[15,49],[15,50],[15,51],[15,52],[15,53],[15,54],[16,55],[17,56],[17,57],[17,58],[17,59],[17,60],[17,61],[30,62],[30,63],[30,64],[30,65],[30,66],[30,67],[55,68],[55,69],[55,70],[55,71],[55,72],[55,73]],"ID":4}],"edgeSet":[[3,1,0],[4,1,0],[0,2,0],[2,3,1],[2,4,2]],"ENTRY":{"def":[],"use":[],"callees":[],"nodes":["CompoundStmt"],"edges":[],"ID":0},"EXIT":{"def":[],"use":[],"callees":[],"nodes":["CompoundStmt"],"edges":[],"ID":1},"method_name":"ownerDocument"},{"blocks":[{"def":[],"use":[],"callees":[],"nodes":["CompoundStmt"],"edges":[],"ID":0},{"def":[],"use":[],"callees":[],"nodes":["CompoundStmt"],"edges":[],"ID":1},{"def":["i0","$i1","r0"],"use":["i0","@parameter0: int","$i1","@this: org.apache.xerces.dom.DeferredDocumentImpl","r0"],"callees":["getNodeName"],"nodes":["CompoundStmt","DefinitionStmt","DefinitionStmt","DefinitionStmt","ReturnStmt","Local","ThisRef","Local","Param","Local","Invoke","Local","RefType","RefType","Int","Int","Int","Int","org","apache","xerces","dom","Deferred","Document","Impl","org","apache","xerces","dom","Deferred","Document","Impl"],"edges":[[0,1],[0,2],[0,3],[0,4],[1,5],[1,6],[2,7],[2,8],[3,9],[3,10],[4,11],[5,12],[6,13],[7,14],[8,15],[9,16],[11,17],[12,18],[12,19],[12,20],[12,21],[12,22],[12,23],[12,24],[13,25],[13,26],[13,27],[13,28],[13,29],[13,30],[13,31]],"ID":2}],"edgeSet":[[0,2,0],[2,1,0]],"ENTRY":{"def":[],"use":[],"callees":[],"nodes":["CompoundStmt"],"edges":[],"ID":0},"EXIT":{"def":[],"use":[],"callees":[],"nodes":["CompoundStmt"],"edges":[],"ID":1},"method_name":"getNodeName"},{"blocks":[{"def":[],"use":[],"callees":[],"nodes":["CompoundStmt"],"edges":[],"ID":0},{"def":[],"use":[],"callees":[],"nodes":["CompoundStmt"],"edges":[],"ID":1},{"def":["$r1","r0"],"use":["$r1","r0.\u003corg.apache.xerces.dom.DeferredDocumentImpl: org.apache.xerces.utils.StringPool fStringPool\u003e","@this: org.apache.xerces.dom.DeferredDocumentImpl","r0"],"callees":[],"nodes":["CompoundStmt","DefinitionStmt","DefinitionStmt","ReturnStmt","Local","ThisRef","Local","InstanceFieldRef","Local","RefType","RefType","RefType","RefType","Local","RefType","RefType","org","apache","xerces","dom","Deferred","Document","Impl","org","apache","xerces","dom","Deferred","Document","Impl","org","apache","xerces","utils","String","Pool","org","apache","xerces","utils","String","Pool","RefType","org","apache","xerces","utils","String","Pool","org","apache","xerces","utils","String","Pool","org","apache","xerces","dom","Deferred","Document","Impl"],"edges":[[0,1],[0,2],[0,3],[1,4],[1,5],[2,6],[2,7],[3,8],[4,9],[5,10],[6,11],[7,12],[7,13],[7,14],[8,15],[9,16],[9,17],[9,18],[9,19],[9,20],[9,21],[9,22],[10,23],[10,24],[10,25],[10,26],[10,27],[10,28],[10,29],[11,30],[11,31],[11,32],[11,33],[11,34],[11,35],[12,36],[12,37],[12,38],[12,39],[12,40],[12,41],[13,42],[14,43],[14,44],[14,45],[14,46],[14,47],[14,48],[15,49],[15,50],[15,51],[15,52],[15,53],[15,54],[42,55],[42,56],[42,57],[42,58],[42,59],[42,60],[42,61]],"ID":2}],"edgeSet":[[0,2,0],[2,1,0]],"ENTRY":{"def":[],"use":[],"callees":[],"nodes":["CompoundStmt"],"edges":[],"ID":0},"EXIT":{"def":[],"use":[],"callees":[],"nodes":["CompoundStmt"],"edges":[],"ID":1},"method_name":"getStringPool"},{"blocks":[{"def":[],"use":[],"callees":[],"nodes":["CompoundStmt"],"edges":[],"ID":0},{"def":[],"use":[],"callees":[],"nodes":["CompoundStmt"],"edges":[],"ID":1},{"def":["i0","$i1","r0"],"use":["i0","@parameter0: int","$i1","@this: org.apache.xerces.dom.DeferredDocumentImpl","r0"],"callees":["getNodeValue"],"nodes":["CompoundStmt","DefinitionStmt","DefinitionStmt","DefinitionStmt","ReturnStmt","Local","ThisRef","Local","Param","Local","Invoke","Local","RefType","RefType","Int","Int","Int","Int","org","apache","xerces","dom","Deferred","Document","Impl","org","apache","xerces","dom","Deferred","Document","Impl"],"edges":[[0,1],[0,2],[0,3],[0,4],[1,5],[1,6],[2,7],[2,8],[3,9],[3,10],[4,11],[5,12],[6,13],[7,14],[8,15],[9,16],[11,17],[12,18],[12,19],[12,20],[12,21],[12,22],[12,23],[12,24],[13,25],[13,26],[13,27],[13,28],[13,29],[13,30],[13,31]],"ID":2}],"edgeSet":[[0,2,0],[2,1,0]],"ENTRY":{"def":[],"use":[],"callees":[],"nodes":["CompoundStmt"],"edges":[],"ID":0},"EXIT":{"def":[],"use":[],"callees":[],"nodes":["CompoundStmt"],"edges":[],"ID":1},"method_name":"getNodeValue"},{"blocks":[{"def":[],"use":[],"callees":[],"nodes":["CompoundStmt"],"edges":[],"ID":0},{"def":[],"use":[],"callees":[],"nodes":["CompoundStmt"],"edges":[],"ID":1},{"def":["z0","r0"],"use":["@this: org.apache.xerces.dom.NodeImpl","z0","@parameter0: boolean"],"callees":[],"nodes":["CompoundStmt","DefinitionStmt","DefinitionStmt","IfStmt","Local","ThisRef","Local","Param","BinaryOp","RefType","RefType","Boolean","Boolean","Local"," \u003d\u003d ","Constant","org","apache","xerces","dom","Node","Impl","org","apache","xerces","dom","Node","Impl","Boolean","0","Int"],"edges":[[0,1],[0,2],[0,3],[1,4],[1,5],[2,6],[2,7],[3,8],[4,9],[5,10],[6,11],[7,12],[8,13],[8,14],[8,15],[9,16],[9,17],[9,18],[9,19],[9,20],[9,21],[10,22],[10,23],[10,24],[10,25],[10,26],[10,27],[13,28],[15,29],[15,30]],"ID":2},{"def":["r0.\u003corg.apache.xerces.dom.NodeImpl: short flags\u003e","$s2","$s3","$s4"],"use":["r0.\u003corg.apache.xerces.dom.NodeImpl: short flags\u003e","$s2","$s3","$s4","r0"],"callees":[],"nodes":["CompoundStmt","DefinitionStmt","DefinitionStmt","DefinitionStmt","GotoStmt","DefinitionStmt","ReturnVoidStmt","Local","InstanceFieldRef","Local","BinaryOp","Local","CastExpr","InstanceFieldRef","Local","Short","Short","Local","Short","Short","Local"," | ","Constant","Short","Short","Short","Local","Short","Local","Short","Short","RefType","Short","3","2","Int","Short","RefType","org","apache","xerces","dom","Node","Impl","org","apache","xerces","dom","Node","Impl"],"edges":[[0,1],[0,2],[0,3],[0,4],[0,5],[0,6],[1,7],[1,8],[2,9],[2,10],[3,11],[3,12],[5,13],[5,14],[7,15],[8,16],[8,17],[8,18],[9,19],[10,20],[10,21],[10,22],[11,23],[12,24],[12,25],[12,26],[13,27],[13,28],[13,29],[14,30],[17,31],[20,32],[22,33],[22,34],[22,35],[26,36],[28,37],[31,38],[31,39],[31,40],[31,41],[31,42],[31,43],[37,44],[37,45],[37,46],[37,47],[37,48],[37,49]],"ID":3},{"def":["$s0","$s1","$s4"],"use":["r0.\u003corg.apache.xerces.dom.NodeImpl: short flags\u003e","$s0","$s1","r0"],"callees":[],"nodes":["CompoundStmt","DefinitionStmt","DefinitionStmt","DefinitionStmt","Local","InstanceFieldRef","Local","BinaryOp","Local","CastExpr","Short","Short","Local","Short","Short","Local"," \u0026 ","Constant","Short","Short","Short","Local","RefType","Short","-","3","3","Int","Short","org","apache","xerces","dom","Node","Impl"],"edges":[[0,1],[0,2],[0,3],[1,4],[1,5],[2,6],[2,7],[3,8],[3,9],[4,10],[5,11],[5,12],[5,13],[6,14],[7,15],[7,16],[7,17],[8,18],[9,19],[9,20],[9,21],[12,22],[15,23],[17,24],[17,25],[17,26],[17,27],[21,28],[22,29],[22,30],[22,31],[22,32],[22,33],[22,34]],"ID":4}],"edgeSet":[[3,1,0],[0,2,0],[2,3,1],[2,4,2],[4,3,0]],"ENTRY":{"def":[],"use":[],"callees":[],"nodes":["CompoundStmt"],"edges":[],"ID":0},"EXIT":{"def":[],"use":[],"callees":[],"nodes":["CompoundStmt"],"edges":[],"ID":1},"method_name":"isSpecified"},{"blocks":[{"def":[],"use":[],"callees":[],"nodes":["CompoundStmt"],"edges":[],"ID":0},{"def":[],"use":[],"callees":[],"nodes":["CompoundStmt"],"edges":[],"ID":1},{"def":["r2","r0.\u003corg.apache.xerces.dom.AttrImpl: java.lang.String name\u003e","$r3","$r4","i0","$i1","$i2","r0","$i3","r1"],"use":["r2","@this: org.apache.xerces.dom.DeferredAttrImpl","r0.\u003corg.apache.xerces.dom.DeferredAttrImpl: int fNodeIndex\u003e","$r3","$r4","i0","$i1","$i2","r0","$i3","r1"],"callees":["getNodeValue","needsSyncData","getStringPool","getNodeName","ownerDocument"],"nodes":["CompoundStmt","DefinitionStmt","Invoke","DefinitionStmt","DefinitionStmt","DefinitionStmt","DefinitionStmt","DefinitionStmt","DefinitionStmt","DefinitionStmt","DefinitionStmt","DefinitionStmt","IfStmt","Local","ThisRef","Local","Invoke","Local","CastExpr","Local","InstanceFieldRef","Local","Invoke","Local","Invoke","Local","Invoke","InstanceFieldRef","Local","Local","InstanceFieldRef","Local","Invoke","BinaryOp","RefType","RefType","RefType","RefType","RefType","RefType","Local","Int","Int","Local","Int","Int","RefType","RefType","RefType","Local","RefType","RefType","Int","Int","Local","Int","Int","Local"," !\u003d ","Constant","org","apache","xerces","dom","Deferred","Attr","Impl","org","apache","xerces","dom","Deferred","Attr","Impl","org","apache","xerces","dom","Document","Impl","org","apache","xerces","dom","Deferred","Document","Impl","org","apache","xerces","dom","Deferred","Document","Impl","org","apache","xerces","dom","Deferred","Document","Impl","RefType","RefType","org","apache","xerces","utils","String","Pool","java","lang","String","java","lang","String","RefType","java","lang","String","java","lang","String","RefType","Int","1","Int","org","apache","xerces","dom","Document","Impl","org","apache","xerces","dom","Deferred","Attr","Impl","org","apache","xerces","dom","Deferred","Attr","Impl","org","apache","xerces","dom","Deferred","Attr","Impl"],"edges":[[0,1],[0,2],[0,3],[0,4],[0,5],[0,6],[0,7],[0,8],[0,9],[0,10],[0,11],[0,12],[1,13],[1,14],[3,15],[3,16],[4,17],[4,18],[5,19],[5,20],[6,21],[6,22],[7,23],[7,24],[8,25],[8,26],[9,27],[9,28],[10,29],[10,30],[11,31],[11,32],[12,33],[13,34],[14,35],[15,36],[17,37],[18,38],[18,39],[18,40],[19,41],[20,42],[20,43],[20,44],[21,45],[23,46],[25,47],[27,48],[27,49],[27,50],[28,51],[29,52],[30,53],[30,54],[30,55],[31,56],[33,57],[33,58],[33,59],[34,60],[34,61],[34,62],[34,63],[34,64],[34,65],[34,66],[35,67],[35,68],[35,69],[35,70],[35,71],[35,72],[35,73],[36,74],[36,75],[36,76],[36,77],[36,78],[36,79],[37,80],[37,81],[37,82],[37,83],[37,84],[37,85],[37,86],[38,87],[38,88],[38,89],[38,90],[38,91],[38,92],[38,93],[39,94],[39,95],[39,96],[39,97],[39,98],[39,99],[39,100],[40,101],[43,102],[46,103],[46,104],[46,105],[46,106],[46,107],[46,108],[47,109],[47,110],[47,111],[48,112],[48,113],[48,114],[49,115],[50,116],[50,117],[50,118],[51,119],[51,120],[51,121],[54,122],[57,123],[59,124],[59,125],[101,126],[101,127],[101,128],[101,129],[101,130],[101,131],[102,132],[102,133],[102,134],[102,135],[102,136],[102,137],[102,138],[115,139],[115,140],[115,141],[115,142],[115,143],[115,144],[115,145],[122,146],[122,147],[122,148],[122,149],[122,150],[122,151],[122,152]],"ID":2},{"def":["$z0"],"use":["$z0","r0"],"callees":["isSpecified"],"nodes":["CompoundStmt","DefinitionStmt","GotoStmt","Invoke","ReturnVoidStmt","Local","Constant","Boolean","1","Int"],"edges":[[0,1],[0,2],[0,3],[0,4],[1,5],[1,6],[5,7],[6,8],[6,9]],"ID":3},{"def":["$z0"],"use":[],"callees":[],"nodes":["CompoundStmt","DefinitionStmt","Local","Constant","Boolean","0","Int"],"edges":[[0,1],[1,2],[1,3],[2,4],[3,5],[3,6]],"ID":4}],"edgeSet":[[3,1,0],[0,2,0],[2,3,1],[2,4,2],[4,3,0]],"ENTRY":{"def":[],"use":[],"callees":[],"nodes":["CompoundStmt"],"edges":[],"ID":0},"EXIT":{"def":[],"use":[],"callees":[],"nodes":["CompoundStmt"],"edges":[],"ID":1},"method_name":"synchronizeData"},{"blocks":[{"def":[],"use":[],"callees":[],"nodes":["CompoundStmt"],"edges":[],"ID":0},{"def":[],"use":[],"callees":[],"nodes":["CompoundStmt"],"edges":[],"ID":1},{"def":["$i0","r0"],"use":["@this: org.apache.xerces.dom.DeferredAttrImpl","r0.\u003corg.apache.xerces.dom.DeferredAttrImpl: int fNodeIndex\u003e","$i0","r0"],"callees":["synchronizeChildren"],"nodes":["CompoundStmt","DefinitionStmt","DefinitionStmt","Invoke","ReturnVoidStmt","Local","ThisRef","Local","InstanceFieldRef","RefType","RefType","Int","Int","Local","Int","org","apache","xerces","dom","Deferred","Attr","Impl","org","apache","xerces","dom","Deferred","Attr","Impl","RefType","org","apache","xerces","dom","Deferred","Attr","Impl"],"edges":[[0,1],[0,2],[0,3],[0,4],[1,5],[1,6],[2,7],[2,8],[5,9],[6,10],[7,11],[8,12],[8,13],[8,14],[9,15],[9,16],[9,17],[9,18],[9,19],[9,20],[9,21],[10,22],[10,23],[10,24],[10,25],[10,26],[10,27],[10,28],[13,29],[29,30],[29,31],[29,32],[29,33],[29,34],[29,35],[29,36]],"ID":2}],"edgeSet":[[0,2,0],[2,1,0]],"ENTRY":{"def":[],"use":[],"callees":[],"nodes":["CompoundStmt"],"edges":[],"ID":0},"EXIT":{"def":[],"use":[],"callees":[],"nodes":["CompoundStmt"],"edges":[],"ID":1},"method_name":"synchronizeChildren"}],"label":"2"}