{"data":[{"blocks":[{"def":[],"use":[],"callees":[],"nodes":["CompoundStmt"],"edges":[],"ID":0},{"def":[],"use":[],"callees":[],"nodes":["CompoundStmt"],"edges":[],"ID":1},{"def":["$r1","$r2","$r3","r0"],"use":["@this: org.xml.sax.helpers.SecuritySupport","$r1","$r2","$r3","r0"],"callees":["\u003cinit\u003e"],"nodes":["CompoundStmt","DefinitionStmt","DefinitionStmt","Invoke","DefinitionStmt","DefinitionStmt","ReturnStmt","Local","ThisRef","Local","NewExpr","Local","Invoke","Local","CastExpr","Local","RefType","RefType","RefType","RefType","RefType","RefType","RefType","RefType","Local","RefType","org","xml","sax","helpers","Security","Support","org","xml","sax","helpers","Security","Support","org","xml","sax","helpers","Security","Support$1","org","xml","sax","helpers","Security","Support$1","java","lang","Object","java","lang","Class","Loader","java","lang","Class","Loader","java","lang","Class","Loader","RefType","java","lang","Class","Loader","java","lang","Object"],"edges":[[0,1],[0,2],[0,3],[0,4],[0,5],[0,6],[1,7],[1,8],[2,9],[2,10],[4,11],[4,12],[5,13],[5,14],[6,15],[7,16],[8,17],[9,18],[10,19],[11,20],[13,21],[14,22],[14,23],[14,24],[15,25],[16,26],[16,27],[16,28],[16,29],[16,30],[16,31],[17,32],[17,33],[17,34],[17,35],[17,36],[17,37],[18,38],[18,39],[18,40],[18,41],[18,42],[18,43],[19,44],[19,45],[19,46],[19,47],[19,48],[19,49],[20,50],[20,51],[20,52],[21,53],[21,54],[21,55],[21,56],[22,57],[22,58],[22,59],[22,60],[23,61],[23,62],[23,63],[23,64],[24,65],[25,66],[25,67],[25,68],[25,69],[65,70],[65,71],[65,72]],"ID":2}],"edgeSet":[[0,2,0],[2,1,0]],"ENTRY":{"def":[],"use":[],"callees":[],"nodes":["CompoundStmt"],"edges":[],"ID":0},"EXIT":{"def":[],"use":[],"callees":[],"nodes":["CompoundStmt"],"edges":[],"ID":1},"method_name":"getContextClassLoader"},{"blocks":[{"def":[],"use":[],"callees":[],"nodes":["CompoundStmt"],"edges":[],"ID":0},{"def":[],"use":[],"callees":[],"nodes":["CompoundStmt"],"edges":[],"ID":1},{"def":["$r2","$r3","$r4","r0","r1"],"use":["@this: org.xml.sax.helpers.SecuritySupport","$r2","$r3","$r4","@parameter0: java.lang.String","r0","r1"],"callees":["\u003cinit\u003e"],"nodes":["CompoundStmt","DefinitionStmt","DefinitionStmt","DefinitionStmt","Invoke","DefinitionStmt","DefinitionStmt","ReturnStmt","Local","ThisRef","Local","Param","Local","NewExpr","Local","Invoke","Local","CastExpr","Local","RefType","RefType","RefType","RefType","RefType","RefType","RefType","RefType","RefType","RefType","Local","RefType","org","xml","sax","helpers","Security","Support","org","xml","sax","helpers","Security","Support","java","lang","String","java","lang","String","org","xml","sax","helpers","Security","Support$2","org","xml","sax","helpers","Security","Support$2","java","lang","Object","java","lang","String","java","lang","String","java","lang","String","RefType","java","lang","String","java","lang","Object"],"edges":[[0,1],[0,2],[0,3],[0,4],[0,5],[0,6],[0,7],[1,8],[1,9],[2,10],[2,11],[3,12],[3,13],[5,14],[5,15],[6,16],[6,17],[7,18],[8,19],[9,20],[10,21],[11,22],[12,23],[13,24],[14,25],[16,26],[17,27],[17,28],[17,29],[18,30],[19,31],[19,32],[19,33],[19,34],[19,35],[19,36],[20,37],[20,38],[20,39],[20,40],[20,41],[20,42],[21,43],[21,44],[21,45],[22,46],[22,47],[22,48],[23,49],[23,50],[23,51],[23,52],[23,53],[23,54],[24,55],[24,56],[24,57],[24,58],[24,59],[24,60],[25,61],[25,62],[25,63],[26,64],[26,65],[26,66],[27,67],[27,68],[27,69],[28,70],[28,71],[28,72],[29,73],[30,74],[30,75],[30,76],[73,77],[73,78],[73,79]],"ID":2}],"edgeSet":[[0,2,0],[2,1,0]],"ENTRY":{"def":[],"use":[],"callees":[],"nodes":["CompoundStmt"],"edges":[],"ID":0},"EXIT":{"def":[],"use":[],"callees":[],"nodes":["CompoundStmt"],"edges":[],"ID":1},"method_name":"getSystemProperty"},{"blocks":[{"def":[],"use":[],"callees":[],"nodes":["CompoundStmt"],"edges":[],"ID":0},{"def":[],"use":[],"callees":[],"nodes":["CompoundStmt"],"edges":[],"ID":1},{"def":["r2","$r3","$r4","$r5","r0","r1"],"use":["r2","@this: org.xml.sax.helpers.SecuritySupport","$r3","$r4","$r5","@parameter1: java.lang.String","r0","@parameter0: java.lang.ClassLoader","r1"],"callees":["\u003cinit\u003e"],"nodes":["CompoundStmt","DefinitionStmt","DefinitionStmt","DefinitionStmt","DefinitionStmt","Invoke","DefinitionStmt","DefinitionStmt","ReturnStmt","Local","ThisRef","Local","Param","Local","Param","Local","NewExpr","Local","Invoke","Local","CastExpr","Local","RefType","RefType","RefType","RefType","RefType","RefType","RefType","RefType","RefType","RefType","RefType","RefType","Local","RefType","org","xml","sax","helpers","Security","Support","org","xml","sax","helpers","Security","Support","java","lang","Class","Loader","java","lang","Class","Loader","java","lang","String","java","lang","String","org","xml","sax","helpers","Security","Support$4","org","xml","sax","helpers","Security","Support$4","java","lang","Object","java","io","Input","Stream","java","io","Input","Stream","java","io","Input","Stream","RefType","java","io","Input","Stream","java","lang","Object"],"edges":[[0,1],[0,2],[0,3],[0,4],[0,5],[0,6],[0,7],[0,8],[1,9],[1,10],[2,11],[2,12],[3,13],[3,14],[4,15],[4,16],[6,17],[6,18],[7,19],[7,20],[8,21],[9,22],[10,23],[11,24],[12,25],[13,26],[14,27],[15,28],[16,29],[17,30],[19,31],[20,32],[20,33],[20,34],[21,35],[22,36],[22,37],[22,38],[22,39],[22,40],[22,41],[23,42],[23,43],[23,44],[23,45],[23,46],[23,47],[24,48],[24,49],[24,50],[24,51],[25,52],[25,53],[25,54],[25,55],[26,56],[26,57],[26,58],[27,59],[27,60],[27,61],[28,62],[28,63],[28,64],[28,65],[28,66],[28,67],[29,68],[29,69],[29,70],[29,71],[29,72],[29,73],[30,74],[30,75],[30,76],[31,77],[31,78],[31,79],[31,80],[32,81],[32,82],[32,83],[32,84],[33,85],[33,86],[33,87],[33,88],[34,89],[35,90],[35,91],[35,92],[35,93],[89,94],[89,95],[89,96]],"ID":2}],"edgeSet":[[0,2,0],[2,1,0]],"ENTRY":{"def":[],"use":[],"callees":[],"nodes":["CompoundStmt"],"edges":[],"ID":0},"EXIT":{"def":[],"use":[],"callees":[],"nodes":["CompoundStmt"],"edges":[],"ID":1},"method_name":"getResourceAsStream"},{"blocks":[{"def":[],"use":[],"callees":[],"nodes":["CompoundStmt"],"edges":[],"ID":0},{"def":[],"use":[],"callees":[],"nodes":["CompoundStmt"],"edges":[],"ID":1},{"def":["$r2","z1","r0","r1"],"use":["$r2","@parameter1: java.lang.String","@parameter0: java.lang.ClassLoader"],"callees":[],"nodes":["CompoundStmt","DefinitionStmt","DefinitionStmt","DefinitionStmt","DefinitionStmt","IfStmt","Local","Param","Local","Param","Local","Constant","Local","Invoke","BinaryOp","RefType","RefType","RefType","RefType","Boolean","0","Int","RefType","Local"," \u003d\u003d ","Constant","java","lang","Class","Loader","java","lang","Class","Loader","java","lang","String","java","lang","String","java","lang","Security","Manager","RefType","Null","java","lang","Security","Manager"],"edges":[[0,1],[0,2],[0,3],[0,4],[0,5],[1,6],[1,7],[2,8],[2,9],[3,10],[3,11],[4,12],[4,13],[5,14],[6,15],[7,16],[8,17],[9,18],[10,19],[11,20],[11,21],[12,22],[14,23],[14,24],[14,25],[15,26],[15,27],[15,28],[15,29],[16,30],[16,31],[16,32],[16,33],[17,34],[17,35],[17,36],[18,37],[18,38],[18,39],[22,40],[22,41],[22,42],[22,43],[23,44],[25,45],[44,46],[44,47],[44,48],[44,49]],"ID":2},{"def":[],"use":["r1"],"callees":[],"nodes":["CompoundStmt","IfStmt","BinaryOp","Local"," \u003d\u003d ","Constant","RefType","Null","java","lang","String"],"edges":[[0,1],[1,2],[2,3],[2,4],[2,5],[3,6],[5,7],[6,8],[6,9],[6,10]],"ID":3},{"def":["$z0"],"use":["$z0","r1"],"callees":[],"nodes":["CompoundStmt","DefinitionStmt","IfStmt","Local","Invoke","BinaryOp","Boolean","Local"," \u003d\u003d ","Constant","Boolean","0","Int"],"edges":[[0,1],[0,2],[1,3],[1,4],[2,5],[3,6],[5,7],[5,8],[5,9],[7,10],[9,11],[9,12]],"ID":4},{"def":["z1"],"use":["r0"],"callees":[],"nodes":["CompoundStmt","DefinitionStmt","IfStmt","Local","Constant","BinaryOp","Boolean","1","Int","Local"," \u003d\u003d ","Constant","RefType","Null","java","lang","Class","Loader"],"edges":[[0,1],[0,2],[1,3],[1,4],[2,5],[3,6],[4,7],[4,8],[5,9],[5,10],[5,11],[9,12],[11,13],[12,14],[12,15],[12,16],[12,17]],"ID":5},{"def":[],"use":["z1"],"callees":[],"nodes":["CompoundStmt","IfStmt","BinaryOp","Local"," \u003d\u003d ","Constant","Boolean","0","Int"],"edges":[[0,1],[1,2],[2,3],[2,4],[2,5],[3,6],[5,7],[5,8]],"ID":6},{"def":["r4","$r3"],"use":["r4","$r3","r1"],"callees":[],"nodes":["CompoundStmt","DefinitionStmt","GotoStmt","DefinitionStmt","ReturnStmt","Local","Invoke","Local","Invoke","Local","RefType","RefType","RefType","java","lang","Class","java","lang","Object","java","lang","Object"],"edges":[[0,1],[0,2],[0,3],[0,4],[1,5],[1,6],[3,7],[3,8],[4,9],[5,10],[7,11],[9,12],[10,13],[10,14],[10,15],[11,16],[11,17],[11,18],[12,19],[12,20],[12,21]],"ID":7},{"def":["r4"],"use":["r0","r1"],"callees":[],"nodes":["CompoundStmt","DefinitionStmt","Local","Invoke","RefType","java","lang","Class"],"edges":[[0,1],[1,2],[1,3],[2,4],[4,5],[4,6],[4,7]],"ID":8}],"edgeSet":[[7,1,0],[0,2,0],[2,5,2],[2,3,1],[3,4,1],[3,5,2],[4,5,1],[5,6,1],[5,7,2],[6,7,1],[6,8,2],[4,5,2],[8,7,0]],"ENTRY":{"def":[],"use":[],"callees":[],"nodes":["CompoundStmt"],"edges":[],"ID":0},"EXIT":{"def":[],"use":[],"callees":[],"nodes":["CompoundStmt"],"edges":[],"ID":1},"method_name":"newInstance"},{"blocks":[{"def":[],"use":[],"callees":[],"nodes":["CompoundStmt"],"edges":[],"ID":0},{"def":[],"use":[],"callees":[],"nodes":["CompoundStmt"],"edges":[],"ID":1},{"def":["r0","r1"],"use":["@parameter1: java.lang.String","@parameter0: java.lang.ClassLoader"],"callees":[],"nodes":["CompoundStmt","DefinitionStmt","DefinitionStmt","Local","Param","Local","Param","RefType","RefType","RefType","RefType","java","lang","Class","Loader","java","lang","Class","Loader","java","lang","String","java","lang","String"],"edges":[[0,1],[0,2],[1,3],[1,4],[2,5],[2,6],[3,7],[4,8],[5,9],[6,10],[7,11],[7,12],[7,13],[7,14],[8,15],[8,16],[8,17],[8,18],[9,19],[9,20],[9,21],[10,22],[10,23],[10,24]],"ID":2},{"def":["$r2"],"use":["r0","r1"],"callees":["newInstance"],"nodes":["CompoundStmt","DefinitionStmt","Local","Invoke","RefType","java","lang","Object"],"edges":[[0,1],[1,2],[1,3],[2,4],[4,5],[4,6],[4,7]],"ID":3},{"def":["$r3"],"use":["$r2"],"callees":[],"nodes":["CompoundStmt","DefinitionStmt","Local","CastExpr","RefType","RefType","RefType","Local","org","xml","sax","X","M","L","Reader","org","xml","sax","X","M","L","Reader","org","xml","sax","X","M","L","Reader","RefType","java","lang","Object"],"edges":[[0,1],[1,2],[1,3],[2,4],[3,5],[3,6],[3,7],[4,8],[4,9],[4,10],[4,11],[4,12],[4,13],[4,14],[5,15],[5,16],[5,17],[5,18],[5,19],[5,20],[5,21],[6,22],[6,23],[6,24],[6,25],[6,26],[6,27],[6,28],[7,29],[29,30],[29,31],[29,32]],"ID":4},{"def":[],"use":["$r3"],"callees":[],"nodes":["CompoundStmt","ReturnStmt","Local","RefType","org","xml","sax","X","M","L","Reader"],"edges":[[0,1],[1,2],[2,3],[3,4],[3,5],[3,6],[3,7],[3,8],[3,9],[3,10]],"ID":5},{"def":["r32","$r24","$r19","$r18","$r22","$r23","$r20","$r21"],"use":["r32","$r24","$r19","@caughtexception","$r18","$r22","$r23","$r20","r1","$r21"],"callees":[],"nodes":["CompoundStmt","DefinitionStmt","DefinitionStmt","DefinitionStmt","DefinitionStmt","Invoke","DefinitionStmt","DefinitionStmt","DefinitionStmt","DefinitionStmt","Invoke","ThrowStmt","Local","CaughtException","Local","Local","Local","NewExpr","Local","NewExpr","Local","Invoke","Local","Invoke","Local","Invoke","Local","Invoke","Local","RefType","RefType","RefType","RefType","RefType","RefType","RefType","RefType","RefType","RefType","RefType","RefType","RefType","java","lang","Class","Not","Found","Exception","java","lang","Throwable","java","lang","Class","Not","Found","Exception","java","lang","Class","Not","Found","Exception","org","xml","sax","S","A","X","Exception","org","xml","sax","S","A","X","Exception","java","lang","String","Builder","java","lang","String","Builder","java","lang","String","Builder","java","lang","String","Builder","java","lang","String","Builder","java","lang","String","org","xml","sax","S","A","X","Exception"],"edges":[[0,1],[0,2],[0,3],[0,4],[0,5],[0,6],[0,7],[0,8],[0,9],[0,10],[0,11],[1,12],[1,13],[2,14],[2,15],[3,16],[3,17],[4,18],[4,19],[6,20],[6,21],[7,22],[7,23],[8,24],[8,25],[9,26],[9,27],[11,28],[12,29],[13,30],[14,31],[15,32],[16,33],[17,34],[18,35],[19,36],[20,37],[22,38],[24,39],[26,40],[28,41],[29,42],[29,43],[29,44],[29,45],[29,46],[29,47],[30,48],[30,49],[30,50],[31,51],[31,52],[31,53],[31,54],[31,55],[31,56],[32,57],[32,58],[32,59],[32,60],[32,61],[32,62],[33,63],[33,64],[33,65],[33,66],[33,67],[33,68],[33,69],[34,70],[34,71],[34,72],[34,73],[34,74],[34,75],[34,76],[35,77],[35,78],[35,79],[35,80],[36,81],[36,82],[36,83],[36,84],[37,85],[37,86],[37,87],[37,88],[38,89],[38,90],[38,91],[38,92],[39,93],[39,94],[39,95],[39,96],[40,97],[40,98],[40,99],[41,100],[41,101],[41,102],[41,103],[41,104],[41,105],[41,106]],"ID":6},{"def":["r33","$r4","$r5","$r6","$r7","$r8","$r9","$r10"],"use":["r33","@caughtexception","$r4","$r5","$r6","$r7","$r8","$r9","r1","$r10"],"callees":[],"nodes":["CompoundStmt","DefinitionStmt","DefinitionStmt","DefinitionStmt","DefinitionStmt","Invoke","DefinitionStmt","DefinitionStmt","DefinitionStmt","DefinitionStmt","Invoke","ThrowStmt","Local","CaughtException","Local","Local","Local","NewExpr","Local","NewExpr","Local","Invoke","Local","Invoke","Local","Invoke","Local","Invoke","Local","RefType","RefType","RefType","RefType","RefType","RefType","RefType","RefType","RefType","RefType","RefType","RefType","RefType","java","lang","Illegal","Access","Exception","java","lang","Throwable","java","lang","Illegal","Access","Exception","java","lang","Illegal","Access","Exception","org","xml","sax","S","A","X","Exception","org","xml","sax","S","A","X","Exception","java","lang","String","Builder","java","lang","String","Builder","java","lang","String","Builder","java","lang","String","Builder","java","lang","String","Builder","java","lang","String","org","xml","sax","S","A","X","Exception"],"edges":[[0,1],[0,2],[0,3],[0,4],[0,5],[0,6],[0,7],[0,8],[0,9],[0,10],[0,11],[1,12],[1,13],[2,14],[2,15],[3,16],[3,17],[4,18],[4,19],[6,20],[6,21],[7,22],[7,23],[8,24],[8,25],[9,26],[9,27],[11,28],[12,29],[13,30],[14,31],[15,32],[16,33],[17,34],[18,35],[19,36],[20,37],[22,38],[24,39],[26,40],[28,41],[29,42],[29,43],[29,44],[29,45],[29,46],[30,47],[30,48],[30,49],[31,50],[31,51],[31,52],[31,53],[31,54],[32,55],[32,56],[32,57],[32,58],[32,59],[33,60],[33,61],[33,62],[33,63],[33,64],[33,65],[33,66],[34,67],[34,68],[34,69],[34,70],[34,71],[34,72],[34,73],[35,74],[35,75],[35,76],[35,77],[36,78],[36,79],[36,80],[36,81],[37,82],[37,83],[37,84],[37,85],[38,86],[38,87],[38,88],[38,89],[39,90],[39,91],[39,92],[39,93],[40,94],[40,95],[40,96],[41,97],[41,98],[41,99],[41,100],[41,101],[41,102],[41,103]],"ID":7},{"def":["$r26","$r27","r34","$r25","$r28","$r29","$r30","$r31"],"use":["$r26","$r27","r34","$r25","@caughtexception","$r28","$r29","$r30","$r31","r1"],"callees":[],"nodes":["CompoundStmt","DefinitionStmt","DefinitionStmt","DefinitionStmt","DefinitionStmt","Invoke","DefinitionStmt","DefinitionStmt","DefinitionStmt","DefinitionStmt","Invoke","ThrowStmt","Local","CaughtException","Local","Local","Local","NewExpr","Local","NewExpr","Local","Invoke","Local","Invoke","Local","Invoke","Local","Invoke","Local","RefType","RefType","RefType","RefType","RefType","RefType","RefType","RefType","RefType","RefType","RefType","RefType","RefType","java","lang","Instantiation","Exception","java","lang","Throwable","java","lang","Instantiation","Exception","java","lang","Instantiation","Exception","org","xml","sax","S","A","X","Exception","org","xml","sax","S","A","X","Exception","java","lang","String","Builder","java","lang","String","Builder","java","lang","String","Builder","java","lang","String","Builder","java","lang","String","Builder","java","lang","String","org","xml","sax","S","A","X","Exception"],"edges":[[0,1],[0,2],[0,3],[0,4],[0,5],[0,6],[0,7],[0,8],[0,9],[0,10],[0,11],[1,12],[1,13],[2,14],[2,15],[3,16],[3,17],[4,18],[4,19],[6,20],[6,21],[7,22],[7,23],[8,24],[8,25],[9,26],[9,27],[11,28],[12,29],[13,30],[14,31],[15,32],[16,33],[17,34],[18,35],[19,36],[20,37],[22,38],[24,39],[26,40],[28,41],[29,42],[29,43],[29,44],[29,45],[30,46],[30,47],[30,48],[31,49],[31,50],[31,51],[31,52],[32,53],[32,54],[32,55],[32,56],[33,57],[33,58],[33,59],[33,60],[33,61],[33,62],[33,63],[34,64],[34,65],[34,66],[34,67],[34,68],[34,69],[34,70],[35,71],[35,72],[35,73],[35,74],[36,75],[36,76],[36,77],[36,78],[37,79],[37,80],[37,81],[37,82],[38,83],[38,84],[38,85],[38,86],[39,87],[39,88],[39,89],[39,90],[40,91],[40,92],[40,93],[41,94],[41,95],[41,96],[41,97],[41,98],[41,99],[41,100]],"ID":8},{"def":["$r15","$r16","$r13","$r14","r35","$r17","$r11","$r12"],"use":["$r15","$r16","$r13","$r14","@caughtexception","r35","$r17","$r11","$r12","r1"],"callees":[],"nodes":["CompoundStmt","DefinitionStmt","DefinitionStmt","DefinitionStmt","DefinitionStmt","Invoke","DefinitionStmt","DefinitionStmt","DefinitionStmt","DefinitionStmt","Invoke","ThrowStmt","Local","CaughtException","Local","Local","Local","NewExpr","Local","NewExpr","Local","Invoke","Local","Invoke","Local","Invoke","Local","Invoke","Local","RefType","RefType","RefType","RefType","RefType","RefType","RefType","RefType","RefType","RefType","RefType","RefType","RefType","java","lang","Class","Cast","Exception","java","lang","Throwable","java","lang","Class","Cast","Exception","java","lang","Class","Cast","Exception","org","xml","sax","S","A","X","Exception","org","xml","sax","S","A","X","Exception","java","lang","String","Builder","java","lang","String","Builder","java","lang","String","Builder","java","lang","String","Builder","java","lang","String","Builder","java","lang","String","org","xml","sax","S","A","X","Exception"],"edges":[[0,1],[0,2],[0,3],[0,4],[0,5],[0,6],[0,7],[0,8],[0,9],[0,10],[0,11],[1,12],[1,13],[2,14],[2,15],[3,16],[3,17],[4,18],[4,19],[6,20],[6,21],[7,22],[7,23],[8,24],[8,25],[9,26],[9,27],[11,28],[12,29],[13,30],[14,31],[15,32],[16,33],[17,34],[18,35],[19,36],[20,37],[22,38],[24,39],[26,40],[28,41],[29,42],[29,43],[29,44],[29,45],[29,46],[30,47],[30,48],[30,49],[31,50],[31,51],[31,52],[31,53],[31,54],[32,55],[32,56],[32,57],[32,58],[32,59],[33,60],[33,61],[33,62],[33,63],[33,64],[33,65],[33,66],[34,67],[34,68],[34,69],[34,70],[34,71],[34,72],[34,73],[35,74],[35,75],[35,76],[35,77],[36,78],[36,79],[36,80],[36,81],[37,82],[37,83],[37,84],[37,85],[38,86],[38,87],[38,88],[38,89],[39,90],[39,91],[39,92],[39,93],[40,94],[40,95],[40,96],[41,97],[41,98],[41,99],[41,100],[41,101],[41,102],[41,103]],"ID":9}],"edgeSet":[[3,6,5],[5,1,0],[6,1,0],[7,1,0],[8,1,0],[9,1,0],[0,2,0],[2,9,5],[2,8,5],[2,3,0],[3,9,5],[3,4,0],[4,5,0],[2,7,5],[3,8,5],[4,9,5],[2,6,5],[3,7,5]],"ENTRY":{"def":[],"use":[],"callees":[],"nodes":["CompoundStmt"],"edges":[],"ID":0},"EXIT":{"def":[],"use":[],"callees":[],"nodes":["CompoundStmt"],"edges":[],"ID":1},"method_name":"loadClass"},{"blocks":[{"def":[],"use":[],"callees":[],"nodes":["CompoundStmt"],"edges":[],"ID":0},{"def":[],"use":[],"callees":[],"nodes":["CompoundStmt"],"edges":[],"ID":1},{"def":["$r1","r0"],"use":["$r1","\u003corg.xml.sax.helpers.ParserFactory: org.xml.sax.helpers.SecuritySupport ss\u003e","r0"],"callees":["getSystemProperty"],"nodes":["CompoundStmt","DefinitionStmt","DefinitionStmt","IfStmt","Local","StaticFieldRef","Local","Invoke","BinaryOp","RefType","RefType","RefType","RefType","Local"," !\u003d ","Constant","org","xml","sax","helpers","Security","Support","org","xml","sax","helpers","Security","Support","org","xml","sax","helpers","Security","Support","java","lang","String","RefType","Null","java","lang","String"],"edges":[[0,1],[0,2],[0,3],[1,4],[1,5],[2,6],[2,7],[3,8],[4,9],[5,10],[5,11],[6,12],[8,13],[8,14],[8,15],[9,16],[9,17],[9,18],[9,19],[9,20],[9,21],[10,22],[10,23],[10,24],[10,25],[10,26],[10,27],[11,28],[11,29],[11,30],[11,31],[11,32],[11,33],[12,34],[12,35],[12,36],[13,37],[15,38],[37,39],[37,40],[37,41]],"ID":2},{"def":["$r3"],"use":["$r3"],"callees":[],"nodes":["CompoundStmt","DefinitionStmt","Invoke","ThrowStmt","Local","NewExpr","Local","RefType","RefType","RefType","java","lang","Null","Pointer","Exception","java","lang","Null","Pointer","Exception","java","lang","Null","Pointer","Exception"],"edges":[[0,1],[0,2],[0,3],[1,4],[1,5],[3,6],[4,7],[5,8],[6,9],[7,10],[7,11],[7,12],[7,13],[7,14],[8,15],[8,16],[8,17],[8,18],[8,19],[9,20],[9,21],[9,22],[9,23],[9,24]],"ID":3},{"def":["$r2"],"use":["$r2","r0"],"callees":["makeParser"],"nodes":["CompoundStmt","DefinitionStmt","ReturnStmt","Local","Invoke","Local","RefType","RefType","org","xml","sax","Parser","org","xml","sax","Parser"],"edges":[[0,1],[0,2],[1,3],[1,4],[2,5],[3,6],[5,7],[6,8],[6,9],[6,10],[6,11],[7,12],[7,13],[7,14],[7,15]],"ID":4}],"edgeSet":[[3,1,0],[4,1,0],[0,2,0],[2,3,1],[2,4,2]],"ENTRY":{"def":[],"use":[],"callees":[],"nodes":["CompoundStmt"],"edges":[],"ID":0},"EXIT":{"def":[],"use":[],"callees":[],"nodes":["CompoundStmt"],"edges":[],"ID":1},"method_name":"makeParser"},{"blocks":[{"def":[],"use":[],"callees":[],"nodes":["CompoundStmt"],"edges":[],"ID":0},{"def":[],"use":[],"callees":[],"nodes":["CompoundStmt"],"edges":[],"ID":1},{"def":["$r2","r18","r17"],"use":["$r2","\u003corg.xml.sax.helpers.XMLReaderFactory: org.xml.sax.helpers.SecuritySupport ss\u003e"],"callees":["getContextClassLoader"],"nodes":["CompoundStmt","DefinitionStmt","DefinitionStmt","DefinitionStmt","Local","Constant","Local","StaticFieldRef","Local","Invoke","RefType","Null","RefType","RefType","RefType","RefType","java","lang","String","org","xml","sax","helpers","Security","Support","org","xml","sax","helpers","Security","Support","org","xml","sax","helpers","Security","Support","java","lang","Class","Loader"],"edges":[[0,1],[0,2],[0,3],[1,4],[1,5],[2,6],[2,7],[3,8],[3,9],[4,10],[5,11],[6,12],[7,13],[7,14],[8,15],[10,16],[10,17],[10,18],[12,19],[12,20],[12,21],[12,22],[12,23],[12,24],[13,25],[13,26],[13,27],[13,28],[13,29],[13,30],[14,31],[14,32],[14,33],[14,34],[14,35],[14,36],[15,37],[15,38],[15,39],[15,40]],"ID":2},{"def":["$r3"],"use":["\u003corg.xml.sax.helpers.XMLReaderFactory: org.xml.sax.helpers.SecuritySupport ss\u003e"],"callees":[],"nodes":["CompoundStmt","DefinitionStmt","Local","StaticFieldRef","RefType","RefType","RefType","org","xml","sax","helpers","Security","Support","org","xml","sax","helpers","Security","Support","org","xml","sax","helpers","Security","Support"],"edges":[[0,1],[1,2],[1,3],[2,4],[3,5],[3,6],[4,7],[4,8],[4,9],[4,10],[4,11],[4,12],[5,13],[5,14],[5,15],[5,16],[5,17],[5,18],[6,19],[6,20],[6,21],[6,22],[6,23],[6,24]],"ID":3},{"def":["r17"],"use":["$r3"],"callees":["getSystemProperty"],"nodes":["CompoundStmt","DefinitionStmt","Local","Invoke","RefType","java","lang","String"],"edges":[[0,1],[1,2],[1,3],[2,4],[4,5],[4,6],[4,7]],"ID":4},{"def":[],"use":["r17"],"callees":[],"nodes":["CompoundStmt","GotoStmt","IfStmt","BinaryOp","Local"," !\u003d ","Constant","RefType","Null","java","lang","String"],"edges":[[0,1],[0,2],[2,3],[3,4],[3,5],[3,6],[4,7],[6,8],[7,9],[7,10],[7,11]],"ID":5},{"def":["$r14","r19"],"use":["$r14","@caughtexception"],"callees":[],"nodes":["CompoundStmt","DefinitionStmt","DefinitionStmt","Local","CaughtException","Local","Local","RefType","RefType","RefType","RefType","java","lang","Runtime","Exception","java","lang","Throwable","java","lang","Runtime","Exception","java","lang","Runtime","Exception"],"edges":[[0,1],[0,2],[1,3],[1,4],[2,5],[2,6],[3,7],[4,8],[5,9],[6,10],[7,11],[7,12],[7,13],[7,14],[8,15],[8,16],[8,17],[9,18],[9,19],[9,20],[9,21],[10,22],[10,23],[10,24],[10,25]],"ID":6},{"def":["$z0"],"use":["$z0","\u003corg.xml.sax.helpers.XMLReaderFactory: boolean _jarread\u003e"],"callees":[],"nodes":["CompoundStmt","DefinitionStmt","IfStmt","Local","StaticFieldRef","BinaryOp","Boolean","Boolean","Boolean","Local"," !\u003d ","Constant","Boolean","0","Int"],"edges":[[0,1],[0,2],[1,3],[1,4],[2,5],[3,6],[4,7],[4,8],[5,9],[5,10],[5,11],[9,12],[11,13],[11,14]],"ID":7},{"def":["r20","\u003corg.xml.sax.helpers.XMLReaderFactory: boolean _jarread\u003e"],"use":[],"callees":[],"nodes":["CompoundStmt","DefinitionStmt","DefinitionStmt","StaticFieldRef","Constant","Local","Constant","Boolean","Boolean","1","Int","RefType","RefType","java","lang","String","java","lang","String"],"edges":[[0,1],[0,2],[1,3],[1,4],[2,5],[2,6],[3,7],[3,8],[4,9],[4,10],[5,11],[6,12],[11,13],[11,14],[11,15],[12,16],[12,17],[12,18]],"ID":8},{"def":[],"use":["r18"],"callees":[],"nodes":["CompoundStmt","IfStmt","BinaryOp","Local"," \u003d\u003d ","Constant","RefType","Null","java","lang","Class","Loader"],"edges":[[0,1],[1,2],[2,3],[2,4],[2,5],[3,6],[5,7],[6,8],[6,9],[6,10],[6,11]],"ID":9},{"def":["$r11"],"use":["\u003corg.xml.sax.helpers.XMLReaderFactory: org.xml.sax.helpers.SecuritySupport ss\u003e"],"callees":[],"nodes":["CompoundStmt","DefinitionStmt","Local","StaticFieldRef","RefType","RefType","RefType","org","xml","sax","helpers","Security","Support","org","xml","sax","helpers","Security","Support","org","xml","sax","helpers","Security","Support"],"edges":[[0,1],[1,2],[1,3],[2,4],[3,5],[3,6],[4,7],[4,8],[4,9],[4,10],[4,11],[4,12],[5,13],[5,14],[5,15],[5,16],[5,17],[5,18],[6,19],[6,20],[6,21],[6,22],[6,23],[6,24]],"ID":10},{"def":["r21"],"use":["r20","r18","$r11"],"callees":["getResourceAsStream"],"nodes":["CompoundStmt","DefinitionStmt","Local","Invoke","RefType","java","io","Input","Stream"],"edges":[[0,1],[1,2],[1,3],[2,4],[4,5],[4,6],[4,7],[4,8]],"ID":11},{"def":[],"use":["r21"],"callees":[],"nodes":["CompoundStmt","IfStmt","BinaryOp","Local"," !\u003d ","Constant","RefType","Null","java","io","Input","Stream"],"edges":[[0,1],[1,2],[2,3],[2,4],[2,5],[3,6],[5,7],[6,8],[6,9],[6,10],[6,11]],"ID":12},{"def":["r18","$r12"],"use":["\u003corg.xml.sax.helpers.XMLReaderFactory: org.xml.sax.helpers.SecuritySupport ss\u003e"],"callees":[],"nodes":["CompoundStmt","DefinitionStmt","DefinitionStmt","Local","Constant","Local","StaticFieldRef","RefType","Null","RefType","RefType","RefType","java","lang","Class","Loader","org","xml","sax","helpers","Security","Support","org","xml","sax","helpers","Security","Support","org","xml","sax","helpers","Security","Support"],"edges":[[0,1],[0,2],[1,3],[1,4],[2,5],[2,6],[3,7],[4,8],[5,9],[6,10],[6,11],[7,12],[7,13],[7,14],[7,15],[9,16],[9,17],[9,18],[9,19],[9,20],[9,21],[10,22],[10,23],[10,24],[10,25],[10,26],[10,27],[11,28],[11,29],[11,30],[11,31],[11,32],[11,33]],"ID":13},{"def":["r21"],"use":["r20","r18","$r12"],"callees":["getResourceAsStream"],"nodes":["CompoundStmt","DefinitionStmt","Local","Invoke","RefType","java","io","Input","Stream"],"edges":[[0,1],[1,2],[1,3],[2,4],[4,5],[4,6],[4,7],[4,8]],"ID":14},{"def":[],"use":["r21"],"callees":[],"nodes":["CompoundStmt","GotoStmt","IfStmt","BinaryOp","Local"," \u003d\u003d ","Constant","RefType","Null","java","io","Input","Stream"],"edges":[[0,1],[0,2],[2,3],[3,4],[3,5],[3,6],[4,7],[6,8],[7,9],[7,10],[7,11],[7,12]],"ID":15},{"def":["$r7"],"use":["\u003corg.xml.sax.helpers.XMLReaderFactory: org.xml.sax.helpers.SecuritySupport ss\u003e"],"callees":[],"nodes":["CompoundStmt","DefinitionStmt","Local","StaticFieldRef","RefType","RefType","RefType","org","xml","sax","helpers","Security","Support","org","xml","sax","helpers","Security","Support","org","xml","sax","helpers","Security","Support"],"edges":[[0,1],[1,2],[1,3],[2,4],[3,5],[3,6],[4,7],[4,8],[4,9],[4,10],[4,11],[4,12],[5,13],[5,14],[5,15],[5,16],[5,17],[5,18],[6,19],[6,20],[6,21],[6,22],[6,23],[6,24]],"ID":16},{"def":["r21"],"use":["r20","r18","$r7"],"callees":["getResourceAsStream"],"nodes":["CompoundStmt","DefinitionStmt","Local","Invoke","RefType","java","io","Input","Stream"],"edges":[[0,1],[1,2],[1,3],[2,4],[4,5],[4,6],[4,7],[4,8]],"ID":17},{"def":["$r8","$r9"],"use":[],"callees":[],"nodes":["CompoundStmt","DefinitionStmt","DefinitionStmt","Local","NewExpr","Local","NewExpr","RefType","RefType","RefType","RefType","java","io","Buffered","Reader","java","io","Buffered","Reader","java","io","Input","Stream","Reader","java","io","Input","Stream","Reader"],"edges":[[0,1],[0,2],[1,3],[1,4],[2,5],[2,6],[3,7],[4,8],[5,9],[6,10],[7,11],[7,12],[7,13],[7,14],[8,15],[8,16],[8,17],[8,18],[9,19],[9,20],[9,21],[9,22],[9,23],[10,24],[10,25],[10,26],[10,27],[10,28]],"ID":18},{"def":[],"use":["r21","$r9"],"callees":[],"nodes":["CompoundStmt","Invoke"],"edges":[[0,1]],"ID":19},{"def":[],"use":["$r8","$r9"],"callees":[],"nodes":["CompoundStmt","Invoke"],"edges":[[0,1]],"ID":20},{"def":["r0"],"use":["$r8"],"callees":[],"nodes":["CompoundStmt","DefinitionStmt","Local","Local","RefType","RefType","java","io","Buffered","Reader","java","io","Buffered","Reader"],"edges":[[0,1],[1,2],[1,3],[2,4],[3,5],[4,6],[4,7],[4,8],[4,9],[5,10],[5,11],[5,12],[5,13]],"ID":21},{"def":["$r10"],"use":["r0"],"callees":[],"nodes":["CompoundStmt","DefinitionStmt","Local","Invoke","RefType","java","lang","String"],"edges":[[0,1],[1,2],[1,3],[2,4],[4,5],[4,6],[4,7]],"ID":22},{"def":["\u003corg.xml.sax.helpers.XMLReaderFactory: java.lang.String _clsFromJar\u003e"],"use":["$r10"],"callees":[],"nodes":["CompoundStmt","DefinitionStmt","StaticFieldRef","Local","RefType","RefType","RefType","java","lang","String","java","lang","String","java","lang","String"],"edges":[[0,1],[1,2],[1,3],[2,4],[2,5],[3,6],[4,7],[4,8],[4,9],[5,10],[5,11],[5,12],[6,13],[6,14],[6,15]],"ID":23},{"def":[],"use":["r21"],"callees":[],"nodes":["CompoundStmt","Invoke"],"edges":[[0,1]],"ID":24},{"def":["r17"],"use":["\u003corg.xml.sax.helpers.XMLReaderFactory: java.lang.String _clsFromJar\u003e","r17"],"callees":[],"nodes":["CompoundStmt","GotoStmt","DefinitionStmt","IfStmt","Local","StaticFieldRef","BinaryOp","RefType","RefType","RefType","Local"," !\u003d ","Constant","java","lang","String","java","lang","String","java","lang","String","RefType","Null","java","lang","String"],"edges":[[0,1],[0,2],[0,3],[2,4],[2,5],[3,6],[4,7],[5,8],[5,9],[6,10],[6,11],[6,12],[7,13],[7,14],[7,15],[8,16],[8,17],[8,18],[9,19],[9,20],[9,21],[10,22],[12,23],[22,24],[22,25],[22,26]],"ID":25},{"def":["$r13","r1"],"use":["$r13","@caughtexception"],"callees":[],"nodes":["CompoundStmt","DefinitionStmt","DefinitionStmt","Local","CaughtException","Local","Local","RefType","RefType","RefType","RefType","java","lang","Exception","java","lang","Throwable","java","lang","Exception","java","lang","Exception"],"edges":[[0,1],[0,2],[1,3],[1,4],[2,5],[2,6],[3,7],[4,8],[5,9],[6,10],[7,11],[7,12],[7,13],[8,14],[8,15],[8,16],[9,17],[9,18],[9,19],[10,20],[10,21],[10,22]],"ID":26},{"def":["r17"],"use":["r17"],"callees":[],"nodes":["CompoundStmt","DefinitionStmt","IfStmt","Local","Constant","BinaryOp","RefType","RefType","Local"," \u003d\u003d ","Constant","java","lang","String","java","lang","String","RefType","Null","java","lang","String"],"edges":[[0,1],[0,2],[1,3],[1,4],[2,5],[3,6],[4,7],[5,8],[5,9],[5,10],[6,11],[6,12],[6,13],[7,14],[7,15],[7,16],[8,17],[10,18],[17,19],[17,20],[17,21]],"ID":27},{"def":["$r6"],"use":["r18","$r6","r17"],"callees":["loadClass"],"nodes":["CompoundStmt","DefinitionStmt","ReturnStmt","Local","Invoke","Local","RefType","RefType","org","xml","sax","X","M","L","Reader","org","xml","sax","X","M","L","Reader"],"edges":[[0,1],[0,2],[1,3],[1,4],[2,5],[3,6],[5,7],[6,8],[6,9],[6,10],[6,11],[6,12],[6,13],[6,14],[7,15],[7,16],[7,17],[7,18],[7,19],[7,20],[7,21]],"ID":28},{"def":["$r4"],"use":[],"callees":[],"nodes":["CompoundStmt","DefinitionStmt","Local","NewExpr","RefType","RefType","org","xml","sax","helpers","Parser","Adapter","org","xml","sax","helpers","Parser","Adapter"],"edges":[[0,1],[1,2],[1,3],[2,4],[3,5],[4,6],[4,7],[4,8],[4,9],[4,10],[4,11],[5,12],[5,13],[5,14],[5,15],[5,16],[5,17]],"ID":29},{"def":["$r5"],"use":[],"callees":["makeParser"],"nodes":["CompoundStmt","DefinitionStmt","Local","Invoke","RefType","org","xml","sax","Parser"],"edges":[[0,1],[1,2],[1,3],[2,4],[4,5],[4,6],[4,7],[4,8]],"ID":30},{"def":[],"use":["$r4","$r5"],"callees":["\u003cinit\u003e"],"nodes":["CompoundStmt","Invoke"],"edges":[[0,1]],"ID":31},{"def":[],"use":["$r4"],"callees":[],"nodes":["CompoundStmt","ReturnStmt","Local","RefType","org","xml","sax","helpers","Parser","Adapter"],"edges":[[0,1],[1,2],[2,3],[3,4],[3,5],[3,6],[3,7],[3,8],[3,9]],"ID":32},{"def":["$r15","$r16","r22"],"use":["$r15","$r16","@caughtexception"],"callees":[],"nodes":["CompoundStmt","DefinitionStmt","DefinitionStmt","DefinitionStmt","Invoke","ThrowStmt","Local","CaughtException","Local","Local","Local","NewExpr","Local","RefType","RefType","RefType","RefType","RefType","RefType","RefType","java","lang","Exception","java","lang","Throwable","java","lang","Exception","java","lang","Exception","org","xml","sax","S","A","X","Exception","org","xml","sax","S","A","X","Exception","org","xml","sax","S","A","X","Exception"],"edges":[[0,1],[0,2],[0,3],[0,4],[0,5],[1,6],[1,7],[2,8],[2,9],[3,10],[3,11],[5,12],[6,13],[7,14],[8,15],[9,16],[10,17],[11,18],[12,19],[13,20],[13,21],[13,22],[14,23],[14,24],[14,25],[15,26],[15,27],[15,28],[16,29],[16,30],[16,31],[17,32],[17,33],[17,34],[17,35],[17,36],[17,37],[17,38],[18,39],[18,40],[18,41],[18,42],[18,43],[18,44],[18,45],[19,46],[19,47],[19,48],[19,49],[19,50],[19,51],[19,52]],"ID":33}],"edgeSet":[[3,6,5],[23,26,5],[8,9,0],[4,5,0],[5,7,1],[16,17,0],[20,21,0],[24,25,0],[25,27,1],[12,13,1],[25,27,2],[6,5,0],[26,25,0],[17,15,0],[30,33,5],[8,26,5],[10,26,5],[14,26,5],[28,1,0],[9,16,2],[16,26,5],[18,26,5],[0,2,0],[32,1,0],[3,4,0],[11,12,0],[19,20,0],[20,26,5],[23,24,0],[31,32,0],[7,8,1],[27,28,1],[2,6,5],[22,26,5],[4,6,5],[24,26,5],[5,25,2],[7,25,2],[15,25,2],[2,3,0],[10,11,0],[12,15,2],[14,15,0],[18,19,0],[22,23,0],[27,33,5],[30,31,0],[27,29,2],[29,33,5],[31,33,5],[9,26,5],[11,26,5],[13,26,5],[17,26,5],[15,18,1],[19,26,5],[13,14,0],[21,22,0],[29,30,0],[33,1,0],[9,10,1],[21,26,5]],"ENTRY":{"def":[],"use":[],"callees":[],"nodes":["CompoundStmt"],"edges":[],"ID":0},"EXIT":{"def":[],"use":[],"callees":[],"nodes":["CompoundStmt"],"edges":[],"ID":1},"method_name":"createXMLReader"},{"blocks":[{"def":[],"use":[],"callees":[],"nodes":["CompoundStmt"],"edges":[],"ID":0},{"def":[],"use":[],"callees":[],"nodes":["CompoundStmt"],"edges":[],"ID":1},{"def":["r0","r1"],"use":["@this: org.xml.sax.helpers.XMLReaderAdapter","@parameter0: org.xml.sax.XMLReader","r1"],"callees":[],"nodes":["CompoundStmt","DefinitionStmt","DefinitionStmt","IfStmt","Local","ThisRef","Local","Param","BinaryOp","RefType","RefType","RefType","RefType","Local"," !\u003d ","Constant","org","xml","sax","helpers","X","M","L","Reader","Adapter","org","xml","sax","helpers","X","M","L","Reader","Adapter","org","xml","sax","X","M","L","Reader","org","xml","sax","X","M","L","Reader","RefType","Null","org","xml","sax","X","M","L","Reader"],"edges":[[0,1],[0,2],[0,3],[1,4],[1,5],[2,6],[2,7],[3,8],[4,9],[5,10],[6,11],[7,12],[8,13],[8,14],[8,15],[9,16],[9,17],[9,18],[9,19],[9,20],[9,21],[9,22],[9,23],[9,24],[10,25],[10,26],[10,27],[10,28],[10,29],[10,30],[10,31],[10,32],[10,33],[11,34],[11,35],[11,36],[11,37],[11,38],[11,39],[11,40],[12,41],[12,42],[12,43],[12,44],[12,45],[12,46],[12,47],[13,48],[15,49],[48,50],[48,51],[48,52],[48,53],[48,54],[48,55],[48,56]],"ID":2},{"def":["$r3"],"use":["$r3"],"callees":[],"nodes":["CompoundStmt","DefinitionStmt","Invoke","ThrowStmt","Local","NewExpr","Local","RefType","RefType","RefType","java","lang","Null","Pointer","Exception","java","lang","Null","Pointer","Exception","java","lang","Null","Pointer","Exception"],"edges":[[0,1],[0,2],[0,3],[1,4],[1,5],[3,6],[4,7],[5,8],[6,9],[7,10],[7,11],[7,12],[7,13],[7,14],[8,15],[8,16],[8,17],[8,18],[8,19],[9,20],[9,21],[9,22],[9,23],[9,24]],"ID":3},{"def":["r0.\u003corg.xml.sax.helpers.XMLReaderAdapter: org.xml.sax.helpers.XMLReaderAdapter$AttributesAdapter qAtts\u003e","$r2","r0.\u003corg.xml.sax.helpers.XMLReaderAdapter: org.xml.sax.XMLReader xmlReader\u003e"],"use":["$r2","r0","r1"],"callees":["\u003cinit\u003e"],"nodes":["CompoundStmt","DefinitionStmt","DefinitionStmt","Invoke","DefinitionStmt","ReturnVoidStmt","InstanceFieldRef","Local","Local","NewExpr","InstanceFieldRef","Local","RefType","Local","RefType","RefType","RefType","RefType","RefType","Local","RefType","RefType","org","xml","sax","X","M","L","Reader","RefType","org","xml","sax","X","M","L","Reader","org","xml","sax","X","M","L","Reader","org","xml","sax","helpers","X","M","L","Reader","Adapter$","Attributes","Adapter","org","xml","sax","helpers","X","M","L","Reader","Adapter$","Attributes","Adapter","org","xml","sax","helpers","X","M","L","Reader","Adapter$","Attributes","Adapter","RefType","org","xml","sax","helpers","X","M","L","Reader","Adapter$","Attributes","Adapter","org","xml","sax","helpers","X","M","L","Reader","Adapter$","Attributes","Adapter","org","xml","sax","helpers","X","M","L","Reader","Adapter","org","xml","sax","helpers","X","M","L","Reader","Adapter"],"edges":[[0,1],[0,2],[0,3],[0,4],[0,5],[1,6],[1,7],[2,8],[2,9],[4,10],[4,11],[6,12],[6,13],[6,14],[7,15],[8,16],[9,17],[10,18],[10,19],[10,20],[11,21],[12,22],[12,23],[12,24],[12,25],[12,26],[12,27],[12,28],[13,29],[14,30],[14,31],[14,32],[14,33],[14,34],[14,35],[14,36],[15,37],[15,38],[15,39],[15,40],[15,41],[15,42],[15,43],[16,44],[16,45],[16,46],[16,47],[16,48],[16,49],[16,50],[16,51],[16,52],[16,53],[16,54],[17,55],[17,56],[17,57],[17,58],[17,59],[17,60],[17,61],[17,62],[17,63],[17,64],[17,65],[18,66],[18,67],[18,68],[18,69],[18,70],[18,71],[18,72],[18,73],[18,74],[18,75],[18,76],[19,77],[20,78],[20,79],[20,80],[20,81],[20,82],[20,83],[20,84],[20,85],[20,86],[20,87],[20,88],[21,89],[21,90],[21,91],[21,92],[21,93],[21,94],[21,95],[21,96],[21,97],[21,98],[21,99],[29,100],[29,101],[29,102],[29,103],[29,104],[29,105],[29,106],[29,107],[29,108],[77,109],[77,110],[77,111],[77,112],[77,113],[77,114],[77,115],[77,116],[77,117]],"ID":4}],"edgeSet":[[3,1,0],[4,1,0],[0,2,0],[2,3,1],[2,4,2]],"ENTRY":{"def":[],"use":[],"callees":[],"nodes":["CompoundStmt"],"edges":[],"ID":0},"EXIT":{"def":[],"use":[],"callees":[],"nodes":["CompoundStmt"],"edges":[],"ID":1},"method_name":"setup"},{"blocks":[{"def":[],"use":[],"callees":[],"nodes":["CompoundStmt"],"edges":[],"ID":0},{"def":[],"use":[],"callees":[],"nodes":["CompoundStmt"],"edges":[],"ID":1},{"def":["$r1","r0"],"use":["$r1","@this: org.xml.sax.helpers.XMLReaderAdapter","r0"],"callees":["createXMLReader","setup"],"nodes":["CompoundStmt","DefinitionStmt","Invoke","DefinitionStmt","Invoke","ReturnVoidStmt","Local","ThisRef","Local","Invoke","RefType","RefType","RefType","org","xml","sax","helpers","X","M","L","Reader","Adapter","org","xml","sax","helpers","X","M","L","Reader","Adapter","org","xml","sax","X","M","L","Reader"],"edges":[[0,1],[0,2],[0,3],[0,4],[0,5],[1,6],[1,7],[3,8],[3,9],[6,10],[7,11],[8,12],[10,13],[10,14],[10,15],[10,16],[10,17],[10,18],[10,19],[10,20],[10,21],[11,22],[11,23],[11,24],[11,25],[11,26],[11,27],[11,28],[11,29],[11,30],[12,31],[12,32],[12,33],[12,34],[12,35],[12,36],[12,37]],"ID":2}],"edgeSet":[[0,2,0],[2,1,0]],"ENTRY":{"def":[],"use":[],"callees":[],"nodes":["CompoundStmt"],"edges":[],"ID":0},"EXIT":{"def":[],"use":[],"callees":[],"nodes":["CompoundStmt"],"edges":[],"ID":1},"method_name":"\u003cinit\u003e"},{"blocks":[{"def":[],"use":[],"callees":[],"nodes":["CompoundStmt"],"edges":[],"ID":0},{"def":[],"use":[],"callees":[],"nodes":["CompoundStmt"],"edges":[],"ID":1},{"def":["r0","r1"],"use":["@this: org.xml.sax.helpers.XMLReaderAdapter","@parameter0: org.xml.sax.XMLReader","r0","r1"],"callees":["setup"],"nodes":["CompoundStmt","DefinitionStmt","DefinitionStmt","Invoke","Invoke","ReturnVoidStmt","Local","ThisRef","Local","Param","RefType","RefType","RefType","RefType","org","xml","sax","helpers","X","M","L","Reader","Adapter","org","xml","sax","helpers","X","M","L","Reader","Adapter","org","xml","sax","X","M","L","Reader","org","xml","sax","X","M","L","Reader"],"edges":[[0,1],[0,2],[0,3],[0,4],[0,5],[1,6],[1,7],[2,8],[2,9],[6,10],[7,11],[8,12],[9,13],[10,14],[10,15],[10,16],[10,17],[10,18],[10,19],[10,20],[10,21],[10,22],[11,23],[11,24],[11,25],[11,26],[11,27],[11,28],[11,29],[11,30],[11,31],[12,32],[12,33],[12,34],[12,35],[12,36],[12,37],[12,38],[13,39],[13,40],[13,41],[13,42],[13,43],[13,44],[13,45]],"ID":2}],"edgeSet":[[0,2,0],[2,1,0]],"ENTRY":{"def":[],"use":[],"callees":[],"nodes":["CompoundStmt"],"edges":[],"ID":0},"EXIT":{"def":[],"use":[],"callees":[],"nodes":["CompoundStmt"],"edges":[],"ID":1},"method_name":"\u003cinit\u003e"},{"blocks":[{"def":[],"use":[],"callees":[],"nodes":["CompoundStmt"],"edges":[],"ID":0},{"def":[],"use":[],"callees":[],"nodes":["CompoundStmt"],"edges":[],"ID":1},{"def":["r0","r1"],"use":["@this: org.xml.sax.helpers.XMLReaderAdapter","@parameter0: org.xml.sax.XMLReader","r1"],"callees":[],"nodes":["CompoundStmt","DefinitionStmt","DefinitionStmt","IfStmt","Local","ThisRef","Local","Param","BinaryOp","RefType","RefType","RefType","RefType","Local"," !\u003d ","Constant","org","xml","sax","helpers","X","M","L","Reader","Adapter","org","xml","sax","helpers","X","M","L","Reader","Adapter","org","xml","sax","X","M","L","Reader","org","xml","sax","X","M","L","Reader","RefType","Null","org","xml","sax","X","M","L","Reader"],"edges":[[0,1],[0,2],[0,3],[1,4],[1,5],[2,6],[2,7],[3,8],[4,9],[5,10],[6,11],[7,12],[8,13],[8,14],[8,15],[9,16],[9,17],[9,18],[9,19],[9,20],[9,21],[9,22],[9,23],[9,24],[10,25],[10,26],[10,27],[10,28],[10,29],[10,30],[10,31],[10,32],[10,33],[11,34],[11,35],[11,36],[11,37],[11,38],[11,39],[11,40],[12,41],[12,42],[12,43],[12,44],[12,45],[12,46],[12,47],[13,48],[15,49],[48,50],[48,51],[48,52],[48,53],[48,54],[48,55],[48,56]],"ID":2},{"def":["$r3"],"use":["$r3"],"callees":[],"nodes":["CompoundStmt","DefinitionStmt","Invoke","ThrowStmt","Local","NewExpr","Local","RefType","RefType","RefType","java","lang","Null","Pointer","Exception","java","lang","Null","Pointer","Exception","java","lang","Null","Pointer","Exception"],"edges":[[0,1],[0,2],[0,3],[1,4],[1,5],[3,6],[4,7],[5,8],[6,9],[7,10],[7,11],[7,12],[7,13],[7,14],[8,15],[8,16],[8,17],[8,18],[8,19],[9,20],[9,21],[9,22],[9,23],[9,24]],"ID":3},{"def":["r0.\u003corg.xml.sax.helpers.XMLReaderAdapter: org.xml.sax.helpers.XMLReaderAdapter$AttributesAdapter qAtts\u003e","$r2","r0.\u003corg.xml.sax.helpers.XMLReaderAdapter: org.xml.sax.XMLReader xmlReader\u003e"],"use":["$r2","r0","r1"],"callees":["\u003cinit\u003e"],"nodes":["CompoundStmt","DefinitionStmt","DefinitionStmt","Invoke","DefinitionStmt","ReturnVoidStmt","InstanceFieldRef","Local","Local","NewExpr","InstanceFieldRef","Local","RefType","Local","RefType","RefType","RefType","RefType","RefType","Local","RefType","RefType","org","xml","sax","X","M","L","Reader","RefType","org","xml","sax","X","M","L","Reader","org","xml","sax","X","M","L","Reader","org","xml","sax","helpers","X","M","L","Reader","Adapter$","Attributes","Adapter","org","xml","sax","helpers","X","M","L","Reader","Adapter$","Attributes","Adapter","org","xml","sax","helpers","X","M","L","Reader","Adapter$","Attributes","Adapter","RefType","org","xml","sax","helpers","X","M","L","Reader","Adapter$","Attributes","Adapter","org","xml","sax","helpers","X","M","L","Reader","Adapter$","Attributes","Adapter","org","xml","sax","helpers","X","M","L","Reader","Adapter","org","xml","sax","helpers","X","M","L","Reader","Adapter"],"edges":[[0,1],[0,2],[0,3],[0,4],[0,5],[1,6],[1,7],[2,8],[2,9],[4,10],[4,11],[6,12],[6,13],[6,14],[7,15],[8,16],[9,17],[10,18],[10,19],[10,20],[11,21],[12,22],[12,23],[12,24],[12,25],[12,26],[12,27],[12,28],[13,29],[14,30],[14,31],[14,32],[14,33],[14,34],[14,35],[14,36],[15,37],[15,38],[15,39],[15,40],[15,41],[15,42],[15,43],[16,44],[16,45],[16,46],[16,47],[16,48],[16,49],[16,50],[16,51],[16,52],[16,53],[16,54],[17,55],[17,56],[17,57],[17,58],[17,59],[17,60],[17,61],[17,62],[17,63],[17,64],[17,65],[18,66],[18,67],[18,68],[18,69],[18,70],[18,71],[18,72],[18,73],[18,74],[18,75],[18,76],[19,77],[20,78],[20,79],[20,80],[20,81],[20,82],[20,83],[20,84],[20,85],[20,86],[20,87],[20,88],[21,89],[21,90],[21,91],[21,92],[21,93],[21,94],[21,95],[21,96],[21,97],[21,98],[21,99],[29,100],[29,101],[29,102],[29,103],[29,104],[29,105],[29,106],[29,107],[29,108],[77,109],[77,110],[77,111],[77,112],[77,113],[77,114],[77,115],[77,116],[77,117]],"ID":4}],"edgeSet":[[3,1,0],[4,1,0],[0,2,0],[2,3,1],[2,4,2]],"ENTRY":{"def":[],"use":[],"callees":[],"nodes":["CompoundStmt"],"edges":[],"ID":0},"EXIT":{"def":[],"use":[],"callees":[],"nodes":["CompoundStmt"],"edges":[],"ID":1},"method_name":"setup"},{"blocks":[{"def":[],"use":[],"callees":[],"nodes":["CompoundStmt"],"edges":[],"ID":0},{"def":[],"use":[],"callees":[],"nodes":["CompoundStmt"],"edges":[],"ID":1},{"def":["$r2","r0","r1"],"use":["@this: org.xml.sax.helpers.XMLReaderAdapter","$r2","@parameter0: java.util.Locale"],"callees":[],"nodes":["CompoundStmt","DefinitionStmt","DefinitionStmt","DefinitionStmt","Invoke","ThrowStmt","Local","ThisRef","Local","Param","Local","NewExpr","Local","RefType","RefType","RefType","RefType","RefType","RefType","RefType","org","xml","sax","helpers","X","M","L","Reader","Adapter","org","xml","sax","helpers","X","M","L","Reader","Adapter","java","util","Locale","java","util","Locale","org","xml","sax","S","A","X","Not","Supported","Exception","org","xml","sax","S","A","X","Not","Supported","Exception","org","xml","sax","S","A","X","Not","Supported","Exception"],"edges":[[0,1],[0,2],[0,3],[0,4],[0,5],[1,6],[1,7],[2,8],[2,9],[3,10],[3,11],[5,12],[6,13],[7,14],[8,15],[9,16],[10,17],[11,18],[12,19],[13,20],[13,21],[13,22],[13,23],[13,24],[13,25],[13,26],[13,27],[13,28],[14,29],[14,30],[14,31],[14,32],[14,33],[14,34],[14,35],[14,36],[14,37],[15,38],[15,39],[15,40],[16,41],[16,42],[16,43],[17,44],[17,45],[17,46],[17,47],[17,48],[17,49],[17,50],[17,51],[17,52],[18,53],[18,54],[18,55],[18,56],[18,57],[18,58],[18,59],[18,60],[18,61],[19,62],[19,63],[19,64],[19,65],[19,66],[19,67],[19,68],[19,69],[19,70]],"ID":2}],"edgeSet":[[0,2,0],[2,1,0]],"ENTRY":{"def":[],"use":[],"callees":[],"nodes":["CompoundStmt"],"edges":[],"ID":0},"EXIT":{"def":[],"use":[],"callees":[],"nodes":["CompoundStmt"],"edges":[],"ID":1},"method_name":"setLocale"},{"blocks":[{"def":[],"use":[],"callees":[],"nodes":["CompoundStmt"],"edges":[],"ID":0},{"def":[],"use":[],"callees":[],"nodes":["CompoundStmt"],"edges":[],"ID":1},{"def":["$r2","r0","r1"],"use":["@this: org.xml.sax.helpers.XMLReaderAdapter","$r2","r0.\u003corg.xml.sax.helpers.XMLReaderAdapter: org.xml.sax.XMLReader xmlReader\u003e","@parameter0: org.xml.sax.EntityResolver","r0","r1"],"callees":[],"nodes":["CompoundStmt","DefinitionStmt","DefinitionStmt","DefinitionStmt","Invoke","ReturnVoidStmt","Local","ThisRef","Local","Param","Local","InstanceFieldRef","RefType","RefType","RefType","RefType","RefType","RefType","Local","RefType","org","xml","sax","helpers","X","M","L","Reader","Adapter","org","xml","sax","helpers","X","M","L","Reader","Adapter","org","xml","sax","Entity","Resolver","org","xml","sax","Entity","Resolver","org","xml","sax","X","M","L","Reader","org","xml","sax","X","M","L","Reader","RefType","org","xml","sax","X","M","L","Reader","org","xml","sax","helpers","X","M","L","Reader","Adapter"],"edges":[[0,1],[0,2],[0,3],[0,4],[0,5],[1,6],[1,7],[2,8],[2,9],[3,10],[3,11],[6,12],[7,13],[8,14],[9,15],[10,16],[11,17],[11,18],[11,19],[12,20],[12,21],[12,22],[12,23],[12,24],[12,25],[12,26],[12,27],[12,28],[13,29],[13,30],[13,31],[13,32],[13,33],[13,34],[13,35],[13,36],[13,37],[14,38],[14,39],[14,40],[14,41],[14,42],[15,43],[15,44],[15,45],[15,46],[15,47],[16,48],[16,49],[16,50],[16,51],[16,52],[16,53],[16,54],[17,55],[17,56],[17,57],[17,58],[17,59],[17,60],[17,61],[18,62],[19,63],[19,64],[19,65],[19,66],[19,67],[19,68],[19,69],[62,70],[62,71],[62,72],[62,73],[62,74],[62,75],[62,76],[62,77],[62,78]],"ID":2}],"edgeSet":[[0,2,0],[2,1,0]],"ENTRY":{"def":[],"use":[],"callees":[],"nodes":["CompoundStmt"],"edges":[],"ID":0},"EXIT":{"def":[],"use":[],"callees":[],"nodes":["CompoundStmt"],"edges":[],"ID":1},"method_name":"setEntityResolver"},{"blocks":[{"def":[],"use":[],"callees":[],"nodes":["CompoundStmt"],"edges":[],"ID":0},{"def":[],"use":[],"callees":[],"nodes":["CompoundStmt"],"edges":[],"ID":1},{"def":["$r2","r0","r1"],"use":["@this: org.xml.sax.helpers.XMLReaderAdapter","$r2","r0.\u003corg.xml.sax.helpers.XMLReaderAdapter: org.xml.sax.XMLReader xmlReader\u003e","@parameter0: org.xml.sax.DTDHandler","r0","r1"],"callees":[],"nodes":["CompoundStmt","DefinitionStmt","DefinitionStmt","DefinitionStmt","Invoke","ReturnVoidStmt","Local","ThisRef","Local","Param","Local","InstanceFieldRef","RefType","RefType","RefType","RefType","RefType","RefType","Local","RefType","org","xml","sax","helpers","X","M","L","Reader","Adapter","org","xml","sax","helpers","X","M","L","Reader","Adapter","org","xml","sax","D","T","D","Handler","org","xml","sax","D","T","D","Handler","org","xml","sax","X","M","L","Reader","org","xml","sax","X","M","L","Reader","RefType","org","xml","sax","X","M","L","Reader","org","xml","sax","helpers","X","M","L","Reader","Adapter"],"edges":[[0,1],[0,2],[0,3],[0,4],[0,5],[1,6],[1,7],[2,8],[2,9],[3,10],[3,11],[6,12],[7,13],[8,14],[9,15],[10,16],[11,17],[11,18],[11,19],[12,20],[12,21],[12,22],[12,23],[12,24],[12,25],[12,26],[12,27],[12,28],[13,29],[13,30],[13,31],[13,32],[13,33],[13,34],[13,35],[13,36],[13,37],[14,38],[14,39],[14,40],[14,41],[14,42],[14,43],[14,44],[15,45],[15,46],[15,47],[15,48],[15,49],[15,50],[15,51],[16,52],[16,53],[16,54],[16,55],[16,56],[16,57],[16,58],[17,59],[17,60],[17,61],[17,62],[17,63],[17,64],[17,65],[18,66],[19,67],[19,68],[19,69],[19,70],[19,71],[19,72],[19,73],[66,74],[66,75],[66,76],[66,77],[66,78],[66,79],[66,80],[66,81],[66,82]],"ID":2}],"edgeSet":[[0,2,0],[2,1,0]],"ENTRY":{"def":[],"use":[],"callees":[],"nodes":["CompoundStmt"],"edges":[],"ID":0},"EXIT":{"def":[],"use":[],"callees":[],"nodes":["CompoundStmt"],"edges":[],"ID":1},"method_name":"setDTDHandler"},{"blocks":[{"def":[],"use":[],"callees":[],"nodes":["CompoundStmt"],"edges":[],"ID":0},{"def":[],"use":[],"callees":[],"nodes":["CompoundStmt"],"edges":[],"ID":1},{"def":["r0.\u003corg.xml.sax.helpers.XMLReaderAdapter: org.xml.sax.DocumentHandler documentHandler\u003e","r0","r1"],"use":["@this: org.xml.sax.helpers.XMLReaderAdapter","@parameter0: org.xml.sax.DocumentHandler","r0","r1"],"callees":[],"nodes":["CompoundStmt","DefinitionStmt","DefinitionStmt","DefinitionStmt","ReturnVoidStmt","Local","ThisRef","Local","Param","InstanceFieldRef","Local","RefType","RefType","RefType","RefType","RefType","Local","RefType","RefType","org","xml","sax","helpers","X","M","L","Reader","Adapter","org","xml","sax","helpers","X","M","L","Reader","Adapter","org","xml","sax","Document","Handler","org","xml","sax","Document","Handler","org","xml","sax","Document","Handler","RefType","org","xml","sax","Document","Handler","org","xml","sax","Document","Handler","org","xml","sax","helpers","X","M","L","Reader","Adapter"],"edges":[[0,1],[0,2],[0,3],[0,4],[1,5],[1,6],[2,7],[2,8],[3,9],[3,10],[5,11],[6,12],[7,13],[8,14],[9,15],[9,16],[9,17],[10,18],[11,19],[11,20],[11,21],[11,22],[11,23],[11,24],[11,25],[11,26],[11,27],[12,28],[12,29],[12,30],[12,31],[12,32],[12,33],[12,34],[12,35],[12,36],[13,37],[13,38],[13,39],[13,40],[13,41],[14,42],[14,43],[14,44],[14,45],[14,46],[15,47],[15,48],[15,49],[15,50],[15,51],[16,52],[17,53],[17,54],[17,55],[17,56],[17,57],[18,58],[18,59],[18,60],[18,61],[18,62],[52,63],[52,64],[52,65],[52,66],[52,67],[52,68],[52,69],[52,70],[52,71]],"ID":2}],"edgeSet":[[0,2,0],[2,1,0]],"ENTRY":{"def":[],"use":[],"callees":[],"nodes":["CompoundStmt"],"edges":[],"ID":0},"EXIT":{"def":[],"use":[],"callees":[],"nodes":["CompoundStmt"],"edges":[],"ID":1},"method_name":"setDocumentHandler"},{"blocks":[{"def":[],"use":[],"callees":[],"nodes":["CompoundStmt"],"edges":[],"ID":0},{"def":[],"use":[],"callees":[],"nodes":["CompoundStmt"],"edges":[],"ID":1},{"def":["$r2","r0","r1"],"use":["@this: org.xml.sax.helpers.XMLReaderAdapter","$r2","r0.\u003corg.xml.sax.helpers.XMLReaderAdapter: org.xml.sax.XMLReader xmlReader\u003e","r0","@parameter0: org.xml.sax.ErrorHandler","r1"],"callees":[],"nodes":["CompoundStmt","DefinitionStmt","DefinitionStmt","DefinitionStmt","Invoke","ReturnVoidStmt","Local","ThisRef","Local","Param","Local","InstanceFieldRef","RefType","RefType","RefType","RefType","RefType","RefType","Local","RefType","org","xml","sax","helpers","X","M","L","Reader","Adapter","org","xml","sax","helpers","X","M","L","Reader","Adapter","org","xml","sax","Error","Handler","org","xml","sax","Error","Handler","org","xml","sax","X","M","L","Reader","org","xml","sax","X","M","L","Reader","RefType","org","xml","sax","X","M","L","Reader","org","xml","sax","helpers","X","M","L","Reader","Adapter"],"edges":[[0,1],[0,2],[0,3],[0,4],[0,5],[1,6],[1,7],[2,8],[2,9],[3,10],[3,11],[6,12],[7,13],[8,14],[9,15],[10,16],[11,17],[11,18],[11,19],[12,20],[12,21],[12,22],[12,23],[12,24],[12,25],[12,26],[12,27],[12,28],[13,29],[13,30],[13,31],[13,32],[13,33],[13,34],[13,35],[13,36],[13,37],[14,38],[14,39],[14,40],[14,41],[14,42],[15,43],[15,44],[15,45],[15,46],[15,47],[16,48],[16,49],[16,50],[16,51],[16,52],[16,53],[16,54],[17,55],[17,56],[17,57],[17,58],[17,59],[17,60],[17,61],[18,62],[19,63],[19,64],[19,65],[19,66],[19,67],[19,68],[19,69],[62,70],[62,71],[62,72],[62,73],[62,74],[62,75],[62,76],[62,77],[62,78]],"ID":2}],"edgeSet":[[0,2,0],[2,1,0]],"ENTRY":{"def":[],"use":[],"callees":[],"nodes":["CompoundStmt"],"edges":[],"ID":0},"EXIT":{"def":[],"use":[],"callees":[],"nodes":["CompoundStmt"],"edges":[],"ID":1},"method_name":"setErrorHandler"},{"blocks":[{"def":[],"use":[],"callees":[],"nodes":["CompoundStmt"],"edges":[],"ID":0},{"def":[],"use":[],"callees":[],"nodes":["CompoundStmt"],"edges":[],"ID":1},{"def":["$r2","r0","r1"],"use":["@this: org.xml.sax.helpers.XMLReaderAdapter","$r2","@parameter0: java.lang.String","r0","r1"],"callees":["parse"],"nodes":["CompoundStmt","DefinitionStmt","DefinitionStmt","DefinitionStmt","Invoke","Invoke","ReturnVoidStmt","Local","ThisRef","Local","Param","Local","NewExpr","RefType","RefType","RefType","RefType","RefType","RefType","org","xml","sax","helpers","X","M","L","Reader","Adapter","org","xml","sax","helpers","X","M","L","Reader","Adapter","java","lang","String","java","lang","String","org","xml","sax","Input","Source","org","xml","sax","Input","Source"],"edges":[[0,1],[0,2],[0,3],[0,4],[0,5],[0,6],[1,7],[1,8],[2,9],[2,10],[3,11],[3,12],[7,13],[8,14],[9,15],[10,16],[11,17],[12,18],[13,19],[13,20],[13,21],[13,22],[13,23],[13,24],[13,25],[13,26],[13,27],[14,28],[14,29],[14,30],[14,31],[14,32],[14,33],[14,34],[14,35],[14,36],[15,37],[15,38],[15,39],[16,40],[16,41],[16,42],[17,43],[17,44],[17,45],[17,46],[17,47],[18,48],[18,49],[18,50],[18,51],[18,52]],"ID":2}],"edgeSet":[[0,2,0],[2,1,0]],"ENTRY":{"def":[],"use":[],"callees":[],"nodes":["CompoundStmt"],"edges":[],"ID":0},"EXIT":{"def":[],"use":[],"callees":[],"nodes":["CompoundStmt"],"edges":[],"ID":1},"method_name":"parse"},{"blocks":[{"def":[],"use":[],"callees":[],"nodes":["CompoundStmt"],"edges":[],"ID":0},{"def":[],"use":[],"callees":[],"nodes":["CompoundStmt"],"edges":[],"ID":1},{"def":["$r2","r0"],"use":["@this: org.xml.sax.helpers.XMLReaderAdapter","$r2","r0.\u003corg.xml.sax.helpers.XMLReaderAdapter: org.xml.sax.XMLReader xmlReader\u003e","r0"],"callees":[],"nodes":["CompoundStmt","DefinitionStmt","DefinitionStmt","Invoke","Local","ThisRef","Local","InstanceFieldRef","RefType","RefType","RefType","RefType","Local","RefType","org","xml","sax","helpers","X","M","L","Reader","Adapter","org","xml","sax","helpers","X","M","L","Reader","Adapter","org","xml","sax","X","M","L","Reader","org","xml","sax","X","M","L","Reader","RefType","org","xml","sax","X","M","L","Reader","org","xml","sax","helpers","X","M","L","Reader","Adapter"],"edges":[[0,1],[0,2],[0,3],[1,4],[1,5],[2,6],[2,7],[4,8],[5,9],[6,10],[7,11],[7,12],[7,13],[8,14],[8,15],[8,16],[8,17],[8,18],[8,19],[8,20],[8,21],[8,22],[9,23],[9,24],[9,25],[9,26],[9,27],[9,28],[9,29],[9,30],[9,31],[10,32],[10,33],[10,34],[10,35],[10,36],[10,37],[10,38],[11,39],[11,40],[11,41],[11,42],[11,43],[11,44],[11,45],[12,46],[13,47],[13,48],[13,49],[13,50],[13,51],[13,52],[13,53],[46,54],[46,55],[46,56],[46,57],[46,58],[46,59],[46,60],[46,61],[46,62]],"ID":2},{"def":["$r3"],"use":["r0.\u003corg.xml.sax.helpers.XMLReaderAdapter: org.xml.sax.XMLReader xmlReader\u003e","r0"],"callees":[],"nodes":["CompoundStmt","DefinitionStmt","Local","InstanceFieldRef","RefType","RefType","Local","RefType","org","xml","sax","X","M","L","Reader","org","xml","sax","X","M","L","Reader","RefType","org","xml","sax","X","M","L","Reader","org","xml","sax","helpers","X","M","L","Reader","Adapter"],"edges":[[0,1],[1,2],[1,3],[2,4],[3,5],[3,6],[3,7],[4,8],[4,9],[4,10],[4,11],[4,12],[4,13],[4,14],[5,15],[5,16],[5,17],[5,18],[5,19],[5,20],[5,21],[6,22],[7,23],[7,24],[7,25],[7,26],[7,27],[7,28],[7,29],[22,30],[22,31],[22,32],[22,33],[22,34],[22,35],[22,36],[22,37],[22,38]],"ID":3},{"def":[],"use":["$r3"],"callees":[],"nodes":["CompoundStmt","Invoke"],"edges":[[0,1]],"ID":4},{"def":["$r4"],"use":["r0.\u003corg.xml.sax.helpers.XMLReaderAdapter: org.xml.sax.XMLReader xmlReader\u003e","$r4","r0"],"callees":[],"nodes":["CompoundStmt","GotoStmt","DefinitionStmt","Invoke","ReturnVoidStmt","Local","InstanceFieldRef","RefType","RefType","Local","RefType","org","xml","sax","X","M","L","Reader","org","xml","sax","X","M","L","Reader","RefType","org","xml","sax","X","M","L","Reader","org","xml","sax","helpers","X","M","L","Reader","Adapter"],"edges":[[0,1],[0,2],[0,3],[0,4],[2,5],[2,6],[5,7],[6,8],[6,9],[6,10],[7,11],[7,12],[7,13],[7,14],[7,15],[7,16],[7,17],[8,18],[8,19],[8,20],[8,21],[8,22],[8,23],[8,24],[9,25],[10,26],[10,27],[10,28],[10,29],[10,30],[10,31],[10,32],[25,33],[25,34],[25,35],[25,36],[25,37],[25,38],[25,39],[25,40],[25,41]],"ID":5},{"def":["$r5","r1"],"use":["@caughtexception","$r5"],"callees":[],"nodes":["CompoundStmt","DefinitionStmt","DefinitionStmt","Local","CaughtException","Local","Local","RefType","RefType","RefType","RefType","org","xml","sax","S","A","X","Exception","java","lang","Throwable","org","xml","sax","S","A","X","Exception","org","xml","sax","S","A","X","Exception"],"edges":[[0,1],[0,2],[1,3],[1,4],[2,5],[2,6],[3,7],[4,8],[5,9],[6,10],[7,11],[7,12],[7,13],[7,14],[7,15],[7,16],[7,17],[8,18],[8,19],[8,20],[9,21],[9,22],[9,23],[9,24],[9,25],[9,26],[9,27],[10,28],[10,29],[10,30],[10,31],[10,32],[10,33],[10,34]],"ID":6}],"edgeSet":[[3,6,5],[4,6,5],[5,1,0],[0,2,0],[2,3,0],[3,4,0],[4,5,0],[2,6,5],[6,5,0]],"ENTRY":{"def":[],"use":[],"callees":[],"nodes":["CompoundStmt"],"edges":[],"ID":0},"EXIT":{"def":[],"use":[],"callees":[],"nodes":["CompoundStmt"],"edges":[],"ID":1},"method_name":"setupXMLReader"},{"blocks":[{"def":[],"use":[],"callees":[],"nodes":["CompoundStmt"],"edges":[],"ID":0},{"def":[],"use":[],"callees":[],"nodes":["CompoundStmt"],"edges":[],"ID":1},{"def":["$r2","r0","r1"],"use":["@this: org.xml.sax.helpers.XMLReaderAdapter","$r2","r0.\u003corg.xml.sax.helpers.XMLReaderAdapter: org.xml.sax.XMLReader xmlReader\u003e","@parameter0: org.xml.sax.InputSource","r0","r1"],"callees":["setupXMLReader"],"nodes":["CompoundStmt","DefinitionStmt","DefinitionStmt","Invoke","DefinitionStmt","Invoke","ReturnVoidStmt","Local","ThisRef","Local","Param","Local","InstanceFieldRef","RefType","RefType","RefType","RefType","RefType","RefType","Local","RefType","org","xml","sax","helpers","X","M","L","Reader","Adapter","org","xml","sax","helpers","X","M","L","Reader","Adapter","org","xml","sax","Input","Source","org","xml","sax","Input","Source","org","xml","sax","X","M","L","Reader","org","xml","sax","X","M","L","Reader","RefType","org","xml","sax","X","M","L","Reader","org","xml","sax","helpers","X","M","L","Reader","Adapter"],"edges":[[0,1],[0,2],[0,3],[0,4],[0,5],[0,6],[1,7],[1,8],[2,9],[2,10],[4,11],[4,12],[7,13],[8,14],[9,15],[10,16],[11,17],[12,18],[12,19],[12,20],[13,21],[13,22],[13,23],[13,24],[13,25],[13,26],[13,27],[13,28],[13,29],[14,30],[14,31],[14,32],[14,33],[14,34],[14,35],[14,36],[14,37],[14,38],[15,39],[15,40],[15,41],[15,42],[15,43],[16,44],[16,45],[16,46],[16,47],[16,48],[17,49],[17,50],[17,51],[17,52],[17,53],[17,54],[17,55],[18,56],[18,57],[18,58],[18,59],[18,60],[18,61],[18,62],[19,63],[20,64],[20,65],[20,66],[20,67],[20,68],[20,69],[20,70],[63,71],[63,72],[63,73],[63,74],[63,75],[63,76],[63,77],[63,78],[63,79]],"ID":2}],"edgeSet":[[0,2,0],[2,1,0]],"ENTRY":{"def":[],"use":[],"callees":[],"nodes":["CompoundStmt"],"edges":[],"ID":0},"EXIT":{"def":[],"use":[],"callees":[],"nodes":["CompoundStmt"],"edges":[],"ID":1},"method_name":"parse"},{"blocks":[{"def":[],"use":[],"callees":[],"nodes":["CompoundStmt"],"edges":[],"ID":0},{"def":[],"use":[],"callees":[],"nodes":["CompoundStmt"],"edges":[],"ID":1},{"def":["$r2","r0"],"use":["@this: org.xml.sax.helpers.XMLReaderAdapter","$r2","r0.\u003corg.xml.sax.helpers.XMLReaderAdapter: org.xml.sax.XMLReader xmlReader\u003e","r0"],"callees":[],"nodes":["CompoundStmt","DefinitionStmt","DefinitionStmt","Invoke","Local","ThisRef","Local","InstanceFieldRef","RefType","RefType","RefType","RefType","Local","RefType","org","xml","sax","helpers","X","M","L","Reader","Adapter","org","xml","sax","helpers","X","M","L","Reader","Adapter","org","xml","sax","X","M","L","Reader","org","xml","sax","X","M","L","Reader","RefType","org","xml","sax","X","M","L","Reader","org","xml","sax","helpers","X","M","L","Reader","Adapter"],"edges":[[0,1],[0,2],[0,3],[1,4],[1,5],[2,6],[2,7],[4,8],[5,9],[6,10],[7,11],[7,12],[7,13],[8,14],[8,15],[8,16],[8,17],[8,18],[8,19],[8,20],[8,21],[8,22],[9,23],[9,24],[9,25],[9,26],[9,27],[9,28],[9,29],[9,30],[9,31],[10,32],[10,33],[10,34],[10,35],[10,36],[10,37],[10,38],[11,39],[11,40],[11,41],[11,42],[11,43],[11,44],[11,45],[12,46],[13,47],[13,48],[13,49],[13,50],[13,51],[13,52],[13,53],[46,54],[46,55],[46,56],[46,57],[46,58],[46,59],[46,60],[46,61],[46,62]],"ID":2},{"def":["$r3"],"use":["r0.\u003corg.xml.sax.helpers.XMLReaderAdapter: org.xml.sax.XMLReader xmlReader\u003e","r0"],"callees":[],"nodes":["CompoundStmt","DefinitionStmt","Local","InstanceFieldRef","RefType","RefType","Local","RefType","org","xml","sax","X","M","L","Reader","org","xml","sax","X","M","L","Reader","RefType","org","xml","sax","X","M","L","Reader","org","xml","sax","helpers","X","M","L","Reader","Adapter"],"edges":[[0,1],[1,2],[1,3],[2,4],[3,5],[3,6],[3,7],[4,8],[4,9],[4,10],[4,11],[4,12],[4,13],[4,14],[5,15],[5,16],[5,17],[5,18],[5,19],[5,20],[5,21],[6,22],[7,23],[7,24],[7,25],[7,26],[7,27],[7,28],[7,29],[22,30],[22,31],[22,32],[22,33],[22,34],[22,35],[22,36],[22,37],[22,38]],"ID":3},{"def":[],"use":["$r3"],"callees":[],"nodes":["CompoundStmt","Invoke"],"edges":[[0,1]],"ID":4},{"def":["$r4"],"use":["r0.\u003corg.xml.sax.helpers.XMLReaderAdapter: org.xml.sax.XMLReader xmlReader\u003e","$r4","r0"],"callees":[],"nodes":["CompoundStmt","GotoStmt","DefinitionStmt","Invoke","ReturnVoidStmt","Local","InstanceFieldRef","RefType","RefType","Local","RefType","org","xml","sax","X","M","L","Reader","org","xml","sax","X","M","L","Reader","RefType","org","xml","sax","X","M","L","Reader","org","xml","sax","helpers","X","M","L","Reader","Adapter"],"edges":[[0,1],[0,2],[0,3],[0,4],[2,5],[2,6],[5,7],[6,8],[6,9],[6,10],[7,11],[7,12],[7,13],[7,14],[7,15],[7,16],[7,17],[8,18],[8,19],[8,20],[8,21],[8,22],[8,23],[8,24],[9,25],[10,26],[10,27],[10,28],[10,29],[10,30],[10,31],[10,32],[25,33],[25,34],[25,35],[25,36],[25,37],[25,38],[25,39],[25,40],[25,41]],"ID":5},{"def":["$r5","r1"],"use":["@caughtexception","$r5"],"callees":[],"nodes":["CompoundStmt","DefinitionStmt","DefinitionStmt","Local","CaughtException","Local","Local","RefType","RefType","RefType","RefType","org","xml","sax","S","A","X","Exception","java","lang","Throwable","org","xml","sax","S","A","X","Exception","org","xml","sax","S","A","X","Exception"],"edges":[[0,1],[0,2],[1,3],[1,4],[2,5],[2,6],[3,7],[4,8],[5,9],[6,10],[7,11],[7,12],[7,13],[7,14],[7,15],[7,16],[7,17],[8,18],[8,19],[8,20],[9,21],[9,22],[9,23],[9,24],[9,25],[9,26],[9,27],[10,28],[10,29],[10,30],[10,31],[10,32],[10,33],[10,34]],"ID":6}],"edgeSet":[[3,6,5],[4,6,5],[5,1,0],[0,2,0],[2,3,0],[3,4,0],[4,5,0],[2,6,5],[6,5,0]],"ENTRY":{"def":[],"use":[],"callees":[],"nodes":["CompoundStmt"],"edges":[],"ID":0},"EXIT":{"def":[],"use":[],"callees":[],"nodes":["CompoundStmt"],"edges":[],"ID":1},"method_name":"setupXMLReader"},{"blocks":[{"def":[],"use":[],"callees":[],"nodes":["CompoundStmt"],"edges":[],"ID":0},{"def":[],"use":[],"callees":[],"nodes":["CompoundStmt"],"edges":[],"ID":1},{"def":["$r2","r0","r1"],"use":["@this: org.xml.sax.helpers.XMLReaderAdapter","$r2","r0.\u003corg.xml.sax.helpers.XMLReaderAdapter: org.xml.sax.DocumentHandler documentHandler\u003e","@parameter0: org.xml.sax.Locator","r0"],"callees":[],"nodes":["CompoundStmt","DefinitionStmt","DefinitionStmt","DefinitionStmt","IfStmt","Local","ThisRef","Local","Param","Local","InstanceFieldRef","BinaryOp","RefType","RefType","RefType","RefType","RefType","RefType","Local","RefType","Local"," \u003d\u003d ","Constant","org","xml","sax","helpers","X","M","L","Reader","Adapter","org","xml","sax","helpers","X","M","L","Reader","Adapter","org","xml","sax","Locator","org","xml","sax","Locator","org","xml","sax","Document","Handler","org","xml","sax","Document","Handler","RefType","org","xml","sax","Document","Handler","RefType","Null","org","xml","sax","helpers","X","M","L","Reader","Adapter","org","xml","sax","Document","Handler"],"edges":[[0,1],[0,2],[0,3],[0,4],[1,5],[1,6],[2,7],[2,8],[3,9],[3,10],[4,11],[5,12],[6,13],[7,14],[8,15],[9,16],[10,17],[10,18],[10,19],[11,20],[11,21],[11,22],[12,23],[12,24],[12,25],[12,26],[12,27],[12,28],[12,29],[12,30],[12,31],[13,32],[13,33],[13,34],[13,35],[13,36],[13,37],[13,38],[13,39],[13,40],[14,41],[14,42],[14,43],[14,44],[15,45],[15,46],[15,47],[15,48],[16,49],[16,50],[16,51],[16,52],[16,53],[17,54],[17,55],[17,56],[17,57],[17,58],[18,59],[19,60],[19,61],[19,62],[19,63],[19,64],[20,65],[22,66],[59,67],[59,68],[59,69],[59,70],[59,71],[59,72],[59,73],[59,74],[59,75],[65,76],[65,77],[65,78],[65,79],[65,80]],"ID":2},{"def":["$r3"],"use":["$r3","r0.\u003corg.xml.sax.helpers.XMLReaderAdapter: org.xml.sax.DocumentHandler documentHandler\u003e","r0","r1"],"callees":[],"nodes":["CompoundStmt","DefinitionStmt","Invoke","ReturnVoidStmt","Local","InstanceFieldRef","RefType","RefType","Local","RefType","org","xml","sax","Document","Handler","org","xml","sax","Document","Handler","RefType","org","xml","sax","Document","Handler","org","xml","sax","helpers","X","M","L","Reader","Adapter"],"edges":[[0,1],[0,2],[0,3],[1,4],[1,5],[4,6],[5,7],[5,8],[5,9],[6,10],[6,11],[6,12],[6,13],[6,14],[7,15],[7,16],[7,17],[7,18],[7,19],[8,20],[9,21],[9,22],[9,23],[9,24],[9,25],[20,26],[20,27],[20,28],[20,29],[20,30],[20,31],[20,32],[20,33],[20,34]],"ID":3}],"edgeSet":[[3,1,0],[0,2,0],[2,3,1],[2,3,2]],"ENTRY":{"def":[],"use":[],"callees":[],"nodes":["CompoundStmt"],"edges":[],"ID":0},"EXIT":{"def":[],"use":[],"callees":[],"nodes":["CompoundStmt"],"edges":[],"ID":1},"method_name":"setDocumentLocator"},{"blocks":[{"def":[],"use":[],"callees":[],"nodes":["CompoundStmt"],"edges":[],"ID":0},{"def":[],"use":[],"callees":[],"nodes":["CompoundStmt"],"edges":[],"ID":1},{"def":["$r1","r0"],"use":["$r1","@this: org.xml.sax.helpers.XMLReaderAdapter","r0.\u003corg.xml.sax.helpers.XMLReaderAdapter: org.xml.sax.DocumentHandler documentHandler\u003e","r0"],"callees":[],"nodes":["CompoundStmt","DefinitionStmt","DefinitionStmt","IfStmt","Local","ThisRef","Local","InstanceFieldRef","BinaryOp","RefType","RefType","RefType","RefType","Local","RefType","Local"," \u003d\u003d ","Constant","org","xml","sax","helpers","X","M","L","Reader","Adapter","org","xml","sax","helpers","X","M","L","Reader","Adapter","org","xml","sax","Document","Handler","org","xml","sax","Document","Handler","RefType","org","xml","sax","Document","Handler","RefType","Null","org","xml","sax","helpers","X","M","L","Reader","Adapter","org","xml","sax","Document","Handler"],"edges":[[0,1],[0,2],[0,3],[1,4],[1,5],[2,6],[2,7],[3,8],[4,9],[5,10],[6,11],[7,12],[7,13],[7,14],[8,15],[8,16],[8,17],[9,18],[9,19],[9,20],[9,21],[9,22],[9,23],[9,24],[9,25],[9,26],[10,27],[10,28],[10,29],[10,30],[10,31],[10,32],[10,33],[10,34],[10,35],[11,36],[11,37],[11,38],[11,39],[11,40],[12,41],[12,42],[12,43],[12,44],[12,45],[13,46],[14,47],[14,48],[14,49],[14,50],[14,51],[15,52],[17,53],[46,54],[46,55],[46,56],[46,57],[46,58],[46,59],[46,60],[46,61],[46,62],[52,63],[52,64],[52,65],[52,66],[52,67]],"ID":2},{"def":["$r2"],"use":["$r2","r0.\u003corg.xml.sax.helpers.XMLReaderAdapter: org.xml.sax.DocumentHandler documentHandler\u003e","r0"],"callees":[],"nodes":["CompoundStmt","DefinitionStmt","Invoke","ReturnVoidStmt","Local","InstanceFieldRef","RefType","RefType","Local","RefType","org","xml","sax","Document","Handler","org","xml","sax","Document","Handler","RefType","org","xml","sax","Document","Handler","org","xml","sax","helpers","X","M","L","Reader","Adapter"],"edges":[[0,1],[0,2],[0,3],[1,4],[1,5],[4,6],[5,7],[5,8],[5,9],[6,10],[6,11],[6,12],[6,13],[6,14],[7,15],[7,16],[7,17],[7,18],[7,19],[8,20],[9,21],[9,22],[9,23],[9,24],[9,25],[20,26],[20,27],[20,28],[20,29],[20,30],[20,31],[20,32],[20,33],[20,34]],"ID":3}],"edgeSet":[[3,1,0],[0,2,0],[2,3,1],[2,3,2]],"ENTRY":{"def":[],"use":[],"callees":[],"nodes":["CompoundStmt"],"edges":[],"ID":0},"EXIT":{"def":[],"use":[],"callees":[],"nodes":["CompoundStmt"],"edges":[],"ID":1},"method_name":"startDocument"},{"blocks":[{"def":[],"use":[],"callees":[],"nodes":["CompoundStmt"],"edges":[],"ID":0},{"def":[],"use":[],"callees":[],"nodes":["CompoundStmt"],"edges":[],"ID":1},{"def":["$r1","r0"],"use":["$r1","@this: org.xml.sax.helpers.XMLReaderAdapter","r0.\u003corg.xml.sax.helpers.XMLReaderAdapter: org.xml.sax.DocumentHandler documentHandler\u003e","r0"],"callees":[],"nodes":["CompoundStmt","DefinitionStmt","DefinitionStmt","IfStmt","Local","ThisRef","Local","InstanceFieldRef","BinaryOp","RefType","RefType","RefType","RefType","Local","RefType","Local"," \u003d\u003d ","Constant","org","xml","sax","helpers","X","M","L","Reader","Adapter","org","xml","sax","helpers","X","M","L","Reader","Adapter","org","xml","sax","Document","Handler","org","xml","sax","Document","Handler","RefType","org","xml","sax","Document","Handler","RefType","Null","org","xml","sax","helpers","X","M","L","Reader","Adapter","org","xml","sax","Document","Handler"],"edges":[[0,1],[0,2],[0,3],[1,4],[1,5],[2,6],[2,7],[3,8],[4,9],[5,10],[6,11],[7,12],[7,13],[7,14],[8,15],[8,16],[8,17],[9,18],[9,19],[9,20],[9,21],[9,22],[9,23],[9,24],[9,25],[9,26],[10,27],[10,28],[10,29],[10,30],[10,31],[10,32],[10,33],[10,34],[10,35],[11,36],[11,37],[11,38],[11,39],[11,40],[12,41],[12,42],[12,43],[12,44],[12,45],[13,46],[14,47],[14,48],[14,49],[14,50],[14,51],[15,52],[17,53],[46,54],[46,55],[46,56],[46,57],[46,58],[46,59],[46,60],[46,61],[46,62],[52,63],[52,64],[52,65],[52,66],[52,67]],"ID":2},{"def":["$r2"],"use":["$r2","r0.\u003corg.xml.sax.helpers.XMLReaderAdapter: org.xml.sax.DocumentHandler documentHandler\u003e","r0"],"callees":[],"nodes":["CompoundStmt","DefinitionStmt","Invoke","ReturnVoidStmt","Local","InstanceFieldRef","RefType","RefType","Local","RefType","org","xml","sax","Document","Handler","org","xml","sax","Document","Handler","RefType","org","xml","sax","Document","Handler","org","xml","sax","helpers","X","M","L","Reader","Adapter"],"edges":[[0,1],[0,2],[0,3],[1,4],[1,5],[4,6],[5,7],[5,8],[5,9],[6,10],[6,11],[6,12],[6,13],[6,14],[7,15],[7,16],[7,17],[7,18],[7,19],[8,20],[9,21],[9,22],[9,23],[9,24],[9,25],[20,26],[20,27],[20,28],[20,29],[20,30],[20,31],[20,32],[20,33],[20,34]],"ID":3}],"edgeSet":[[3,1,0],[0,2,0],[2,3,1],[2,3,2]],"ENTRY":{"def":[],"use":[],"callees":[],"nodes":["CompoundStmt"],"edges":[],"ID":0},"EXIT":{"def":[],"use":[],"callees":[],"nodes":["CompoundStmt"],"edges":[],"ID":1},"method_name":"endDocument"},{"blocks":[{"def":[],"use":[],"callees":[],"nodes":["CompoundStmt"],"edges":[],"ID":0},{"def":[],"use":[],"callees":[],"nodes":["CompoundStmt"],"edges":[],"ID":1},{"def":["r2","r0","r1"],"use":["@this: org.xml.sax.helpers.XMLReaderAdapter","@parameter1: java.lang.String","@parameter0: java.lang.String"],"callees":[],"nodes":["CompoundStmt","DefinitionStmt","DefinitionStmt","DefinitionStmt","ReturnVoidStmt","Local","ThisRef","Local","Param","Local","Param","RefType","RefType","RefType","RefType","RefType","RefType","org","xml","sax","helpers","X","M","L","Reader","Adapter","org","xml","sax","helpers","X","M","L","Reader","Adapter","java","lang","String","java","lang","String","java","lang","String","java","lang","String"],"edges":[[0,1],[0,2],[0,3],[0,4],[1,5],[1,6],[2,7],[2,8],[3,9],[3,10],[5,11],[6,12],[7,13],[8,14],[9,15],[10,16],[11,17],[11,18],[11,19],[11,20],[11,21],[11,22],[11,23],[11,24],[11,25],[12,26],[12,27],[12,28],[12,29],[12,30],[12,31],[12,32],[12,33],[12,34],[13,35],[13,36],[13,37],[14,38],[14,39],[14,40],[15,41],[15,42],[15,43],[16,44],[16,45],[16,46]],"ID":2}],"edgeSet":[[0,2,0],[2,1,0]],"ENTRY":{"def":[],"use":[],"callees":[],"nodes":["CompoundStmt"],"edges":[],"ID":0},"EXIT":{"def":[],"use":[],"callees":[],"nodes":["CompoundStmt"],"edges":[],"ID":1},"method_name":"startPrefixMapping"},{"blocks":[{"def":[],"use":[],"callees":[],"nodes":["CompoundStmt"],"edges":[],"ID":0},{"def":[],"use":[],"callees":[],"nodes":["CompoundStmt"],"edges":[],"ID":1},{"def":["r0","r1"],"use":["@this: org.xml.sax.helpers.XMLReaderAdapter","@parameter0: java.lang.String"],"callees":[],"nodes":["CompoundStmt","DefinitionStmt","DefinitionStmt","ReturnVoidStmt","Local","ThisRef","Local","Param","RefType","RefType","RefType","RefType","org","xml","sax","helpers","X","M","L","Reader","Adapter","org","xml","sax","helpers","X","M","L","Reader","Adapter","java","lang","String","java","lang","String"],"edges":[[0,1],[0,2],[0,3],[1,4],[1,5],[2,6],[2,7],[4,8],[5,9],[6,10],[7,11],[8,12],[8,13],[8,14],[8,15],[8,16],[8,17],[8,18],[8,19],[8,20],[9,21],[9,22],[9,23],[9,24],[9,25],[9,26],[9,27],[9,28],[9,29],[10,30],[10,31],[10,32],[11,33],[11,34],[11,35]],"ID":2}],"edgeSet":[[0,2,0],[2,1,0]],"ENTRY":{"def":[],"use":[],"callees":[],"nodes":["CompoundStmt"],"edges":[],"ID":0},"EXIT":{"def":[],"use":[],"callees":[],"nodes":["CompoundStmt"],"edges":[],"ID":1},"method_name":"endPrefixMapping"},{"blocks":[{"def":[],"use":[],"callees":[],"nodes":["CompoundStmt"],"edges":[],"ID":0},{"def":[],"use":[],"callees":[],"nodes":["CompoundStmt"],"edges":[],"ID":1},{"def":["r0.\u003corg.xml.sax.helpers.XMLReaderAdapter$AttributesAdapter: org.xml.sax.Attributes attributes\u003e","r0","r1"],"use":["@parameter0: org.xml.sax.Attributes","@this: org.xml.sax.helpers.XMLReaderAdapter$AttributesAdapter","r0","r1"],"callees":[],"nodes":["CompoundStmt","DefinitionStmt","DefinitionStmt","DefinitionStmt","ReturnVoidStmt","Local","ThisRef","Local","Param","InstanceFieldRef","Local","RefType","RefType","RefType","RefType","RefType","Local","RefType","RefType","org","xml","sax","helpers","X","M","L","Reader","Adapter$","Attributes","Adapter","org","xml","sax","helpers","X","M","L","Reader","Adapter$","Attributes","Adapter","org","xml","sax","Attributes","org","xml","sax","Attributes","org","xml","sax","Attributes","RefType","org","xml","sax","Attributes","org","xml","sax","Attributes","org","xml","sax","helpers","X","M","L","Reader","Adapter$","Attributes","Adapter"],"edges":[[0,1],[0,2],[0,3],[0,4],[1,5],[1,6],[2,7],[2,8],[3,9],[3,10],[5,11],[6,12],[7,13],[8,14],[9,15],[9,16],[9,17],[10,18],[11,19],[11,20],[11,21],[11,22],[11,23],[11,24],[11,25],[11,26],[11,27],[11,28],[11,29],[12,30],[12,31],[12,32],[12,33],[12,34],[12,35],[12,36],[12,37],[12,38],[12,39],[12,40],[13,41],[13,42],[13,43],[13,44],[14,45],[14,46],[14,47],[14,48],[15,49],[15,50],[15,51],[15,52],[16,53],[17,54],[17,55],[17,56],[17,57],[18,58],[18,59],[18,60],[18,61],[53,62],[53,63],[53,64],[53,65],[53,66],[53,67],[53,68],[53,69],[53,70],[53,71],[53,72]],"ID":2}],"edgeSet":[[0,2,0],[2,1,0]],"ENTRY":{"def":[],"use":[],"callees":[],"nodes":["CompoundStmt"],"edges":[],"ID":0},"EXIT":{"def":[],"use":[],"callees":[],"nodes":["CompoundStmt"],"edges":[],"ID":1},"method_name":"setAttributes"},{"blocks":[{"def":[],"use":[],"callees":[],"nodes":["CompoundStmt"],"edges":[],"ID":0},{"def":[],"use":[],"callees":[],"nodes":["CompoundStmt"],"edges":[],"ID":1},{"def":["r2","r3","r4","$r5","r0","r1"],"use":["@parameter2: java.lang.String","@this: org.xml.sax.helpers.XMLReaderAdapter","@parameter3: org.xml.sax.Attributes","$r5","@parameter1: java.lang.String","r0.\u003corg.xml.sax.helpers.XMLReaderAdapter: org.xml.sax.DocumentHandler documentHandler\u003e","@parameter0: java.lang.String","r0"],"callees":[],"nodes":["CompoundStmt","DefinitionStmt","DefinitionStmt","DefinitionStmt","DefinitionStmt","DefinitionStmt","DefinitionStmt","IfStmt","Local","ThisRef","Local","Param","Local","Param","Local","Param","Local","Param","Local","InstanceFieldRef","BinaryOp","RefType","RefType","RefType","RefType","RefType","RefType","RefType","RefType","RefType","RefType","RefType","RefType","Local","RefType","Local"," \u003d\u003d ","Constant","org","xml","sax","helpers","X","M","L","Reader","Adapter","org","xml","sax","helpers","X","M","L","Reader","Adapter","java","lang","String","java","lang","String","java","lang","String","java","lang","String","java","lang","String","java","lang","String","org","xml","sax","Attributes","org","xml","sax","Attributes","org","xml","sax","Document","Handler","org","xml","sax","Document","Handler","RefType","org","xml","sax","Document","Handler","RefType","Null","org","xml","sax","helpers","X","M","L","Reader","Adapter","org","xml","sax","Document","Handler"],"edges":[[0,1],[0,2],[0,3],[0,4],[0,5],[0,6],[0,7],[1,8],[1,9],[2,10],[2,11],[3,12],[3,13],[4,14],[4,15],[5,16],[5,17],[6,18],[6,19],[7,20],[8,21],[9,22],[10,23],[11,24],[12,25],[13,26],[14,27],[15,28],[16,29],[17,30],[18,31],[19,32],[19,33],[19,34],[20,35],[20,36],[20,37],[21,38],[21,39],[21,40],[21,41],[21,42],[21,43],[21,44],[21,45],[21,46],[22,47],[22,48],[22,49],[22,50],[22,51],[22,52],[22,53],[22,54],[22,55],[23,56],[23,57],[23,58],[24,59],[24,60],[24,61],[25,62],[25,63],[25,64],[26,65],[26,66],[26,67],[27,68],[27,69],[27,70],[28,71],[28,72],[28,73],[29,74],[29,75],[29,76],[29,77],[30,78],[30,79],[30,80],[30,81],[31,82],[31,83],[31,84],[31,85],[31,86],[32,87],[32,88],[32,89],[32,90],[32,91],[33,92],[34,93],[34,94],[34,95],[34,96],[34,97],[35,98],[37,99],[92,100],[92,101],[92,102],[92,103],[92,104],[92,105],[92,106],[92,107],[92,108],[98,109],[98,110],[98,111],[98,112],[98,113]],"ID":2},{"def":["$r6","$r7","$r8"],"use":["r0.\u003corg.xml.sax.helpers.XMLReaderAdapter: org.xml.sax.helpers.XMLReaderAdapter$AttributesAdapter qAtts\u003e","r3","r4","$r6","$r7","$r8","r0.\u003corg.xml.sax.helpers.XMLReaderAdapter: org.xml.sax.DocumentHandler documentHandler\u003e","r0"],"callees":["setAttributes"],"nodes":["CompoundStmt","DefinitionStmt","Invoke","DefinitionStmt","DefinitionStmt","Invoke","ReturnVoidStmt","Local","InstanceFieldRef","Local","InstanceFieldRef","Local","InstanceFieldRef","RefType","RefType","Local","RefType","RefType","RefType","Local","RefType","RefType","RefType","Local","RefType","org","xml","sax","helpers","X","M","L","Reader","Adapter$","Attributes","Adapter","org","xml","sax","helpers","X","M","L","Reader","Adapter$","Attributes","Adapter","RefType","org","xml","sax","helpers","X","M","L","Reader","Adapter$","Attributes","Adapter","org","xml","sax","Document","Handler","org","xml","sax","Document","Handler","RefType","org","xml","sax","Document","Handler","org","xml","sax","helpers","X","M","L","Reader","Adapter$","Attributes","Adapter","org","xml","sax","helpers","X","M","L","Reader","Adapter$","Attributes","Adapter","RefType","org","xml","sax","helpers","X","M","L","Reader","Adapter$","Attributes","Adapter","org","xml","sax","helpers","X","M","L","Reader","Adapter","org","xml","sax","helpers","X","M","L","Reader","Adapter","org","xml","sax","helpers","X","M","L","Reader","Adapter"],"edges":[[0,1],[0,2],[0,3],[0,4],[0,5],[0,6],[1,7],[1,8],[3,9],[3,10],[4,11],[4,12],[7,13],[8,14],[8,15],[8,16],[9,17],[10,18],[10,19],[10,20],[11,21],[12,22],[12,23],[12,24],[13,25],[13,26],[13,27],[13,28],[13,29],[13,30],[13,31],[13,32],[13,33],[13,34],[13,35],[14,36],[14,37],[14,38],[14,39],[14,40],[14,41],[14,42],[14,43],[14,44],[14,45],[14,46],[15,47],[16,48],[16,49],[16,50],[16,51],[16,52],[16,53],[16,54],[16,55],[16,56],[16,57],[16,58],[17,59],[17,60],[17,61],[17,62],[17,63],[18,64],[18,65],[18,66],[18,67],[18,68],[19,69],[20,70],[20,71],[20,72],[20,73],[20,74],[21,75],[21,76],[21,77],[21,78],[21,79],[21,80],[21,81],[21,82],[21,83],[21,84],[21,85],[22,86],[22,87],[22,88],[22,89],[22,90],[22,91],[22,92],[22,93],[22,94],[22,95],[22,96],[23,97],[24,98],[24,99],[24,100],[24,101],[24,102],[24,103],[24,104],[24,105],[24,106],[24,107],[24,108],[47,109],[47,110],[47,111],[47,112],[47,113],[47,114],[47,115],[47,116],[47,117],[69,118],[69,119],[69,120],[69,121],[69,122],[69,123],[69,124],[69,125],[69,126],[97,127],[97,128],[97,129],[97,130],[97,131],[97,132],[97,133],[97,134],[97,135]],"ID":3}],"edgeSet":[[3,1,0],[0,2,0],[2,3,1],[2,3,2]],"ENTRY":{"def":[],"use":[],"callees":[],"nodes":["CompoundStmt"],"edges":[],"ID":0},"EXIT":{"def":[],"use":[],"callees":[],"nodes":["CompoundStmt"],"edges":[],"ID":1},"method_name":"startElement"},{"blocks":[{"def":[],"use":[],"callees":[],"nodes":["CompoundStmt"],"edges":[],"ID":0},{"def":[],"use":[],"callees":[],"nodes":["CompoundStmt"],"edges":[],"ID":1},{"def":["r2","r3","$r4","r0","r1"],"use":["@parameter2: java.lang.String","@this: org.xml.sax.helpers.XMLReaderAdapter","$r4","@parameter1: java.lang.String","r0.\u003corg.xml.sax.helpers.XMLReaderAdapter: org.xml.sax.DocumentHandler documentHandler\u003e","@parameter0: java.lang.String","r0"],"callees":[],"nodes":["CompoundStmt","DefinitionStmt","DefinitionStmt","DefinitionStmt","DefinitionStmt","DefinitionStmt","IfStmt","Local","ThisRef","Local","Param","Local","Param","Local","Param","Local","InstanceFieldRef","BinaryOp","RefType","RefType","RefType","RefType","RefType","RefType","RefType","RefType","RefType","RefType","Local","RefType","Local"," \u003d\u003d ","Constant","org","xml","sax","helpers","X","M","L","Reader","Adapter","org","xml","sax","helpers","X","M","L","Reader","Adapter","java","lang","String","java","lang","String","java","lang","String","java","lang","String","java","lang","String","java","lang","String","org","xml","sax","Document","Handler","org","xml","sax","Document","Handler","RefType","org","xml","sax","Document","Handler","RefType","Null","org","xml","sax","helpers","X","M","L","Reader","Adapter","org","xml","sax","Document","Handler"],"edges":[[0,1],[0,2],[0,3],[0,4],[0,5],[0,6],[1,7],[1,8],[2,9],[2,10],[3,11],[3,12],[4,13],[4,14],[5,15],[5,16],[6,17],[7,18],[8,19],[9,20],[10,21],[11,22],[12,23],[13,24],[14,25],[15,26],[16,27],[16,28],[16,29],[17,30],[17,31],[17,32],[18,33],[18,34],[18,35],[18,36],[18,37],[18,38],[18,39],[18,40],[18,41],[19,42],[19,43],[19,44],[19,45],[19,46],[19,47],[19,48],[19,49],[19,50],[20,51],[20,52],[20,53],[21,54],[21,55],[21,56],[22,57],[22,58],[22,59],[23,60],[23,61],[23,62],[24,63],[24,64],[24,65],[25,66],[25,67],[25,68],[26,69],[26,70],[26,71],[26,72],[26,73],[27,74],[27,75],[27,76],[27,77],[27,78],[28,79],[29,80],[29,81],[29,82],[29,83],[29,84],[30,85],[32,86],[79,87],[79,88],[79,89],[79,90],[79,91],[79,92],[79,93],[79,94],[79,95],[85,96],[85,97],[85,98],[85,99],[85,100]],"ID":2},{"def":["$r5"],"use":["r3","$r5","r0.\u003corg.xml.sax.helpers.XMLReaderAdapter: org.xml.sax.DocumentHandler documentHandler\u003e","r0"],"callees":[],"nodes":["CompoundStmt","DefinitionStmt","Invoke","ReturnVoidStmt","Local","InstanceFieldRef","RefType","RefType","Local","RefType","org","xml","sax","Document","Handler","org","xml","sax","Document","Handler","RefType","org","xml","sax","Document","Handler","org","xml","sax","helpers","X","M","L","Reader","Adapter"],"edges":[[0,1],[0,2],[0,3],[1,4],[1,5],[4,6],[5,7],[5,8],[5,9],[6,10],[6,11],[6,12],[6,13],[6,14],[7,15],[7,16],[7,17],[7,18],[7,19],[8,20],[9,21],[9,22],[9,23],[9,24],[9,25],[20,26],[20,27],[20,28],[20,29],[20,30],[20,31],[20,32],[20,33],[20,34]],"ID":3}],"edgeSet":[[3,1,0],[0,2,0],[2,3,1],[2,3,2]],"ENTRY":{"def":[],"use":[],"callees":[],"nodes":["CompoundStmt"],"edges":[],"ID":0},"EXIT":{"def":[],"use":[],"callees":[],"nodes":["CompoundStmt"],"edges":[],"ID":1},"method_name":"endElement"},{"blocks":[{"def":[],"use":[],"callees":[],"nodes":["CompoundStmt"],"edges":[],"ID":0},{"def":[],"use":[],"callees":[],"nodes":["CompoundStmt"],"edges":[],"ID":1},{"def":["$r2","i0","i1","r0","r1"],"use":["@parameter0: char[]","@this: org.xml.sax.helpers.XMLReaderAdapter","@parameter2: int","$r2","r0.\u003corg.xml.sax.helpers.XMLReaderAdapter: org.xml.sax.DocumentHandler documentHandler\u003e","@parameter1: int","r0"],"callees":[],"nodes":["CompoundStmt","DefinitionStmt","DefinitionStmt","DefinitionStmt","DefinitionStmt","DefinitionStmt","IfStmt","Local","ThisRef","Local","Param","Local","Param","Local","Param","Local","InstanceFieldRef","BinaryOp","RefType","RefType","Array","Array","Int","Int","Int","Int","RefType","RefType","Local","RefType","Local"," \u003d\u003d ","Constant","org","xml","sax","helpers","X","M","L","Reader","Adapter","org","xml","sax","helpers","X","M","L","Reader","Adapter","Char","[]","Char","[]","org","xml","sax","Document","Handler","org","xml","sax","Document","Handler","RefType","org","xml","sax","Document","Handler","RefType","Null","org","xml","sax","helpers","X","M","L","Reader","Adapter","org","xml","sax","Document","Handler"],"edges":[[0,1],[0,2],[0,3],[0,4],[0,5],[0,6],[1,7],[1,8],[2,9],[2,10],[3,11],[3,12],[4,13],[4,14],[5,15],[5,16],[6,17],[7,18],[8,19],[9,20],[10,21],[11,22],[12,23],[13,24],[14,25],[15,26],[16,27],[16,28],[16,29],[17,30],[17,31],[17,32],[18,33],[18,34],[18,35],[18,36],[18,37],[18,38],[18,39],[18,40],[18,41],[19,42],[19,43],[19,44],[19,45],[19,46],[19,47],[19,48],[19,49],[19,50],[20,51],[20,52],[21,53],[21,54],[26,55],[26,56],[26,57],[26,58],[26,59],[27,60],[27,61],[27,62],[27,63],[27,64],[28,65],[29,66],[29,67],[29,68],[29,69],[29,70],[30,71],[32,72],[65,73],[65,74],[65,75],[65,76],[65,77],[65,78],[65,79],[65,80],[65,81],[71,82],[71,83],[71,84],[71,85],[71,86]],"ID":2},{"def":["$r3"],"use":["$r3","i0","i1","r0.\u003corg.xml.sax.helpers.XMLReaderAdapter: org.xml.sax.DocumentHandler documentHandler\u003e","r0","r1"],"callees":[],"nodes":["CompoundStmt","DefinitionStmt","Invoke","ReturnVoidStmt","Local","InstanceFieldRef","RefType","RefType","Local","RefType","org","xml","sax","Document","Handler","org","xml","sax","Document","Handler","RefType","org","xml","sax","Document","Handler","org","xml","sax","helpers","X","M","L","Reader","Adapter"],"edges":[[0,1],[0,2],[0,3],[1,4],[1,5],[4,6],[5,7],[5,8],[5,9],[6,10],[6,11],[6,12],[6,13],[6,14],[7,15],[7,16],[7,17],[7,18],[7,19],[8,20],[9,21],[9,22],[9,23],[9,24],[9,25],[20,26],[20,27],[20,28],[20,29],[20,30],[20,31],[20,32],[20,33],[20,34]],"ID":3}],"edgeSet":[[3,1,0],[0,2,0],[2,3,1],[2,3,2]],"ENTRY":{"def":[],"use":[],"callees":[],"nodes":["CompoundStmt"],"edges":[],"ID":0},"EXIT":{"def":[],"use":[],"callees":[],"nodes":["CompoundStmt"],"edges":[],"ID":1},"method_name":"characters"},{"blocks":[{"def":[],"use":[],"callees":[],"nodes":["CompoundStmt"],"edges":[],"ID":0},{"def":[],"use":[],"callees":[],"nodes":["CompoundStmt"],"edges":[],"ID":1},{"def":["$r2","i0","i1","r0","r1"],"use":["@parameter0: char[]","@this: org.xml.sax.helpers.XMLReaderAdapter","@parameter2: int","$r2","r0.\u003corg.xml.sax.helpers.XMLReaderAdapter: org.xml.sax.DocumentHandler documentHandler\u003e","@parameter1: int","r0"],"callees":[],"nodes":["CompoundStmt","DefinitionStmt","DefinitionStmt","DefinitionStmt","DefinitionStmt","DefinitionStmt","IfStmt","Local","ThisRef","Local","Param","Local","Param","Local","Param","Local","InstanceFieldRef","BinaryOp","RefType","RefType","Array","Array","Int","Int","Int","Int","RefType","RefType","Local","RefType","Local"," \u003d\u003d ","Constant","org","xml","sax","helpers","X","M","L","Reader","Adapter","org","xml","sax","helpers","X","M","L","Reader","Adapter","Char","[]","Char","[]","org","xml","sax","Document","Handler","org","xml","sax","Document","Handler","RefType","org","xml","sax","Document","Handler","RefType","Null","org","xml","sax","helpers","X","M","L","Reader","Adapter","org","xml","sax","Document","Handler"],"edges":[[0,1],[0,2],[0,3],[0,4],[0,5],[0,6],[1,7],[1,8],[2,9],[2,10],[3,11],[3,12],[4,13],[4,14],[5,15],[5,16],[6,17],[7,18],[8,19],[9,20],[10,21],[11,22],[12,23],[13,24],[14,25],[15,26],[16,27],[16,28],[16,29],[17,30],[17,31],[17,32],[18,33],[18,34],[18,35],[18,36],[18,37],[18,38],[18,39],[18,40],[18,41],[19,42],[19,43],[19,44],[19,45],[19,46],[19,47],[19,48],[19,49],[19,50],[20,51],[20,52],[21,53],[21,54],[26,55],[26,56],[26,57],[26,58],[26,59],[27,60],[27,61],[27,62],[27,63],[27,64],[28,65],[29,66],[29,67],[29,68],[29,69],[29,70],[30,71],[32,72],[65,73],[65,74],[65,75],[65,76],[65,77],[65,78],[65,79],[65,80],[65,81],[71,82],[71,83],[71,84],[71,85],[71,86]],"ID":2},{"def":["$r3"],"use":["$r3","i0","i1","r0.\u003corg.xml.sax.helpers.XMLReaderAdapter: org.xml.sax.DocumentHandler documentHandler\u003e","r0","r1"],"callees":[],"nodes":["CompoundStmt","DefinitionStmt","Invoke","ReturnVoidStmt","Local","InstanceFieldRef","RefType","RefType","Local","RefType","org","xml","sax","Document","Handler","org","xml","sax","Document","Handler","RefType","org","xml","sax","Document","Handler","org","xml","sax","helpers","X","M","L","Reader","Adapter"],"edges":[[0,1],[0,2],[0,3],[1,4],[1,5],[4,6],[5,7],[5,8],[5,9],[6,10],[6,11],[6,12],[6,13],[6,14],[7,15],[7,16],[7,17],[7,18],[7,19],[8,20],[9,21],[9,22],[9,23],[9,24],[9,25],[20,26],[20,27],[20,28],[20,29],[20,30],[20,31],[20,32],[20,33],[20,34]],"ID":3}],"edgeSet":[[3,1,0],[0,2,0],[2,3,1],[2,3,2]],"ENTRY":{"def":[],"use":[],"callees":[],"nodes":["CompoundStmt"],"edges":[],"ID":0},"EXIT":{"def":[],"use":[],"callees":[],"nodes":["CompoundStmt"],"edges":[],"ID":1},"method_name":"ignorableWhitespace"},{"blocks":[{"def":[],"use":[],"callees":[],"nodes":["CompoundStmt"],"edges":[],"ID":0},{"def":[],"use":[],"callees":[],"nodes":["CompoundStmt"],"edges":[],"ID":1},{"def":["r2","$r3","r0","r1"],"use":["@this: org.xml.sax.helpers.XMLReaderAdapter","$r3","@parameter1: java.lang.String","r0.\u003corg.xml.sax.helpers.XMLReaderAdapter: org.xml.sax.DocumentHandler documentHandler\u003e","@parameter0: java.lang.String","r0"],"callees":[],"nodes":["CompoundStmt","DefinitionStmt","DefinitionStmt","DefinitionStmt","DefinitionStmt","IfStmt","Local","ThisRef","Local","Param","Local","Param","Local","InstanceFieldRef","BinaryOp","RefType","RefType","RefType","RefType","RefType","RefType","RefType","RefType","Local","RefType","Local"," \u003d\u003d ","Constant","org","xml","sax","helpers","X","M","L","Reader","Adapter","org","xml","sax","helpers","X","M","L","Reader","Adapter","java","lang","String","java","lang","String","java","lang","String","java","lang","String","org","xml","sax","Document","Handler","org","xml","sax","Document","Handler","RefType","org","xml","sax","Document","Handler","RefType","Null","org","xml","sax","helpers","X","M","L","Reader","Adapter","org","xml","sax","Document","Handler"],"edges":[[0,1],[0,2],[0,3],[0,4],[0,5],[1,6],[1,7],[2,8],[2,9],[3,10],[3,11],[4,12],[4,13],[5,14],[6,15],[7,16],[8,17],[9,18],[10,19],[11,20],[12,21],[13,22],[13,23],[13,24],[14,25],[14,26],[14,27],[15,28],[15,29],[15,30],[15,31],[15,32],[15,33],[15,34],[15,35],[15,36],[16,37],[16,38],[16,39],[16,40],[16,41],[16,42],[16,43],[16,44],[16,45],[17,46],[17,47],[17,48],[18,49],[18,50],[18,51],[19,52],[19,53],[19,54],[20,55],[20,56],[20,57],[21,58],[21,59],[21,60],[21,61],[21,62],[22,63],[22,64],[22,65],[22,66],[22,67],[23,68],[24,69],[24,70],[24,71],[24,72],[24,73],[25,74],[27,75],[68,76],[68,77],[68,78],[68,79],[68,80],[68,81],[68,82],[68,83],[68,84],[74,85],[74,86],[74,87],[74,88],[74,89]],"ID":2},{"def":["$r4"],"use":["r2","$r4","r0.\u003corg.xml.sax.helpers.XMLReaderAdapter: org.xml.sax.DocumentHandler documentHandler\u003e","r0","r1"],"callees":[],"nodes":["CompoundStmt","DefinitionStmt","Invoke","ReturnVoidStmt","Local","InstanceFieldRef","RefType","RefType","Local","RefType","org","xml","sax","Document","Handler","org","xml","sax","Document","Handler","RefType","org","xml","sax","Document","Handler","org","xml","sax","helpers","X","M","L","Reader","Adapter"],"edges":[[0,1],[0,2],[0,3],[1,4],[1,5],[4,6],[5,7],[5,8],[5,9],[6,10],[6,11],[6,12],[6,13],[6,14],[7,15],[7,16],[7,17],[7,18],[7,19],[8,20],[9,21],[9,22],[9,23],[9,24],[9,25],[20,26],[20,27],[20,28],[20,29],[20,30],[20,31],[20,32],[20,33],[20,34]],"ID":3}],"edgeSet":[[3,1,0],[0,2,0],[2,3,1],[2,3,2]],"ENTRY":{"def":[],"use":[],"callees":[],"nodes":["CompoundStmt"],"edges":[],"ID":0},"EXIT":{"def":[],"use":[],"callees":[],"nodes":["CompoundStmt"],"edges":[],"ID":1},"method_name":"processingInstruction"},{"blocks":[{"def":[],"use":[],"callees":[],"nodes":["CompoundStmt"],"edges":[],"ID":0},{"def":[],"use":[],"callees":[],"nodes":["CompoundStmt"],"edges":[],"ID":1},{"def":["r0","r1"],"use":["@this: org.xml.sax.helpers.XMLReaderAdapter","@parameter0: java.lang.String"],"callees":[],"nodes":["CompoundStmt","DefinitionStmt","DefinitionStmt","ReturnVoidStmt","Local","ThisRef","Local","Param","RefType","RefType","RefType","RefType","org","xml","sax","helpers","X","M","L","Reader","Adapter","org","xml","sax","helpers","X","M","L","Reader","Adapter","java","lang","String","java","lang","String"],"edges":[[0,1],[0,2],[0,3],[1,4],[1,5],[2,6],[2,7],[4,8],[5,9],[6,10],[7,11],[8,12],[8,13],[8,14],[8,15],[8,16],[8,17],[8,18],[8,19],[8,20],[9,21],[9,22],[9,23],[9,24],[9,25],[9,26],[9,27],[9,28],[9,29],[10,30],[10,31],[10,32],[11,33],[11,34],[11,35]],"ID":2}],"edgeSet":[[0,2,0],[2,1,0]],"ENTRY":{"def":[],"use":[],"callees":[],"nodes":["CompoundStmt"],"edges":[],"ID":0},"EXIT":{"def":[],"use":[],"callees":[],"nodes":["CompoundStmt"],"edges":[],"ID":1},"method_name":"skippedEntity"}],"label":"0"}