{"data":[{"blocks":[{"def":[],"use":[],"callees":[],"nodes":["CompoundStmt"],"edges":[],"ID":0},{"def":[],"use":[],"callees":[],"nodes":["CompoundStmt"],"edges":[],"ID":1},{"def":["r0.\u003corg.xml.sax.SAXException: java.lang.Exception exception\u003e","r0"],"use":["@this: org.xml.sax.SAXException","r0"],"callees":[],"nodes":["CompoundStmt","DefinitionStmt","Invoke","DefinitionStmt","ReturnVoidStmt","Local","ThisRef","InstanceFieldRef","Constant","RefType","RefType","RefType","Local","RefType","Null","org","xml","sax","S","A","X","Exception","org","xml","sax","S","A","X","Exception","java","lang","Exception","RefType","java","lang","Exception","org","xml","sax","S","A","X","Exception"],"edges":[[0,1],[0,2],[0,3],[0,4],[1,5],[1,6],[3,7],[3,8],[5,9],[6,10],[7,11],[7,12],[7,13],[8,14],[9,15],[9,16],[9,17],[9,18],[9,19],[9,20],[9,21],[10,22],[10,23],[10,24],[10,25],[10,26],[10,27],[10,28],[11,29],[11,30],[11,31],[12,32],[13,33],[13,34],[13,35],[32,36],[32,37],[32,38],[32,39],[32,40],[32,41],[32,42]],"ID":2}],"edgeSet":[[0,2,0],[2,1,0]],"ENTRY":{"def":[],"use":[],"callees":[],"nodes":["CompoundStmt"],"edges":[],"ID":0},"EXIT":{"def":[],"use":[],"callees":[],"nodes":["CompoundStmt"],"edges":[],"ID":1},"method_name":"\u003cinit\u003e"},{"blocks":[{"def":[],"use":[],"callees":[],"nodes":["CompoundStmt"],"edges":[],"ID":0},{"def":[],"use":[],"callees":[],"nodes":["CompoundStmt"],"edges":[],"ID":1},{"def":["r0.\u003corg.xml.sax.SAXException: java.lang.Exception exception\u003e","r0","r1"],"use":["@this: org.xml.sax.SAXException","@parameter0: java.lang.String","r0","r1"],"callees":[],"nodes":["CompoundStmt","DefinitionStmt","DefinitionStmt","Invoke","DefinitionStmt","ReturnVoidStmt","Local","ThisRef","Local","Param","InstanceFieldRef","Constant","RefType","RefType","RefType","RefType","RefType","Local","RefType","Null","org","xml","sax","S","A","X","Exception","org","xml","sax","S","A","X","Exception","java","lang","String","java","lang","String","java","lang","Exception","RefType","java","lang","Exception","org","xml","sax","S","A","X","Exception"],"edges":[[0,1],[0,2],[0,3],[0,4],[0,5],[1,6],[1,7],[2,8],[2,9],[4,10],[4,11],[6,12],[7,13],[8,14],[9,15],[10,16],[10,17],[10,18],[11,19],[12,20],[12,21],[12,22],[12,23],[12,24],[12,25],[12,26],[13,27],[13,28],[13,29],[13,30],[13,31],[13,32],[13,33],[14,34],[14,35],[14,36],[15,37],[15,38],[15,39],[16,40],[16,41],[16,42],[17,43],[18,44],[18,45],[18,46],[43,47],[43,48],[43,49],[43,50],[43,51],[43,52],[43,53]],"ID":2}],"edgeSet":[[0,2,0],[2,1,0]],"ENTRY":{"def":[],"use":[],"callees":[],"nodes":["CompoundStmt"],"edges":[],"ID":0},"EXIT":{"def":[],"use":[],"callees":[],"nodes":["CompoundStmt"],"edges":[],"ID":1},"method_name":"\u003cinit\u003e"},{"blocks":[{"def":[],"use":[],"callees":[],"nodes":["CompoundStmt"],"edges":[],"ID":0},{"def":[],"use":[],"callees":[],"nodes":["CompoundStmt"],"edges":[],"ID":1},{"def":["r0.\u003corg.xml.sax.SAXException: java.lang.Exception exception\u003e","r0","r1"],"use":["@this: org.xml.sax.SAXException","@parameter0: java.lang.Exception","r0","r1"],"callees":[],"nodes":["CompoundStmt","DefinitionStmt","DefinitionStmt","Invoke","DefinitionStmt","ReturnVoidStmt","Local","ThisRef","Local","Param","InstanceFieldRef","Local","RefType","RefType","RefType","RefType","RefType","Local","RefType","RefType","org","xml","sax","S","A","X","Exception","org","xml","sax","S","A","X","Exception","java","lang","Exception","java","lang","Exception","java","lang","Exception","RefType","java","lang","Exception","java","lang","Exception","org","xml","sax","S","A","X","Exception"],"edges":[[0,1],[0,2],[0,3],[0,4],[0,5],[1,6],[1,7],[2,8],[2,9],[4,10],[4,11],[6,12],[7,13],[8,14],[9,15],[10,16],[10,17],[10,18],[11,19],[12,20],[12,21],[12,22],[12,23],[12,24],[12,25],[12,26],[13,27],[13,28],[13,29],[13,30],[13,31],[13,32],[13,33],[14,34],[14,35],[14,36],[15,37],[15,38],[15,39],[16,40],[16,41],[16,42],[17,43],[18,44],[18,45],[18,46],[19,47],[19,48],[19,49],[43,50],[43,51],[43,52],[43,53],[43,54],[43,55],[43,56]],"ID":2}],"edgeSet":[[0,2,0],[2,1,0]],"ENTRY":{"def":[],"use":[],"callees":[],"nodes":["CompoundStmt"],"edges":[],"ID":0},"EXIT":{"def":[],"use":[],"callees":[],"nodes":["CompoundStmt"],"edges":[],"ID":1},"method_name":"\u003cinit\u003e"},{"blocks":[{"def":[],"use":[],"callees":[],"nodes":["CompoundStmt"],"edges":[],"ID":0},{"def":[],"use":[],"callees":[],"nodes":["CompoundStmt"],"edges":[],"ID":1},{"def":["r2","r0.\u003corg.xml.sax.SAXException: java.lang.Exception exception\u003e","r0","r1"],"use":["@this: org.xml.sax.SAXException","r2","@parameter1: java.lang.Exception","@parameter0: java.lang.String","r0","r1"],"callees":[],"nodes":["CompoundStmt","DefinitionStmt","DefinitionStmt","DefinitionStmt","Invoke","DefinitionStmt","ReturnVoidStmt","Local","ThisRef","Local","Param","Local","Param","InstanceFieldRef","Local","RefType","RefType","RefType","RefType","RefType","RefType","RefType","Local","RefType","RefType","org","xml","sax","S","A","X","Exception","org","xml","sax","S","A","X","Exception","java","lang","String","java","lang","String","java","lang","Exception","java","lang","Exception","java","lang","Exception","RefType","java","lang","Exception","java","lang","Exception","org","xml","sax","S","A","X","Exception"],"edges":[[0,1],[0,2],[0,3],[0,4],[0,5],[0,6],[1,7],[1,8],[2,9],[2,10],[3,11],[3,12],[5,13],[5,14],[7,15],[8,16],[9,17],[10,18],[11,19],[12,20],[13,21],[13,22],[13,23],[14,24],[15,25],[15,26],[15,27],[15,28],[15,29],[15,30],[15,31],[16,32],[16,33],[16,34],[16,35],[16,36],[16,37],[16,38],[17,39],[17,40],[17,41],[18,42],[18,43],[18,44],[19,45],[19,46],[19,47],[20,48],[20,49],[20,50],[21,51],[21,52],[21,53],[22,54],[23,55],[23,56],[23,57],[24,58],[24,59],[24,60],[54,61],[54,62],[54,63],[54,64],[54,65],[54,66],[54,67]],"ID":2}],"edgeSet":[[0,2,0],[2,1,0]],"ENTRY":{"def":[],"use":[],"callees":[],"nodes":["CompoundStmt"],"edges":[],"ID":0},"EXIT":{"def":[],"use":[],"callees":[],"nodes":["CompoundStmt"],"edges":[],"ID":1},"method_name":"\u003cinit\u003e"},{"blocks":[{"def":[],"use":[],"callees":[],"nodes":["CompoundStmt"],"edges":[],"ID":0},{"def":[],"use":[],"callees":[],"nodes":["CompoundStmt"],"edges":[],"ID":1},{"def":["r0","r1"],"use":["@this: org.xml.sax.SAXException","r0","r1"],"callees":[],"nodes":["CompoundStmt","DefinitionStmt","DefinitionStmt","IfStmt","Local","ThisRef","Local","Invoke","BinaryOp","RefType","RefType","RefType","Local"," !\u003d ","Constant","org","xml","sax","S","A","X","Exception","org","xml","sax","S","A","X","Exception","java","lang","String","RefType","Null","java","lang","String"],"edges":[[0,1],[0,2],[0,3],[1,4],[1,5],[2,6],[2,7],[3,8],[4,9],[5,10],[6,11],[8,12],[8,13],[8,14],[9,15],[9,16],[9,17],[9,18],[9,19],[9,20],[9,21],[10,22],[10,23],[10,24],[10,25],[10,26],[10,27],[10,28],[11,29],[11,30],[11,31],[12,32],[14,33],[32,34],[32,35],[32,36]],"ID":2},{"def":["$r2"],"use":["r0.\u003corg.xml.sax.SAXException: java.lang.Exception exception\u003e","$r2","r0"],"callees":[],"nodes":["CompoundStmt","DefinitionStmt","IfStmt","Local","InstanceFieldRef","BinaryOp","RefType","RefType","Local","RefType","Local"," \u003d\u003d ","Constant","java","lang","Exception","java","lang","Exception","RefType","java","lang","Exception","RefType","Null","org","xml","sax","S","A","X","Exception","java","lang","Exception"],"edges":[[0,1],[0,2],[1,3],[1,4],[2,5],[3,6],[4,7],[4,8],[4,9],[5,10],[5,11],[5,12],[6,13],[6,14],[6,15],[7,16],[7,17],[7,18],[8,19],[9,20],[9,21],[9,22],[10,23],[12,24],[19,25],[19,26],[19,27],[19,28],[19,29],[19,30],[19,31],[23,32],[23,33],[23,34]],"ID":3},{"def":["$r3","$r4"],"use":["r0.\u003corg.xml.sax.SAXException: java.lang.Exception exception\u003e","$r3","$r4","r0"],"callees":[],"nodes":["CompoundStmt","DefinitionStmt","DefinitionStmt","ReturnStmt","Local","InstanceFieldRef","Local","Invoke","Local","RefType","RefType","Local","RefType","RefType","RefType","java","lang","Exception","java","lang","Exception","RefType","java","lang","Exception","java","lang","String","java","lang","String","org","xml","sax","S","A","X","Exception"],"edges":[[0,1],[0,2],[0,3],[1,4],[1,5],[2,6],[2,7],[3,8],[4,9],[5,10],[5,11],[5,12],[6,13],[8,14],[9,15],[9,16],[9,17],[10,18],[10,19],[10,20],[11,21],[12,22],[12,23],[12,24],[13,25],[13,26],[13,27],[14,28],[14,29],[14,30],[21,31],[21,32],[21,33],[21,34],[21,35],[21,36],[21,37]],"ID":4},{"def":[],"use":["r1"],"callees":[],"nodes":["CompoundStmt","ReturnStmt","Local","RefType","java","lang","String"],"edges":[[0,1],[1,2],[2,3],[3,4],[3,5],[3,6]],"ID":5}],"edgeSet":[[4,1,0],[5,1,0],[0,2,0],[2,5,2],[2,3,1],[3,4,1],[3,5,2]],"ENTRY":{"def":[],"use":[],"callees":[],"nodes":["CompoundStmt"],"edges":[],"ID":0},"EXIT":{"def":[],"use":[],"callees":[],"nodes":["CompoundStmt"],"edges":[],"ID":1},"method_name":"getMessage"},{"blocks":[{"def":[],"use":[],"callees":[],"nodes":["CompoundStmt"],"edges":[],"ID":0},{"def":[],"use":[],"callees":[],"nodes":["CompoundStmt"],"edges":[],"ID":1},{"def":["$r1","r0"],"use":["@this: org.xml.sax.SAXException","r0.\u003corg.xml.sax.SAXException: java.lang.Exception exception\u003e","$r1","r0"],"callees":[],"nodes":["CompoundStmt","DefinitionStmt","DefinitionStmt","ReturnStmt","Local","ThisRef","Local","InstanceFieldRef","Local","RefType","RefType","RefType","RefType","Local","RefType","RefType","org","xml","sax","S","A","X","Exception","org","xml","sax","S","A","X","Exception","java","lang","Exception","java","lang","Exception","RefType","java","lang","Exception","java","lang","Exception","org","xml","sax","S","A","X","Exception"],"edges":[[0,1],[0,2],[0,3],[1,4],[1,5],[2,6],[2,7],[3,8],[4,9],[5,10],[6,11],[7,12],[7,13],[7,14],[8,15],[9,16],[9,17],[9,18],[9,19],[9,20],[9,21],[9,22],[10,23],[10,24],[10,25],[10,26],[10,27],[10,28],[10,29],[11,30],[11,31],[11,32],[12,33],[12,34],[12,35],[13,36],[14,37],[14,38],[14,39],[15,40],[15,41],[15,42],[36,43],[36,44],[36,45],[36,46],[36,47],[36,48],[36,49]],"ID":2}],"edgeSet":[[0,2,0],[2,1,0]],"ENTRY":{"def":[],"use":[],"callees":[],"nodes":["CompoundStmt"],"edges":[],"ID":0},"EXIT":{"def":[],"use":[],"callees":[],"nodes":["CompoundStmt"],"edges":[],"ID":1},"method_name":"getException"},{"blocks":[{"def":[],"use":[],"callees":[],"nodes":["CompoundStmt"],"edges":[],"ID":0},{"def":[],"use":[],"callees":[],"nodes":["CompoundStmt"],"edges":[],"ID":1},{"def":["$r1","r0"],"use":["@this: org.xml.sax.SAXException","r0.\u003corg.xml.sax.SAXException: java.lang.Exception exception\u003e","$r1","r0"],"callees":[],"nodes":["CompoundStmt","DefinitionStmt","DefinitionStmt","ReturnStmt","Local","ThisRef","Local","InstanceFieldRef","Local","RefType","RefType","RefType","RefType","Local","RefType","RefType","org","xml","sax","S","A","X","Exception","org","xml","sax","S","A","X","Exception","java","lang","Exception","java","lang","Exception","RefType","java","lang","Exception","java","lang","Exception","org","xml","sax","S","A","X","Exception"],"edges":[[0,1],[0,2],[0,3],[1,4],[1,5],[2,6],[2,7],[3,8],[4,9],[5,10],[6,11],[7,12],[7,13],[7,14],[8,15],[9,16],[9,17],[9,18],[9,19],[9,20],[9,21],[9,22],[10,23],[10,24],[10,25],[10,26],[10,27],[10,28],[10,29],[11,30],[11,31],[11,32],[12,33],[12,34],[12,35],[13,36],[14,37],[14,38],[14,39],[15,40],[15,41],[15,42],[36,43],[36,44],[36,45],[36,46],[36,47],[36,48],[36,49]],"ID":2}],"edgeSet":[[0,2,0],[2,1,0]],"ENTRY":{"def":[],"use":[],"callees":[],"nodes":["CompoundStmt"],"edges":[],"ID":0},"EXIT":{"def":[],"use":[],"callees":[],"nodes":["CompoundStmt"],"edges":[],"ID":1},"method_name":"getCause"},{"blocks":[{"def":[],"use":[],"callees":[],"nodes":["CompoundStmt"],"edges":[],"ID":0},{"def":[],"use":[],"callees":[],"nodes":["CompoundStmt"],"edges":[],"ID":1},{"def":["$r1","r0"],"use":["@this: org.xml.sax.SAXException","r0.\u003corg.xml.sax.SAXException: java.lang.Exception exception\u003e","$r1","r0"],"callees":[],"nodes":["CompoundStmt","DefinitionStmt","DefinitionStmt","IfStmt","Local","ThisRef","Local","InstanceFieldRef","BinaryOp","RefType","RefType","RefType","RefType","Local","RefType","Local"," \u003d\u003d ","Constant","org","xml","sax","S","A","X","Exception","org","xml","sax","S","A","X","Exception","java","lang","Exception","java","lang","Exception","RefType","java","lang","Exception","RefType","Null","org","xml","sax","S","A","X","Exception","java","lang","Exception"],"edges":[[0,1],[0,2],[0,3],[1,4],[1,5],[2,6],[2,7],[3,8],[4,9],[5,10],[6,11],[7,12],[7,13],[7,14],[8,15],[8,16],[8,17],[9,18],[9,19],[9,20],[9,21],[9,22],[9,23],[9,24],[10,25],[10,26],[10,27],[10,28],[10,29],[10,30],[10,31],[11,32],[11,33],[11,34],[12,35],[12,36],[12,37],[13,38],[14,39],[14,40],[14,41],[15,42],[17,43],[38,44],[38,45],[38,46],[38,47],[38,48],[38,49],[38,50],[42,51],[42,52],[42,53]],"ID":2},{"def":["$r3","$r4","$r5","$r6","$r7","$r8","$r9","$r10"],"use":["r0.\u003corg.xml.sax.SAXException: java.lang.Exception exception\u003e","$r3","$r4","$r5","$r6","$r7","$r8","$r9","r0","$r10"],"callees":[],"nodes":["CompoundStmt","DefinitionStmt","Invoke","DefinitionStmt","DefinitionStmt","DefinitionStmt","DefinitionStmt","DefinitionStmt","DefinitionStmt","DefinitionStmt","ReturnStmt","Local","NewExpr","Local","Invoke","Local","Invoke","Local","Invoke","Local","InstanceFieldRef","Local","Invoke","Local","Invoke","Local","Invoke","Local","RefType","RefType","RefType","RefType","RefType","RefType","RefType","Local","RefType","RefType","RefType","RefType","RefType","java","lang","String","Builder","java","lang","String","Builder","java","lang","String","java","lang","String","Builder","java","lang","String","Builder","java","lang","Exception","java","lang","Exception","RefType","java","lang","Exception","java","lang","String","java","lang","String","Builder","java","lang","String","java","lang","String","org","xml","sax","S","A","X","Exception"],"edges":[[0,1],[0,2],[0,3],[0,4],[0,5],[0,6],[0,7],[0,8],[0,9],[0,10],[1,11],[1,12],[3,13],[3,14],[4,15],[4,16],[5,17],[5,18],[6,19],[6,20],[7,21],[7,22],[8,23],[8,24],[9,25],[9,26],[10,27],[11,28],[12,29],[13,30],[15,31],[17,32],[19,33],[20,34],[20,35],[20,36],[21,37],[23,38],[25,39],[27,40],[28,41],[28,42],[28,43],[28,44],[29,45],[29,46],[29,47],[29,48],[30,49],[30,50],[30,51],[31,52],[31,53],[31,54],[31,55],[32,56],[32,57],[32,58],[32,59],[33,60],[33,61],[33,62],[34,63],[34,64],[34,65],[35,66],[36,67],[36,68],[36,69],[37,70],[37,71],[37,72],[38,73],[38,74],[38,75],[38,76],[39,77],[39,78],[39,79],[40,80],[40,81],[40,82],[66,83],[66,84],[66,85],[66,86],[66,87],[66,88],[66,89]],"ID":3},{"def":["$r2"],"use":["$r2","r0"],"callees":[],"nodes":["CompoundStmt","DefinitionStmt","ReturnStmt","Local","Invoke","Local","RefType","RefType","java","lang","String","java","lang","String"],"edges":[[0,1],[0,2],[1,3],[1,4],[2,5],[3,6],[5,7],[6,8],[6,9],[6,10],[7,11],[7,12],[7,13]],"ID":4}],"edgeSet":[[3,1,0],[4,1,0],[0,2,0],[2,3,1],[2,4,2]],"ENTRY":{"def":[],"use":[],"callees":[],"nodes":["CompoundStmt"],"edges":[],"ID":0},"EXIT":{"def":[],"use":[],"callees":[],"nodes":["CompoundStmt"],"edges":[],"ID":1},"method_name":"toString"}],"label":"0"}