{"data":[{"blocks":[{"def":[],"use":[],"callees":[],"nodes":["CompoundStmt"],"edges":[],"ID":0},{"def":[],"use":[],"callees":[],"nodes":["CompoundStmt"],"edges":[],"ID":1},{"def":["r0.\u003corg.apache.xerces.readers.XMLCatalogHandler: java.util.Hashtable publicMap\u003e","$r1","$r2","r0.\u003corg.apache.xerces.readers.XMLCatalogHandler: java.util.Hashtable systemMap\u003e","r0"],"use":["@this: org.apache.xerces.readers.XMLCatalogHandler","$r1","$r2","r0"],"callees":[],"nodes":["CompoundStmt","DefinitionStmt","Invoke","DefinitionStmt","Invoke","DefinitionStmt","DefinitionStmt","Invoke","DefinitionStmt","ReturnVoidStmt","Local","ThisRef","Local","NewExpr","InstanceFieldRef","Local","Local","NewExpr","InstanceFieldRef","Local","RefType","RefType","RefType","RefType","RefType","Local","RefType","RefType","RefType","RefType","RefType","Local","RefType","RefType","org","apache","xerces","readers","X","M","L","Catalog","Handler","org","apache","xerces","readers","X","M","L","Catalog","Handler","java","util","Hashtable","java","util","Hashtable","java","util","Hashtable","RefType","java","util","Hashtable","java","util","Hashtable","java","util","Hashtable","java","util","Hashtable","java","util","Hashtable","RefType","java","util","Hashtable","java","util","Hashtable","org","apache","xerces","readers","X","M","L","Catalog","Handler","org","apache","xerces","readers","X","M","L","Catalog","Handler"],"edges":[[0,1],[0,2],[0,3],[0,4],[0,5],[0,6],[0,7],[0,8],[0,9],[1,10],[1,11],[3,12],[3,13],[5,14],[5,15],[6,16],[6,17],[8,18],[8,19],[10,20],[11,21],[12,22],[13,23],[14,24],[14,25],[14,26],[15,27],[16,28],[17,29],[18,30],[18,31],[18,32],[19,33],[20,34],[20,35],[20,36],[20,37],[20,38],[20,39],[20,40],[20,41],[20,42],[21,43],[21,44],[21,45],[21,46],[21,47],[21,48],[21,49],[21,50],[21,51],[22,52],[22,53],[22,54],[23,55],[23,56],[23,57],[24,58],[24,59],[24,60],[25,61],[26,62],[26,63],[26,64],[27,65],[27,66],[27,67],[28,68],[28,69],[28,70],[29,71],[29,72],[29,73],[30,74],[30,75],[30,76],[31,77],[32,78],[32,79],[32,80],[33,81],[33,82],[33,83],[61,84],[61,85],[61,86],[61,87],[61,88],[61,89],[61,90],[61,91],[61,92],[77,93],[77,94],[77,95],[77,96],[77,97],[77,98],[77,99],[77,100],[77,101]],"ID":2}],"edgeSet":[[0,2,0],[2,1,0]],"ENTRY":{"def":[],"use":[],"callees":[],"nodes":["CompoundStmt"],"edges":[],"ID":0},"EXIT":{"def":[],"use":[],"callees":[],"nodes":["CompoundStmt"],"edges":[],"ID":1},"method_name":"\u003cinit\u003e"},{"blocks":[{"def":[],"use":[],"callees":[],"nodes":["CompoundStmt"],"edges":[],"ID":0},{"def":[],"use":[],"callees":[],"nodes":["CompoundStmt"],"edges":[],"ID":1},{"def":["r2","$r3","r0","r1"],"use":["r0.\u003corg.apache.xerces.readers.XMLCatalogHandler: java.util.Hashtable publicMap\u003e","r2","@this: org.apache.xerces.readers.XMLCatalogHandler","$r3","@parameter1: java.lang.String","@parameter0: java.lang.String","r0","r1"],"callees":[],"nodes":["CompoundStmt","DefinitionStmt","DefinitionStmt","DefinitionStmt","DefinitionStmt","Invoke","ReturnVoidStmt","Local","ThisRef","Local","Param","Local","Param","Local","InstanceFieldRef","RefType","RefType","RefType","RefType","RefType","RefType","RefType","RefType","Local","RefType","org","apache","xerces","readers","X","M","L","Catalog","Handler","org","apache","xerces","readers","X","M","L","Catalog","Handler","java","lang","String","java","lang","String","java","lang","String","java","lang","String","java","util","Hashtable","java","util","Hashtable","RefType","java","util","Hashtable","org","apache","xerces","readers","X","M","L","Catalog","Handler"],"edges":[[0,1],[0,2],[0,3],[0,4],[0,5],[0,6],[1,7],[1,8],[2,9],[2,10],[3,11],[3,12],[4,13],[4,14],[7,15],[8,16],[9,17],[10,18],[11,19],[12,20],[13,21],[14,22],[14,23],[14,24],[15,25],[15,26],[15,27],[15,28],[15,29],[15,30],[15,31],[15,32],[15,33],[16,34],[16,35],[16,36],[16,37],[16,38],[16,39],[16,40],[16,41],[16,42],[17,43],[17,44],[17,45],[18,46],[18,47],[18,48],[19,49],[19,50],[19,51],[20,52],[20,53],[20,54],[21,55],[21,56],[21,57],[22,58],[22,59],[22,60],[23,61],[24,62],[24,63],[24,64],[61,65],[61,66],[61,67],[61,68],[61,69],[61,70],[61,71],[61,72],[61,73]],"ID":2}],"edgeSet":[[0,2,0],[2,1,0]],"ENTRY":{"def":[],"use":[],"callees":[],"nodes":["CompoundStmt"],"edges":[],"ID":0},"EXIT":{"def":[],"use":[],"callees":[],"nodes":["CompoundStmt"],"edges":[],"ID":1},"method_name":"addPublicMapping"},{"blocks":[{"def":[],"use":[],"callees":[],"nodes":["CompoundStmt"],"edges":[],"ID":0},{"def":[],"use":[],"callees":[],"nodes":["CompoundStmt"],"edges":[],"ID":1},{"def":["r2","$r3","r0","r1"],"use":["r2","@this: org.apache.xerces.readers.XMLCatalogHandler","$r3","r0.\u003corg.apache.xerces.readers.XMLCatalogHandler: java.util.Hashtable systemMap\u003e","@parameter1: java.lang.String","@parameter0: java.lang.String","r0","r1"],"callees":[],"nodes":["CompoundStmt","DefinitionStmt","DefinitionStmt","DefinitionStmt","DefinitionStmt","Invoke","ReturnVoidStmt","Local","ThisRef","Local","Param","Local","Param","Local","InstanceFieldRef","RefType","RefType","RefType","RefType","RefType","RefType","RefType","RefType","Local","RefType","org","apache","xerces","readers","X","M","L","Catalog","Handler","org","apache","xerces","readers","X","M","L","Catalog","Handler","java","lang","String","java","lang","String","java","lang","String","java","lang","String","java","util","Hashtable","java","util","Hashtable","RefType","java","util","Hashtable","org","apache","xerces","readers","X","M","L","Catalog","Handler"],"edges":[[0,1],[0,2],[0,3],[0,4],[0,5],[0,6],[1,7],[1,8],[2,9],[2,10],[3,11],[3,12],[4,13],[4,14],[7,15],[8,16],[9,17],[10,18],[11,19],[12,20],[13,21],[14,22],[14,23],[14,24],[15,25],[15,26],[15,27],[15,28],[15,29],[15,30],[15,31],[15,32],[15,33],[16,34],[16,35],[16,36],[16,37],[16,38],[16,39],[16,40],[16,41],[16,42],[17,43],[17,44],[17,45],[18,46],[18,47],[18,48],[19,49],[19,50],[19,51],[20,52],[20,53],[20,54],[21,55],[21,56],[21,57],[22,58],[22,59],[22,60],[23,61],[24,62],[24,63],[24,64],[61,65],[61,66],[61,67],[61,68],[61,69],[61,70],[61,71],[61,72],[61,73]],"ID":2}],"edgeSet":[[0,2,0],[2,1,0]],"ENTRY":{"def":[],"use":[],"callees":[],"nodes":["CompoundStmt"],"edges":[],"ID":0},"EXIT":{"def":[],"use":[],"callees":[],"nodes":["CompoundStmt"],"edges":[],"ID":1},"method_name":"addSystemMapping"},{"blocks":[{"def":[],"use":[],"callees":[],"nodes":["CompoundStmt"],"edges":[],"ID":0},{"def":[],"use":[],"callees":[],"nodes":["CompoundStmt"],"edges":[],"ID":1},{"def":["$r2","$r3","$r4","r0","r1"],"use":["r0.\u003corg.apache.xerces.readers.XMLCatalogHandler: java.util.Hashtable publicMap\u003e","@this: org.apache.xerces.readers.XMLCatalogHandler","$r2","$r3","$r4","@parameter0: java.lang.String","r0","r1"],"callees":[],"nodes":["CompoundStmt","DefinitionStmt","DefinitionStmt","DefinitionStmt","DefinitionStmt","DefinitionStmt","ReturnStmt","Local","ThisRef","Local","Param","Local","InstanceFieldRef","Local","Invoke","Local","CastExpr","Local","RefType","RefType","RefType","RefType","RefType","RefType","Local","RefType","RefType","RefType","RefType","RefType","Local","RefType","org","apache","xerces","readers","X","M","L","Catalog","Handler","org","apache","xerces","readers","X","M","L","Catalog","Handler","java","lang","String","java","lang","String","java","util","Hashtable","java","util","Hashtable","RefType","java","util","Hashtable","java","lang","Object","java","lang","String","java","lang","String","java","lang","String","RefType","java","lang","String","org","apache","xerces","readers","X","M","L","Catalog","Handler","java","lang","Object"],"edges":[[0,1],[0,2],[0,3],[0,4],[0,5],[0,6],[1,7],[1,8],[2,9],[2,10],[3,11],[3,12],[4,13],[4,14],[5,15],[5,16],[6,17],[7,18],[8,19],[9,20],[10,21],[11,22],[12,23],[12,24],[12,25],[13,26],[15,27],[16,28],[16,29],[16,30],[17,31],[18,32],[18,33],[18,34],[18,35],[18,36],[18,37],[18,38],[18,39],[18,40],[19,41],[19,42],[19,43],[19,44],[19,45],[19,46],[19,47],[19,48],[19,49],[20,50],[20,51],[20,52],[21,53],[21,54],[21,55],[22,56],[22,57],[22,58],[23,59],[23,60],[23,61],[24,62],[25,63],[25,64],[25,65],[26,66],[26,67],[26,68],[27,69],[27,70],[27,71],[28,72],[28,73],[28,74],[29,75],[29,76],[29,77],[30,78],[31,79],[31,80],[31,81],[62,82],[62,83],[62,84],[62,85],[62,86],[62,87],[62,88],[62,89],[62,90],[78,91],[78,92],[78,93]],"ID":2}],"edgeSet":[[0,2,0],[2,1,0]],"ENTRY":{"def":[],"use":[],"callees":[],"nodes":["CompoundStmt"],"edges":[],"ID":0},"EXIT":{"def":[],"use":[],"callees":[],"nodes":["CompoundStmt"],"edges":[],"ID":1},"method_name":"getPublicMapping"},{"blocks":[{"def":[],"use":[],"callees":[],"nodes":["CompoundStmt"],"edges":[],"ID":0},{"def":[],"use":[],"callees":[],"nodes":["CompoundStmt"],"edges":[],"ID":1},{"def":["$r1","$r2","r0"],"use":["r0.\u003corg.apache.xerces.readers.XMLCatalogHandler: java.util.Hashtable publicMap\u003e","@this: org.apache.xerces.readers.XMLCatalogHandler","$r1","$r2","r0"],"callees":[],"nodes":["CompoundStmt","DefinitionStmt","DefinitionStmt","DefinitionStmt","ReturnStmt","Local","ThisRef","Local","InstanceFieldRef","Local","Invoke","Local","RefType","RefType","RefType","RefType","Local","RefType","RefType","RefType","org","apache","xerces","readers","X","M","L","Catalog","Handler","org","apache","xerces","readers","X","M","L","Catalog","Handler","java","util","Hashtable","java","util","Hashtable","RefType","java","util","Hashtable","java","util","Enumeration","java","util","Enumeration","org","apache","xerces","readers","X","M","L","Catalog","Handler"],"edges":[[0,1],[0,2],[0,3],[0,4],[1,5],[1,6],[2,7],[2,8],[3,9],[3,10],[4,11],[5,12],[6,13],[7,14],[8,15],[8,16],[8,17],[9,18],[11,19],[12,20],[12,21],[12,22],[12,23],[12,24],[12,25],[12,26],[12,27],[12,28],[13,29],[13,30],[13,31],[13,32],[13,33],[13,34],[13,35],[13,36],[13,37],[14,38],[14,39],[14,40],[15,41],[15,42],[15,43],[16,44],[17,45],[17,46],[17,47],[18,48],[18,49],[18,50],[19,51],[19,52],[19,53],[44,54],[44,55],[44,56],[44,57],[44,58],[44,59],[44,60],[44,61],[44,62]],"ID":2}],"edgeSet":[[0,2,0],[2,1,0]],"ENTRY":{"def":[],"use":[],"callees":[],"nodes":["CompoundStmt"],"edges":[],"ID":0},"EXIT":{"def":[],"use":[],"callees":[],"nodes":["CompoundStmt"],"edges":[],"ID":1},"method_name":"getPublicMappingKeys"},{"blocks":[{"def":[],"use":[],"callees":[],"nodes":["CompoundStmt"],"edges":[],"ID":0},{"def":[],"use":[],"callees":[],"nodes":["CompoundStmt"],"edges":[],"ID":1},{"def":["$r2","$r3","$r4","r0","r1"],"use":["@this: org.apache.xerces.readers.XMLCatalogHandler","$r2","$r3","$r4","r0.\u003corg.apache.xerces.readers.XMLCatalogHandler: java.util.Hashtable systemMap\u003e","@parameter0: java.lang.String","r0","r1"],"callees":[],"nodes":["CompoundStmt","DefinitionStmt","DefinitionStmt","DefinitionStmt","DefinitionStmt","DefinitionStmt","ReturnStmt","Local","ThisRef","Local","Param","Local","InstanceFieldRef","Local","Invoke","Local","CastExpr","Local","RefType","RefType","RefType","RefType","RefType","RefType","Local","RefType","RefType","RefType","RefType","RefType","Local","RefType","org","apache","xerces","readers","X","M","L","Catalog","Handler","org","apache","xerces","readers","X","M","L","Catalog","Handler","java","lang","String","java","lang","String","java","util","Hashtable","java","util","Hashtable","RefType","java","util","Hashtable","java","lang","Object","java","lang","String","java","lang","String","java","lang","String","RefType","java","lang","String","org","apache","xerces","readers","X","M","L","Catalog","Handler","java","lang","Object"],"edges":[[0,1],[0,2],[0,3],[0,4],[0,5],[0,6],[1,7],[1,8],[2,9],[2,10],[3,11],[3,12],[4,13],[4,14],[5,15],[5,16],[6,17],[7,18],[8,19],[9,20],[10,21],[11,22],[12,23],[12,24],[12,25],[13,26],[15,27],[16,28],[16,29],[16,30],[17,31],[18,32],[18,33],[18,34],[18,35],[18,36],[18,37],[18,38],[18,39],[18,40],[19,41],[19,42],[19,43],[19,44],[19,45],[19,46],[19,47],[19,48],[19,49],[20,50],[20,51],[20,52],[21,53],[21,54],[21,55],[22,56],[22,57],[22,58],[23,59],[23,60],[23,61],[24,62],[25,63],[25,64],[25,65],[26,66],[26,67],[26,68],[27,69],[27,70],[27,71],[28,72],[28,73],[28,74],[29,75],[29,76],[29,77],[30,78],[31,79],[31,80],[31,81],[62,82],[62,83],[62,84],[62,85],[62,86],[62,87],[62,88],[62,89],[62,90],[78,91],[78,92],[78,93]],"ID":2}],"edgeSet":[[0,2,0],[2,1,0]],"ENTRY":{"def":[],"use":[],"callees":[],"nodes":["CompoundStmt"],"edges":[],"ID":0},"EXIT":{"def":[],"use":[],"callees":[],"nodes":["CompoundStmt"],"edges":[],"ID":1},"method_name":"getSystemMapping"},{"blocks":[{"def":[],"use":[],"callees":[],"nodes":["CompoundStmt"],"edges":[],"ID":0},{"def":[],"use":[],"callees":[],"nodes":["CompoundStmt"],"edges":[],"ID":1},{"def":["$r1","$r2","r0"],"use":["@this: org.apache.xerces.readers.XMLCatalogHandler","$r1","$r2","r0.\u003corg.apache.xerces.readers.XMLCatalogHandler: java.util.Hashtable systemMap\u003e","r0"],"callees":[],"nodes":["CompoundStmt","DefinitionStmt","DefinitionStmt","DefinitionStmt","ReturnStmt","Local","ThisRef","Local","InstanceFieldRef","Local","Invoke","Local","RefType","RefType","RefType","RefType","Local","RefType","RefType","RefType","org","apache","xerces","readers","X","M","L","Catalog","Handler","org","apache","xerces","readers","X","M","L","Catalog","Handler","java","util","Hashtable","java","util","Hashtable","RefType","java","util","Hashtable","java","util","Enumeration","java","util","Enumeration","org","apache","xerces","readers","X","M","L","Catalog","Handler"],"edges":[[0,1],[0,2],[0,3],[0,4],[1,5],[1,6],[2,7],[2,8],[3,9],[3,10],[4,11],[5,12],[6,13],[7,14],[8,15],[8,16],[8,17],[9,18],[11,19],[12,20],[12,21],[12,22],[12,23],[12,24],[12,25],[12,26],[12,27],[12,28],[13,29],[13,30],[13,31],[13,32],[13,33],[13,34],[13,35],[13,36],[13,37],[14,38],[14,39],[14,40],[15,41],[15,42],[15,43],[16,44],[17,45],[17,46],[17,47],[18,48],[18,49],[18,50],[19,51],[19,52],[19,53],[44,54],[44,55],[44,56],[44,57],[44,58],[44,59],[44,60],[44,61],[44,62]],"ID":2}],"edgeSet":[[0,2,0],[2,1,0]],"ENTRY":{"def":[],"use":[],"callees":[],"nodes":["CompoundStmt"],"edges":[],"ID":0},"EXIT":{"def":[],"use":[],"callees":[],"nodes":["CompoundStmt"],"edges":[],"ID":1},"method_name":"getSystemMappingKeys"},{"blocks":[{"def":[],"use":[],"callees":[],"nodes":["CompoundStmt"],"edges":[],"ID":0},{"def":[],"use":[],"callees":[],"nodes":["CompoundStmt"],"edges":[],"ID":1},{"def":["$r2","r0","r1"],"use":["r0.\u003corg.apache.xerces.readers.XMLCatalogHandler: java.util.Hashtable publicMap\u003e","@this: org.apache.xerces.readers.XMLCatalogHandler","$r2","@parameter0: java.lang.System","r0","r1"],"callees":[],"nodes":["CompoundStmt","DefinitionStmt","DefinitionStmt","DefinitionStmt","Invoke","ReturnVoidStmt","Local","ThisRef","Local","Param","Local","InstanceFieldRef","RefType","RefType","RefType","RefType","RefType","RefType","Local","RefType","org","apache","xerces","readers","X","M","L","Catalog","Handler","org","apache","xerces","readers","X","M","L","Catalog","Handler","java","lang","System","java","lang","System","java","util","Hashtable","java","util","Hashtable","RefType","java","util","Hashtable","org","apache","xerces","readers","X","M","L","Catalog","Handler"],"edges":[[0,1],[0,2],[0,3],[0,4],[0,5],[1,6],[1,7],[2,8],[2,9],[3,10],[3,11],[6,12],[7,13],[8,14],[9,15],[10,16],[11,17],[11,18],[11,19],[12,20],[12,21],[12,22],[12,23],[12,24],[12,25],[12,26],[12,27],[12,28],[13,29],[13,30],[13,31],[13,32],[13,33],[13,34],[13,35],[13,36],[13,37],[14,38],[14,39],[14,40],[15,41],[15,42],[15,43],[16,44],[16,45],[16,46],[17,47],[17,48],[17,49],[18,50],[19,51],[19,52],[19,53],[50,54],[50,55],[50,56],[50,57],[50,58],[50,59],[50,60],[50,61],[50,62]],"ID":2}],"edgeSet":[[0,2,0],[2,1,0]],"ENTRY":{"def":[],"use":[],"callees":[],"nodes":["CompoundStmt"],"edges":[],"ID":0},"EXIT":{"def":[],"use":[],"callees":[],"nodes":["CompoundStmt"],"edges":[],"ID":1},"method_name":"removePublicMapping"},{"blocks":[{"def":[],"use":[],"callees":[],"nodes":["CompoundStmt"],"edges":[],"ID":0},{"def":[],"use":[],"callees":[],"nodes":["CompoundStmt"],"edges":[],"ID":1},{"def":["$r2","r0","r1"],"use":["@this: org.apache.xerces.readers.XMLCatalogHandler","$r2","r0.\u003corg.apache.xerces.readers.XMLCatalogHandler: java.util.Hashtable systemMap\u003e","@parameter0: java.lang.String","r0","r1"],"callees":[],"nodes":["CompoundStmt","DefinitionStmt","DefinitionStmt","DefinitionStmt","Invoke","ReturnVoidStmt","Local","ThisRef","Local","Param","Local","InstanceFieldRef","RefType","RefType","RefType","RefType","RefType","RefType","Local","RefType","org","apache","xerces","readers","X","M","L","Catalog","Handler","org","apache","xerces","readers","X","M","L","Catalog","Handler","java","lang","String","java","lang","String","java","util","Hashtable","java","util","Hashtable","RefType","java","util","Hashtable","org","apache","xerces","readers","X","M","L","Catalog","Handler"],"edges":[[0,1],[0,2],[0,3],[0,4],[0,5],[1,6],[1,7],[2,8],[2,9],[3,10],[3,11],[6,12],[7,13],[8,14],[9,15],[10,16],[11,17],[11,18],[11,19],[12,20],[12,21],[12,22],[12,23],[12,24],[12,25],[12,26],[12,27],[12,28],[13,29],[13,30],[13,31],[13,32],[13,33],[13,34],[13,35],[13,36],[13,37],[14,38],[14,39],[14,40],[15,41],[15,42],[15,43],[16,44],[16,45],[16,46],[17,47],[17,48],[17,49],[18,50],[19,51],[19,52],[19,53],[50,54],[50,55],[50,56],[50,57],[50,58],[50,59],[50,60],[50,61],[50,62]],"ID":2}],"edgeSet":[[0,2,0],[2,1,0]],"ENTRY":{"def":[],"use":[],"callees":[],"nodes":["CompoundStmt"],"edges":[],"ID":0},"EXIT":{"def":[],"use":[],"callees":[],"nodes":["CompoundStmt"],"edges":[],"ID":1},"method_name":"removeSystemMapping"},{"blocks":[{"def":[],"use":[],"callees":[],"nodes":["CompoundStmt"],"edges":[],"ID":0},{"def":[],"use":[],"callees":[],"nodes":["CompoundStmt"],"edges":[],"ID":1},{"def":["r2","r0","r1"],"use":["@this: org.apache.xerces.readers.XMLCatalogHandler","@parameter1: java.lang.String","@parameter0: java.lang.String","r1"],"callees":[],"nodes":["CompoundStmt","DefinitionStmt","DefinitionStmt","DefinitionStmt","IfStmt","Local","ThisRef","Local","Param","Local","Param","BinaryOp","RefType","RefType","RefType","RefType","RefType","RefType","Local"," \u003d\u003d ","Constant","org","apache","xerces","readers","X","M","L","Catalog","Handler","org","apache","xerces","readers","X","M","L","Catalog","Handler","java","lang","String","java","lang","String","java","lang","String","java","lang","String","RefType","Null","java","lang","String"],"edges":[[0,1],[0,2],[0,3],[0,4],[1,5],[1,6],[2,7],[2,8],[3,9],[3,10],[4,11],[5,12],[6,13],[7,14],[8,15],[9,16],[10,17],[11,18],[11,19],[11,20],[12,21],[12,22],[12,23],[12,24],[12,25],[12,26],[12,27],[12,28],[12,29],[13,30],[13,31],[13,32],[13,33],[13,34],[13,35],[13,36],[13,37],[13,38],[14,39],[14,40],[14,41],[15,42],[15,43],[15,44],[16,45],[16,46],[16,47],[17,48],[17,49],[17,50],[18,51],[20,52],[51,53],[51,54],[51,55]],"ID":2},{"def":["r5"],"use":["r5","r0","r1"],"callees":["getPublicMapping"],"nodes":["CompoundStmt","DefinitionStmt","IfStmt","Local","Invoke","BinaryOp","RefType","Local"," \u003d\u003d ","Constant","java","lang","String","RefType","Null","java","lang","String"],"edges":[[0,1],[0,2],[1,3],[1,4],[2,5],[3,6],[5,7],[5,8],[5,9],[6,10],[6,11],[6,12],[7,13],[9,14],[13,15],[13,16],[13,17]],"ID":3},{"def":["$r4"],"use":["r5","$r4"],"callees":[],"nodes":["CompoundStmt","DefinitionStmt","Invoke","ReturnStmt","Local","NewExpr","Local","RefType","RefType","RefType","org","xml","sax","Input","Source","org","xml","sax","Input","Source","org","xml","sax","Input","Source"],"edges":[[0,1],[0,2],[0,3],[1,4],[1,5],[3,6],[4,7],[5,8],[6,9],[7,10],[7,11],[7,12],[7,13],[7,14],[8,15],[8,16],[8,17],[8,18],[8,19],[9,20],[9,21],[9,22],[9,23],[9,24]],"ID":4},{"def":[],"use":["r2"],"callees":[],"nodes":["CompoundStmt","IfStmt","BinaryOp","Local"," \u003d\u003d ","Constant","RefType","Null","java","lang","String"],"edges":[[0,1],[1,2],[2,3],[2,4],[2,5],[3,6],[5,7],[6,8],[6,9],[6,10]],"ID":5},{"def":["r6"],"use":["r2","r6","r0"],"callees":["getSystemMapping"],"nodes":["CompoundStmt","DefinitionStmt","IfStmt","Local","Invoke","BinaryOp","RefType","Local"," !\u003d ","Constant","java","lang","String","RefType","Null","java","lang","String"],"edges":[[0,1],[0,2],[1,3],[1,4],[2,5],[3,6],[5,7],[5,8],[5,9],[6,10],[6,11],[6,12],[7,13],[9,14],[13,15],[13,16],[13,17]],"ID":6},{"def":["r6","$r3"],"use":["r2","r6","$r3"],"callees":[],"nodes":["CompoundStmt","DefinitionStmt","DefinitionStmt","Invoke","ReturnStmt","Local","Local","Local","NewExpr","Local","RefType","RefType","RefType","RefType","RefType","java","lang","String","java","lang","String","org","xml","sax","Input","Source","org","xml","sax","Input","Source","org","xml","sax","Input","Source"],"edges":[[0,1],[0,2],[0,3],[0,4],[1,5],[1,6],[2,7],[2,8],[4,9],[5,10],[6,11],[7,12],[8,13],[9,14],[10,15],[10,16],[10,17],[11,18],[11,19],[11,20],[12,21],[12,22],[12,23],[12,24],[12,25],[13,26],[13,27],[13,28],[13,29],[13,30],[14,31],[14,32],[14,33],[14,34],[14,35]],"ID":7},{"def":[],"use":[],"callees":[],"nodes":["CompoundStmt","ReturnStmt","Constant","Null"],"edges":[[0,1],[1,2],[2,3]],"ID":8}],"edgeSet":[[4,1,0],[7,1,0],[8,1,0],[0,2,0],[2,5,2],[5,8,2],[2,3,1],[3,4,1],[3,5,2],[5,6,1],[6,7,1],[6,7,2]],"ENTRY":{"def":[],"use":[],"callees":[],"nodes":["CompoundStmt"],"edges":[],"ID":0},"EXIT":{"def":[],"use":[],"callees":[],"nodes":["CompoundStmt"],"edges":[],"ID":1},"method_name":"resolveEntity"}],"label":"0"}