{"data":[{"blocks":[{"def":[],"use":[],"callees":[],"nodes":["CompoundStmt"],"edges":[],"ID":0},{"def":[],"use":[],"callees":[],"nodes":["CompoundStmt"],"edges":[],"ID":1},{"def":["s0","r0","r1"],"use":["@parameter0: org.w3c.dom.html.HTMLElement","@parameter1: short","r0","@this: org.apache.html.dom.HTMLCollectionImpl","r1"],"callees":[],"nodes":["CompoundStmt","DefinitionStmt","DefinitionStmt","DefinitionStmt","Invoke","IfStmt","Local","ThisRef","Local","Param","Local","Param","BinaryOp","RefType","RefType","RefType","RefType","Short","Short","Local"," !\u003d ","Constant","org","apache","html","dom","H","T","M","L","Collection","Impl","org","apache","html","dom","H","T","M","L","Collection","Impl","org","w3c","dom","html","H","T","M","L","Element","org","w3c","dom","html","H","T","M","L","Element","RefType","Null","org","w3c","dom","html","H","T","M","L","Element"],"edges":[[0,1],[0,2],[0,3],[0,4],[0,5],[1,6],[1,7],[2,8],[2,9],[3,10],[3,11],[5,12],[6,13],[7,14],[8,15],[9,16],[10,17],[11,18],[12,19],[12,20],[12,21],[13,22],[13,23],[13,24],[13,25],[13,26],[13,27],[13,28],[13,29],[13,30],[13,31],[14,32],[14,33],[14,34],[14,35],[14,36],[14,37],[14,38],[14,39],[14,40],[14,41],[15,42],[15,43],[15,44],[15,45],[15,46],[15,47],[15,48],[15,49],[15,50],[16,51],[16,52],[16,53],[16,54],[16,55],[16,56],[16,57],[16,58],[16,59],[19,60],[21,61],[60,62],[60,63],[60,64],[60,65],[60,66],[60,67],[60,68],[60,69],[60,70]],"ID":2},{"def":["$r2"],"use":["$r2"],"callees":[],"nodes":["CompoundStmt","DefinitionStmt","Invoke","ThrowStmt","Local","NewExpr","Local","RefType","RefType","RefType","java","lang","Null","Pointer","Exception","java","lang","Null","Pointer","Exception","java","lang","Null","Pointer","Exception"],"edges":[[0,1],[0,2],[0,3],[1,4],[1,5],[3,6],[4,7],[5,8],[6,9],[7,10],[7,11],[7,12],[7,13],[7,14],[8,15],[8,16],[8,17],[8,18],[8,19],[9,20],[9,21],[9,22],[9,23],[9,24]],"ID":3},{"def":["r0.\u003corg.apache.html.dom.HTMLCollectionImpl: org.w3c.dom.Element _topLevel\u003e","r0.\u003corg.apache.html.dom.HTMLCollectionImpl: short _lookingFor\u003e"],"use":["s0","r0","r1"],"callees":[],"nodes":["CompoundStmt","DefinitionStmt","DefinitionStmt","ReturnVoidStmt","InstanceFieldRef","Local","InstanceFieldRef","Local","RefType","Local","RefType","RefType","Short","Local","Short","Short","org","w3c","dom","Element","RefType","org","w3c","dom","Element","org","w3c","dom","html","H","T","M","L","Element","RefType","org","apache","html","dom","H","T","M","L","Collection","Impl","org","apache","html","dom","H","T","M","L","Collection","Impl"],"edges":[[0,1],[0,2],[0,3],[1,4],[1,5],[2,6],[2,7],[4,8],[4,9],[4,10],[5,11],[6,12],[6,13],[6,14],[7,15],[8,16],[8,17],[8,18],[8,19],[9,20],[10,21],[10,22],[10,23],[10,24],[11,25],[11,26],[11,27],[11,28],[11,29],[11,30],[11,31],[11,32],[11,33],[13,34],[20,35],[20,36],[20,37],[20,38],[20,39],[20,40],[20,41],[20,42],[20,43],[20,44],[34,45],[34,46],[34,47],[34,48],[34,49],[34,50],[34,51],[34,52],[34,53],[34,54]],"ID":4}],"edgeSet":[[3,1,0],[4,1,0],[0,2,0],[2,3,1],[2,4,2]],"ENTRY":{"def":[],"use":[],"callees":[],"nodes":["CompoundStmt"],"edges":[],"ID":0},"EXIT":{"def":[],"use":[],"callees":[],"nodes":["CompoundStmt"],"edges":[],"ID":1},"method_name":"\u003cinit\u003e"},{"blocks":[{"def":[],"use":[],"callees":[],"nodes":["CompoundStmt"],"edges":[],"ID":0},{"def":[],"use":[],"callees":[],"nodes":["CompoundStmt"],"edges":[],"ID":1},{"def":["r2","r3","r0","r1"],"use":["r3","@parameter0: org.w3c.dom.Element","@parameter1: java.lang.String","@this: org.apache.html.dom.HTMLCollectionImpl","r1"],"callees":[],"nodes":["CompoundStmt","DefinitionStmt","DefinitionStmt","DefinitionStmt","DefinitionStmt","EnterMonitorStmt","Local","ThisRef","Local","Param","Local","Param","Local","Local","Local","RefType","RefType","RefType","RefType","RefType","RefType","RefType","RefType","RefType","org","apache","html","dom","H","T","M","L","Collection","Impl","org","apache","html","dom","H","T","M","L","Collection","Impl","org","w3c","dom","Element","org","w3c","dom","Element","java","lang","String","java","lang","String","org","w3c","dom","Element","org","w3c","dom","Element","org","w3c","dom","Element"],"edges":[[0,1],[0,2],[0,3],[0,4],[0,5],[1,6],[1,7],[2,8],[2,9],[3,10],[3,11],[4,12],[4,13],[5,14],[6,15],[7,16],[8,17],[9,18],[10,19],[11,20],[12,21],[13,22],[14,23],[15,24],[15,25],[15,26],[15,27],[15,28],[15,29],[15,30],[15,31],[15,32],[15,33],[16,34],[16,35],[16,36],[16,37],[16,38],[16,39],[16,40],[16,41],[16,42],[16,43],[17,44],[17,45],[17,46],[17,47],[18,48],[18,49],[18,50],[18,51],[19,52],[19,53],[19,54],[20,55],[20,56],[20,57],[21,58],[21,59],[21,60],[21,61],[22,62],[22,63],[22,64],[22,65],[23,66],[23,67],[23,68],[23,69]],"ID":2},{"def":["z11"],"use":[],"callees":[],"nodes":["CompoundStmt","DefinitionStmt","Local","Constant","Boolean","0","Int"],"edges":[[0,1],[1,2],[1,3],[2,4],[3,5],[3,6]],"ID":3},{"def":["$s0"],"use":["r0.\u003corg.apache.html.dom.HTMLCollectionImpl: short _lookingFor\u003e","r0"],"callees":[],"nodes":["CompoundStmt","DefinitionStmt","Local","InstanceFieldRef","Short","Short","Local","Short","RefType","org","apache","html","dom","H","T","M","L","Collection","Impl"],"edges":[[0,1],[1,2],[1,3],[2,4],[3,5],[3,6],[3,7],[6,8],[8,9],[8,10],[8,11],[8,12],[8,13],[8,14],[8,15],[8,16],[8,17],[8,18]],"ID":4},{"def":[],"use":["$s0"],"callees":[],"nodes":["CompoundStmt","SwitchStmt","Local","Short"],"edges":[[0,1],[1,2],[2,3]],"ID":5},{"def":["$z8"],"use":["r1"],"callees":[],"nodes":["CompoundStmt","DefinitionStmt","Local","InstanceOfExpr","Boolean","Boolean","Local","RefType","RefType","org","w3c","dom","html","H","T","M","L","Anchor","Element","org","w3c","dom","Element"],"edges":[[0,1],[1,2],[1,3],[2,4],[3,5],[3,6],[3,7],[6,8],[7,9],[7,10],[7,11],[7,12],[7,13],[7,14],[7,15],[7,16],[7,17],[7,18],[8,19],[8,20],[8,21],[8,22]],"ID":6},{"def":[],"use":["$z8"],"callees":[],"nodes":["CompoundStmt","IfStmt","BinaryOp","Local"," \u003d\u003d ","Constant","Boolean","0","Int"],"edges":[[0,1],[1,2],[2,3],[2,4],[2,5],[3,6],[5,7],[5,8]],"ID":7},{"def":["$r10"],"use":["r1"],"callees":[],"nodes":["CompoundStmt","DefinitionStmt","Local","Invoke","RefType","java","lang","String"],"edges":[[0,1],[1,2],[1,3],[2,4],[4,5],[4,6],[4,7]],"ID":8},{"def":["$i2"],"use":["$r10"],"callees":[],"nodes":["CompoundStmt","DefinitionStmt","Local","Invoke","Int"],"edges":[[0,1],[1,2],[1,3],[2,4]],"ID":9},{"def":[],"use":["$i2"],"callees":[],"nodes":["CompoundStmt","IfStmt","BinaryOp","Local"," \u003e ","Constant","Int","0","Int"],"edges":[[0,1],[1,2],[2,3],[2,4],[2,5],[3,6],[5,7],[5,8]],"ID":10},{"def":["$z12"],"use":[],"callees":[],"nodes":["CompoundStmt","DefinitionStmt","Local","Constant","Boolean","0","Int"],"edges":[[0,1],[1,2],[1,3],[2,4],[3,5],[3,6]],"ID":11},{"def":[],"use":[],"callees":[],"nodes":["CompoundStmt","GotoStmt"],"edges":[[0,1]],"ID":12},{"def":["$z12"],"use":[],"callees":[],"nodes":["CompoundStmt","DefinitionStmt","Local","Constant","Boolean","1","Int"],"edges":[[0,1],[1,2],[1,3],[2,4],[3,5],[3,6]],"ID":13},{"def":["z11"],"use":["$z12"],"callees":[],"nodes":["CompoundStmt","DefinitionStmt","Local","Local","Boolean","Boolean"],"edges":[[0,1],[1,2],[1,3],[2,4],[3,5]],"ID":14},{"def":[],"use":[],"callees":[],"nodes":["CompoundStmt","GotoStmt"],"edges":[[0,1]],"ID":15},{"def":["z11"],"use":["r1"],"callees":[],"nodes":["CompoundStmt","DefinitionStmt","Local","InstanceOfExpr","Boolean","Boolean","Local","RefType","RefType","org","w3c","dom","html","H","T","M","L","Form","Element","org","w3c","dom","Element"],"edges":[[0,1],[1,2],[1,3],[2,4],[3,5],[3,6],[3,7],[6,8],[7,9],[7,10],[7,11],[7,12],[7,13],[7,14],[7,15],[7,16],[7,17],[7,18],[8,19],[8,20],[8,21],[8,22]],"ID":16},{"def":[],"use":[],"callees":[],"nodes":["CompoundStmt","GotoStmt"],"edges":[[0,1]],"ID":17},{"def":["z11"],"use":["r1"],"callees":[],"nodes":["CompoundStmt","DefinitionStmt","Local","InstanceOfExpr","Boolean","Boolean","Local","RefType","RefType","org","w3c","dom","html","H","T","M","L","Image","Element","org","w3c","dom","Element"],"edges":[[0,1],[1,2],[1,3],[2,4],[3,5],[3,6],[3,7],[6,8],[7,9],[7,10],[7,11],[7,12],[7,13],[7,14],[7,15],[7,16],[7,17],[7,18],[8,19],[8,20],[8,21],[8,22]],"ID":18},{"def":[],"use":[],"callees":[],"nodes":["CompoundStmt","GotoStmt"],"edges":[[0,1]],"ID":19},{"def":["$z4"],"use":["r1"],"callees":[],"nodes":["CompoundStmt","DefinitionStmt","Local","InstanceOfExpr","Boolean","Boolean","Local","RefType","RefType","org","w3c","dom","html","H","T","M","L","Applet","Element","org","w3c","dom","Element"],"edges":[[0,1],[1,2],[1,3],[2,4],[3,5],[3,6],[3,7],[6,8],[7,9],[7,10],[7,11],[7,12],[7,13],[7,14],[7,15],[7,16],[7,17],[7,18],[8,19],[8,20],[8,21],[8,22]],"ID":20},{"def":[],"use":["$z4"],"callees":[],"nodes":["CompoundStmt","IfStmt","BinaryOp","Local"," !\u003d ","Constant","Boolean","0","Int"],"edges":[[0,1],[1,2],[2,3],[2,4],[2,5],[3,6],[5,7],[5,8]],"ID":21},{"def":["$z5"],"use":["r1"],"callees":[],"nodes":["CompoundStmt","DefinitionStmt","Local","InstanceOfExpr","Boolean","Boolean","Local","RefType","RefType","org","w3c","dom","html","H","T","M","L","Object","Element","org","w3c","dom","Element"],"edges":[[0,1],[1,2],[1,3],[2,4],[3,5],[3,6],[3,7],[6,8],[7,9],[7,10],[7,11],[7,12],[7,13],[7,14],[7,15],[7,16],[7,17],[7,18],[8,19],[8,20],[8,21],[8,22]],"ID":22},{"def":[],"use":["$z5"],"callees":[],"nodes":["CompoundStmt","IfStmt","BinaryOp","Local"," \u003d\u003d ","Constant","Boolean","0","Int"],"edges":[[0,1],[1,2],[2,3],[2,4],[2,5],[3,6],[5,7],[5,8]],"ID":23},{"def":["$r7"],"use":[],"callees":[],"nodes":["CompoundStmt","DefinitionStmt","Local","Constant","RefType","RefType","java","lang","String","java","lang","String"],"edges":[[0,1],[1,2],[1,3],[2,4],[3,5],[4,6],[4,7],[4,8],[5,9],[5,10],[5,11]],"ID":24},{"def":["$r8"],"use":["r1"],"callees":[],"nodes":["CompoundStmt","DefinitionStmt","Local","Invoke","RefType","java","lang","String"],"edges":[[0,1],[1,2],[1,3],[2,4],[4,5],[4,6],[4,7]],"ID":25},{"def":["$z6"],"use":["$r7","$r8"],"callees":[],"nodes":["CompoundStmt","DefinitionStmt","Local","Invoke","Boolean"],"edges":[[0,1],[1,2],[1,3],[2,4]],"ID":26},{"def":[],"use":["$z6"],"callees":[],"nodes":["CompoundStmt","IfStmt","BinaryOp","Local"," !\u003d ","Constant","Boolean","0","Int"],"edges":[[0,1],[1,2],[2,3],[2,4],[2,5],[3,6],[5,7],[5,8]],"ID":27},{"def":["$r9"],"use":["r1"],"callees":[],"nodes":["CompoundStmt","DefinitionStmt","Local","Invoke","RefType","java","lang","String"],"edges":[[0,1],[1,2],[1,3],[2,4],[4,5],[4,6],[4,7]],"ID":28},{"def":["$z7"],"use":["$r9"],"callees":[],"nodes":["CompoundStmt","DefinitionStmt","Local","Invoke","Boolean"],"edges":[[0,1],[1,2],[1,3],[2,4]],"ID":29},{"def":[],"use":["$z7"],"callees":[],"nodes":["CompoundStmt","IfStmt","BinaryOp","Local"," !\u003d ","Constant","Boolean","0","Int"],"edges":[[0,1],[1,2],[2,3],[2,4],[2,5],[3,6],[5,7],[5,8]],"ID":30},{"def":["$z13"],"use":[],"callees":[],"nodes":["CompoundStmt","DefinitionStmt","Local","Constant","Boolean","0","Int"],"edges":[[0,1],[1,2],[1,3],[2,4],[3,5],[3,6]],"ID":31},{"def":[],"use":[],"callees":[],"nodes":["CompoundStmt","GotoStmt"],"edges":[[0,1]],"ID":32},{"def":["$z13"],"use":[],"callees":[],"nodes":["CompoundStmt","DefinitionStmt","Local","Constant","Boolean","1","Int"],"edges":[[0,1],[1,2],[1,3],[2,4],[3,5],[3,6]],"ID":33},{"def":["z11"],"use":["$z13"],"callees":[],"nodes":["CompoundStmt","DefinitionStmt","Local","Local","Boolean","Boolean"],"edges":[[0,1],[1,2],[1,3],[2,4],[3,5]],"ID":34},{"def":[],"use":[],"callees":[],"nodes":["CompoundStmt","GotoStmt"],"edges":[[0,1]],"ID":35},{"def":["z11"],"use":["r1"],"callees":[],"nodes":["CompoundStmt","DefinitionStmt","Local","InstanceOfExpr","Boolean","Boolean","Local","RefType","RefType","org","apache","html","dom","H","T","M","L","Form","Control","org","w3c","dom","Element"],"edges":[[0,1],[1,2],[1,3],[2,4],[3,5],[3,6],[3,7],[6,8],[7,9],[7,10],[7,11],[7,12],[7,13],[7,14],[7,15],[7,16],[7,17],[7,18],[8,19],[8,20],[8,21],[8,22]],"ID":36},{"def":[],"use":[],"callees":[],"nodes":["CompoundStmt","GotoStmt"],"edges":[[0,1]],"ID":37},{"def":["$z2"],"use":["r1"],"callees":[],"nodes":["CompoundStmt","DefinitionStmt","Local","InstanceOfExpr","Boolean","Boolean","Local","RefType","RefType","org","w3c","dom","html","H","T","M","L","Anchor","Element","org","w3c","dom","Element"],"edges":[[0,1],[1,2],[1,3],[2,4],[3,5],[3,6],[3,7],[6,8],[7,9],[7,10],[7,11],[7,12],[7,13],[7,14],[7,15],[7,16],[7,17],[7,18],[8,19],[8,20],[8,21],[8,22]],"ID":38},{"def":[],"use":["$z2"],"callees":[],"nodes":["CompoundStmt","IfStmt","BinaryOp","Local"," !\u003d ","Constant","Boolean","0","Int"],"edges":[[0,1],[1,2],[2,3],[2,4],[2,5],[3,6],[5,7],[5,8]],"ID":39},{"def":["$z3"],"use":["r1"],"callees":[],"nodes":["CompoundStmt","DefinitionStmt","Local","InstanceOfExpr","Boolean","Boolean","Local","RefType","RefType","org","w3c","dom","html","H","T","M","L","Area","Element","org","w3c","dom","Element"],"edges":[[0,1],[1,2],[1,3],[2,4],[3,5],[3,6],[3,7],[6,8],[7,9],[7,10],[7,11],[7,12],[7,13],[7,14],[7,15],[7,16],[7,17],[7,18],[8,19],[8,20],[8,21],[8,22]],"ID":40},{"def":[],"use":["$z3"],"callees":[],"nodes":["CompoundStmt","IfStmt","BinaryOp","Local"," \u003d\u003d ","Constant","Boolean","0","Int"],"edges":[[0,1],[1,2],[2,3],[2,4],[2,5],[3,6],[5,7],[5,8]],"ID":41},{"def":["$r6"],"use":["r1"],"callees":[],"nodes":["CompoundStmt","DefinitionStmt","Local","Invoke","RefType","java","lang","String"],"edges":[[0,1],[1,2],[1,3],[2,4],[4,5],[4,6],[4,7]],"ID":42},{"def":["$i1"],"use":["$r6"],"callees":[],"nodes":["CompoundStmt","DefinitionStmt","Local","Invoke","Int"],"edges":[[0,1],[1,2],[1,3],[2,4]],"ID":43},{"def":[],"use":["$i1"],"callees":[],"nodes":["CompoundStmt","IfStmt","BinaryOp","Local"," \u003e ","Constant","Int","0","Int"],"edges":[[0,1],[1,2],[2,3],[2,4],[2,5],[3,6],[5,7],[5,8]],"ID":44},{"def":["$z14"],"use":[],"callees":[],"nodes":["CompoundStmt","DefinitionStmt","Local","Constant","Boolean","0","Int"],"edges":[[0,1],[1,2],[1,3],[2,4],[3,5],[3,6]],"ID":45},{"def":[],"use":[],"callees":[],"nodes":["CompoundStmt","GotoStmt"],"edges":[[0,1]],"ID":46},{"def":["$z14"],"use":[],"callees":[],"nodes":["CompoundStmt","DefinitionStmt","Local","Constant","Boolean","1","Int"],"edges":[[0,1],[1,2],[1,3],[2,4],[3,5],[3,6]],"ID":47},{"def":["z11"],"use":["$z14"],"callees":[],"nodes":["CompoundStmt","DefinitionStmt","Local","Local","Boolean","Boolean"],"edges":[[0,1],[1,2],[1,3],[2,4],[3,5]],"ID":48},{"def":[],"use":[],"callees":[],"nodes":["CompoundStmt","GotoStmt"],"edges":[[0,1]],"ID":49},{"def":["z11"],"use":["r1"],"callees":[],"nodes":["CompoundStmt","DefinitionStmt","Local","InstanceOfExpr","Boolean","Boolean","Local","RefType","RefType","org","w3c","dom","html","H","T","M","L","Area","Element","org","w3c","dom","Element"],"edges":[[0,1],[1,2],[1,3],[2,4],[3,5],[3,6],[3,7],[6,8],[7,9],[7,10],[7,11],[7,12],[7,13],[7,14],[7,15],[7,16],[7,17],[7,18],[8,19],[8,20],[8,21],[8,22]],"ID":50},{"def":[],"use":[],"callees":[],"nodes":["CompoundStmt","GotoStmt"],"edges":[[0,1]],"ID":51},{"def":["z11"],"use":["r1"],"callees":[],"nodes":["CompoundStmt","DefinitionStmt","Local","InstanceOfExpr","Boolean","Boolean","Local","RefType","RefType","org","w3c","dom","html","H","T","M","L","Option","Element","org","w3c","dom","Element"],"edges":[[0,1],[1,2],[1,3],[2,4],[3,5],[3,6],[3,7],[6,8],[7,9],[7,10],[7,11],[7,12],[7,13],[7,14],[7,15],[7,16],[7,17],[7,18],[8,19],[8,20],[8,21],[8,22]],"ID":52},{"def":[],"use":[],"callees":[],"nodes":["CompoundStmt","GotoStmt"],"edges":[[0,1]],"ID":53},{"def":["z11"],"use":["r1"],"callees":[],"nodes":["CompoundStmt","DefinitionStmt","Local","InstanceOfExpr","Boolean","Boolean","Local","RefType","RefType","org","w3c","dom","html","H","T","M","L","Table","Row","Element","org","w3c","dom","Element"],"edges":[[0,1],[1,2],[1,3],[2,4],[3,5],[3,6],[3,7],[6,8],[7,9],[7,10],[7,11],[7,12],[7,13],[7,14],[7,15],[7,16],[7,17],[7,18],[7,19],[8,20],[8,21],[8,22],[8,23]],"ID":54},{"def":[],"use":[],"callees":[],"nodes":["CompoundStmt","GotoStmt"],"edges":[[0,1]],"ID":55},{"def":["$z9"],"use":["r1"],"callees":[],"nodes":["CompoundStmt","DefinitionStmt","Local","InstanceOfExpr","Boolean","Boolean","Local","RefType","RefType","org","w3c","dom","html","H","T","M","L","Table","Section","Element","org","w3c","dom","Element"],"edges":[[0,1],[1,2],[1,3],[2,4],[3,5],[3,6],[3,7],[6,8],[7,9],[7,10],[7,11],[7,12],[7,13],[7,14],[7,15],[7,16],[7,17],[7,18],[7,19],[8,20],[8,21],[8,22],[8,23]],"ID":56},{"def":[],"use":["$z9"],"callees":[],"nodes":["CompoundStmt","IfStmt","BinaryOp","Local"," \u003d\u003d ","Constant","Boolean","0","Int"],"edges":[[0,1],[1,2],[2,3],[2,4],[2,5],[3,6],[5,7],[5,8]],"ID":57},{"def":["$r11"],"use":["r1"],"callees":[],"nodes":["CompoundStmt","DefinitionStmt","Local","Invoke","RefType","java","lang","String"],"edges":[[0,1],[1,2],[1,3],[2,4],[4,5],[4,6],[4,7]],"ID":58},{"def":["$z10"],"use":["$r11"],"callees":[],"nodes":["CompoundStmt","DefinitionStmt","Local","Invoke","Boolean"],"edges":[[0,1],[1,2],[1,3],[2,4]],"ID":59},{"def":[],"use":["$z10"],"callees":[],"nodes":["CompoundStmt","IfStmt","BinaryOp","Local"," !\u003d ","Constant","Boolean","0","Int"],"edges":[[0,1],[1,2],[2,3],[2,4],[2,5],[3,6],[5,7],[5,8]],"ID":60},{"def":["$z15"],"use":[],"callees":[],"nodes":["CompoundStmt","DefinitionStmt","Local","Constant","Boolean","0","Int"],"edges":[[0,1],[1,2],[1,3],[2,4],[3,5],[3,6]],"ID":61},{"def":[],"use":[],"callees":[],"nodes":["CompoundStmt","GotoStmt"],"edges":[[0,1]],"ID":62},{"def":["$z15"],"use":[],"callees":[],"nodes":["CompoundStmt","DefinitionStmt","Local","Constant","Boolean","1","Int"],"edges":[[0,1],[1,2],[1,3],[2,4],[3,5],[3,6]],"ID":63},{"def":["z11"],"use":["$z15"],"callees":[],"nodes":["CompoundStmt","DefinitionStmt","Local","Local","Boolean","Boolean"],"edges":[[0,1],[1,2],[1,3],[2,4],[3,5]],"ID":64},{"def":[],"use":[],"callees":[],"nodes":["CompoundStmt","GotoStmt"],"edges":[[0,1]],"ID":65},{"def":["z11"],"use":["r1"],"callees":[],"nodes":["CompoundStmt","DefinitionStmt","Local","InstanceOfExpr","Boolean","Boolean","Local","RefType","RefType","org","w3c","dom","html","H","T","M","L","Table","Cell","Element","org","w3c","dom","Element"],"edges":[[0,1],[1,2],[1,3],[2,4],[3,5],[3,6],[3,7],[6,8],[7,9],[7,10],[7,11],[7,12],[7,13],[7,14],[7,15],[7,16],[7,17],[7,18],[7,19],[8,20],[8,21],[8,22],[8,23]],"ID":66},{"def":[],"use":[],"callees":[],"nodes":["CompoundStmt","GotoStmt"],"edges":[[0,1]],"ID":67},{"def":[],"use":["z11"],"callees":[],"nodes":["CompoundStmt","IfStmt","BinaryOp","Local"," \u003d\u003d ","Constant","Boolean","0","Int"],"edges":[[0,1],[1,2],[2,3],[2,4],[2,5],[3,6],[5,7],[5,8]],"ID":68},{"def":[],"use":["r2"],"callees":[],"nodes":["CompoundStmt","IfStmt","BinaryOp","Local"," \u003d\u003d ","Constant","RefType","Null","java","lang","String"],"edges":[[0,1],[1,2],[2,3],[2,4],[2,5],[3,6],[5,7],[6,8],[6,9],[6,10]],"ID":69},{"def":["$z0"],"use":["r1"],"callees":[],"nodes":["CompoundStmt","DefinitionStmt","Local","InstanceOfExpr","Boolean","Boolean","Local","RefType","RefType","org","w3c","dom","html","H","T","M","L","Anchor","Element","org","w3c","dom","Element"],"edges":[[0,1],[1,2],[1,3],[2,4],[3,5],[3,6],[3,7],[6,8],[7,9],[7,10],[7,11],[7,12],[7,13],[7,14],[7,15],[7,16],[7,17],[7,18],[8,19],[8,20],[8,21],[8,22]],"ID":70},{"def":[],"use":["$z0"],"callees":[],"nodes":["CompoundStmt","IfStmt","BinaryOp","Local"," \u003d\u003d ","Constant","Boolean","0","Int"],"edges":[[0,1],[1,2],[2,3],[2,4],[2,5],[3,6],[5,7],[5,8]],"ID":71},{"def":["$r5"],"use":["r1"],"callees":[],"nodes":["CompoundStmt","DefinitionStmt","Local","Invoke","RefType","java","lang","String"],"edges":[[0,1],[1,2],[1,3],[2,4],[4,5],[4,6],[4,7]],"ID":72},{"def":["$z1"],"use":["r2","$r5"],"callees":[],"nodes":["CompoundStmt","DefinitionStmt","Local","Invoke","Boolean"],"edges":[[0,1],[1,2],[1,3],[2,4]],"ID":73},{"def":[],"use":["$z1"],"callees":[],"nodes":["CompoundStmt","IfStmt","BinaryOp","Local"," \u003d\u003d ","Constant","Boolean","0","Int"],"edges":[[0,1],[1,2],[2,3],[2,4],[2,5],[3,6],[5,7],[5,8]],"ID":74},{"def":[],"use":[],"callees":[],"nodes":["CompoundStmt","GotoStmt"],"edges":[[0,1]],"ID":75},{"def":[],"use":[],"callees":[],"nodes":["CompoundStmt","ReturnStmt","Constant","1","Int"],"edges":[[0,1],[1,2],[2,3],[2,4]],"ID":76},{"def":["$r4"],"use":["r1"],"callees":[],"nodes":["CompoundStmt","DefinitionStmt","Local","Invoke","RefType","java","lang","String"],"edges":[[0,1],[1,2],[1,3],[2,4],[4,5],[4,6],[4,7]],"ID":77},{"def":["z11"],"use":["r2","$r4"],"callees":[],"nodes":["CompoundStmt","DefinitionStmt","Local","Invoke","Boolean"],"edges":[[0,1],[1,2],[1,3],[2,4]],"ID":78},{"def":[],"use":["r3","z11"],"callees":[],"nodes":["CompoundStmt","ExitMonitorStmt","GotoStmt","ReturnStmt","Local","Local","RefType","Boolean","org","w3c","dom","Element"],"edges":[[0,1],[0,2],[0,3],[1,4],[3,5],[4,6],[5,7],[6,8],[6,9],[6,10],[6,11]],"ID":79},{"def":["$r12"],"use":["r3","@caughtexception","$r12"],"callees":[],"nodes":["CompoundStmt","DefinitionStmt","ExitMonitorStmt","ThrowStmt","Local","CaughtException","Local","Local","RefType","RefType","RefType","RefType","java","lang","Throwable","java","lang","Throwable","org","w3c","dom","Element","java","lang","Throwable"],"edges":[[0,1],[0,2],[0,3],[1,4],[1,5],[2,6],[3,7],[4,8],[5,9],[6,10],[7,11],[8,12],[8,13],[8,14],[9,15],[9,16],[9,17],[10,18],[10,19],[10,20],[10,21],[11,22],[11,23],[11,24]],"ID":80},{"def":[],"use":["r3"],"callees":[],"nodes":["CompoundStmt","ExitMonitorStmt","GotoStmt","Local","RefType","org","w3c","dom","Element"],"edges":[[0,1],[0,2],[1,3],[3,4],[4,5],[4,6],[4,7],[4,8]],"ID":81}],"edgeSet":[[13,80,5],[78,80,5],[17,80,5],[5,6,10],[21,80,5],[15,68,0],[25,80,5],[19,68,0],[29,80,5],[5,56,7],[33,80,5],[69,79,2],[37,80,5],[7,11,2],[35,68,0],[36,37,0],[52,53,0],[4,5,0],[20,21,0],[28,29,0],[30,33,2],[41,80,5],[44,45,1],[60,61,1],[68,69,1],[45,80,5],[49,80,5],[53,80,5],[51,68,0],[79,1,0],[57,80,5],[55,68,0],[61,80,5],[65,80,5],[4,80,5],[69,80,5],[8,80,5],[12,14,0],[43,44,0],[59,60,0],[67,68,0],[3,4,0],[11,12,0],[73,80,5],[5,16,11],[27,28,1],[12,80,5],[77,80,5],[16,80,5],[81,80,5],[5,66,6],[20,80,5],[24,80,5],[28,80,5],[32,80,5],[21,33,2],[68,79,2],[36,80,5],[5,50,8],[40,80,5],[71,77,2],[42,43,0],[44,47,2],[50,51,0],[58,59,0],[60,63,2],[66,67,0],[2,3,0],[18,19,0],[26,27,0],[34,35,0],[10,11,1],[44,80,5],[74,75,1],[48,80,5],[52,80,5],[56,80,5],[60,80,5],[64,80,5],[3,80,5],[68,80,5],[7,80,5],[72,80,5],[73,74,0],[5,18,12],[9,10,0],[25,26,0],[33,34,0],[11,80,5],[76,80,5],[41,42,1],[57,58,1],[15,80,5],[19,80,5],[5,68,9],[23,80,5],[17,68,0],[27,80,5],[31,80,5],[35,80,5],[23,31,2],[39,80,5],[40,41,0],[48,49,0],[56,57,0],[64,65,0],[72,73,0],[74,77,2],[8,9,0],[10,13,2],[16,17,0],[24,25,0],[5,52,15],[37,68,0],[43,80,5],[47,80,5],[51,80,5],[49,68,0],[55,80,5],[53,68,0],[59,80,5],[5,36,17],[63,80,5],[2,80,5],[67,80,5],[6,80,5],[65,68,0],[71,80,5],[0,2,0],[5,20,13],[32,34,0],[47,48,0],[63,64,0],[10,80,5],[31,32,0],[7,8,1],[23,24,1],[39,40,1],[71,72,1],[75,80,5],[14,80,5],[81,76,0],[18,80,5],[22,80,5],[26,80,5],[30,80,5],[34,80,5],[38,80,5],[75,81,0],[27,33,2],[38,39,0],[42,80,5],[54,55,0],[70,71,0],[78,79,0],[5,54,16],[6,7,0],[14,15,0],[22,23,0],[41,45,2],[57,61,2],[30,31,1],[46,80,5],[50,80,5],[76,1,0],[54,80,5],[5,38,14],[80,1,0],[58,80,5],[62,80,5],[66,80,5],[5,80,5],[70,80,5],[9,80,5],[39,42,2],[45,46,0],[61,62,0],[74,80,5],[77,78,0],[13,14,0],[29,30,0],[46,48,0],[62,64,0],[21,22,1],[69,70,1]],"ENTRY":{"def":[],"use":[],"callees":[],"nodes":["CompoundStmt"],"edges":[],"ID":0},"EXIT":{"def":[],"use":[],"callees":[],"nodes":["CompoundStmt"],"edges":[],"ID":1},"method_name":"collectionMatch"},{"blocks":[{"def":[],"use":[],"callees":[],"nodes":["CompoundStmt"],"edges":[],"ID":0},{"def":[],"use":[],"callees":[],"nodes":["CompoundStmt"],"edges":[],"ID":1},{"def":["$r1","$i0","r0"],"use":["r0.\u003corg.apache.html.dom.HTMLCollectionImpl: org.w3c.dom.Element _topLevel\u003e","$r1","$i0","r0","@this: org.apache.html.dom.HTMLCollectionImpl"],"callees":["getLength"],"nodes":["CompoundStmt","DefinitionStmt","DefinitionStmt","DefinitionStmt","ReturnStmt","Local","ThisRef","Local","InstanceFieldRef","Local","Invoke","Local","RefType","RefType","RefType","RefType","Local","RefType","Int","Int","org","apache","html","dom","H","T","M","L","Collection","Impl","org","apache","html","dom","H","T","M","L","Collection","Impl","org","w3c","dom","Element","org","w3c","dom","Element","RefType","org","w3c","dom","Element","org","apache","html","dom","H","T","M","L","Collection","Impl"],"edges":[[0,1],[0,2],[0,3],[0,4],[1,5],[1,6],[2,7],[2,8],[3,9],[3,10],[4,11],[5,12],[6,13],[7,14],[8,15],[8,16],[8,17],[9,18],[11,19],[12,20],[12,21],[12,22],[12,23],[12,24],[12,25],[12,26],[12,27],[12,28],[12,29],[13,30],[13,31],[13,32],[13,33],[13,34],[13,35],[13,36],[13,37],[13,38],[13,39],[14,40],[14,41],[14,42],[14,43],[15,44],[15,45],[15,46],[15,47],[16,48],[17,49],[17,50],[17,51],[17,52],[48,53],[48,54],[48,55],[48,56],[48,57],[48,58],[48,59],[48,60],[48,61],[48,62]],"ID":2}],"edgeSet":[[0,2,0],[2,1,0]],"ENTRY":{"def":[],"use":[],"callees":[],"nodes":["CompoundStmt"],"edges":[],"ID":0},"EXIT":{"def":[],"use":[],"callees":[],"nodes":["CompoundStmt"],"edges":[],"ID":1},"method_name":"getLength"},{"blocks":[{"def":[],"use":[],"callees":[],"nodes":["CompoundStmt"],"edges":[],"ID":0},{"def":[],"use":[],"callees":[],"nodes":["CompoundStmt"],"edges":[],"ID":1},{"def":["$s0","r0"],"use":["$s0","r0.\u003corg.apache.html.dom.HTMLCollectionImpl: short _lookingFor\u003e","r0","@this: org.apache.html.dom.HTMLCollectionImpl"],"callees":[],"nodes":["CompoundStmt","DefinitionStmt","DefinitionStmt","IfStmt","Local","ThisRef","Local","InstanceFieldRef","BinaryOp","RefType","RefType","Short","Short","Local","Short","Local"," \u003e ","Constant","org","apache","html","dom","H","T","M","L","Collection","Impl","org","apache","html","dom","H","T","M","L","Collection","Impl","RefType","Short","0","Int","org","apache","html","dom","H","T","M","L","Collection","Impl"],"edges":[[0,1],[0,2],[0,3],[1,4],[1,5],[2,6],[2,7],[3,8],[4,9],[5,10],[6,11],[7,12],[7,13],[7,14],[8,15],[8,16],[8,17],[9,18],[9,19],[9,20],[9,21],[9,22],[9,23],[9,24],[9,25],[9,26],[9,27],[10,28],[10,29],[10,30],[10,31],[10,32],[10,33],[10,34],[10,35],[10,36],[10,37],[13,38],[15,39],[17,40],[17,41],[38,42],[38,43],[38,44],[38,45],[38,46],[38,47],[38,48],[38,49],[38,50],[38,51]],"ID":2},{"def":["$z0"],"use":["$z0"],"callees":[],"nodes":["CompoundStmt","DefinitionStmt","GotoStmt","ReturnStmt","Local","Constant","Local","Boolean","0","Int","Boolean"],"edges":[[0,1],[0,2],[0,3],[1,4],[1,5],[3,6],[4,7],[5,8],[5,9],[6,10]],"ID":3},{"def":["$z0"],"use":[],"callees":[],"nodes":["CompoundStmt","DefinitionStmt","Local","Constant","Boolean","1","Int"],"edges":[[0,1],[1,2],[1,3],[2,4],[3,5],[3,6]],"ID":4}],"edgeSet":[[3,1,0],[0,2,0],[2,3,1],[2,4,2],[4,3,0]],"ENTRY":{"def":[],"use":[],"callees":[],"nodes":["CompoundStmt"],"edges":[],"ID":0},"EXIT":{"def":[],"use":[],"callees":[],"nodes":["CompoundStmt"],"edges":[],"ID":1},"method_name":"recurse"},{"blocks":[{"def":[],"use":[],"callees":[],"nodes":["CompoundStmt"],"edges":[],"ID":0},{"def":[],"use":[],"callees":[],"nodes":["CompoundStmt"],"edges":[],"ID":1},{"def":["r2","r0","r1"],"use":["r2","@parameter0: org.w3c.dom.Element","@this: org.apache.html.dom.HTMLCollectionImpl","r1"],"callees":[],"nodes":["CompoundStmt","DefinitionStmt","DefinitionStmt","DefinitionStmt","EnterMonitorStmt","Local","ThisRef","Local","Param","Local","Local","Local","RefType","RefType","RefType","RefType","RefType","RefType","RefType","org","apache","html","dom","H","T","M","L","Collection","Impl","org","apache","html","dom","H","T","M","L","Collection","Impl","org","w3c","dom","Element","org","w3c","dom","Element","org","w3c","dom","Element","org","w3c","dom","Element","org","w3c","dom","Element"],"edges":[[0,1],[0,2],[0,3],[0,4],[1,5],[1,6],[2,7],[2,8],[3,9],[3,10],[4,11],[5,12],[6,13],[7,14],[8,15],[9,16],[10,17],[11,18],[12,19],[12,20],[12,21],[12,22],[12,23],[12,24],[12,25],[12,26],[12,27],[12,28],[13,29],[13,30],[13,31],[13,32],[13,33],[13,34],[13,35],[13,36],[13,37],[13,38],[14,39],[14,40],[14,41],[14,42],[15,43],[15,44],[15,45],[15,46],[16,47],[16,48],[16,49],[16,50],[17,51],[17,52],[17,53],[17,54],[18,55],[18,56],[18,57],[18,58]],"ID":2},{"def":["i1"],"use":[],"callees":[],"nodes":["CompoundStmt","DefinitionStmt","Local","Constant","Int","0","Int"],"edges":[[0,1],[1,2],[1,3],[2,4],[3,5],[3,6]],"ID":3},{"def":["r6"],"use":["r1"],"callees":[],"nodes":["CompoundStmt","DefinitionStmt","Local","Invoke","RefType","org","w3c","dom","Node"],"edges":[[0,1],[1,2],[1,3],[2,4],[4,5],[4,6],[4,7],[4,8]],"ID":4},{"def":[],"use":[],"callees":[],"nodes":["CompoundStmt","GotoStmt"],"edges":[[0,1]],"ID":5},{"def":["$z0"],"use":["r6"],"callees":[],"nodes":["CompoundStmt","DefinitionStmt","Local","InstanceOfExpr","Boolean","Boolean","Local","RefType","RefType","org","w3c","dom","Element","org","w3c","dom","Node"],"edges":[[0,1],[1,2],[1,3],[2,4],[3,5],[3,6],[3,7],[6,8],[7,9],[7,10],[7,11],[7,12],[8,13],[8,14],[8,15],[8,16]],"ID":6},{"def":[],"use":["$z0"],"callees":[],"nodes":["CompoundStmt","IfStmt","BinaryOp","Local"," \u003d\u003d ","Constant","Boolean","0","Int"],"edges":[[0,1],[1,2],[2,3],[2,4],[2,5],[3,6],[5,7],[5,8]],"ID":7},{"def":["$r3"],"use":["r6"],"callees":[],"nodes":["CompoundStmt","DefinitionStmt","Local","CastExpr","RefType","RefType","RefType","Local","org","w3c","dom","Element","org","w3c","dom","Element","org","w3c","dom","Element","RefType","org","w3c","dom","Node"],"edges":[[0,1],[1,2],[1,3],[2,4],[3,5],[3,6],[3,7],[4,8],[4,9],[4,10],[4,11],[5,12],[5,13],[5,14],[5,15],[6,16],[6,17],[6,18],[6,19],[7,20],[20,21],[20,22],[20,23],[20,24]],"ID":8},{"def":["$z1"],"use":["$r3","r0"],"callees":["collectionMatch"],"nodes":["CompoundStmt","DefinitionStmt","Local","Invoke","Boolean"],"edges":[[0,1],[1,2],[1,3],[2,4]],"ID":9},{"def":[],"use":["$z1"],"callees":[],"nodes":["CompoundStmt","IfStmt","BinaryOp","Local"," \u003d\u003d ","Constant","Boolean","0","Int"],"edges":[[0,1],[1,2],[2,3],[2,4],[2,5],[3,6],[5,7],[5,8]],"ID":10},{"def":["i1"],"use":["i1"],"callees":[],"nodes":["CompoundStmt","DefinitionStmt","Local","BinaryOp","Int","Local"," + ","Constant","Int","1","Int"],"edges":[[0,1],[1,2],[1,3],[2,4],[3,5],[3,6],[3,7],[5,8],[7,9],[7,10]],"ID":11},{"def":[],"use":[],"callees":[],"nodes":["CompoundStmt","GotoStmt"],"edges":[[0,1]],"ID":12},{"def":["$z2"],"use":["r0"],"callees":["recurse"],"nodes":["CompoundStmt","DefinitionStmt","Local","Invoke","Boolean"],"edges":[[0,1],[1,2],[1,3],[2,4]],"ID":13},{"def":[],"use":["$z2"],"callees":[],"nodes":["CompoundStmt","IfStmt","BinaryOp","Local"," \u003d\u003d ","Constant","Boolean","0","Int"],"edges":[[0,1],[1,2],[2,3],[2,4],[2,5],[3,6],[5,7],[5,8]],"ID":14},{"def":["$r4"],"use":["r6"],"callees":[],"nodes":["CompoundStmt","DefinitionStmt","Local","CastExpr","RefType","RefType","RefType","Local","org","w3c","dom","Element","org","w3c","dom","Element","org","w3c","dom","Element","RefType","org","w3c","dom","Node"],"edges":[[0,1],[1,2],[1,3],[2,4],[3,5],[3,6],[3,7],[4,8],[4,9],[4,10],[4,11],[5,12],[5,13],[5,14],[5,15],[6,16],[6,17],[6,18],[6,19],[7,20],[20,21],[20,22],[20,23],[20,24]],"ID":15},{"def":["$i0"],"use":["$r4","r0"],"callees":["getLength"],"nodes":["CompoundStmt","DefinitionStmt","Local","Invoke","Int"],"edges":[[0,1],[1,2],[1,3],[2,4]],"ID":16},{"def":["i1"],"use":["i1","$i0"],"callees":[],"nodes":["CompoundStmt","DefinitionStmt","Local","BinaryOp","Int","Local"," + ","Local","Int","Int"],"edges":[[0,1],[1,2],[1,3],[2,4],[3,5],[3,6],[3,7],[5,8],[7,9]],"ID":17},{"def":["r6"],"use":["r6"],"callees":[],"nodes":["CompoundStmt","DefinitionStmt","Local","Invoke","RefType","org","w3c","dom","Node"],"edges":[[0,1],[1,2],[1,3],[2,4],[4,5],[4,6],[4,7],[4,8]],"ID":18},{"def":[],"use":["r6"],"callees":[],"nodes":["CompoundStmt","IfStmt","BinaryOp","Local"," !\u003d ","Constant","RefType","Null","org","w3c","dom","Node"],"edges":[[0,1],[1,2],[2,3],[2,4],[2,5],[3,6],[5,7],[6,8],[6,9],[6,10],[6,11]],"ID":19},{"def":[],"use":["r2","i1"],"callees":[],"nodes":["CompoundStmt","ExitMonitorStmt","GotoStmt","ReturnStmt","Local","Local","RefType","Int","org","w3c","dom","Element"],"edges":[[0,1],[0,2],[0,3],[1,4],[3,5],[4,6],[5,7],[6,8],[6,9],[6,10],[6,11]],"ID":20},{"def":["$r5"],"use":["r2","@caughtexception","$r5"],"callees":[],"nodes":["CompoundStmt","DefinitionStmt","ExitMonitorStmt","ThrowStmt","Local","CaughtException","Local","Local","RefType","RefType","RefType","RefType","java","lang","Throwable","java","lang","Throwable","org","w3c","dom","Element","java","lang","Throwable"],"edges":[[0,1],[0,2],[0,3],[1,4],[1,5],[2,6],[3,7],[4,8],[5,9],[6,10],[7,11],[8,12],[8,13],[8,14],[9,15],[9,16],[9,17],[10,18],[10,19],[10,20],[10,21],[11,22],[11,23],[11,24]],"ID":21}],"edgeSet":[[19,6,2],[2,21,5],[5,19,0],[3,21,5],[4,21,5],[5,21,5],[6,21,5],[7,21,5],[8,21,5],[9,21,5],[10,21,5],[11,21,5],[12,21,5],[13,21,5],[14,21,5],[2,3,0],[4,5,0],[6,7,0],[8,9,0],[10,13,2],[15,21,5],[16,17,0],[18,19,0],[10,11,1],[14,15,1],[16,21,5],[17,21,5],[18,21,5],[19,21,5],[20,1,0],[21,1,0],[7,18,2],[12,18,0],[0,2,0],[14,18,2],[3,4,0],[9,10,0],[11,12,0],[13,14,0],[15,16,0],[17,18,0],[7,8,1],[19,20,1]],"ENTRY":{"def":[],"use":[],"callees":[],"nodes":["CompoundStmt"],"edges":[],"ID":0},"EXIT":{"def":[],"use":[],"callees":[],"nodes":["CompoundStmt"],"edges":[],"ID":1},"method_name":"getLength"},{"blocks":[{"def":[],"use":[],"callees":[],"nodes":["CompoundStmt"],"edges":[],"ID":0},{"def":[],"use":[],"callees":[],"nodes":["CompoundStmt"],"edges":[],"ID":1},{"def":["i0","r0"],"use":["i0","@parameter0: int","@this: org.apache.html.dom.HTMLCollectionImpl"],"callees":[],"nodes":["CompoundStmt","DefinitionStmt","DefinitionStmt","IfStmt","Local","ThisRef","Local","Param","BinaryOp","RefType","RefType","Int","Int","Local"," \u003e\u003d ","Constant","org","apache","html","dom","H","T","M","L","Collection","Impl","org","apache","html","dom","H","T","M","L","Collection","Impl","Int","0","Int"],"edges":[[0,1],[0,2],[0,3],[1,4],[1,5],[2,6],[2,7],[3,8],[4,9],[5,10],[6,11],[7,12],[8,13],[8,14],[8,15],[9,16],[9,17],[9,18],[9,19],[9,20],[9,21],[9,22],[9,23],[9,24],[9,25],[10,26],[10,27],[10,28],[10,29],[10,30],[10,31],[10,32],[10,33],[10,34],[10,35],[13,36],[15,37],[15,38]],"ID":2},{"def":["$r4"],"use":["$r4"],"callees":[],"nodes":["CompoundStmt","DefinitionStmt","Invoke","ThrowStmt","Local","NewExpr","Local","RefType","RefType","RefType","java","lang","Illegal","Argument","Exception","java","lang","Illegal","Argument","Exception","java","lang","Illegal","Argument","Exception"],"edges":[[0,1],[0,2],[0,3],[1,4],[1,5],[3,6],[4,7],[5,8],[6,9],[7,10],[7,11],[7,12],[7,13],[7,14],[8,15],[8,16],[8,17],[8,18],[8,19],[9,20],[9,21],[9,22],[9,23],[9,24]],"ID":3},{"def":["$r1","$r2","$r3"],"use":["r0.\u003corg.apache.html.dom.HTMLCollectionImpl: org.w3c.dom.Element _topLevel\u003e","$r1","$r2","$r3","i0","r0"],"callees":["item","\u003cinit\u003e"],"nodes":["CompoundStmt","DefinitionStmt","DefinitionStmt","Invoke","DefinitionStmt","ReturnStmt","Local","InstanceFieldRef","Local","NewExpr","Local","Invoke","Local","RefType","RefType","Local","RefType","RefType","RefType","RefType","RefType","org","w3c","dom","Element","org","w3c","dom","Element","RefType","org","w3c","dom","Element","org","apache","html","dom","Collection","Index","org","apache","html","dom","Collection","Index","org","w3c","dom","Node","org","w3c","dom","Node","org","apache","html","dom","H","T","M","L","Collection","Impl"],"edges":[[0,1],[0,2],[0,3],[0,4],[0,5],[1,6],[1,7],[2,8],[2,9],[4,10],[4,11],[5,12],[6,13],[7,14],[7,15],[7,16],[8,17],[9,18],[10,19],[12,20],[13,21],[13,22],[13,23],[13,24],[14,25],[14,26],[14,27],[14,28],[15,29],[16,30],[16,31],[16,32],[16,33],[17,34],[17,35],[17,36],[17,37],[17,38],[17,39],[18,40],[18,41],[18,42],[18,43],[18,44],[18,45],[19,46],[19,47],[19,48],[19,49],[20,50],[20,51],[20,52],[20,53],[29,54],[29,55],[29,56],[29,57],[29,58],[29,59],[29,60],[29,61],[29,62],[29,63]],"ID":4}],"edgeSet":[[3,1,0],[4,1,0],[0,2,0],[2,3,1],[2,4,2]],"ENTRY":{"def":[],"use":[],"callees":[],"nodes":["CompoundStmt"],"edges":[],"ID":0},"EXIT":{"def":[],"use":[],"callees":[],"nodes":["CompoundStmt"],"edges":[],"ID":1},"method_name":"item"},{"blocks":[{"def":[],"use":[],"callees":[],"nodes":["CompoundStmt"],"edges":[],"ID":0},{"def":[],"use":[],"callees":[],"nodes":["CompoundStmt"],"edges":[],"ID":1},{"def":["$i0","r0"],"use":["@this: org.apache.html.dom.CollectionIndex","r0.\u003corg.apache.html.dom.CollectionIndex: int _index\u003e","$i0","r0"],"callees":[],"nodes":["CompoundStmt","DefinitionStmt","DefinitionStmt","IfStmt","Local","ThisRef","Local","InstanceFieldRef","BinaryOp","RefType","RefType","Int","Int","Local","Int","Local"," \u003c\u003d ","Constant","org","apache","html","dom","Collection","Index","org","apache","html","dom","Collection","Index","RefType","Int","0","Int","org","apache","html","dom","Collection","Index"],"edges":[[0,1],[0,2],[0,3],[1,4],[1,5],[2,6],[2,7],[3,8],[4,9],[5,10],[6,11],[7,12],[7,13],[7,14],[8,15],[8,16],[8,17],[9,18],[9,19],[9,20],[9,21],[9,22],[9,23],[10,24],[10,25],[10,26],[10,27],[10,28],[10,29],[13,30],[15,31],[17,32],[17,33],[30,34],[30,35],[30,36],[30,37],[30,38],[30,39]],"ID":2},{"def":["$z0"],"use":["$z0"],"callees":[],"nodes":["CompoundStmt","DefinitionStmt","GotoStmt","ReturnStmt","Local","Constant","Local","Boolean","0","Int","Boolean"],"edges":[[0,1],[0,2],[0,3],[1,4],[1,5],[3,6],[4,7],[5,8],[5,9],[6,10]],"ID":3},{"def":["$z0"],"use":[],"callees":[],"nodes":["CompoundStmt","DefinitionStmt","Local","Constant","Boolean","1","Int"],"edges":[[0,1],[1,2],[1,3],[2,4],[3,5],[3,6]],"ID":4}],"edgeSet":[[3,1,0],[0,2,0],[2,3,1],[2,4,2],[4,3,0]],"ENTRY":{"def":[],"use":[],"callees":[],"nodes":["CompoundStmt"],"edges":[],"ID":0},"EXIT":{"def":[],"use":[],"callees":[],"nodes":["CompoundStmt"],"edges":[],"ID":1},"method_name":"isZero"},{"blocks":[{"def":[],"use":[],"callees":[],"nodes":["CompoundStmt"],"edges":[],"ID":0},{"def":[],"use":[],"callees":[],"nodes":["CompoundStmt"],"edges":[],"ID":1},{"def":["$i0","r0.\u003corg.apache.html.dom.CollectionIndex: int _index\u003e","$i1","r0"],"use":["@this: org.apache.html.dom.CollectionIndex","r0.\u003corg.apache.html.dom.CollectionIndex: int _index\u003e","$i0","$i1","r0"],"callees":[],"nodes":["CompoundStmt","DefinitionStmt","DefinitionStmt","DefinitionStmt","DefinitionStmt","ReturnVoidStmt","Local","ThisRef","Local","InstanceFieldRef","Local","BinaryOp","InstanceFieldRef","Local","RefType","RefType","Int","Int","Local","Int","Int","Local"," - ","Constant","Int","Local","Int","Int","org","apache","html","dom","Collection","Index","org","apache","html","dom","Collection","Index","RefType","Int","1","Int","RefType","org","apache","html","dom","Collection","Index","org","apache","html","dom","Collection","Index"],"edges":[[0,1],[0,2],[0,3],[0,4],[0,5],[1,6],[1,7],[2,8],[2,9],[3,10],[3,11],[4,12],[4,13],[6,14],[7,15],[8,16],[9,17],[9,18],[9,19],[10,20],[11,21],[11,22],[11,23],[12,24],[12,25],[12,26],[13,27],[14,28],[14,29],[14,30],[14,31],[14,32],[14,33],[15,34],[15,35],[15,36],[15,37],[15,38],[15,39],[18,40],[21,41],[23,42],[23,43],[25,44],[40,45],[40,46],[40,47],[40,48],[40,49],[40,50],[44,51],[44,52],[44,53],[44,54],[44,55],[44,56]],"ID":2}],"edgeSet":[[0,2,0],[2,1,0]],"ENTRY":{"def":[],"use":[],"callees":[],"nodes":["CompoundStmt"],"edges":[],"ID":0},"EXIT":{"def":[],"use":[],"callees":[],"nodes":["CompoundStmt"],"edges":[],"ID":1},"method_name":"decrement"},{"blocks":[{"def":[],"use":[],"callees":[],"nodes":["CompoundStmt"],"edges":[],"ID":0},{"def":[],"use":[],"callees":[],"nodes":["CompoundStmt"],"edges":[],"ID":1},{"def":["r2","r4","r0","r1"],"use":["r4","@parameter0: org.w3c.dom.Element","@parameter1: org.apache.html.dom.CollectionIndex","@this: org.apache.html.dom.HTMLCollectionImpl","r1"],"callees":[],"nodes":["CompoundStmt","DefinitionStmt","DefinitionStmt","DefinitionStmt","DefinitionStmt","EnterMonitorStmt","Local","ThisRef","Local","Param","Local","Param","Local","Local","Local","RefType","RefType","RefType","RefType","RefType","RefType","RefType","RefType","RefType","org","apache","html","dom","H","T","M","L","Collection","Impl","org","apache","html","dom","H","T","M","L","Collection","Impl","org","w3c","dom","Element","org","w3c","dom","Element","org","apache","html","dom","Collection","Index","org","apache","html","dom","Collection","Index","org","w3c","dom","Element","org","w3c","dom","Element","org","w3c","dom","Element"],"edges":[[0,1],[0,2],[0,3],[0,4],[0,5],[1,6],[1,7],[2,8],[2,9],[3,10],[3,11],[4,12],[4,13],[5,14],[6,15],[7,16],[8,17],[9,18],[10,19],[11,20],[12,21],[13,22],[14,23],[15,24],[15,25],[15,26],[15,27],[15,28],[15,29],[15,30],[15,31],[15,32],[15,33],[16,34],[16,35],[16,36],[16,37],[16,38],[16,39],[16,40],[16,41],[16,42],[16,43],[17,44],[17,45],[17,46],[17,47],[18,48],[18,49],[18,50],[18,51],[19,52],[19,53],[19,54],[19,55],[19,56],[19,57],[20,58],[20,59],[20,60],[20,61],[20,62],[20,63],[21,64],[21,65],[21,66],[21,67],[22,68],[22,69],[22,70],[22,71],[23,72],[23,73],[23,74],[23,75]],"ID":2},{"def":["r8"],"use":["r1"],"callees":[],"nodes":["CompoundStmt","DefinitionStmt","Local","Invoke","RefType","org","w3c","dom","Node"],"edges":[[0,1],[1,2],[1,3],[2,4],[4,5],[4,6],[4,7],[4,8]],"ID":3},{"def":[],"use":[],"callees":[],"nodes":["CompoundStmt","GotoStmt"],"edges":[[0,1]],"ID":4},{"def":["$z0"],"use":["r8"],"callees":[],"nodes":["CompoundStmt","DefinitionStmt","Local","InstanceOfExpr","Boolean","Boolean","Local","RefType","RefType","org","w3c","dom","Element","org","w3c","dom","Node"],"edges":[[0,1],[1,2],[1,3],[2,4],[3,5],[3,6],[3,7],[6,8],[7,9],[7,10],[7,11],[7,12],[8,13],[8,14],[8,15],[8,16]],"ID":5},{"def":[],"use":["$z0"],"callees":[],"nodes":["CompoundStmt","IfStmt","BinaryOp","Local"," \u003d\u003d ","Constant","Boolean","0","Int"],"edges":[[0,1],[1,2],[2,3],[2,4],[2,5],[3,6],[5,7],[5,8]],"ID":6},{"def":["$r5"],"use":["r8"],"callees":[],"nodes":["CompoundStmt","DefinitionStmt","Local","CastExpr","RefType","RefType","RefType","Local","org","w3c","dom","Element","org","w3c","dom","Element","org","w3c","dom","Element","RefType","org","w3c","dom","Node"],"edges":[[0,1],[1,2],[1,3],[2,4],[3,5],[3,6],[3,7],[4,8],[4,9],[4,10],[4,11],[5,12],[5,13],[5,14],[5,15],[6,16],[6,17],[6,18],[6,19],[7,20],[20,21],[20,22],[20,23],[20,24]],"ID":7},{"def":["$z1"],"use":["$r5","r0"],"callees":["collectionMatch"],"nodes":["CompoundStmt","DefinitionStmt","Local","Invoke","Boolean"],"edges":[[0,1],[1,2],[1,3],[2,4]],"ID":8},{"def":[],"use":["$z1"],"callees":[],"nodes":["CompoundStmt","IfStmt","BinaryOp","Local"," \u003d\u003d ","Constant","Boolean","0","Int"],"edges":[[0,1],[1,2],[2,3],[2,4],[2,5],[3,6],[5,7],[5,8]],"ID":9},{"def":["$z3"],"use":["r2"],"callees":["isZero"],"nodes":["CompoundStmt","DefinitionStmt","Local","Invoke","Boolean"],"edges":[[0,1],[1,2],[1,3],[2,4]],"ID":10},{"def":[],"use":["$z3"],"callees":[],"nodes":["CompoundStmt","IfStmt","BinaryOp","Local"," \u003d\u003d ","Constant","Boolean","0","Int"],"edges":[[0,1],[1,2],[2,3],[2,4],[2,5],[3,6],[5,7],[5,8]],"ID":11},{"def":["r9"],"use":["r8"],"callees":[],"nodes":["CompoundStmt","DefinitionStmt","Local","Local","RefType","RefType","org","w3c","dom","Node","org","w3c","dom","Node"],"edges":[[0,1],[1,2],[1,3],[2,4],[3,5],[4,6],[4,7],[4,8],[4,9],[5,10],[5,11],[5,12],[5,13]],"ID":12},{"def":[],"use":[],"callees":[],"nodes":["CompoundStmt","GotoStmt"],"edges":[[0,1]],"ID":13},{"def":[],"use":["r9"],"callees":[],"nodes":["CompoundStmt","ReturnStmt","Local","RefType","org","w3c","dom","Node"],"edges":[[0,1],[1,2],[2,3],[3,4],[3,5],[3,6],[3,7]],"ID":14},{"def":[],"use":["r2"],"callees":["decrement"],"nodes":["CompoundStmt","Invoke"],"edges":[[0,1]],"ID":15},{"def":[],"use":[],"callees":[],"nodes":["CompoundStmt","GotoStmt"],"edges":[[0,1]],"ID":16},{"def":["$z2"],"use":["r0"],"callees":["recurse"],"nodes":["CompoundStmt","DefinitionStmt","Local","Invoke","Boolean"],"edges":[[0,1],[1,2],[1,3],[2,4]],"ID":17},{"def":[],"use":["$z2"],"callees":[],"nodes":["CompoundStmt","IfStmt","BinaryOp","Local"," \u003d\u003d ","Constant","Boolean","0","Int"],"edges":[[0,1],[1,2],[2,3],[2,4],[2,5],[3,6],[5,7],[5,8]],"ID":18},{"def":["$r6"],"use":["r8"],"callees":[],"nodes":["CompoundStmt","DefinitionStmt","Local","CastExpr","RefType","RefType","RefType","Local","org","w3c","dom","Element","org","w3c","dom","Element","org","w3c","dom","Element","RefType","org","w3c","dom","Node"],"edges":[[0,1],[1,2],[1,3],[2,4],[3,5],[3,6],[3,7],[4,8],[4,9],[4,10],[4,11],[5,12],[5,13],[5,14],[5,15],[6,16],[6,17],[6,18],[6,19],[7,20],[20,21],[20,22],[20,23],[20,24]],"ID":19},{"def":["r3"],"use":["r2","$r6","r0"],"callees":["item"],"nodes":["CompoundStmt","DefinitionStmt","Local","Invoke","RefType","org","w3c","dom","Node"],"edges":[[0,1],[1,2],[1,3],[2,4],[4,5],[4,6],[4,7],[4,8]],"ID":20},{"def":[],"use":["r3"],"callees":[],"nodes":["CompoundStmt","IfStmt","BinaryOp","Local"," \u003d\u003d ","Constant","RefType","Null","org","w3c","dom","Node"],"edges":[[0,1],[1,2],[2,3],[2,4],[2,5],[3,6],[5,7],[6,8],[6,9],[6,10],[6,11]],"ID":21},{"def":["r10"],"use":["r3"],"callees":[],"nodes":["CompoundStmt","DefinitionStmt","Local","Local","RefType","RefType","org","w3c","dom","Node","org","w3c","dom","Node"],"edges":[[0,1],[1,2],[1,3],[2,4],[3,5],[4,6],[4,7],[4,8],[4,9],[5,10],[5,11],[5,12],[5,13]],"ID":22},{"def":[],"use":[],"callees":[],"nodes":["CompoundStmt","GotoStmt"],"edges":[[0,1]],"ID":23},{"def":[],"use":["r10"],"callees":[],"nodes":["CompoundStmt","ReturnStmt","Local","RefType","org","w3c","dom","Node"],"edges":[[0,1],[1,2],[2,3],[3,4],[3,5],[3,6],[3,7]],"ID":24},{"def":["r8"],"use":["r8"],"callees":[],"nodes":["CompoundStmt","DefinitionStmt","Local","Invoke","RefType","org","w3c","dom","Node"],"edges":[[0,1],[1,2],[1,3],[2,4],[4,5],[4,6],[4,7],[4,8]],"ID":25},{"def":[],"use":["r8"],"callees":[],"nodes":["CompoundStmt","IfStmt","BinaryOp","Local"," !\u003d ","Constant","RefType","Null","org","w3c","dom","Node"],"edges":[[0,1],[1,2],[2,3],[2,4],[2,5],[3,6],[5,7],[6,8],[6,9],[6,10],[6,11]],"ID":26},{"def":[],"use":["r4"],"callees":[],"nodes":["CompoundStmt","ExitMonitorStmt","GotoStmt","ReturnStmt","Local","Constant","RefType","Null","org","w3c","dom","Element"],"edges":[[0,1],[0,2],[0,3],[1,4],[3,5],[4,6],[5,7],[6,8],[6,9],[6,10],[6,11]],"ID":27},{"def":["$r7"],"use":["r4","@caughtexception","$r7"],"callees":[],"nodes":["CompoundStmt","DefinitionStmt","ExitMonitorStmt","ThrowStmt","Local","CaughtException","Local","Local","RefType","RefType","RefType","RefType","java","lang","Throwable","java","lang","Throwable","org","w3c","dom","Element","java","lang","Throwable"],"edges":[[0,1],[0,2],[0,3],[1,4],[1,5],[2,6],[3,7],[4,8],[5,9],[6,10],[7,11],[8,12],[8,13],[8,14],[9,15],[9,16],[9,17],[10,18],[10,19],[10,20],[10,21],[11,22],[11,23],[11,24]],"ID":28},{"def":[],"use":["r4"],"callees":[],"nodes":["CompoundStmt","ExitMonitorStmt","GotoStmt","Local","RefType","org","w3c","dom","Element"],"edges":[[0,1],[0,2],[1,3],[3,4],[4,5],[4,6],[4,7],[4,8]],"ID":29},{"def":[],"use":["r4"],"callees":[],"nodes":["CompoundStmt","ExitMonitorStmt","GotoStmt","Local","RefType","org","w3c","dom","Element"],"edges":[[0,1],[0,2],[1,3],[3,4],[4,5],[4,6],[4,7],[4,8]],"ID":30}],"edgeSet":[[26,28,5],[30,24,0],[30,28,5],[6,25,2],[29,14,0],[16,25,0],[18,25,2],[11,15,2],[8,9,0],[12,13,0],[20,21,0],[4,26,0],[3,28,5],[14,1,0],[5,28,5],[7,28,5],[9,28,5],[11,28,5],[13,28,5],[24,1,0],[26,5,2],[15,28,5],[17,28,5],[28,1,0],[19,28,5],[0,2,0],[21,28,5],[3,4,0],[7,8,0],[15,16,0],[19,20,0],[11,12,1],[23,28,5],[25,28,5],[29,28,5],[13,29,0],[9,17,2],[21,25,2],[2,3,0],[10,11,0],[22,23,0],[6,7,1],[18,19,1],[26,27,1],[2,28,5],[4,28,5],[6,28,5],[8,28,5],[10,28,5],[12,28,5],[14,28,5],[16,28,5],[23,30,0],[27,1,0],[18,28,5],[20,28,5],[5,6,0],[17,18,0],[22,28,5],[25,26,0],[9,10,1],[21,22,1],[24,28,5]],"ENTRY":{"def":[],"use":[],"callees":[],"nodes":["CompoundStmt"],"edges":[],"ID":0},"EXIT":{"def":[],"use":[],"callees":[],"nodes":["CompoundStmt"],"edges":[],"ID":1},"method_name":"item"},{"blocks":[{"def":[],"use":[],"callees":[],"nodes":["CompoundStmt"],"edges":[],"ID":0},{"def":[],"use":[],"callees":[],"nodes":["CompoundStmt"],"edges":[],"ID":1},{"def":["r0","r1"],"use":["@parameter0: java.lang.String","@this: org.apache.html.dom.HTMLCollectionImpl","r1"],"callees":[],"nodes":["CompoundStmt","DefinitionStmt","DefinitionStmt","IfStmt","Local","ThisRef","Local","Param","BinaryOp","RefType","RefType","RefType","RefType","Local"," !\u003d ","Constant","org","apache","html","dom","H","T","M","L","Collection","Impl","org","apache","html","dom","H","T","M","L","Collection","Impl","java","lang","String","java","lang","String","RefType","Null","java","lang","String"],"edges":[[0,1],[0,2],[0,3],[1,4],[1,5],[2,6],[2,7],[3,8],[4,9],[5,10],[6,11],[7,12],[8,13],[8,14],[8,15],[9,16],[9,17],[9,18],[9,19],[9,20],[9,21],[9,22],[9,23],[9,24],[9,25],[10,26],[10,27],[10,28],[10,29],[10,30],[10,31],[10,32],[10,33],[10,34],[10,35],[11,36],[11,37],[11,38],[12,39],[12,40],[12,41],[13,42],[15,43],[42,44],[42,45],[42,46]],"ID":2},{"def":["$r4"],"use":["$r4"],"callees":[],"nodes":["CompoundStmt","DefinitionStmt","Invoke","ThrowStmt","Local","NewExpr","Local","RefType","RefType","RefType","java","lang","Null","Pointer","Exception","java","lang","Null","Pointer","Exception","java","lang","Null","Pointer","Exception"],"edges":[[0,1],[0,2],[0,3],[1,4],[1,5],[3,6],[4,7],[5,8],[6,9],[7,10],[7,11],[7,12],[7,13],[7,14],[8,15],[8,16],[8,17],[8,18],[8,19],[9,20],[9,21],[9,22],[9,23],[9,24]],"ID":3},{"def":["$r2","$r3"],"use":["r0.\u003corg.apache.html.dom.HTMLCollectionImpl: org.w3c.dom.Element _topLevel\u003e","$r2","$r3","r0","r1"],"callees":["namedItem"],"nodes":["CompoundStmt","DefinitionStmt","DefinitionStmt","ReturnStmt","Local","InstanceFieldRef","Local","Invoke","Local","RefType","RefType","Local","RefType","RefType","RefType","org","w3c","dom","Element","org","w3c","dom","Element","RefType","org","w3c","dom","Element","org","w3c","dom","Node","org","w3c","dom","Node","org","apache","html","dom","H","T","M","L","Collection","Impl"],"edges":[[0,1],[0,2],[0,3],[1,4],[1,5],[2,6],[2,7],[3,8],[4,9],[5,10],[5,11],[5,12],[6,13],[8,14],[9,15],[9,16],[9,17],[9,18],[10,19],[10,20],[10,21],[10,22],[11,23],[12,24],[12,25],[12,26],[12,27],[13,28],[13,29],[13,30],[13,31],[14,32],[14,33],[14,34],[14,35],[23,36],[23,37],[23,38],[23,39],[23,40],[23,41],[23,42],[23,43],[23,44],[23,45]],"ID":4}],"edgeSet":[[3,1,0],[4,1,0],[0,2,0],[2,3,1],[2,4,2]],"ENTRY":{"def":[],"use":[],"callees":[],"nodes":["CompoundStmt"],"edges":[],"ID":0},"EXIT":{"def":[],"use":[],"callees":[],"nodes":["CompoundStmt"],"edges":[],"ID":1},"method_name":"namedItem"},{"blocks":[{"def":[],"use":[],"callees":[],"nodes":["CompoundStmt"],"edges":[],"ID":0},{"def":[],"use":[],"callees":[],"nodes":["CompoundStmt"],"edges":[],"ID":1},{"def":["r2","r4","r0","r1"],"use":["r4","@parameter0: org.w3c.dom.Element","@parameter1: java.lang.String","@this: org.apache.html.dom.HTMLCollectionImpl","r1"],"callees":[],"nodes":["CompoundStmt","DefinitionStmt","DefinitionStmt","DefinitionStmt","DefinitionStmt","EnterMonitorStmt","Local","ThisRef","Local","Param","Local","Param","Local","Local","Local","RefType","RefType","RefType","RefType","RefType","RefType","RefType","RefType","RefType","org","apache","html","dom","H","T","M","L","Collection","Impl","org","apache","html","dom","H","T","M","L","Collection","Impl","org","w3c","dom","Element","org","w3c","dom","Element","java","lang","String","java","lang","String","org","w3c","dom","Element","org","w3c","dom","Element","org","w3c","dom","Element"],"edges":[[0,1],[0,2],[0,3],[0,4],[0,5],[1,6],[1,7],[2,8],[2,9],[3,10],[3,11],[4,12],[4,13],[5,14],[6,15],[7,16],[8,17],[9,18],[10,19],[11,20],[12,21],[13,22],[14,23],[15,24],[15,25],[15,26],[15,27],[15,28],[15,29],[15,30],[15,31],[15,32],[15,33],[16,34],[16,35],[16,36],[16,37],[16,38],[16,39],[16,40],[16,41],[16,42],[16,43],[17,44],[17,45],[17,46],[17,47],[18,48],[18,49],[18,50],[18,51],[19,52],[19,53],[19,54],[20,55],[20,56],[20,57],[21,58],[21,59],[21,60],[21,61],[22,62],[22,63],[22,64],[22,65],[23,66],[23,67],[23,68],[23,69]],"ID":2},{"def":["r8"],"use":["r1"],"callees":[],"nodes":["CompoundStmt","DefinitionStmt","Local","Invoke","RefType","org","w3c","dom","Node"],"edges":[[0,1],[1,2],[1,3],[2,4],[4,5],[4,6],[4,7],[4,8]],"ID":3},{"def":[],"use":[],"callees":[],"nodes":["CompoundStmt","GotoStmt"],"edges":[[0,1]],"ID":4},{"def":["$z0"],"use":["r8"],"callees":[],"nodes":["CompoundStmt","DefinitionStmt","Local","InstanceOfExpr","Boolean","Boolean","Local","RefType","RefType","org","w3c","dom","Element","org","w3c","dom","Node"],"edges":[[0,1],[1,2],[1,3],[2,4],[3,5],[3,6],[3,7],[6,8],[7,9],[7,10],[7,11],[7,12],[8,13],[8,14],[8,15],[8,16]],"ID":5},{"def":[],"use":["$z0"],"callees":[],"nodes":["CompoundStmt","IfStmt","BinaryOp","Local"," \u003d\u003d ","Constant","Boolean","0","Int"],"edges":[[0,1],[1,2],[2,3],[2,4],[2,5],[3,6],[5,7],[5,8]],"ID":6},{"def":["$r5"],"use":["r8"],"callees":[],"nodes":["CompoundStmt","DefinitionStmt","Local","CastExpr","RefType","RefType","RefType","Local","org","w3c","dom","Element","org","w3c","dom","Element","org","w3c","dom","Element","RefType","org","w3c","dom","Node"],"edges":[[0,1],[1,2],[1,3],[2,4],[3,5],[3,6],[3,7],[4,8],[4,9],[4,10],[4,11],[5,12],[5,13],[5,14],[5,15],[6,16],[6,17],[6,18],[6,19],[7,20],[20,21],[20,22],[20,23],[20,24]],"ID":7},{"def":["$z1"],"use":["r2","$r5","r0"],"callees":["collectionMatch"],"nodes":["CompoundStmt","DefinitionStmt","Local","Invoke","Boolean"],"edges":[[0,1],[1,2],[1,3],[2,4]],"ID":8},{"def":[],"use":["$z1"],"callees":[],"nodes":["CompoundStmt","IfStmt","BinaryOp","Local"," \u003d\u003d ","Constant","Boolean","0","Int"],"edges":[[0,1],[1,2],[2,3],[2,4],[2,5],[3,6],[5,7],[5,8]],"ID":9},{"def":["r9"],"use":["r8"],"callees":[],"nodes":["CompoundStmt","DefinitionStmt","Local","Local","RefType","RefType","org","w3c","dom","Node","org","w3c","dom","Node"],"edges":[[0,1],[1,2],[1,3],[2,4],[3,5],[4,6],[4,7],[4,8],[4,9],[5,10],[5,11],[5,12],[5,13]],"ID":10},{"def":[],"use":[],"callees":[],"nodes":["CompoundStmt","GotoStmt"],"edges":[[0,1]],"ID":11},{"def":[],"use":["r9"],"callees":[],"nodes":["CompoundStmt","ReturnStmt","Local","RefType","org","w3c","dom","Node"],"edges":[[0,1],[1,2],[2,3],[3,4],[3,5],[3,6],[3,7]],"ID":12},{"def":["$z2"],"use":["r0"],"callees":["recurse"],"nodes":["CompoundStmt","DefinitionStmt","Local","Invoke","Boolean"],"edges":[[0,1],[1,2],[1,3],[2,4]],"ID":13},{"def":[],"use":["$z2"],"callees":[],"nodes":["CompoundStmt","IfStmt","BinaryOp","Local"," \u003d\u003d ","Constant","Boolean","0","Int"],"edges":[[0,1],[1,2],[2,3],[2,4],[2,5],[3,6],[5,7],[5,8]],"ID":14},{"def":["$r6"],"use":["r8"],"callees":[],"nodes":["CompoundStmt","DefinitionStmt","Local","CastExpr","RefType","RefType","RefType","Local","org","w3c","dom","Element","org","w3c","dom","Element","org","w3c","dom","Element","RefType","org","w3c","dom","Node"],"edges":[[0,1],[1,2],[1,3],[2,4],[3,5],[3,6],[3,7],[4,8],[4,9],[4,10],[4,11],[5,12],[5,13],[5,14],[5,15],[6,16],[6,17],[6,18],[6,19],[7,20],[20,21],[20,22],[20,23],[20,24]],"ID":15},{"def":["r3"],"use":["r2","$r6","r0"],"callees":["namedItem"],"nodes":["CompoundStmt","DefinitionStmt","Local","Invoke","RefType","org","w3c","dom","Node"],"edges":[[0,1],[1,2],[1,3],[2,4],[4,5],[4,6],[4,7],[4,8]],"ID":16},{"def":[],"use":["r3"],"callees":[],"nodes":["CompoundStmt","IfStmt","BinaryOp","Local"," \u003d\u003d ","Constant","RefType","Null","org","w3c","dom","Node"],"edges":[[0,1],[1,2],[2,3],[2,4],[2,5],[3,6],[5,7],[6,8],[6,9],[6,10],[6,11]],"ID":17},{"def":["r10"],"use":["r3"],"callees":[],"nodes":["CompoundStmt","DefinitionStmt","Local","Local","RefType","RefType","org","w3c","dom","Node","org","w3c","dom","Node"],"edges":[[0,1],[1,2],[1,3],[2,4],[3,5],[4,6],[4,7],[4,8],[4,9],[5,10],[5,11],[5,12],[5,13]],"ID":18},{"def":[],"use":[],"callees":[],"nodes":["CompoundStmt","GotoStmt"],"edges":[[0,1]],"ID":19},{"def":[],"use":["r10"],"callees":[],"nodes":["CompoundStmt","ReturnStmt","Local","RefType","org","w3c","dom","Node"],"edges":[[0,1],[1,2],[2,3],[3,4],[3,5],[3,6],[3,7]],"ID":20},{"def":["r8"],"use":["r8"],"callees":[],"nodes":["CompoundStmt","DefinitionStmt","Local","Invoke","RefType","org","w3c","dom","Node"],"edges":[[0,1],[1,2],[1,3],[2,4],[4,5],[4,6],[4,7],[4,8]],"ID":21},{"def":[],"use":["r8"],"callees":[],"nodes":["CompoundStmt","IfStmt","BinaryOp","Local"," !\u003d ","Constant","RefType","Null","org","w3c","dom","Node"],"edges":[[0,1],[1,2],[2,3],[2,4],[2,5],[3,6],[5,7],[6,8],[6,9],[6,10],[6,11]],"ID":22},{"def":["r11"],"use":["r8"],"callees":[],"nodes":["CompoundStmt","DefinitionStmt","Local","Local","RefType","RefType","org","w3c","dom","Node","org","w3c","dom","Node"],"edges":[[0,1],[1,2],[1,3],[2,4],[3,5],[4,6],[4,7],[4,8],[4,9],[5,10],[5,11],[5,12],[5,13]],"ID":23},{"def":[],"use":[],"callees":[],"nodes":["CompoundStmt","GotoStmt"],"edges":[[0,1]],"ID":24},{"def":[],"use":["r11"],"callees":[],"nodes":["CompoundStmt","ReturnStmt","Local","RefType","org","w3c","dom","Node"],"edges":[[0,1],[1,2],[2,3],[3,4],[3,5],[3,6],[3,7]],"ID":25},{"def":["$r7"],"use":["r4","@caughtexception","$r7"],"callees":[],"nodes":["CompoundStmt","DefinitionStmt","ExitMonitorStmt","ThrowStmt","Local","CaughtException","Local","Local","RefType","RefType","RefType","RefType","java","lang","Throwable","java","lang","Throwable","org","w3c","dom","Element","java","lang","Throwable"],"edges":[[0,1],[0,2],[0,3],[1,4],[1,5],[2,6],[3,7],[4,8],[5,9],[6,10],[7,11],[8,12],[8,13],[8,14],[9,15],[9,16],[9,17],[10,18],[10,19],[10,20],[10,21],[11,22],[11,23],[11,24]],"ID":26},{"def":[],"use":["r4"],"callees":[],"nodes":["CompoundStmt","ExitMonitorStmt","GotoStmt","Local","RefType","org","w3c","dom","Element"],"edges":[[0,1],[0,2],[1,3],[3,4],[4,5],[4,6],[4,7],[4,8]],"ID":27},{"def":[],"use":["r4"],"callees":[],"nodes":["CompoundStmt","ExitMonitorStmt","GotoStmt","Local","RefType","org","w3c","dom","Element"],"edges":[[0,1],[0,2],[1,3],[3,4],[4,5],[4,6],[4,7],[4,8]],"ID":28},{"def":[],"use":["r4"],"callees":[],"nodes":["CompoundStmt","ExitMonitorStmt","GotoStmt","Local","RefType","org","w3c","dom","Element"],"edges":[[0,1],[0,2],[1,3],[3,4],[4,5],[4,6],[4,7],[4,8]],"ID":29}],"edgeSet":[[23,26,5],[25,26,5],[27,26,5],[28,20,0],[29,26,5],[11,27,0],[6,21,2],[14,21,2],[24,29,0],[8,9,0],[16,17,0],[12,1,0],[2,26,5],[4,22,0],[4,26,5],[6,26,5],[20,1,0],[8,26,5],[22,5,2],[10,26,5],[12,26,5],[19,28,0],[26,1,0],[14,26,5],[16,26,5],[18,26,5],[0,2,0],[3,4,0],[7,8,0],[15,16,0],[20,26,5],[23,24,0],[22,26,5],[24,26,5],[28,26,5],[27,12,0],[9,13,2],[17,21,2],[2,3,0],[10,11,0],[18,19,0],[6,7,1],[14,15,1],[22,23,1],[29,25,0],[3,26,5],[5,26,5],[7,26,5],[9,26,5],[11,26,5],[25,1,0],[13,26,5],[15,26,5],[17,26,5],[19,26,5],[5,6,0],[13,14,0],[21,22,0],[9,10,1],[17,18,1],[21,26,5]],"ENTRY":{"def":[],"use":[],"callees":[],"nodes":["CompoundStmt"],"edges":[],"ID":0},"EXIT":{"def":[],"use":[],"callees":[],"nodes":["CompoundStmt"],"edges":[],"ID":1},"method_name":"namedItem"},{"blocks":[{"def":[],"use":[],"callees":[],"nodes":["CompoundStmt"],"edges":[],"ID":0},{"def":[],"use":[],"callees":[],"nodes":["CompoundStmt"],"edges":[],"ID":1},{"def":["$s0","r0"],"use":["$s0","r0.\u003corg.apache.html.dom.HTMLCollectionImpl: short _lookingFor\u003e","r0","@this: org.apache.html.dom.HTMLCollectionImpl"],"callees":[],"nodes":["CompoundStmt","DefinitionStmt","DefinitionStmt","IfStmt","Local","ThisRef","Local","InstanceFieldRef","BinaryOp","RefType","RefType","Short","Short","Local","Short","Local"," \u003e ","Constant","org","apache","html","dom","H","T","M","L","Collection","Impl","org","apache","html","dom","H","T","M","L","Collection","Impl","RefType","Short","0","Int","org","apache","html","dom","H","T","M","L","Collection","Impl"],"edges":[[0,1],[0,2],[0,3],[1,4],[1,5],[2,6],[2,7],[3,8],[4,9],[5,10],[6,11],[7,12],[7,13],[7,14],[8,15],[8,16],[8,17],[9,18],[9,19],[9,20],[9,21],[9,22],[9,23],[9,24],[9,25],[9,26],[9,27],[10,28],[10,29],[10,30],[10,31],[10,32],[10,33],[10,34],[10,35],[10,36],[10,37],[13,38],[15,39],[17,40],[17,41],[38,42],[38,43],[38,44],[38,45],[38,46],[38,47],[38,48],[38,49],[38,50],[38,51]],"ID":2},{"def":["$z0"],"use":["$z0"],"callees":[],"nodes":["CompoundStmt","DefinitionStmt","GotoStmt","ReturnStmt","Local","Constant","Local","Boolean","0","Int","Boolean"],"edges":[[0,1],[0,2],[0,3],[1,4],[1,5],[3,6],[4,7],[5,8],[5,9],[6,10]],"ID":3},{"def":["$z0"],"use":[],"callees":[],"nodes":["CompoundStmt","DefinitionStmt","Local","Constant","Boolean","1","Int"],"edges":[[0,1],[1,2],[1,3],[2,4],[3,5],[3,6]],"ID":4}],"edgeSet":[[3,1,0],[0,2,0],[2,3,1],[2,4,2],[4,3,0]],"ENTRY":{"def":[],"use":[],"callees":[],"nodes":["CompoundStmt"],"edges":[],"ID":0},"EXIT":{"def":[],"use":[],"callees":[],"nodes":["CompoundStmt"],"edges":[],"ID":1},"method_name":"recurse"}],"label":"0"}