{"data":[{"blocks":[{"def":[],"use":[],"callees":[],"nodes":["CompoundStmt"],"edges":[],"ID":0},{"def":[],"use":[],"callees":[],"nodes":["CompoundStmt"],"edges":[],"ID":1},{"def":["$r0","\u003corg.apache.xerces.dom.LCount: java.util.Hashtable lCounts\u003e"],"use":["$r0"],"callees":[],"nodes":["CompoundStmt","DefinitionStmt","Invoke","DefinitionStmt","ReturnVoidStmt","Local","NewExpr","StaticFieldRef","Local","RefType","RefType","RefType","RefType","RefType","java","util","Hashtable","java","util","Hashtable","java","util","Hashtable","java","util","Hashtable","java","util","Hashtable"],"edges":[[0,1],[0,2],[0,3],[0,4],[1,5],[1,6],[3,7],[3,8],[5,9],[6,10],[7,11],[7,12],[8,13],[9,14],[9,15],[9,16],[10,17],[10,18],[10,19],[11,20],[11,21],[11,22],[12,23],[12,24],[12,25],[13,26],[13,27],[13,28]],"ID":2}],"edgeSet":[[0,2,0],[2,1,0]],"ENTRY":{"def":[],"use":[],"callees":[],"nodes":["CompoundStmt"],"edges":[],"ID":0},"EXIT":{"def":[],"use":[],"callees":[],"nodes":["CompoundStmt"],"edges":[],"ID":1},"method_name":"\u003cclinit\u003e"},{"blocks":[{"def":[],"use":[],"callees":[],"nodes":["CompoundStmt"],"edges":[],"ID":0},{"def":[],"use":[],"callees":[],"nodes":["CompoundStmt"],"edges":[],"ID":1},{"def":["r0.\u003corg.apache.xerces.dom.LCount: int bubbles\u003e","r0.\u003corg.apache.xerces.dom.LCount: int captures\u003e","r0.\u003corg.apache.xerces.dom.LCount: int defaults\u003e","r0"],"use":["@this: org.apache.xerces.dom.LCount","r0"],"callees":[],"nodes":["CompoundStmt","DefinitionStmt","Invoke","DefinitionStmt","DefinitionStmt","DefinitionStmt","ReturnVoidStmt","Local","ThisRef","InstanceFieldRef","Constant","InstanceFieldRef","Constant","InstanceFieldRef","Constant","RefType","RefType","Int","Local","Int","0","Int","Int","Local","Int","0","Int","Int","Local","Int","0","Int","org","apache","xerces","dom","L","Count","org","apache","xerces","dom","L","Count","RefType","RefType","RefType","org","apache","xerces","dom","L","Count","org","apache","xerces","dom","L","Count","org","apache","xerces","dom","L","Count"],"edges":[[0,1],[0,2],[0,3],[0,4],[0,5],[0,6],[1,7],[1,8],[3,9],[3,10],[4,11],[4,12],[5,13],[5,14],[7,15],[8,16],[9,17],[9,18],[9,19],[10,20],[10,21],[11,22],[11,23],[11,24],[12,25],[12,26],[13,27],[13,28],[13,29],[14,30],[14,31],[15,32],[15,33],[15,34],[15,35],[15,36],[15,37],[16,38],[16,39],[16,40],[16,41],[16,42],[16,43],[18,44],[23,45],[28,46],[44,47],[44,48],[44,49],[44,50],[44,51],[44,52],[45,53],[45,54],[45,55],[45,56],[45,57],[45,58],[46,59],[46,60],[46,61],[46,62],[46,63],[46,64]],"ID":2}],"edgeSet":[[0,2,0],[2,1,0]],"ENTRY":{"def":[],"use":[],"callees":[],"nodes":["CompoundStmt"],"edges":[],"ID":0},"EXIT":{"def":[],"use":[],"callees":[],"nodes":["CompoundStmt"],"edges":[],"ID":1},"method_name":"\u003cinit\u003e"},{"blocks":[{"def":[],"use":[],"callees":[],"nodes":["CompoundStmt"],"edges":[],"ID":0},{"def":[],"use":[],"callees":[],"nodes":["CompoundStmt"],"edges":[],"ID":1},{"def":["$r1","$r2","r6","r0"],"use":["$r1","$r2","r6","\u003corg.apache.xerces.dom.LCount: java.util.Hashtable lCounts\u003e","@parameter0: java.lang.String","r0"],"callees":[],"nodes":["CompoundStmt","DefinitionStmt","DefinitionStmt","DefinitionStmt","DefinitionStmt","IfStmt","Local","Param","Local","StaticFieldRef","Local","Invoke","Local","CastExpr","BinaryOp","RefType","RefType","RefType","RefType","RefType","RefType","RefType","RefType","RefType","Local","Local"," !\u003d ","Constant","java","lang","String","java","lang","String","java","util","Hashtable","java","util","Hashtable","java","util","Hashtable","java","lang","Object","org","apache","xerces","dom","L","Count","org","apache","xerces","dom","L","Count","org","apache","xerces","dom","L","Count","RefType","RefType","Null","java","lang","Object","org","apache","xerces","dom","L","Count"],"edges":[[0,1],[0,2],[0,3],[0,4],[0,5],[1,6],[1,7],[2,8],[2,9],[3,10],[3,11],[4,12],[4,13],[5,14],[6,15],[7,16],[8,17],[9,18],[9,19],[10,20],[12,21],[13,22],[13,23],[13,24],[14,25],[14,26],[14,27],[15,28],[15,29],[15,30],[16,31],[16,32],[16,33],[17,34],[17,35],[17,36],[18,37],[18,38],[18,39],[19,40],[19,41],[19,42],[20,43],[20,44],[20,45],[21,46],[21,47],[21,48],[21,49],[21,50],[21,51],[22,52],[22,53],[22,54],[22,55],[22,56],[22,57],[23,58],[23,59],[23,60],[23,61],[23,62],[23,63],[24,64],[25,65],[27,66],[64,67],[64,68],[64,69],[65,70],[65,71],[65,72],[65,73],[65,74],[65,75]],"ID":2},{"def":["r6","$r3","$r4"],"use":["r6","\u003corg.apache.xerces.dom.LCount: java.util.Hashtable lCounts\u003e","$r3","$r4","r0"],"callees":["\u003cinit\u003e"],"nodes":["CompoundStmt","DefinitionStmt","DefinitionStmt","Invoke","DefinitionStmt","Invoke","ReturnStmt","Local","StaticFieldRef","Local","NewExpr","Local","Local","Local","RefType","RefType","RefType","RefType","RefType","RefType","RefType","RefType","java","util","Hashtable","java","util","Hashtable","java","util","Hashtable","org","apache","xerces","dom","L","Count","org","apache","xerces","dom","L","Count","org","apache","xerces","dom","L","Count","org","apache","xerces","dom","L","Count","org","apache","xerces","dom","L","Count"],"edges":[[0,1],[0,2],[0,3],[0,4],[0,5],[0,6],[1,7],[1,8],[2,9],[2,10],[4,11],[4,12],[6,13],[7,14],[8,15],[8,16],[9,17],[10,18],[11,19],[12,20],[13,21],[14,22],[14,23],[14,24],[15,25],[15,26],[15,27],[16,28],[16,29],[16,30],[17,31],[17,32],[17,33],[17,34],[17,35],[17,36],[18,37],[18,38],[18,39],[18,40],[18,41],[18,42],[19,43],[19,44],[19,45],[19,46],[19,47],[19,48],[20,49],[20,50],[20,51],[20,52],[20,53],[20,54],[21,55],[21,56],[21,57],[21,58],[21,59],[21,60]],"ID":3}],"edgeSet":[[3,1,0],[0,2,0],[2,3,1],[2,3,2]],"ENTRY":{"def":[],"use":[],"callees":[],"nodes":["CompoundStmt"],"edges":[],"ID":0},"EXIT":{"def":[],"use":[],"callees":[],"nodes":["CompoundStmt"],"edges":[],"ID":1},"method_name":"lookup"}],"label":"0"}