{"data":[{"blocks":[{"def":[],"use":[],"callees":[],"nodes":["CompoundStmt"],"edges":[],"ID":0},{"def":[],"use":[],"callees":[],"nodes":["CompoundStmt"],"edges":[],"ID":1},{"def":["r0"],"use":["@this: org.apache.xerces.validators.datatype.IDREFDatatypeValidator","r0"],"callees":["\u003cinit\u003e"],"nodes":["CompoundStmt","DefinitionStmt","Invoke","ReturnVoidStmt","Local","ThisRef","RefType","RefType","org","apache","xerces","validators","datatype","I","D","R","E","F","Datatype","Validator","org","apache","xerces","validators","datatype","I","D","R","E","F","Datatype","Validator"],"edges":[[0,1],[0,2],[0,3],[1,4],[1,5],[4,6],[5,7],[6,8],[6,9],[6,10],[6,11],[6,12],[6,13],[6,14],[6,15],[6,16],[6,17],[6,18],[6,19],[7,20],[7,21],[7,22],[7,23],[7,24],[7,25],[7,26],[7,27],[7,28],[7,29],[7,30],[7,31]],"ID":2}],"edgeSet":[[0,2,0],[2,1,0]],"ENTRY":{"def":[],"use":[],"callees":[],"nodes":["CompoundStmt"],"edges":[],"ID":0},"EXIT":{"def":[],"use":[],"callees":[],"nodes":["CompoundStmt"],"edges":[],"ID":1},"method_name":"\u003cinit\u003e"},{"blocks":[{"def":[],"use":[],"callees":[],"nodes":["CompoundStmt"],"edges":[],"ID":0},{"def":[],"use":[],"callees":[],"nodes":["CompoundStmt"],"edges":[],"ID":1},{"def":["r0.\u003corg.apache.xerces.validators.datatype.IDREFDatatypeValidator: org.apache.xerces.validators.datatype.DatatypeValidator fBaseValidator\u003e","r0","r1"],"use":["@this: org.apache.xerces.validators.datatype.IDREFDatatypeValidator","@parameter0: org.apache.xerces.validators.datatype.DatatypeValidator","r0","r1"],"callees":[],"nodes":["CompoundStmt","DefinitionStmt","DefinitionStmt","DefinitionStmt","ReturnVoidStmt","Local","ThisRef","Local","Param","InstanceFieldRef","Local","RefType","RefType","RefType","RefType","RefType","Local","RefType","RefType","org","apache","xerces","validators","datatype","I","D","R","E","F","Datatype","Validator","org","apache","xerces","validators","datatype","I","D","R","E","F","Datatype","Validator","org","apache","xerces","validators","datatype","Datatype","Validator","org","apache","xerces","validators","datatype","Datatype","Validator","org","apache","xerces","validators","datatype","Datatype","Validator","RefType","org","apache","xerces","validators","datatype","Datatype","Validator","org","apache","xerces","validators","datatype","Datatype","Validator","org","apache","xerces","validators","datatype","I","D","R","E","F","Datatype","Validator"],"edges":[[0,1],[0,2],[0,3],[0,4],[1,5],[1,6],[2,7],[2,8],[3,9],[3,10],[5,11],[6,12],[7,13],[8,14],[9,15],[9,16],[9,17],[10,18],[11,19],[11,20],[11,21],[11,22],[11,23],[11,24],[11,25],[11,26],[11,27],[11,28],[11,29],[11,30],[12,31],[12,32],[12,33],[12,34],[12,35],[12,36],[12,37],[12,38],[12,39],[12,40],[12,41],[12,42],[13,43],[13,44],[13,45],[13,46],[13,47],[13,48],[13,49],[14,50],[14,51],[14,52],[14,53],[14,54],[14,55],[14,56],[15,57],[15,58],[15,59],[15,60],[15,61],[15,62],[15,63],[16,64],[17,65],[17,66],[17,67],[17,68],[17,69],[17,70],[17,71],[18,72],[18,73],[18,74],[18,75],[18,76],[18,77],[18,78],[64,79],[64,80],[64,81],[64,82],[64,83],[64,84],[64,85],[64,86],[64,87],[64,88],[64,89],[64,90]],"ID":2}],"edgeSet":[[0,2,0],[2,1,0]],"ENTRY":{"def":[],"use":[],"callees":[],"nodes":["CompoundStmt"],"edges":[],"ID":0},"EXIT":{"def":[],"use":[],"callees":[],"nodes":["CompoundStmt"],"edges":[],"ID":1},"method_name":"setBasetype"},{"blocks":[{"def":[],"use":[],"callees":[],"nodes":["CompoundStmt"],"edges":[],"ID":0},{"def":[],"use":[],"callees":[],"nodes":["CompoundStmt"],"edges":[],"ID":1},{"def":["r2","r0.\u003corg.apache.xerces.validators.datatype.IDREFDatatypeValidator: org.apache.xerces.validators.datatype.DatatypeValidator fBaseValidator\u003e","r0.\u003corg.apache.xerces.validators.datatype.IDREFDatatypeValidator: java.util.Locale fLocale\u003e","r0.\u003corg.apache.xerces.validators.datatype.IDREFDatatypeValidator: java.util.Hashtable fTableIDRefs\u003e","$r3","z0","r0.\u003corg.apache.xerces.validators.datatype.IDREFDatatypeValidator: org.apache.xerces.validators.datatype.DatatypeMessageProvider fMessageProvider\u003e","r0.\u003corg.apache.xerces.validators.datatype.IDREFDatatypeValidator: boolean fDerivedByList\u003e","r0.\u003corg.apache.xerces.validators.datatype.IDREFDatatypeValidator: java.lang.Object fNullValue\u003e","r0","r0.\u003corg.apache.xerces.validators.datatype.IDREFDatatypeValidator: java.util.Hashtable fTableOfId\u003e","r1"],"use":["@this: org.apache.xerces.validators.datatype.IDREFDatatypeValidator","$r3","z0","@parameter1: java.util.Hashtable","@parameter2: boolean","@parameter0: org.apache.xerces.validators.datatype.DatatypeValidator","r0","r1"],"callees":["setBasetype","\u003cinit\u003e"],"nodes":["CompoundStmt","DefinitionStmt","DefinitionStmt","DefinitionStmt","DefinitionStmt","Invoke","DefinitionStmt","DefinitionStmt","DefinitionStmt","DefinitionStmt","DefinitionStmt","DefinitionStmt","DefinitionStmt","Invoke","DefinitionStmt","DefinitionStmt","Invoke","ReturnVoidStmt","Local","ThisRef","Local","Param","Local","Param","Local","Param","InstanceFieldRef","Constant","InstanceFieldRef","Constant","InstanceFieldRef","Constant","InstanceFieldRef","Constant","InstanceFieldRef","Constant","InstanceFieldRef","Constant","Local","NewExpr","InstanceFieldRef","Local","InstanceFieldRef","Local","RefType","RefType","RefType","RefType","RefType","RefType","Boolean","Boolean","RefType","Local","RefType","Null","Boolean","Local","Boolean","0","Int","RefType","Local","RefType","Null","RefType","Local","RefType","Null","RefType","Local","RefType","Null","RefType","Local","RefType","Null","RefType","RefType","RefType","Local","RefType","RefType","Boolean","Local","Boolean","Boolean","org","apache","xerces","validators","datatype","I","D","R","E","F","Datatype","Validator","org","apache","xerces","validators","datatype","I","D","R","E","F","Datatype","Validator","org","apache","xerces","validators","datatype","Datatype","Validator","org","apache","xerces","validators","datatype","Datatype","Validator","java","util","Hashtable","java","util","Hashtable","org","apache","xerces","validators","datatype","Datatype","Validator","RefType","org","apache","xerces","validators","datatype","Datatype","Validator","RefType","java","util","Hashtable","RefType","java","util","Hashtable","java","util","Hashtable","RefType","java","util","Hashtable","java","lang","Object","RefType","java","lang","Object","java","util","Locale","RefType","java","util","Locale","org","apache","xerces","validators","datatype","Datatype","Message","Provider","org","apache","xerces","validators","datatype","Datatype","Message","Provider","org","apache","xerces","validators","datatype","Datatype","Message","Provider","RefType","org","apache","xerces","validators","datatype","Datatype","Message","Provider","org","apache","xerces","validators","datatype","Datatype","Message","Provider","RefType","org","apache","xerces","validators","datatype","I","D","R","E","F","Datatype","Validator","org","apache","xerces","validators","datatype","I","D","R","E","F","Datatype","Validator","org","apache","xerces","validators","datatype","I","D","R","E","F","Datatype","Validator","org","apache","xerces","validators","datatype","I","D","R","E","F","Datatype","Validator","org","apache","xerces","validators","datatype","I","D","R","E","F","Datatype","Validator","org","apache","xerces","validators","datatype","I","D","R","E","F","Datatype","Validator","org","apache","xerces","validators","datatype","I","D","R","E","F","Datatype","Validator","org","apache","xerces","validators","datatype","I","D","R","E","F","Datatype","Validator"],"edges":[[0,1],[0,2],[0,3],[0,4],[0,5],[0,6],[0,7],[0,8],[0,9],[0,10],[0,11],[0,12],[0,13],[0,14],[0,15],[0,16],[0,17],[1,18],[1,19],[2,20],[2,21],[3,22],[3,23],[4,24],[4,25],[6,26],[6,27],[7,28],[7,29],[8,30],[8,31],[9,32],[9,33],[10,34],[10,35],[11,36],[11,37],[12,38],[12,39],[14,40],[14,41],[15,42],[15,43],[18,44],[19,45],[20,46],[21,47],[22,48],[23,49],[24,50],[25,51],[26,52],[26,53],[26,54],[27,55],[28,56],[28,57],[28,58],[29,59],[29,60],[30,61],[30,62],[30,63],[31,64],[32,65],[32,66],[32,67],[33,68],[34,69],[34,70],[34,71],[35,72],[36,73],[36,74],[36,75],[37,76],[38,77],[39,78],[40,79],[40,80],[40,81],[41,82],[42,83],[42,84],[42,85],[43,86],[44,87],[44,88],[44,89],[44,90],[44,91],[44,92],[44,93],[44,94],[44,95],[44,96],[44,97],[44,98],[45,99],[45,100],[45,101],[45,102],[45,103],[45,104],[45,105],[45,106],[45,107],[45,108],[45,109],[45,110],[46,111],[46,112],[46,113],[46,114],[46,115],[46,116],[46,117],[47,118],[47,119],[47,120],[47,121],[47,122],[47,123],[47,124],[48,125],[48,126],[48,127],[49,128],[49,129],[49,130],[52,131],[52,132],[52,133],[52,134],[52,135],[52,136],[52,137],[53,138],[54,139],[54,140],[54,141],[54,142],[54,143],[54,144],[54,145],[57,146],[61,147],[61,148],[61,149],[62,150],[63,151],[63,152],[63,153],[65,154],[65,155],[65,156],[66,157],[67,158],[67,159],[67,160],[69,161],[69,162],[69,163],[70,164],[71,165],[71,166],[71,167],[73,168],[73,169],[73,170],[74,171],[75,172],[75,173],[75,174],[77,175],[77,176],[77,177],[77,178],[77,179],[77,180],[77,181],[77,182],[78,183],[78,184],[78,185],[78,186],[78,187],[78,188],[78,189],[78,190],[79,191],[79,192],[79,193],[79,194],[79,195],[79,196],[79,197],[79,198],[80,199],[81,200],[81,201],[81,202],[81,203],[81,204],[81,205],[81,206],[81,207],[82,208],[82,209],[82,210],[82,211],[82,212],[82,213],[82,214],[82,215],[84,216],[138,217],[138,218],[138,219],[138,220],[138,221],[138,222],[138,223],[138,224],[138,225],[138,226],[138,227],[138,228],[146,229],[146,230],[146,231],[146,232],[146,233],[146,234],[146,235],[146,236],[146,237],[146,238],[146,239],[146,240],[150,241],[150,242],[150,243],[150,244],[150,245],[150,246],[150,247],[150,248],[150,249],[150,250],[150,251],[150,252],[157,253],[157,254],[157,255],[157,256],[157,257],[157,258],[157,259],[157,260],[157,261],[157,262],[157,263],[157,264],[164,265],[164,266],[164,267],[164,268],[164,269],[164,270],[164,271],[164,272],[164,273],[164,274],[164,275],[164,276],[171,277],[171,278],[171,279],[171,280],[171,281],[171,282],[171,283],[171,284],[171,285],[171,286],[171,287],[171,288],[199,289],[199,290],[199,291],[199,292],[199,293],[199,294],[199,295],[199,296],[199,297],[199,298],[199,299],[199,300],[216,301],[216,302],[216,303],[216,304],[216,305],[216,306],[216,307],[216,308],[216,309],[216,310],[216,311],[216,312]],"ID":2}],"edgeSet":[[0,2,0],[2,1,0]],"ENTRY":{"def":[],"use":[],"callees":[],"nodes":["CompoundStmt"],"edges":[],"ID":0},"EXIT":{"def":[],"use":[],"callees":[],"nodes":["CompoundStmt"],"edges":[],"ID":1},"method_name":"\u003cinit\u003e"},{"blocks":[{"def":[],"use":[],"callees":[],"nodes":["CompoundStmt"],"edges":[],"ID":0},{"def":[],"use":[],"callees":[],"nodes":["CompoundStmt"],"edges":[],"ID":1},{"def":["r2","$r4","r0","r1"],"use":["@this: org.apache.xerces.validators.datatype.IDREFDatatypeValidator","@parameter1: java.lang.Object","$r4","@parameter0: java.lang.String","r0.\u003corg.apache.xerces.validators.datatype.IDREFDatatypeValidator: java.util.Hashtable fTableOfId\u003e","r0"],"callees":[],"nodes":["CompoundStmt","DefinitionStmt","DefinitionStmt","DefinitionStmt","DefinitionStmt","IfStmt","Local","ThisRef","Local","Param","Local","Param","Local","InstanceFieldRef","BinaryOp","RefType","RefType","RefType","RefType","RefType","RefType","RefType","RefType","Local","RefType","Local"," \u003d\u003d ","Constant","org","apache","xerces","validators","datatype","I","D","R","E","F","Datatype","Validator","org","apache","xerces","validators","datatype","I","D","R","E","F","Datatype","Validator","java","lang","String","java","lang","String","java","lang","Object","java","lang","Object","java","util","Hashtable","java","util","Hashtable","RefType","java","util","Hashtable","RefType","Null","org","apache","xerces","validators","datatype","I","D","R","E","F","Datatype","Validator","java","util","Hashtable"],"edges":[[0,1],[0,2],[0,3],[0,4],[0,5],[1,6],[1,7],[2,8],[2,9],[3,10],[3,11],[4,12],[4,13],[5,14],[6,15],[7,16],[8,17],[9,18],[10,19],[11,20],[12,21],[13,22],[13,23],[13,24],[14,25],[14,26],[14,27],[15,28],[15,29],[15,30],[15,31],[15,32],[15,33],[15,34],[15,35],[15,36],[15,37],[15,38],[15,39],[16,40],[16,41],[16,42],[16,43],[16,44],[16,45],[16,46],[16,47],[16,48],[16,49],[16,50],[16,51],[17,52],[17,53],[17,54],[18,55],[18,56],[18,57],[19,58],[19,59],[19,60],[20,61],[20,62],[20,63],[21,64],[21,65],[21,66],[22,67],[22,68],[22,69],[23,70],[24,71],[24,72],[24,73],[25,74],[27,75],[70,76],[70,77],[70,78],[70,79],[70,80],[70,81],[70,82],[70,83],[70,84],[70,85],[70,86],[70,87],[74,88],[74,89],[74,90]],"ID":2},{"def":["$r13","$z1"],"use":["$r13","$z1","r0.\u003corg.apache.xerces.validators.datatype.IDREFDatatypeValidator: java.util.Hashtable fTableOfId\u003e","r0","r1"],"callees":[],"nodes":["CompoundStmt","DefinitionStmt","DefinitionStmt","IfStmt","Local","InstanceFieldRef","Local","Invoke","BinaryOp","RefType","RefType","Local","RefType","Boolean","Local"," \u003d\u003d ","Constant","java","util","Hashtable","java","util","Hashtable","RefType","java","util","Hashtable","Boolean","0","Int","org","apache","xerces","validators","datatype","I","D","R","E","F","Datatype","Validator"],"edges":[[0,1],[0,2],[0,3],[1,4],[1,5],[2,6],[2,7],[3,8],[4,9],[5,10],[5,11],[5,12],[6,13],[8,14],[8,15],[8,16],[9,17],[9,18],[9,19],[10,20],[10,21],[10,22],[11,23],[12,24],[12,25],[12,26],[14,27],[16,28],[16,29],[23,30],[23,31],[23,32],[23,33],[23,34],[23,35],[23,36],[23,37],[23,38],[23,39],[23,40],[23,41]],"ID":3},{"def":[],"use":[],"callees":[],"nodes":["CompoundStmt","ReturnVoidStmt"],"edges":[[0,1]],"ID":4},{"def":["$r5"],"use":["r0.\u003corg.apache.xerces.validators.datatype.IDREFDatatypeValidator: java.util.Hashtable fTableIDRefs\u003e","$r5","r0"],"callees":[],"nodes":["CompoundStmt","DefinitionStmt","IfStmt","Local","InstanceFieldRef","BinaryOp","RefType","RefType","Local","RefType","Local"," !\u003d ","Constant","java","util","Hashtable","java","util","Hashtable","RefType","java","util","Hashtable","RefType","Null","org","apache","xerces","validators","datatype","I","D","R","E","F","Datatype","Validator","java","util","Hashtable"],"edges":[[0,1],[0,2],[1,3],[1,4],[2,5],[3,6],[4,7],[4,8],[4,9],[5,10],[5,11],[5,12],[6,13],[6,14],[6,15],[7,16],[7,17],[7,18],[8,19],[9,20],[9,21],[9,22],[10,23],[12,24],[19,25],[19,26],[19,27],[19,28],[19,29],[19,30],[19,31],[19,32],[19,33],[19,34],[19,35],[19,36],[23,37],[23,38],[23,39]],"ID":5},{"def":["r0.\u003corg.apache.xerces.validators.datatype.IDREFDatatypeValidator: java.util.Hashtable fTableIDRefs\u003e","$r7","$r12"],"use":["$r7","$r12","r0.\u003corg.apache.xerces.validators.datatype.IDREFDatatypeValidator: java.lang.Object fNullValue\u003e","r0"],"callees":[],"nodes":["CompoundStmt","DefinitionStmt","Invoke","DefinitionStmt","GotoStmt","DefinitionStmt","IfStmt","Local","NewExpr","InstanceFieldRef","Local","Local","InstanceFieldRef","BinaryOp","RefType","RefType","RefType","Local","RefType","RefType","RefType","RefType","Local","RefType","Local"," !\u003d ","Constant","java","util","Hashtable","java","util","Hashtable","java","util","Hashtable","RefType","java","util","Hashtable","java","util","Hashtable","java","lang","Object","java","lang","Object","RefType","java","lang","Object","RefType","Null","org","apache","xerces","validators","datatype","I","D","R","E","F","Datatype","Validator","org","apache","xerces","validators","datatype","I","D","R","E","F","Datatype","Validator","java","lang","Object"],"edges":[[0,1],[0,2],[0,3],[0,4],[0,5],[0,6],[1,7],[1,8],[3,9],[3,10],[5,11],[5,12],[6,13],[7,14],[8,15],[9,16],[9,17],[9,18],[10,19],[11,20],[12,21],[12,22],[12,23],[13,24],[13,25],[13,26],[14,27],[14,28],[14,29],[15,30],[15,31],[15,32],[16,33],[16,34],[16,35],[17,36],[18,37],[18,38],[18,39],[19,40],[19,41],[19,42],[20,43],[20,44],[20,45],[21,46],[21,47],[21,48],[22,49],[23,50],[23,51],[23,52],[24,53],[26,54],[36,55],[36,56],[36,57],[36,58],[36,59],[36,60],[36,61],[36,62],[36,63],[36,64],[36,65],[36,66],[49,67],[49,68],[49,69],[49,70],[49,71],[49,72],[49,73],[49,74],[49,75],[49,76],[49,77],[49,78],[53,79],[53,80],[53,81]],"ID":6},{"def":["$r6","$z0"],"use":["r0.\u003corg.apache.xerces.validators.datatype.IDREFDatatypeValidator: java.util.Hashtable fTableIDRefs\u003e","$r6","$z0","r0","r1"],"callees":[],"nodes":["CompoundStmt","DefinitionStmt","DefinitionStmt","IfStmt","Local","InstanceFieldRef","Local","Invoke","BinaryOp","RefType","RefType","Local","RefType","Boolean","Local"," \u003d\u003d ","Constant","java","util","Hashtable","java","util","Hashtable","RefType","java","util","Hashtable","Boolean","0","Int","org","apache","xerces","validators","datatype","I","D","R","E","F","Datatype","Validator"],"edges":[[0,1],[0,2],[0,3],[1,4],[1,5],[2,6],[2,7],[3,8],[4,9],[5,10],[5,11],[5,12],[6,13],[8,14],[8,15],[8,16],[9,17],[9,18],[9,19],[10,20],[10,21],[10,22],[11,23],[12,24],[12,25],[12,26],[14,27],[16,28],[16,29],[23,30],[23,31],[23,32],[23,33],[23,34],[23,35],[23,36],[23,37],[23,38],[23,39],[23,40],[23,41]],"ID":7},{"def":[],"use":[],"callees":[],"nodes":["CompoundStmt","ReturnVoidStmt"],"edges":[[0,1]],"ID":8},{"def":["$r11","r0.\u003corg.apache.xerces.validators.datatype.IDREFDatatypeValidator: java.lang.Object fNullValue\u003e"],"use":["$r11","r0"],"callees":[],"nodes":["CompoundStmt","DefinitionStmt","Invoke","DefinitionStmt","Local","NewExpr","InstanceFieldRef","Local","RefType","RefType","RefType","Local","RefType","RefType","java","lang","Object","java","lang","Object","java","lang","Object","RefType","java","lang","Object","java","lang","Object","org","apache","xerces","validators","datatype","I","D","R","E","F","Datatype","Validator"],"edges":[[0,1],[0,2],[0,3],[1,4],[1,5],[3,6],[3,7],[4,8],[5,9],[6,10],[6,11],[6,12],[7,13],[8,14],[8,15],[8,16],[9,17],[9,18],[9,19],[10,20],[10,21],[10,22],[11,23],[12,24],[12,25],[12,26],[13,27],[13,28],[13,29],[23,30],[23,31],[23,32],[23,33],[23,34],[23,35],[23,36],[23,37],[23,38],[23,39],[23,40],[23,41]],"ID":9},{"def":["$r9"],"use":["r0.\u003corg.apache.xerces.validators.datatype.IDREFDatatypeValidator: java.util.Hashtable fTableIDRefs\u003e","r0"],"callees":[],"nodes":["CompoundStmt","DefinitionStmt","Local","InstanceFieldRef","RefType","RefType","Local","RefType","java","util","Hashtable","java","util","Hashtable","RefType","java","util","Hashtable","org","apache","xerces","validators","datatype","I","D","R","E","F","Datatype","Validator"],"edges":[[0,1],[1,2],[1,3],[2,4],[3,5],[3,6],[3,7],[4,8],[4,9],[4,10],[5,11],[5,12],[5,13],[6,14],[7,15],[7,16],[7,17],[14,18],[14,19],[14,20],[14,21],[14,22],[14,23],[14,24],[14,25],[14,26],[14,27],[14,28],[14,29]],"ID":10},{"def":["$r8"],"use":["r0.\u003corg.apache.xerces.validators.datatype.IDREFDatatypeValidator: java.lang.Object fNullValue\u003e","r0"],"callees":[],"nodes":["CompoundStmt","DefinitionStmt","Local","InstanceFieldRef","RefType","RefType","Local","RefType","java","lang","Object","java","lang","Object","RefType","java","lang","Object","org","apache","xerces","validators","datatype","I","D","R","E","F","Datatype","Validator"],"edges":[[0,1],[1,2],[1,3],[2,4],[3,5],[3,6],[3,7],[4,8],[4,9],[4,10],[5,11],[5,12],[5,13],[6,14],[7,15],[7,16],[7,17],[14,18],[14,19],[14,20],[14,21],[14,22],[14,23],[14,24],[14,25],[14,26],[14,27],[14,28],[14,29]],"ID":11},{"def":[],"use":["$r8","$r9","r1"],"callees":[],"nodes":["CompoundStmt","Invoke"],"edges":[[0,1]],"ID":12},{"def":[],"use":[],"callees":[],"nodes":["CompoundStmt","GotoStmt","ReturnVoidStmt"],"edges":[[0,1],[0,2]],"ID":13},{"def":["$r15","r3","$r16","$r14","$r19","$r17","$r18","$i0","$r20"],"use":["$r15","$r16","r3","$r14","$r19","@caughtexception","$r17","$r18","$i0","r0.\u003corg.apache.xerces.validators.datatype.IDREFDatatypeValidator: java.util.Hashtable fTableIDRefs\u003e","\u003cjava.lang.System: java.io.PrintStream out\u003e","r0","$r20"],"callees":[],"nodes":["CompoundStmt","DefinitionStmt","DefinitionStmt","DefinitionStmt","DefinitionStmt","Invoke","DefinitionStmt","DefinitionStmt","DefinitionStmt","DefinitionStmt","DefinitionStmt","Invoke","Invoke","Local","CaughtException","Local","Local","Local","StaticFieldRef","Local","NewExpr","Local","InstanceFieldRef","Local","Invoke","Local","Invoke","Local","Invoke","Local","Invoke","RefType","RefType","RefType","RefType","RefType","RefType","RefType","RefType","RefType","RefType","RefType","Local","RefType","Int","RefType","RefType","RefType","java","lang","Out","Of","Memory","Error","java","lang","Throwable","java","lang","Out","Of","Memory","Error","java","lang","Out","Of","Memory","Error","java","io","Print","Stream","java","io","Print","Stream","java","io","Print","Stream","java","lang","String","Buffer","java","lang","String","Buffer","java","util","Hashtable","java","util","Hashtable","RefType","java","util","Hashtable","java","lang","String","Buffer","java","lang","String","Buffer","java","lang","String","org","apache","xerces","validators","datatype","I","D","R","E","F","Datatype","Validator"],"edges":[[0,1],[0,2],[0,3],[0,4],[0,5],[0,6],[0,7],[0,8],[0,9],[0,10],[0,11],[0,12],[1,13],[1,14],[2,15],[2,16],[3,17],[3,18],[4,19],[4,20],[6,21],[6,22],[7,23],[7,24],[8,25],[8,26],[9,27],[9,28],[10,29],[10,30],[13,31],[14,32],[15,33],[16,34],[17,35],[18,36],[18,37],[19,38],[20,39],[21,40],[22,41],[22,42],[22,43],[23,44],[25,45],[27,46],[29,47],[31,48],[31,49],[31,50],[31,51],[31,52],[31,53],[32,54],[32,55],[32,56],[33,57],[33,58],[33,59],[33,60],[33,61],[33,62],[34,63],[34,64],[34,65],[34,66],[34,67],[34,68],[35,69],[35,70],[35,71],[35,72],[36,73],[36,74],[36,75],[36,76],[37,77],[37,78],[37,79],[37,80],[38,81],[38,82],[38,83],[38,84],[39,85],[39,86],[39,87],[39,88],[40,89],[40,90],[40,91],[41,92],[41,93],[41,94],[42,95],[43,96],[43,97],[43,98],[45,99],[45,100],[45,101],[45,102],[46,103],[46,104],[46,105],[46,106],[47,107],[47,108],[47,109],[95,110],[95,111],[95,112],[95,113],[95,114],[95,115],[95,116],[95,117],[95,118],[95,119],[95,120],[95,121]],"ID":14}],"edgeSet":[[11,14,5],[4,1,0],[7,6,2],[12,14,5],[8,1,0],[13,1,0],[6,14,5],[0,2,0],[6,9,1],[6,10,2],[2,5,2],[9,10,0],[10,11,0],[11,12,0],[12,13,0],[2,3,1],[3,4,1],[3,5,2],[5,6,1],[5,7,2],[7,8,1],[9,14,5],[10,14,5],[14,13,0]],"ENTRY":{"def":[],"use":[],"callees":[],"nodes":["CompoundStmt"],"edges":[],"ID":0},"EXIT":{"def":[],"use":[],"callees":[],"nodes":["CompoundStmt"],"edges":[],"ID":1},"method_name":"addIdRef"},{"blocks":[{"def":[],"use":[],"callees":[],"nodes":["CompoundStmt"],"edges":[],"ID":0},{"def":[],"use":[],"callees":[],"nodes":["CompoundStmt"],"edges":[],"ID":1},{"def":["r0.\u003corg.apache.xerces.validators.datatype.InvalidDatatypeValueException: int majorCode\u003e","i0","r0"],"use":["@this: org.apache.xerces.validators.datatype.InvalidDatatypeValueException","i0","@parameter0: int","r0"],"callees":[],"nodes":["CompoundStmt","DefinitionStmt","DefinitionStmt","DefinitionStmt","ReturnVoidStmt","Local","ThisRef","Local","Param","InstanceFieldRef","Local","RefType","RefType","Int","Int","Int","Local","Int","Int","org","apache","xerces","validators","datatype","Invalid","Datatype","Value","Exception","org","apache","xerces","validators","datatype","Invalid","Datatype","Value","Exception","RefType","org","apache","xerces","validators","datatype","Invalid","Datatype","Value","Exception"],"edges":[[0,1],[0,2],[0,3],[0,4],[1,5],[1,6],[2,7],[2,8],[3,9],[3,10],[5,11],[6,12],[7,13],[8,14],[9,15],[9,16],[9,17],[10,18],[11,19],[11,20],[11,21],[11,22],[11,23],[11,24],[11,25],[11,26],[11,27],[12,28],[12,29],[12,30],[12,31],[12,32],[12,33],[12,34],[12,35],[12,36],[16,37],[37,38],[37,39],[37,40],[37,41],[37,42],[37,43],[37,44],[37,45],[37,46]],"ID":2}],"edgeSet":[[0,2,0],[2,1,0]],"ENTRY":{"def":[],"use":[],"callees":[],"nodes":["CompoundStmt"],"edges":[],"ID":0},"EXIT":{"def":[],"use":[],"callees":[],"nodes":["CompoundStmt"],"edges":[],"ID":1},"method_name":"setMinorCode"},{"blocks":[{"def":[],"use":[],"callees":[],"nodes":["CompoundStmt"],"edges":[],"ID":0},{"def":[],"use":[],"callees":[],"nodes":["CompoundStmt"],"edges":[],"ID":1},{"def":["i0","r0","r0.\u003corg.apache.xerces.validators.datatype.InvalidDatatypeValueException: int minorCode\u003e"],"use":["@this: org.apache.xerces.validators.datatype.InvalidDatatypeValueException","i0","@parameter0: int","r0"],"callees":[],"nodes":["CompoundStmt","DefinitionStmt","DefinitionStmt","DefinitionStmt","ReturnVoidStmt","Local","ThisRef","Local","Param","InstanceFieldRef","Local","RefType","RefType","Int","Int","Int","Local","Int","Int","org","apache","xerces","validators","datatype","Invalid","Datatype","Value","Exception","org","apache","xerces","validators","datatype","Invalid","Datatype","Value","Exception","RefType","org","apache","xerces","validators","datatype","Invalid","Datatype","Value","Exception"],"edges":[[0,1],[0,2],[0,3],[0,4],[1,5],[1,6],[2,7],[2,8],[3,9],[3,10],[5,11],[6,12],[7,13],[8,14],[9,15],[9,16],[9,17],[10,18],[11,19],[11,20],[11,21],[11,22],[11,23],[11,24],[11,25],[11,26],[11,27],[12,28],[12,29],[12,30],[12,31],[12,32],[12,33],[12,34],[12,35],[12,36],[16,37],[37,38],[37,39],[37,40],[37,41],[37,42],[37,43],[37,44],[37,45],[37,46]],"ID":2}],"edgeSet":[[0,2,0],[2,1,0]],"ENTRY":{"def":[],"use":[],"callees":[],"nodes":["CompoundStmt"],"edges":[],"ID":0},"EXIT":{"def":[],"use":[],"callees":[],"nodes":["CompoundStmt"],"edges":[],"ID":1},"method_name":"setMajorCode"},{"blocks":[{"def":[],"use":[],"callees":[],"nodes":["CompoundStmt"],"edges":[],"ID":0},{"def":[],"use":[],"callees":[],"nodes":["CompoundStmt"],"edges":[],"ID":1},{"def":["$r4","r0"],"use":["@this: org.apache.xerces.validators.datatype.IDREFDatatypeValidator","r0.\u003corg.apache.xerces.validators.datatype.IDREFDatatypeValidator: java.util.Hashtable fTableIDRefs\u003e","$r4","r0"],"callees":[],"nodes":["CompoundStmt","DefinitionStmt","DefinitionStmt","IfStmt","Local","ThisRef","Local","InstanceFieldRef","BinaryOp","RefType","RefType","RefType","RefType","Local","RefType","Local"," !\u003d ","Constant","org","apache","xerces","validators","datatype","I","D","R","E","F","Datatype","Validator","org","apache","xerces","validators","datatype","I","D","R","E","F","Datatype","Validator","java","util","Hashtable","java","util","Hashtable","RefType","java","util","Hashtable","RefType","Null","org","apache","xerces","validators","datatype","I","D","R","E","F","Datatype","Validator","java","util","Hashtable"],"edges":[[0,1],[0,2],[0,3],[1,4],[1,5],[2,6],[2,7],[3,8],[4,9],[5,10],[6,11],[7,12],[7,13],[7,14],[8,15],[8,16],[8,17],[9,18],[9,19],[9,20],[9,21],[9,22],[9,23],[9,24],[9,25],[9,26],[9,27],[9,28],[9,29],[10,30],[10,31],[10,32],[10,33],[10,34],[10,35],[10,36],[10,37],[10,38],[10,39],[10,40],[10,41],[11,42],[11,43],[11,44],[12,45],[12,46],[12,47],[13,48],[14,49],[14,50],[14,51],[15,52],[17,53],[48,54],[48,55],[48,56],[48,57],[48,58],[48,59],[48,60],[48,61],[48,62],[48,63],[48,64],[48,65],[52,66],[52,67],[52,68]],"ID":2},{"def":[],"use":[],"callees":[],"nodes":["CompoundStmt","ReturnVoidStmt"],"edges":[[0,1]],"ID":3},{"def":["$r5","$z0","r1"],"use":["r0.\u003corg.apache.xerces.validators.datatype.IDREFDatatypeValidator: java.util.Hashtable fTableIDRefs\u003e","$r5","$z0","r0","r1"],"callees":[],"nodes":["CompoundStmt","DefinitionStmt","DefinitionStmt","GotoStmt","DefinitionStmt","IfStmt","Local","InstanceFieldRef","Local","Invoke","Local","Invoke","BinaryOp","RefType","RefType","Local","RefType","RefType","Boolean","Local"," !\u003d ","Constant","java","util","Hashtable","java","util","Hashtable","RefType","java","util","Hashtable","java","util","Enumeration","Boolean","0","Int","org","apache","xerces","validators","datatype","I","D","R","E","F","Datatype","Validator"],"edges":[[0,1],[0,2],[0,3],[0,4],[0,5],[1,6],[1,7],[2,8],[2,9],[4,10],[4,11],[5,12],[6,13],[7,14],[7,15],[7,16],[8,17],[10,18],[12,19],[12,20],[12,21],[13,22],[13,23],[13,24],[14,25],[14,26],[14,27],[15,28],[16,29],[16,30],[16,31],[17,32],[17,33],[17,34],[19,35],[21,36],[21,37],[28,38],[28,39],[28,40],[28,41],[28,42],[28,43],[28,44],[28,45],[28,46],[28,47],[28,48],[28,49]],"ID":4},{"def":["r2","$r6","$r7"],"use":["$r6","$r7","r0.\u003corg.apache.xerces.validators.datatype.IDREFDatatypeValidator: java.util.Hashtable fTableOfId\u003e","r0","r1"],"callees":[],"nodes":["CompoundStmt","DefinitionStmt","DefinitionStmt","DefinitionStmt","IfStmt","Local","Invoke","Local","CastExpr","Local","InstanceFieldRef","BinaryOp","RefType","RefType","RefType","RefType","Local","RefType","RefType","Local","RefType","Local"," \u003d\u003d ","Constant","java","lang","Object","java","lang","String","java","lang","String","java","lang","String","RefType","java","util","Hashtable","java","util","Hashtable","RefType","java","util","Hashtable","RefType","Null","java","lang","Object","org","apache","xerces","validators","datatype","I","D","R","E","F","Datatype","Validator","java","util","Hashtable"],"edges":[[0,1],[0,2],[0,3],[0,4],[1,5],[1,6],[2,7],[2,8],[3,9],[3,10],[4,11],[5,12],[7,13],[8,14],[8,15],[8,16],[9,17],[10,18],[10,19],[10,20],[11,21],[11,22],[11,23],[12,24],[12,25],[12,26],[13,27],[13,28],[13,29],[14,30],[14,31],[14,32],[15,33],[15,34],[15,35],[16,36],[17,37],[17,38],[17,39],[18,40],[18,41],[18,42],[19,43],[20,44],[20,45],[20,46],[21,47],[23,48],[36,49],[36,50],[36,51],[43,52],[43,53],[43,54],[43,55],[43,56],[43,57],[43,58],[43,59],[43,60],[43,61],[43,62],[43,63],[47,64],[47,65],[47,66]],"ID":5},{"def":["$r9","$z1"],"use":["r2","$r9","$z1","r0.\u003corg.apache.xerces.validators.datatype.IDREFDatatypeValidator: java.util.Hashtable fTableOfId\u003e","r0"],"callees":[],"nodes":["CompoundStmt","DefinitionStmt","DefinitionStmt","IfStmt","Local","InstanceFieldRef","Local","Invoke","BinaryOp","RefType","RefType","Local","RefType","Boolean","Local"," !\u003d ","Constant","java","util","Hashtable","java","util","Hashtable","RefType","java","util","Hashtable","Boolean","0","Int","org","apache","xerces","validators","datatype","I","D","R","E","F","Datatype","Validator"],"edges":[[0,1],[0,2],[0,3],[1,4],[1,5],[2,6],[2,7],[3,8],[4,9],[5,10],[5,11],[5,12],[6,13],[8,14],[8,15],[8,16],[9,17],[9,18],[9,19],[10,20],[10,21],[10,22],[11,23],[12,24],[12,25],[12,26],[14,27],[16,28],[16,29],[23,30],[23,31],[23,32],[23,33],[23,34],[23,35],[23,36],[23,37],[23,38],[23,39],[23,40],[23,41]],"ID":6},{"def":["r3","$r8"],"use":["r2","r3","$r8"],"callees":["\u003cinit\u003e","setMinorCode","setMajorCode"],"nodes":["CompoundStmt","DefinitionStmt","Invoke","DefinitionStmt","Invoke","Invoke","ThrowStmt","Local","NewExpr","Local","Local","Local","RefType","RefType","RefType","RefType","RefType","org","apache","xerces","validators","datatype","Invalid","Datatype","Value","Exception","org","apache","xerces","validators","datatype","Invalid","Datatype","Value","Exception","org","apache","xerces","validators","datatype","Invalid","Datatype","Value","Exception","org","apache","xerces","validators","datatype","Invalid","Datatype","Value","Exception","org","apache","xerces","validators","datatype","Invalid","Datatype","Value","Exception"],"edges":[[0,1],[0,2],[0,3],[0,4],[0,5],[0,6],[1,7],[1,8],[3,9],[3,10],[6,11],[7,12],[8,13],[9,14],[10,15],[11,16],[12,17],[12,18],[12,19],[12,20],[12,21],[12,22],[12,23],[12,24],[12,25],[13,26],[13,27],[13,28],[13,29],[13,30],[13,31],[13,32],[13,33],[13,34],[14,35],[14,36],[14,37],[14,38],[14,39],[14,40],[14,41],[14,42],[14,43],[15,44],[15,45],[15,46],[15,47],[15,48],[15,49],[15,50],[15,51],[15,52],[16,53],[16,54],[16,55],[16,56],[16,57],[16,58],[16,59],[16,60],[16,61]],"ID":7},{"def":[],"use":[],"callees":[],"nodes":["CompoundStmt","ReturnVoidStmt"],"edges":[[0,1]],"ID":8}],"edgeSet":[[3,1,0],[6,4,2],[7,1,0],[8,1,0],[4,8,1],[0,2,0],[2,3,1],[2,4,2],[5,6,1],[5,7,2],[6,7,1],[4,5,2]],"ENTRY":{"def":[],"use":[],"callees":[],"nodes":["CompoundStmt"],"edges":[],"ID":0},"EXIT":{"def":[],"use":[],"callees":[],"nodes":["CompoundStmt"],"edges":[],"ID":1},"method_name":"checkIdRefs"},{"blocks":[{"def":[],"use":[],"callees":[],"nodes":["CompoundStmt"],"edges":[],"ID":0},{"def":[],"use":[],"callees":[],"nodes":["CompoundStmt"],"edges":[],"ID":1},{"def":["$r1","$r2","$r3","$r4","$r5","$r6","r0"],"use":["@this: org.apache.xerces.validators.datatype.IDREFDatatypeValidator","$r1","$r2","$r3","$r4","$r5","$r6","r0"],"callees":[],"nodes":["CompoundStmt","DefinitionStmt","DefinitionStmt","DefinitionStmt","Invoke","DefinitionStmt","DefinitionStmt","DefinitionStmt","DefinitionStmt","Invoke","ThrowStmt","Local","ThisRef","Local","NewExpr","Local","NewExpr","Local","Invoke","Local","Invoke","Local","Invoke","Local","Invoke","Local","RefType","RefType","RefType","RefType","RefType","RefType","RefType","RefType","RefType","RefType","RefType","org","apache","xerces","validators","datatype","I","D","R","E","F","Datatype","Validator","org","apache","xerces","validators","datatype","I","D","R","E","F","Datatype","Validator","java","lang","Clone","Not","Supported","Exception","java","lang","Clone","Not","Supported","Exception","java","lang","String","Buffer","java","lang","String","Buffer","java","lang","Class","java","lang","String","java","lang","String","Buffer","java","lang","String","java","lang","Clone","Not","Supported","Exception"],"edges":[[0,1],[0,2],[0,3],[0,4],[0,5],[0,6],[0,7],[0,8],[0,9],[0,10],[1,11],[1,12],[2,13],[2,14],[3,15],[3,16],[5,17],[5,18],[6,19],[6,20],[7,21],[7,22],[8,23],[8,24],[10,25],[11,26],[12,27],[13,28],[14,29],[15,30],[16,31],[17,32],[19,33],[21,34],[23,35],[25,36],[26,37],[26,38],[26,39],[26,40],[26,41],[26,42],[26,43],[26,44],[26,45],[26,46],[26,47],[26,48],[27,49],[27,50],[27,51],[27,52],[27,53],[27,54],[27,55],[27,56],[27,57],[27,58],[27,59],[27,60],[28,61],[28,62],[28,63],[28,64],[28,65],[28,66],[29,67],[29,68],[29,69],[29,70],[29,71],[29,72],[30,73],[30,74],[30,75],[30,76],[31,77],[31,78],[31,79],[31,80],[32,81],[32,82],[32,83],[33,84],[33,85],[33,86],[34,87],[34,88],[34,89],[34,90],[35,91],[35,92],[35,93],[36,94],[36,95],[36,96],[36,97],[36,98],[36,99]],"ID":2}],"edgeSet":[[0,2,0],[2,1,0]],"ENTRY":{"def":[],"use":[],"callees":[],"nodes":["CompoundStmt"],"edges":[],"ID":0},"EXIT":{"def":[],"use":[],"callees":[],"nodes":["CompoundStmt"],"edges":[],"ID":1},"method_name":"clone"},{"blocks":[{"def":[],"use":[],"callees":[],"nodes":["CompoundStmt"],"edges":[],"ID":0},{"def":[],"use":[],"callees":[],"nodes":["CompoundStmt"],"edges":[],"ID":1},{"def":["r2","r0","r1"],"use":["@this: org.apache.xerces.validators.datatype.IDREFDatatypeValidator","@parameter1: java.lang.String","@parameter0: java.lang.String"],"callees":[],"nodes":["CompoundStmt","DefinitionStmt","DefinitionStmt","DefinitionStmt","ReturnStmt","Local","ThisRef","Local","Param","Local","Param","Constant","RefType","RefType","RefType","RefType","RefType","RefType","-","1","Int","org","apache","xerces","validators","datatype","I","D","R","E","F","Datatype","Validator","org","apache","xerces","validators","datatype","I","D","R","E","F","Datatype","Validator","java","lang","String","java","lang","String","java","lang","String","java","lang","String"],"edges":[[0,1],[0,2],[0,3],[0,4],[1,5],[1,6],[2,7],[2,8],[3,9],[3,10],[4,11],[5,12],[6,13],[7,14],[8,15],[9,16],[10,17],[11,18],[11,19],[11,20],[12,21],[12,22],[12,23],[12,24],[12,25],[12,26],[12,27],[12,28],[12,29],[12,30],[12,31],[12,32],[13,33],[13,34],[13,35],[13,36],[13,37],[13,38],[13,39],[13,40],[13,41],[13,42],[13,43],[13,44],[14,45],[14,46],[14,47],[15,48],[15,49],[15,50],[16,51],[16,52],[16,53],[17,54],[17,55],[17,56]],"ID":2}],"edgeSet":[[0,2,0],[2,1,0]],"ENTRY":{"def":[],"use":[],"callees":[],"nodes":["CompoundStmt"],"edges":[],"ID":0},"EXIT":{"def":[],"use":[],"callees":[],"nodes":["CompoundStmt"],"edges":[],"ID":1},"method_name":"compare"},{"blocks":[{"def":[],"use":[],"callees":[],"nodes":["CompoundStmt"],"edges":[],"ID":0},{"def":[],"use":[],"callees":[],"nodes":["CompoundStmt"],"edges":[],"ID":1},{"def":["r2","z0","$r4","i0","i2","r0","r1"],"use":["@parameter2: int","$r4","@parameter0: java.util.Locale","r0.\u003corg.apache.xerces.validators.datatype.DatatypeMessageProvider: java.util.ResourceBundle fResourceBundle\u003e","@this: org.apache.xerces.validators.datatype.DatatypeMessageProvider","@parameter1: int","r0","@parameter3: java.lang.Object[]"],"callees":[],"nodes":["CompoundStmt","DefinitionStmt","DefinitionStmt","DefinitionStmt","DefinitionStmt","DefinitionStmt","DefinitionStmt","DefinitionStmt","IfStmt","Local","ThisRef","Local","Param","Local","Param","Local","Param","Local","Param","Local","Constant","Local","InstanceFieldRef","BinaryOp","RefType","RefType","RefType","RefType","Int","Int","Int","Int","Array","Array","Boolean","0","Int","RefType","RefType","Local","RefType","Local"," \u003d\u003d ","Constant","org","apache","xerces","validators","datatype","Datatype","Message","Provider","org","apache","xerces","validators","datatype","Datatype","Message","Provider","java","util","Locale","java","util","Locale","RefType","[]","RefType","[]","java","util","Resource","Bundle","java","util","Resource","Bundle","RefType","java","util","Resource","Bundle","RefType","Null","java","lang","Object","java","lang","Object","org","apache","xerces","validators","datatype","Datatype","Message","Provider","java","util","Resource","Bundle"],"edges":[[0,1],[0,2],[0,3],[0,4],[0,5],[0,6],[0,7],[0,8],[1,9],[1,10],[2,11],[2,12],[3,13],[3,14],[4,15],[4,16],[5,17],[5,18],[6,19],[6,20],[7,21],[7,22],[8,23],[9,24],[10,25],[11,26],[12,27],[13,28],[14,29],[15,30],[16,31],[17,32],[18,33],[19,34],[20,35],[20,36],[21,37],[22,38],[22,39],[22,40],[23,41],[23,42],[23,43],[24,44],[24,45],[24,46],[24,47],[24,48],[24,49],[24,50],[24,51],[25,52],[25,53],[25,54],[25,55],[25,56],[25,57],[25,58],[25,59],[26,60],[26,61],[26,62],[27,63],[27,64],[27,65],[32,66],[32,67],[33,68],[33,69],[37,70],[37,71],[37,72],[37,73],[38,74],[38,75],[38,76],[38,77],[39,78],[40,79],[40,80],[40,81],[40,82],[41,83],[43,84],[66,85],[66,86],[66,87],[68,88],[68,89],[68,90],[78,91],[78,92],[78,93],[78,94],[78,95],[78,96],[78,97],[78,98],[83,99],[83,100],[83,101],[83,102]],"ID":2},{"def":["$r10"],"use":["r0.\u003corg.apache.xerces.validators.datatype.DatatypeMessageProvider: java.util.Locale fLocale\u003e","r0","r1","$r10"],"callees":[],"nodes":["CompoundStmt","DefinitionStmt","IfStmt","Local","InstanceFieldRef","BinaryOp","RefType","RefType","Local","RefType","Local"," \u003d\u003d ","Local","java","util","Locale","java","util","Locale","RefType","java","util","Locale","RefType","RefType","org","apache","xerces","validators","datatype","Datatype","Message","Provider","java","util","Locale","java","util","Locale"],"edges":[[0,1],[0,2],[1,3],[1,4],[2,5],[3,6],[4,7],[4,8],[4,9],[5,10],[5,11],[5,12],[6,13],[6,14],[6,15],[7,16],[7,17],[7,18],[8,19],[9,20],[9,21],[9,22],[10,23],[12,24],[19,25],[19,26],[19,27],[19,28],[19,29],[19,30],[19,31],[19,32],[23,33],[23,34],[23,35],[24,36],[24,37],[24,38]],"ID":3},{"def":[],"use":["r1"],"callees":[],"nodes":["CompoundStmt","IfStmt","BinaryOp","Local"," \u003d\u003d ","Constant","RefType","Null","java","util","Locale"],"edges":[[0,1],[1,2],[2,3],[2,4],[2,5],[3,6],[5,7],[6,8],[6,9],[6,10]],"ID":4},{"def":["$r5","$r9","r0.\u003corg.apache.xerces.validators.datatype.DatatypeMessageProvider: java.util.ResourceBundle fResourceBundle\u003e"],"use":["$r5","$r9","r0.\u003corg.apache.xerces.validators.datatype.DatatypeMessageProvider: java.util.ResourceBundle fResourceBundle\u003e","r0","r1"],"callees":[],"nodes":["CompoundStmt","DefinitionStmt","DefinitionStmt","DefinitionStmt","IfStmt","Local","Invoke","InstanceFieldRef","Local","Local","InstanceFieldRef","BinaryOp","RefType","RefType","Local","RefType","RefType","RefType","RefType","Local","RefType","Local"," !\u003d ","Constant","java","util","Resource","Bundle","java","util","Resource","Bundle","RefType","java","util","Resource","Bundle","java","util","Resource","Bundle","java","util","Resource","Bundle","java","util","Resource","Bundle","RefType","java","util","Resource","Bundle","RefType","Null","org","apache","xerces","validators","datatype","Datatype","Message","Provider","org","apache","xerces","validators","datatype","Datatype","Message","Provider","java","util","Resource","Bundle"],"edges":[[0,1],[0,2],[0,3],[0,4],[1,5],[1,6],[2,7],[2,8],[3,9],[3,10],[4,11],[5,12],[7,13],[7,14],[7,15],[8,16],[9,17],[10,18],[10,19],[10,20],[11,21],[11,22],[11,23],[12,24],[12,25],[12,26],[12,27],[13,28],[13,29],[13,30],[13,31],[14,32],[15,33],[15,34],[15,35],[15,36],[16,37],[16,38],[16,39],[16,40],[17,41],[17,42],[17,43],[17,44],[18,45],[18,46],[18,47],[18,48],[19,49],[20,50],[20,51],[20,52],[20,53],[21,54],[23,55],[32,56],[32,57],[32,58],[32,59],[32,60],[32,61],[32,62],[32,63],[49,64],[49,65],[49,66],[49,67],[49,68],[49,69],[49,70],[49,71],[54,72],[54,73],[54,74],[54,75]],"ID":5},{"def":["$r8","r0.\u003corg.apache.xerces.validators.datatype.DatatypeMessageProvider: java.util.ResourceBundle fResourceBundle\u003e"],"use":["i2","$r8","r0"],"callees":[],"nodes":["CompoundStmt","DefinitionStmt","DefinitionStmt","IfStmt","Local","Invoke","InstanceFieldRef","Local","BinaryOp","RefType","RefType","Local","RefType","RefType","Local"," \u003c ","Constant","java","util","Resource","Bundle","java","util","Resource","Bundle","RefType","java","util","Resource","Bundle","java","util","Resource","Bundle","Int","0","Int","org","apache","xerces","validators","datatype","Datatype","Message","Provider"],"edges":[[0,1],[0,2],[0,3],[1,4],[1,5],[2,6],[2,7],[3,8],[4,9],[6,10],[6,11],[6,12],[7,13],[8,14],[8,15],[8,16],[9,17],[9,18],[9,19],[9,20],[10,21],[10,22],[10,23],[10,24],[11,25],[12,26],[12,27],[12,28],[12,29],[13,30],[13,31],[13,32],[13,33],[14,34],[16,35],[16,36],[25,37],[25,38],[25,39],[25,40],[25,41],[25,42],[25,43],[25,44]],"ID":6},{"def":["$r7","$i1"],"use":["\u003corg.apache.xerces.validators.datatype.DatatypeMessageProvider: java.lang.String[] fgMessageKeys\u003e","$r7","i2","$i1"],"callees":[],"nodes":["CompoundStmt","DefinitionStmt","DefinitionStmt","IfStmt","Local","StaticFieldRef","Local","UnaryOp","BinaryOp","Array","Array","Array","Int","length","Local","Local"," \u003c ","Local","RefType","[]","RefType","[]","RefType","[]","Array","Int","Int","java","lang","String","java","lang","String","java","lang","String","RefType","[]","java","lang","String"],"edges":[[0,1],[0,2],[0,3],[1,4],[1,5],[2,6],[2,7],[3,8],[4,9],[5,10],[5,11],[6,12],[7,13],[7,14],[8,15],[8,16],[8,17],[9,18],[9,19],[10,20],[10,21],[11,22],[11,23],[14,24],[15,25],[17,26],[18,27],[18,28],[18,29],[20,30],[20,31],[20,32],[22,33],[22,34],[22,35],[24,36],[24,37],[36,38],[36,39],[36,40]],"ID":7},{"def":["r3","r23","z0","i2","$r22","$r21"],"use":["r2","\u003corg.apache.xerces.validators.datatype.DatatypeMessageProvider: java.lang.String[] fgMessageKeys\u003e","r3","$r21[i2]","i2","r0.\u003corg.apache.xerces.validators.datatype.DatatypeMessageProvider: java.util.ResourceBundle fResourceBundle\u003e","$r22","r0","$r21"],"callees":[],"nodes":["CompoundStmt","DefinitionStmt","DefinitionStmt","DefinitionStmt","DefinitionStmt","DefinitionStmt","DefinitionStmt","IfStmt","Local","Constant","Local","Constant","Local","StaticFieldRef","Local","ArrayRef","Local","InstanceFieldRef","Local","Invoke","BinaryOp","Int","0","Int","Boolean","1","Int","Array","Array","Array","RefType","RefType","Local","Local","RefType","RefType","Local","RefType","RefType","Local"," \u003d\u003d ","Constant","RefType","[]","RefType","[]","RefType","[]","java","lang","String","java","lang","String","Array","Int","java","util","Resource","Bundle","java","util","Resource","Bundle","RefType","java","util","Resource","Bundle","java","lang","String","Array","Null","java","lang","String","java","lang","String","java","lang","String","RefType","[]","org","apache","xerces","validators","datatype","Datatype","Message","Provider","RefType","[]","java","lang","String","java","lang","Object"],"edges":[[0,1],[0,2],[0,3],[0,4],[0,5],[0,6],[0,7],[1,8],[1,9],[2,10],[2,11],[3,12],[3,13],[4,14],[4,15],[5,16],[5,17],[6,18],[6,19],[7,20],[8,21],[9,22],[9,23],[10,24],[11,25],[11,26],[12,27],[13,28],[13,29],[14,30],[15,31],[15,32],[15,33],[16,34],[17,35],[17,36],[17,37],[18,38],[20,39],[20,40],[20,41],[27,42],[27,43],[28,44],[28,45],[29,46],[29,47],[30,48],[30,49],[30,50],[31,51],[31,52],[31,53],[32,54],[33,55],[34,56],[34,57],[34,58],[34,59],[35,60],[35,61],[35,62],[35,63],[36,64],[37,65],[37,66],[37,67],[37,68],[38,69],[38,70],[38,71],[39,72],[41,73],[42,74],[42,75],[42,76],[44,77],[44,78],[44,79],[46,80],[46,81],[46,82],[54,83],[54,84],[64,85],[64,86],[64,87],[64,88],[64,89],[64,90],[64,91],[64,92],[72,93],[72,94],[83,95],[83,96],[83,97],[93,98],[93,99],[93,100]],"ID":8},{"def":["r23"],"use":["r2","r23"],"callees":[],"nodes":["CompoundStmt","DefinitionStmt","Local","Invoke","RefType","java","lang","String"],"edges":[[0,1],[1,2],[1,3],[2,4],[4,5],[4,6],[4,7]],"ID":9},{"def":[],"use":["z0"],"callees":[],"nodes":["CompoundStmt","GotoStmt","IfStmt","BinaryOp","Local"," \u003d\u003d ","Constant","Boolean","0","Int"],"edges":[[0,1],[0,2],[2,3],[3,4],[3,5],[3,6],[4,7],[6,8],[6,9]],"ID":10},{"def":["$r15","$r16","$r13","r23","$r14","$r19","r24","$r17","$r18","$r11","$r12","$r20"],"use":["$r15","$r16","r3","$r13","$r14","$r19","@caughtexception","$r17","$r18","$r12[1]","\u003corg.apache.xerces.validators.datatype.DatatypeMessageProvider: java.lang.String[] fgMessageKeys\u003e","r24","r0.\u003corg.apache.xerces.validators.datatype.DatatypeMessageProvider: java.util.ResourceBundle fResourceBundle\u003e","$r12","r0","$r20"],"callees":[],"nodes":["CompoundStmt","DefinitionStmt","DefinitionStmt","DefinitionStmt","DefinitionStmt","DefinitionStmt","DefinitionStmt","DefinitionStmt","Invoke","DefinitionStmt","DefinitionStmt","DefinitionStmt","DefinitionStmt","DefinitionStmt","GotoStmt","Local","CaughtException","Local","InstanceFieldRef","Local","StaticFieldRef","Local","ArrayRef","Local","Invoke","Local","NewExpr","Local","Invoke","Local","Invoke","Local","InstanceFieldRef","Local","Invoke","Local","Invoke","Local","Invoke","RefType","RefType","RefType","RefType","Local","RefType","Array","Array","Array","RefType","RefType","Local","Constant","RefType","RefType","RefType","RefType","RefType","RefType","RefType","Local","RefType","RefType","RefType","RefType","java","lang","Exception","java","lang","Throwable","java","util","Resource","Bundle","java","util","Resource","Bundle","RefType","java","util","Resource","Bundle","RefType","[]","RefType","[]","RefType","[]","java","lang","String","java","lang","String","Array","1","Int","java","lang","String","java","lang","String","Buffer","java","lang","String","Buffer","java","lang","String","java","lang","String","Buffer","java","util","Resource","Bundle","java","util","Resource","Bundle","RefType","java","util","Resource","Bundle","java","lang","String","java","lang","String","Buffer","java","lang","String","org","apache","xerces","validators","datatype","Datatype","Message","Provider","java","lang","String","java","lang","String","java","lang","String","RefType","[]","org","apache","xerces","validators","datatype","Datatype","Message","Provider","java","lang","String"],"edges":[[0,1],[0,2],[0,3],[0,4],[0,5],[0,6],[0,7],[0,8],[0,9],[0,10],[0,11],[0,12],[0,13],[0,14],[1,15],[1,16],[2,17],[2,18],[3,19],[3,20],[4,21],[4,22],[5,23],[5,24],[6,25],[6,26],[7,27],[7,28],[9,29],[9,30],[10,31],[10,32],[11,33],[11,34],[12,35],[12,36],[13,37],[13,38],[15,39],[16,40],[17,41],[18,42],[18,43],[18,44],[19,45],[20,46],[20,47],[21,48],[22,49],[22,50],[22,51],[23,52],[25,53],[26,54],[27,55],[29,56],[31,57],[32,58],[32,59],[32,60],[33,61],[35,62],[37,63],[39,64],[39,65],[39,66],[40,67],[40,68],[40,69],[41,70],[41,71],[41,72],[41,73],[42,74],[42,75],[42,76],[42,77],[43,78],[44,79],[44,80],[44,81],[44,82],[45,83],[45,84],[46,85],[46,86],[47,87],[47,88],[48,89],[48,90],[48,91],[49,92],[49,93],[49,94],[50,95],[51,96],[51,97],[52,98],[52,99],[52,100],[53,101],[53,102],[53,103],[53,104],[54,105],[54,106],[54,107],[54,108],[55,109],[55,110],[55,111],[56,112],[56,113],[56,114],[56,115],[57,116],[57,117],[57,118],[57,119],[58,120],[58,121],[58,122],[58,123],[59,124],[60,125],[60,126],[60,127],[60,128],[61,129],[61,130],[61,131],[62,132],[62,133],[62,134],[62,135],[63,136],[63,137],[63,138],[78,139],[78,140],[78,141],[78,142],[78,143],[78,144],[78,145],[78,146],[83,147],[83,148],[83,149],[85,150],[85,151],[85,152],[87,153],[87,154],[87,155],[95,156],[95,157],[124,158],[124,159],[124,160],[124,161],[124,162],[124,163],[124,164],[124,165],[156,166],[156,167],[156,168]],"ID":11},{"def":["$r6"],"use":["r23","$r6"],"callees":[],"nodes":["CompoundStmt","DefinitionStmt","Invoke","ThrowStmt","Local","NewExpr","Local","RefType","RefType","RefType","java","lang","Runtime","Exception","java","lang","Runtime","Exception","java","lang","Runtime","Exception"],"edges":[[0,1],[0,2],[0,3],[1,4],[1,5],[3,6],[4,7],[5,8],[6,9],[7,10],[7,11],[7,12],[7,13],[8,14],[8,15],[8,16],[8,17],[9,18],[9,19],[9,20],[9,21]],"ID":12},{"def":[],"use":["r23"],"callees":[],"nodes":["CompoundStmt","ReturnStmt","Local","RefType","java","lang","String"],"edges":[[0,1],[1,2],[2,3],[3,4],[3,5],[3,6]],"ID":13}],"edgeSet":[[10,13,2],[2,3,1],[4,5,1],[6,7,1],[8,9,1],[4,5,2],[8,11,5],[9,11,5],[12,1,0],[13,1,0],[0,2,0],[3,6,2],[9,10,0],[10,12,1],[2,4,2],[3,4,1],[5,6,1],[6,8,2],[7,8,1],[8,10,2],[5,6,2],[7,8,2],[11,10,0]],"ENTRY":{"def":[],"use":[],"callees":[],"nodes":["CompoundStmt"],"edges":[],"ID":0},"EXIT":{"def":[],"use":[],"callees":[],"nodes":["CompoundStmt"],"edges":[],"ID":1},"method_name":"createMessage"},{"blocks":[{"def":[],"use":[],"callees":[],"nodes":["CompoundStmt"],"edges":[],"ID":0},{"def":[],"use":[],"callees":[],"nodes":["CompoundStmt"],"edges":[],"ID":1},{"def":["i0","i1","r0","r1"],"use":["@this: org.apache.xerces.validators.datatype.IDREFDatatypeValidator","@parameter2: java.lang.Object[]","@parameter0: int","@parameter1: int"],"callees":[],"nodes":["CompoundStmt","DefinitionStmt","DefinitionStmt","DefinitionStmt","DefinitionStmt","Local","ThisRef","Local","Param","Local","Param","Local","Param","RefType","RefType","Int","Int","Int","Int","Array","Array","org","apache","xerces","validators","datatype","I","D","R","E","F","Datatype","Validator","org","apache","xerces","validators","datatype","I","D","R","E","F","Datatype","Validator","RefType","[]","RefType","[]","java","lang","Object","java","lang","Object"],"edges":[[0,1],[0,2],[0,3],[0,4],[1,5],[1,6],[2,7],[2,8],[3,9],[3,10],[4,11],[4,12],[5,13],[6,14],[7,15],[8,16],[9,17],[10,18],[11,19],[12,20],[13,21],[13,22],[13,23],[13,24],[13,25],[13,26],[13,27],[13,28],[13,29],[13,30],[13,31],[13,32],[14,33],[14,34],[14,35],[14,36],[14,37],[14,38],[14,39],[14,40],[14,41],[14,42],[14,43],[14,44],[19,45],[19,46],[20,47],[20,48],[45,49],[45,50],[45,51],[47,52],[47,53],[47,54]],"ID":2},{"def":["$r3"],"use":["r0.\u003corg.apache.xerces.validators.datatype.IDREFDatatypeValidator: org.apache.xerces.validators.datatype.DatatypeMessageProvider fMessageProvider\u003e","r0"],"callees":[],"nodes":["CompoundStmt","DefinitionStmt","Local","InstanceFieldRef","RefType","RefType","Local","RefType","org","apache","xerces","validators","datatype","Datatype","Message","Provider","org","apache","xerces","validators","datatype","Datatype","Message","Provider","RefType","org","apache","xerces","validators","datatype","Datatype","Message","Provider","org","apache","xerces","validators","datatype","I","D","R","E","F","Datatype","Validator"],"edges":[[0,1],[1,2],[1,3],[2,4],[3,5],[3,6],[3,7],[4,8],[4,9],[4,10],[4,11],[4,12],[4,13],[4,14],[4,15],[5,16],[5,17],[5,18],[5,19],[5,20],[5,21],[5,22],[5,23],[6,24],[7,25],[7,26],[7,27],[7,28],[7,29],[7,30],[7,31],[7,32],[24,33],[24,34],[24,35],[24,36],[24,37],[24,38],[24,39],[24,40],[24,41],[24,42],[24,43],[24,44]],"ID":3},{"def":["$r2"],"use":["r0.\u003corg.apache.xerces.validators.datatype.IDREFDatatypeValidator: java.util.Locale fLocale\u003e","r0"],"callees":[],"nodes":["CompoundStmt","DefinitionStmt","Local","InstanceFieldRef","RefType","RefType","Local","RefType","java","util","Locale","java","util","Locale","RefType","java","util","Locale","org","apache","xerces","validators","datatype","I","D","R","E","F","Datatype","Validator"],"edges":[[0,1],[1,2],[1,3],[2,4],[3,5],[3,6],[3,7],[4,8],[4,9],[4,10],[5,11],[5,12],[5,13],[6,14],[7,15],[7,16],[7,17],[14,18],[14,19],[14,20],[14,21],[14,22],[14,23],[14,24],[14,25],[14,26],[14,27],[14,28],[14,29]],"ID":4},{"def":["$r4"],"use":["$r2","$r3","i0","i1","r1"],"callees":["createMessage"],"nodes":["CompoundStmt","DefinitionStmt","Local","Invoke","RefType","java","lang","String"],"edges":[[0,1],[1,2],[1,3],[2,4],[4,5],[4,6],[4,7]],"ID":5},{"def":[],"use":["$r4"],"callees":[],"nodes":["CompoundStmt","ReturnStmt","Local","RefType","java","lang","String"],"edges":[[0,1],[1,2],[2,3],[3,4],[3,5],[3,6]],"ID":6},{"def":["$r5","$r6","$r7","$r8"],"use":["@caughtexception","$r6","i1","$r7","$r8"],"callees":[],"nodes":["CompoundStmt","DefinitionStmt","DefinitionStmt","Invoke","DefinitionStmt","DefinitionStmt","ReturnStmt","Local","CaughtException","Local","NewExpr","Local","Invoke","Local","Invoke","Local","RefType","RefType","RefType","RefType","RefType","RefType","RefType","java","lang","Exception","java","lang","Throwable","java","lang","String","Buffer","java","lang","String","Buffer","java","lang","String","Buffer","java","lang","String","java","lang","String"],"edges":[[0,1],[0,2],[0,3],[0,4],[0,5],[0,6],[1,7],[1,8],[2,9],[2,10],[4,11],[4,12],[5,13],[5,14],[6,15],[7,16],[8,17],[9,18],[10,19],[11,20],[13,21],[15,22],[16,23],[16,24],[16,25],[17,26],[17,27],[17,28],[18,29],[18,30],[18,31],[18,32],[19,33],[19,34],[19,35],[19,36],[20,37],[20,38],[20,39],[20,40],[21,41],[21,42],[21,43],[22,44],[22,45],[22,46]],"ID":7}],"edgeSet":[[4,7,5],[5,7,5],[6,1,0],[7,1,0],[0,2,0],[2,3,0],[3,4,0],[4,5,0],[5,6,0],[2,7,5],[3,7,5]],"ENTRY":{"def":[],"use":[],"callees":[],"nodes":["CompoundStmt"],"edges":[],"ID":0},"EXIT":{"def":[],"use":[],"callees":[],"nodes":["CompoundStmt"],"edges":[],"ID":1},"method_name":"getErrorString"},{"blocks":[{"def":[],"use":[],"callees":[],"nodes":["CompoundStmt"],"edges":[],"ID":0},{"def":[],"use":[],"callees":[],"nodes":["CompoundStmt"],"edges":[],"ID":1},{"def":["r0"],"use":["@this: org.apache.xerces.validators.datatype.IDREFDatatypeValidator"],"callees":[],"nodes":["CompoundStmt","DefinitionStmt","ReturnStmt","Local","ThisRef","Constant","RefType","RefType","Null","org","apache","xerces","validators","datatype","I","D","R","E","F","Datatype","Validator","org","apache","xerces","validators","datatype","I","D","R","E","F","Datatype","Validator"],"edges":[[0,1],[0,2],[1,3],[1,4],[2,5],[3,6],[4,7],[5,8],[6,9],[6,10],[6,11],[6,12],[6,13],[6,14],[6,15],[6,16],[6,17],[6,18],[6,19],[6,20],[7,21],[7,22],[7,23],[7,24],[7,25],[7,26],[7,27],[7,28],[7,29],[7,30],[7,31],[7,32]],"ID":2}],"edgeSet":[[0,2,0],[2,1,0]],"ENTRY":{"def":[],"use":[],"callees":[],"nodes":["CompoundStmt"],"edges":[],"ID":0},"EXIT":{"def":[],"use":[],"callees":[],"nodes":["CompoundStmt"],"edges":[],"ID":1},"method_name":"getFacets"},{"blocks":[{"def":[],"use":[],"callees":[],"nodes":["CompoundStmt"],"edges":[],"ID":0},{"def":[],"use":[],"callees":[],"nodes":["CompoundStmt"],"edges":[],"ID":1},{"def":["r0.\u003corg.apache.xerces.validators.datatype.IDREFDatatypeValidator: org.apache.xerces.validators.datatype.DatatypeValidator fBaseValidator\u003e","r0","r1"],"use":["@this: org.apache.xerces.validators.datatype.IDREFDatatypeValidator","@parameter0: org.apache.xerces.validators.datatype.DatatypeValidator","r0","r1"],"callees":[],"nodes":["CompoundStmt","DefinitionStmt","DefinitionStmt","DefinitionStmt","ReturnVoidStmt","Local","ThisRef","Local","Param","InstanceFieldRef","Local","RefType","RefType","RefType","RefType","RefType","Local","RefType","RefType","org","apache","xerces","validators","datatype","I","D","R","E","F","Datatype","Validator","org","apache","xerces","validators","datatype","I","D","R","E","F","Datatype","Validator","org","apache","xerces","validators","datatype","Datatype","Validator","org","apache","xerces","validators","datatype","Datatype","Validator","org","apache","xerces","validators","datatype","Datatype","Validator","RefType","org","apache","xerces","validators","datatype","Datatype","Validator","org","apache","xerces","validators","datatype","Datatype","Validator","org","apache","xerces","validators","datatype","I","D","R","E","F","Datatype","Validator"],"edges":[[0,1],[0,2],[0,3],[0,4],[1,5],[1,6],[2,7],[2,8],[3,9],[3,10],[5,11],[6,12],[7,13],[8,14],[9,15],[9,16],[9,17],[10,18],[11,19],[11,20],[11,21],[11,22],[11,23],[11,24],[11,25],[11,26],[11,27],[11,28],[11,29],[11,30],[12,31],[12,32],[12,33],[12,34],[12,35],[12,36],[12,37],[12,38],[12,39],[12,40],[12,41],[12,42],[13,43],[13,44],[13,45],[13,46],[13,47],[13,48],[13,49],[14,50],[14,51],[14,52],[14,53],[14,54],[14,55],[14,56],[15,57],[15,58],[15,59],[15,60],[15,61],[15,62],[15,63],[16,64],[17,65],[17,66],[17,67],[17,68],[17,69],[17,70],[17,71],[18,72],[18,73],[18,74],[18,75],[18,76],[18,77],[18,78],[64,79],[64,80],[64,81],[64,82],[64,83],[64,84],[64,85],[64,86],[64,87],[64,88],[64,89],[64,90]],"ID":2}],"edgeSet":[[0,2,0],[2,1,0]],"ENTRY":{"def":[],"use":[],"callees":[],"nodes":["CompoundStmt"],"edges":[],"ID":0},"EXIT":{"def":[],"use":[],"callees":[],"nodes":["CompoundStmt"],"edges":[],"ID":1},"method_name":"setBasetype"},{"blocks":[{"def":[],"use":[],"callees":[],"nodes":["CompoundStmt"],"edges":[],"ID":0},{"def":[],"use":[],"callees":[],"nodes":["CompoundStmt"],"edges":[],"ID":1},{"def":["r0.\u003corg.apache.xerces.validators.datatype.IDREFDatatypeValidator: java.util.Locale fLocale\u003e","r0","r1"],"use":["@this: org.apache.xerces.validators.datatype.IDREFDatatypeValidator","@parameter0: java.util.Locale","r0","r1"],"callees":[],"nodes":["CompoundStmt","DefinitionStmt","DefinitionStmt","DefinitionStmt","ReturnVoidStmt","Local","ThisRef","Local","Param","InstanceFieldRef","Local","RefType","RefType","RefType","RefType","RefType","Local","RefType","RefType","org","apache","xerces","validators","datatype","I","D","R","E","F","Datatype","Validator","org","apache","xerces","validators","datatype","I","D","R","E","F","Datatype","Validator","java","util","Locale","java","util","Locale","java","util","Locale","RefType","java","util","Locale","java","util","Locale","org","apache","xerces","validators","datatype","I","D","R","E","F","Datatype","Validator"],"edges":[[0,1],[0,2],[0,3],[0,4],[1,5],[1,6],[2,7],[2,8],[3,9],[3,10],[5,11],[6,12],[7,13],[8,14],[9,15],[9,16],[9,17],[10,18],[11,19],[11,20],[11,21],[11,22],[11,23],[11,24],[11,25],[11,26],[11,27],[11,28],[11,29],[11,30],[12,31],[12,32],[12,33],[12,34],[12,35],[12,36],[12,37],[12,38],[12,39],[12,40],[12,41],[12,42],[13,43],[13,44],[13,45],[14,46],[14,47],[14,48],[15,49],[15,50],[15,51],[16,52],[17,53],[17,54],[17,55],[18,56],[18,57],[18,58],[52,59],[52,60],[52,61],[52,62],[52,63],[52,64],[52,65],[52,66],[52,67],[52,68],[52,69],[52,70]],"ID":2}],"edgeSet":[[0,2,0],[2,1,0]],"ENTRY":{"def":[],"use":[],"callees":[],"nodes":["CompoundStmt"],"edges":[],"ID":0},"EXIT":{"def":[],"use":[],"callees":[],"nodes":["CompoundStmt"],"edges":[],"ID":1},"method_name":"setLocale"},{"blocks":[{"def":[],"use":[],"callees":[],"nodes":["CompoundStmt"],"edges":[],"ID":0},{"def":[],"use":[],"callees":[],"nodes":["CompoundStmt"],"edges":[],"ID":1},{"def":["r2","$z0","r0","r1"],"use":["@this: org.apache.xerces.validators.datatype.IDREFDatatypeValidator","@parameter1: java.lang.Object","$z0","@parameter0: java.lang.String","r0.\u003corg.apache.xerces.validators.datatype.IDREFDatatypeValidator: boolean fDerivedByList\u003e","r0"],"callees":[],"nodes":["CompoundStmt","DefinitionStmt","DefinitionStmt","DefinitionStmt","DefinitionStmt","IfStmt","Local","ThisRef","Local","Param","Local","Param","Local","InstanceFieldRef","BinaryOp","RefType","RefType","RefType","RefType","RefType","RefType","Boolean","Boolean","Local","Boolean","Local"," !\u003d ","Constant","org","apache","xerces","validators","datatype","I","D","R","E","F","Datatype","Validator","org","apache","xerces","validators","datatype","I","D","R","E","F","Datatype","Validator","java","lang","String","java","lang","String","java","lang","Object","java","lang","Object","RefType","Boolean","0","Int","org","apache","xerces","validators","datatype","I","D","R","E","F","Datatype","Validator"],"edges":[[0,1],[0,2],[0,3],[0,4],[0,5],[1,6],[1,7],[2,8],[2,9],[3,10],[3,11],[4,12],[4,13],[5,14],[6,15],[7,16],[8,17],[9,18],[10,19],[11,20],[12,21],[13,22],[13,23],[13,24],[14,25],[14,26],[14,27],[15,28],[15,29],[15,30],[15,31],[15,32],[15,33],[15,34],[15,35],[15,36],[15,37],[15,38],[15,39],[16,40],[16,41],[16,42],[16,43],[16,44],[16,45],[16,46],[16,47],[16,48],[16,49],[16,50],[16,51],[17,52],[17,53],[17,54],[18,55],[18,56],[18,57],[19,58],[19,59],[19,60],[20,61],[20,62],[20,63],[23,64],[25,65],[27,66],[27,67],[64,68],[64,69],[64,70],[64,71],[64,72],[64,73],[64,74],[64,75],[64,76],[64,77],[64,78],[64,79]],"ID":2},{"def":[],"use":["r2"],"callees":[],"nodes":["CompoundStmt","IfStmt","BinaryOp","Local"," \u003d\u003d ","Constant","RefType","Null","java","lang","Object"],"edges":[[0,1],[1,2],[2,3],[2,4],[2,5],[3,6],[5,7],[6,8],[6,9],[6,10]],"ID":3},{"def":["r21","$i3"],"use":["r2","r21","$i3"],"callees":[],"nodes":["CompoundStmt","DefinitionStmt","DefinitionStmt","IfStmt","Local","CastExpr","Local","Invoke","BinaryOp","RefType","RefType","RefType","Local","Int","Local"," !\u003d ","Constant","org","apache","xerces","validators","datatype","State","Message","Datatype","org","apache","xerces","validators","datatype","State","Message","Datatype","org","apache","xerces","validators","datatype","State","Message","Datatype","RefType","Int","1","Int","java","lang","Object"],"edges":[[0,1],[0,2],[0,3],[1,4],[1,5],[2,6],[2,7],[3,8],[4,9],[5,10],[5,11],[5,12],[6,13],[8,14],[8,15],[8,16],[9,17],[9,18],[9,19],[9,20],[9,21],[9,22],[9,23],[9,24],[10,25],[10,26],[10,27],[10,28],[10,29],[10,30],[10,31],[10,32],[11,33],[11,34],[11,35],[11,36],[11,37],[11,38],[11,39],[11,40],[12,41],[14,42],[16,43],[16,44],[41,45],[41,46],[41,47]],"ID":4},{"def":["$r17"],"use":["$r17","r0.\u003corg.apache.xerces.validators.datatype.IDREFDatatypeValidator: java.util.Hashtable fTableOfId\u003e","r0"],"callees":[],"nodes":["CompoundStmt","DefinitionStmt","IfStmt","Local","InstanceFieldRef","BinaryOp","RefType","RefType","Local","RefType","Local"," \u003d\u003d ","Constant","java","util","Hashtable","java","util","Hashtable","RefType","java","util","Hashtable","RefType","Null","org","apache","xerces","validators","datatype","I","D","R","E","F","Datatype","Validator","java","util","Hashtable"],"edges":[[0,1],[0,2],[1,3],[1,4],[2,5],[3,6],[4,7],[4,8],[4,9],[5,10],[5,11],[5,12],[6,13],[6,14],[6,15],[7,16],[7,17],[7,18],[8,19],[9,20],[9,21],[9,22],[10,23],[12,24],[19,25],[19,26],[19,27],[19,28],[19,29],[19,30],[19,31],[19,32],[19,33],[19,34],[19,35],[19,36],[23,37],[23,38],[23,39]],"ID":5},{"def":["$r18","$r20"],"use":["r0.\u003corg.apache.xerces.validators.datatype.IDREFDatatypeValidator: java.util.Hashtable fTableIDRefs\u003e","$r18","r0.\u003corg.apache.xerces.validators.datatype.IDREFDatatypeValidator: java.util.Hashtable fTableOfId\u003e","r0","$r20"],"callees":[],"nodes":["CompoundStmt","DefinitionStmt","Invoke","DefinitionStmt","IfStmt","Local","InstanceFieldRef","Local","InstanceFieldRef","BinaryOp","RefType","RefType","Local","RefType","RefType","RefType","Local","RefType","Local"," \u003d\u003d ","Constant","java","util","Hashtable","java","util","Hashtable","RefType","java","util","Hashtable","java","util","Hashtable","java","util","Hashtable","RefType","java","util","Hashtable","RefType","Null","org","apache","xerces","validators","datatype","I","D","R","E","F","Datatype","Validator","org","apache","xerces","validators","datatype","I","D","R","E","F","Datatype","Validator","java","util","Hashtable"],"edges":[[0,1],[0,2],[0,3],[0,4],[1,5],[1,6],[3,7],[3,8],[4,9],[5,10],[6,11],[6,12],[6,13],[7,14],[8,15],[8,16],[8,17],[9,18],[9,19],[9,20],[10,21],[10,22],[10,23],[11,24],[11,25],[11,26],[12,27],[13,28],[13,29],[13,30],[14,31],[14,32],[14,33],[15,34],[15,35],[15,36],[16,37],[17,38],[17,39],[17,40],[18,41],[20,42],[27,43],[27,44],[27,45],[27,46],[27,47],[27,48],[27,49],[27,50],[27,51],[27,52],[27,53],[27,54],[37,55],[37,56],[37,57],[37,58],[37,59],[37,60],[37,61],[37,62],[37,63],[37,64],[37,65],[37,66],[41,67],[41,68],[41,69]],"ID":6},{"def":["$r19"],"use":["r0.\u003corg.apache.xerces.validators.datatype.IDREFDatatypeValidator: java.util.Hashtable fTableIDRefs\u003e","$r19","r0"],"callees":[],"nodes":["CompoundStmt","DefinitionStmt","Invoke","ReturnStmt","Local","InstanceFieldRef","Constant","RefType","RefType","Local","RefType","Null","java","util","Hashtable","java","util","Hashtable","RefType","java","util","Hashtable","org","apache","xerces","validators","datatype","I","D","R","E","F","Datatype","Validator"],"edges":[[0,1],[0,2],[0,3],[1,4],[1,5],[3,6],[4,7],[5,8],[5,9],[5,10],[6,11],[7,12],[7,13],[7,14],[8,15],[8,16],[8,17],[9,18],[10,19],[10,20],[10,21],[18,22],[18,23],[18,24],[18,25],[18,26],[18,27],[18,28],[18,29],[18,30],[18,31],[18,32],[18,33]],"ID":7},{"def":["$i4"],"use":["r21","$i4"],"callees":[],"nodes":["CompoundStmt","DefinitionStmt","IfStmt","Local","Invoke","BinaryOp","Int","Local"," !\u003d ","Constant","Int","2","Int"],"edges":[[0,1],[0,2],[1,3],[1,4],[2,5],[3,6],[5,7],[5,8],[5,9],[7,10],[9,11],[9,12]],"ID":8},{"def":[],"use":["r0"],"callees":["checkIdRefs"],"nodes":["CompoundStmt","Invoke","GotoStmt","ReturnStmt","Constant","Null"],"edges":[[0,1],[0,2],[0,3],[3,4],[4,5]],"ID":9},{"def":["$i5"],"use":["r21","$i5"],"callees":[],"nodes":["CompoundStmt","DefinitionStmt","IfStmt","Local","Invoke","BinaryOp","Int","Local"," !\u003d ","Constant","Int","0","Int"],"edges":[[0,1],[0,2],[1,3],[1,4],[2,5],[3,6],[5,7],[5,8],[5,9],[7,10],[9,11],[9,12]],"ID":10},{"def":["$r15","$r14","$z1","r0.\u003corg.apache.xerces.validators.datatype.IDREFDatatypeValidator: java.util.Hashtable fTableOfId\u003e"],"use":["r21","$r15","$r14","$z1","r0","r1"],"callees":[],"nodes":["CompoundStmt","DefinitionStmt","DefinitionStmt","DefinitionStmt","DefinitionStmt","IfStmt","Local","Invoke","Local","CastExpr","InstanceFieldRef","Local","Local","Invoke","BinaryOp","RefType","RefType","RefType","RefType","Local","RefType","Local","RefType","RefType","Boolean","Local"," !\u003d ","Constant","java","lang","Object","java","util","Hashtable","java","util","Hashtable","java","util","Hashtable","RefType","java","util","Hashtable","RefType","java","util","Hashtable","java","util","Hashtable","Boolean","0","Int","java","lang","Object","org","apache","xerces","validators","datatype","I","D","R","E","F","Datatype","Validator"],"edges":[[0,1],[0,2],[0,3],[0,4],[0,5],[1,6],[1,7],[2,8],[2,9],[3,10],[3,11],[4,12],[4,13],[5,14],[6,15],[8,16],[9,17],[9,18],[9,19],[10,20],[10,21],[10,22],[11,23],[12,24],[14,25],[14,26],[14,27],[15,28],[15,29],[15,30],[16,31],[16,32],[16,33],[17,34],[17,35],[17,36],[18,37],[18,38],[18,39],[19,40],[20,41],[20,42],[20,43],[21,44],[22,45],[22,46],[22,47],[23,48],[23,49],[23,50],[25,51],[27,52],[27,53],[40,54],[40,55],[40,56],[44,57],[44,58],[44,59],[44,60],[44,61],[44,62],[44,63],[44,64],[44,65],[44,66],[44,67],[44,68]],"ID":11},{"def":["$r16","r22"],"use":["$r16","r22"],"callees":["\u003cinit\u003e","setMinorCode","setMajorCode"],"nodes":["CompoundStmt","DefinitionStmt","Invoke","DefinitionStmt","Invoke","Invoke","ThrowStmt","Local","NewExpr","Local","Local","Local","RefType","RefType","RefType","RefType","RefType","org","apache","xerces","validators","datatype","Invalid","Datatype","Value","Exception","org","apache","xerces","validators","datatype","Invalid","Datatype","Value","Exception","org","apache","xerces","validators","datatype","Invalid","Datatype","Value","Exception","org","apache","xerces","validators","datatype","Invalid","Datatype","Value","Exception","org","apache","xerces","validators","datatype","Invalid","Datatype","Value","Exception"],"edges":[[0,1],[0,2],[0,3],[0,4],[0,5],[0,6],[1,7],[1,8],[3,9],[3,10],[6,11],[7,12],[8,13],[9,14],[10,15],[11,16],[12,17],[12,18],[12,19],[12,20],[12,21],[12,22],[12,23],[12,24],[12,25],[13,26],[13,27],[13,28],[13,29],[13,30],[13,31],[13,32],[13,33],[13,34],[14,35],[14,36],[14,37],[14,38],[14,39],[14,40],[14,41],[14,42],[14,43],[15,44],[15,45],[15,46],[15,47],[15,48],[15,49],[15,50],[15,51],[15,52],[16,53],[16,54],[16,55],[16,56],[16,57],[16,58],[16,59],[16,60],[16,61]],"ID":12},{"def":[],"use":["r2","r0","r1"],"callees":["addIdRef"],"nodes":["CompoundStmt","Invoke","GotoStmt"],"edges":[[0,1],[0,2]],"ID":13},{"def":[],"use":["r2"],"callees":[],"nodes":["CompoundStmt","IfStmt","BinaryOp","Local"," \u003d\u003d ","Constant","RefType","Null","java","lang","Object"],"edges":[[0,1],[1,2],[2,3],[2,4],[2,5],[3,6],[5,7],[6,8],[6,9],[6,10]],"ID":14},{"def":["r23","$i0"],"use":["r2","r23","$i0"],"callees":[],"nodes":["CompoundStmt","DefinitionStmt","DefinitionStmt","IfStmt","Local","CastExpr","Local","Invoke","BinaryOp","RefType","RefType","RefType","Local","Int","Local"," !\u003d ","Constant","org","apache","xerces","validators","datatype","State","Message","Datatype","org","apache","xerces","validators","datatype","State","Message","Datatype","org","apache","xerces","validators","datatype","State","Message","Datatype","RefType","Int","1","Int","java","lang","Object"],"edges":[[0,1],[0,2],[0,3],[1,4],[1,5],[2,6],[2,7],[3,8],[4,9],[5,10],[5,11],[5,12],[6,13],[8,14],[8,15],[8,16],[9,17],[9,18],[9,19],[9,20],[9,21],[9,22],[9,23],[9,24],[10,25],[10,26],[10,27],[10,28],[10,29],[10,30],[10,31],[10,32],[11,33],[11,34],[11,35],[11,36],[11,37],[11,38],[11,39],[11,40],[12,41],[14,42],[16,43],[16,44],[41,45],[41,46],[41,47]],"ID":15},{"def":["$r10"],"use":["r0.\u003corg.apache.xerces.validators.datatype.IDREFDatatypeValidator: java.util.Hashtable fTableOfId\u003e","r0","$r10"],"callees":[],"nodes":["CompoundStmt","DefinitionStmt","IfStmt","Local","InstanceFieldRef","BinaryOp","RefType","RefType","Local","RefType","Local"," \u003d\u003d ","Constant","java","util","Hashtable","java","util","Hashtable","RefType","java","util","Hashtable","RefType","Null","org","apache","xerces","validators","datatype","I","D","R","E","F","Datatype","Validator","java","util","Hashtable"],"edges":[[0,1],[0,2],[1,3],[1,4],[2,5],[3,6],[4,7],[4,8],[4,9],[5,10],[5,11],[5,12],[6,13],[6,14],[6,15],[7,16],[7,17],[7,18],[8,19],[9,20],[9,21],[9,22],[10,23],[12,24],[19,25],[19,26],[19,27],[19,28],[19,29],[19,30],[19,31],[19,32],[19,33],[19,34],[19,35],[19,36],[23,37],[23,38],[23,39]],"ID":16},{"def":["$r13","$r11"],"use":["$r13","r0.\u003corg.apache.xerces.validators.datatype.IDREFDatatypeValidator: java.util.Hashtable fTableIDRefs\u003e","$r11","r0.\u003corg.apache.xerces.validators.datatype.IDREFDatatypeValidator: java.util.Hashtable fTableOfId\u003e","r0"],"callees":[],"nodes":["CompoundStmt","DefinitionStmt","Invoke","DefinitionStmt","IfStmt","Local","InstanceFieldRef","Local","InstanceFieldRef","BinaryOp","RefType","RefType","Local","RefType","RefType","RefType","Local","RefType","Local"," \u003d\u003d ","Constant","java","util","Hashtable","java","util","Hashtable","RefType","java","util","Hashtable","java","util","Hashtable","java","util","Hashtable","RefType","java","util","Hashtable","RefType","Null","org","apache","xerces","validators","datatype","I","D","R","E","F","Datatype","Validator","org","apache","xerces","validators","datatype","I","D","R","E","F","Datatype","Validator","java","util","Hashtable"],"edges":[[0,1],[0,2],[0,3],[0,4],[1,5],[1,6],[3,7],[3,8],[4,9],[5,10],[6,11],[6,12],[6,13],[7,14],[8,15],[8,16],[8,17],[9,18],[9,19],[9,20],[10,21],[10,22],[10,23],[11,24],[11,25],[11,26],[12,27],[13,28],[13,29],[13,30],[14,31],[14,32],[14,33],[15,34],[15,35],[15,36],[16,37],[17,38],[17,39],[17,40],[18,41],[20,42],[27,43],[27,44],[27,45],[27,46],[27,47],[27,48],[27,49],[27,50],[27,51],[27,52],[27,53],[27,54],[37,55],[37,56],[37,57],[37,58],[37,59],[37,60],[37,61],[37,62],[37,63],[37,64],[37,65],[37,66],[41,67],[41,68],[41,69]],"ID":17},{"def":["$r12"],"use":["r0.\u003corg.apache.xerces.validators.datatype.IDREFDatatypeValidator: java.util.Hashtable fTableIDRefs\u003e","$r12","r0"],"callees":[],"nodes":["CompoundStmt","DefinitionStmt","Invoke","ReturnStmt","Local","InstanceFieldRef","Constant","RefType","RefType","Local","RefType","Null","java","util","Hashtable","java","util","Hashtable","RefType","java","util","Hashtable","org","apache","xerces","validators","datatype","I","D","R","E","F","Datatype","Validator"],"edges":[[0,1],[0,2],[0,3],[1,4],[1,5],[3,6],[4,7],[5,8],[5,9],[5,10],[6,11],[7,12],[7,13],[7,14],[8,15],[8,16],[8,17],[9,18],[10,19],[10,20],[10,21],[18,22],[18,23],[18,24],[18,25],[18,26],[18,27],[18,28],[18,29],[18,30],[18,31],[18,32],[18,33]],"ID":18},{"def":["$i1"],"use":["r23","$i1"],"callees":[],"nodes":["CompoundStmt","DefinitionStmt","IfStmt","Local","Invoke","BinaryOp","Int","Local"," !\u003d ","Constant","Int","2","Int"],"edges":[[0,1],[0,2],[1,3],[1,4],[2,5],[3,6],[5,7],[5,8],[5,9],[7,10],[9,11],[9,12]],"ID":19},{"def":[],"use":["r0"],"callees":["checkIdRefs"],"nodes":["CompoundStmt","Invoke","GotoStmt"],"edges":[[0,1],[0,2]],"ID":20},{"def":["$i2"],"use":["r23","$i2"],"callees":[],"nodes":["CompoundStmt","DefinitionStmt","IfStmt","Local","Invoke","BinaryOp","Int","Local"," !\u003d ","Constant","Int","0","Int"],"edges":[[0,1],[0,2],[1,3],[1,4],[2,5],[3,6],[5,7],[5,8],[5,9],[7,10],[9,11],[9,12]],"ID":21},{"def":["r24","$r4","$r5","$r6","$z2","r0.\u003corg.apache.xerces.validators.datatype.IDREFDatatypeValidator: java.util.Hashtable fTableOfId\u003e"],"use":["r23","r24","$r4","$r5","$r6","$z2","r0","r1"],"callees":[],"nodes":["CompoundStmt","DefinitionStmt","Invoke","DefinitionStmt","DefinitionStmt","DefinitionStmt","DefinitionStmt","GotoStmt","DefinitionStmt","IfStmt","Local","NewExpr","Local","Local","Local","Invoke","Local","CastExpr","InstanceFieldRef","Local","Local","Invoke","BinaryOp","RefType","RefType","RefType","RefType","RefType","RefType","RefType","RefType","Local","RefType","Local","RefType","RefType","Boolean","Local"," !\u003d ","Constant","java","util","String","Tokenizer","java","util","String","Tokenizer","java","util","String","Tokenizer","java","util","String","Tokenizer","java","lang","Object","java","util","Hashtable","java","util","Hashtable","java","util","Hashtable","RefType","java","util","Hashtable","RefType","java","util","Hashtable","java","util","Hashtable","Boolean","0","Int","java","lang","Object","org","apache","xerces","validators","datatype","I","D","R","E","F","Datatype","Validator"],"edges":[[0,1],[0,2],[0,3],[0,4],[0,5],[0,6],[0,7],[0,8],[0,9],[1,10],[1,11],[3,12],[3,13],[4,14],[4,15],[5,16],[5,17],[6,18],[6,19],[8,20],[8,21],[9,22],[10,23],[11,24],[12,25],[13,26],[14,27],[16,28],[17,29],[17,30],[17,31],[18,32],[18,33],[18,34],[19,35],[20,36],[22,37],[22,38],[22,39],[23,40],[23,41],[23,42],[23,43],[24,44],[24,45],[24,46],[24,47],[25,48],[25,49],[25,50],[25,51],[26,52],[26,53],[26,54],[26,55],[27,56],[27,57],[27,58],[28,59],[28,60],[28,61],[29,62],[29,63],[29,64],[30,65],[30,66],[30,67],[31,68],[32,69],[32,70],[32,71],[33,72],[34,73],[34,74],[34,75],[35,76],[35,77],[35,78],[37,79],[39,80],[39,81],[68,82],[68,83],[68,84],[72,85],[72,86],[72,87],[72,88],[72,89],[72,90],[72,91],[72,92],[72,93],[72,94],[72,95],[72,96]],"ID":22},{"def":["r3","$r7"],"use":["r0.\u003corg.apache.xerces.validators.datatype.IDREFDatatypeValidator: org.apache.xerces.validators.datatype.DatatypeValidator fBaseValidator\u003e","r24","$r7","r0"],"callees":[],"nodes":["CompoundStmt","DefinitionStmt","DefinitionStmt","IfStmt","Local","Invoke","Local","InstanceFieldRef","BinaryOp","RefType","RefType","RefType","Local","RefType","Local"," \u003d\u003d ","Constant","java","lang","String","org","apache","xerces","validators","datatype","Datatype","Validator","org","apache","xerces","validators","datatype","Datatype","Validator","RefType","org","apache","xerces","validators","datatype","Datatype","Validator","RefType","Null","org","apache","xerces","validators","datatype","I","D","R","E","F","Datatype","Validator","org","apache","xerces","validators","datatype","Datatype","Validator"],"edges":[[0,1],[0,2],[0,3],[1,4],[1,5],[2,6],[2,7],[3,8],[4,9],[6,10],[7,11],[7,12],[7,13],[8,14],[8,15],[8,16],[9,17],[9,18],[9,19],[10,20],[10,21],[10,22],[10,23],[10,24],[10,25],[10,26],[11,27],[11,28],[11,29],[11,30],[11,31],[11,32],[11,33],[12,34],[13,35],[13,36],[13,37],[13,38],[13,39],[13,40],[13,41],[14,42],[16,43],[34,44],[34,45],[34,46],[34,47],[34,48],[34,49],[34,50],[34,51],[34,52],[34,53],[34,54],[34,55],[42,56],[42,57],[42,58],[42,59],[42,60],[42,61],[42,62]],"ID":23},{"def":["$r8"],"use":["r2","r0.\u003corg.apache.xerces.validators.datatype.IDREFDatatypeValidator: org.apache.xerces.validators.datatype.DatatypeValidator fBaseValidator\u003e","r3","$r8","r0"],"callees":["addIdRef","validate"],"nodes":["CompoundStmt","DefinitionStmt","Invoke","Invoke","Local","InstanceFieldRef","RefType","RefType","Local","RefType","org","apache","xerces","validators","datatype","Datatype","Validator","org","apache","xerces","validators","datatype","Datatype","Validator","RefType","org","apache","xerces","validators","datatype","Datatype","Validator","org","apache","xerces","validators","datatype","I","D","R","E","F","Datatype","Validator"],"edges":[[0,1],[0,2],[0,3],[1,4],[1,5],[4,6],[5,7],[5,8],[5,9],[6,10],[6,11],[6,12],[6,13],[6,14],[6,15],[6,16],[7,17],[7,18],[7,19],[7,20],[7,21],[7,22],[7,23],[8,24],[9,25],[9,26],[9,27],[9,28],[9,29],[9,30],[9,31],[24,32],[24,33],[24,34],[24,35],[24,36],[24,37],[24,38],[24,39],[24,40],[24,41],[24,42],[24,43]],"ID":24}],"edgeSet":[[24,22,0],[3,9,2],[15,19,2],[8,9,1],[2,3,1],[4,5,1],[6,7,1],[10,11,1],[11,13,2],[14,15,1],[16,17,1],[19,21,2],[6,7,2],[16,17,2],[22,23,2],[10,9,2],[13,9,0],[7,1,0],[14,9,2],[9,1,0],[12,1,0],[20,9,0],[21,9,2],[22,9,1],[18,1,0],[2,14,2],[0,2,0],[4,8,2],[11,12,1],[3,4,1],[5,6,1],[8,10,2],[15,16,1],[17,18,1],[19,20,1],[21,22,1],[23,24,1],[5,6,2],[17,18,2],[23,24,2]],"ENTRY":{"def":[],"use":[],"callees":[],"nodes":["CompoundStmt"],"edges":[],"ID":0},"EXIT":{"def":[],"use":[],"callees":[],"nodes":["CompoundStmt"],"edges":[],"ID":1},"method_name":"validate"}],"label":"0"}