{"data":[{"blocks":[{"def":[],"use":[],"callees":[],"nodes":["CompoundStmt"],"edges":[],"ID":0},{"def":[],"use":[],"callees":[],"nodes":["CompoundStmt"],"edges":[],"ID":1},{"def":["parameter0","$r0","this","parameter6","parameter5","parameter4","parameter3","parameter2","parameter1"],"use":["@parameter1: boolean","$r0","@parameter5: java.lang.String","@parameter6: java.lang.String","@parameter3: org.w3c.dom.Node","@this: org.w3c.dom.events.MutationEvent","@parameter0: java.lang.String","@parameter2: boolean","@parameter4: java.lang.String"],"callees":[],"nodes":["CompoundStmt","DefinitionStmt","DefinitionStmt","DefinitionStmt","DefinitionStmt","DefinitionStmt","DefinitionStmt","DefinitionStmt","DefinitionStmt","DefinitionStmt","Invoke","ThrowStmt","Local","ThisRef","Local","Param","Local","Param","Local","Param","Local","Param","Local","Param","Local","Param","Local","Param","Local","NewExpr","Local","RefType","RefType","RefType","RefType","Boolean","Boolean","Boolean","Boolean","RefType","RefType","RefType","RefType","RefType","RefType","RefType","RefType","RefType","RefType","RefType","org","w3c","dom","events","Mutation","Event","org","w3c","dom","events","Mutation","Event","java","lang","String","java","lang","String","org","w3c","dom","Node","org","w3c","dom","Node","java","lang","String","java","lang","String","java","lang","String","java","lang","String","java","lang","String","java","lang","String","java","lang","Error","java","lang","Error","java","lang","Error"],"edges":[[0,1],[0,2],[0,3],[0,4],[0,5],[0,6],[0,7],[0,8],[0,9],[0,10],[0,11],[1,12],[1,13],[2,14],[2,15],[3,16],[3,17],[4,18],[4,19],[5,20],[5,21],[6,22],[6,23],[7,24],[7,25],[8,26],[8,27],[9,28],[9,29],[11,30],[12,31],[13,32],[14,33],[15,34],[16,35],[17,36],[18,37],[19,38],[20,39],[21,40],[22,41],[23,42],[24,43],[25,44],[26,45],[27,46],[28,47],[29,48],[30,49],[31,50],[31,51],[31,52],[31,53],[31,54],[31,55],[32,56],[32,57],[32,58],[32,59],[32,60],[32,61],[33,62],[33,63],[33,64],[34,65],[34,66],[34,67],[39,68],[39,69],[39,70],[39,71],[40,72],[40,73],[40,74],[40,75],[41,76],[41,77],[41,78],[42,79],[42,80],[42,81],[43,82],[43,83],[43,84],[44,85],[44,86],[44,87],[45,88],[45,89],[45,90],[46,91],[46,92],[46,93],[47,94],[47,95],[47,96],[48,97],[48,98],[48,99],[49,100],[49,101],[49,102]],"ID":2}],"edgeSet":[[0,2,0],[2,1,0]],"ENTRY":{"def":[],"use":[],"callees":[],"nodes":["CompoundStmt"],"edges":[],"ID":0},"EXIT":{"def":[],"use":[],"callees":[],"nodes":["CompoundStmt"],"edges":[],"ID":1},"method_name":"initMutationEvent"}],"label":"2"}