{"data":[{"blocks":[{"def":[],"use":[],"callees":[],"nodes":["CompoundStmt"],"edges":[],"ID":0},{"def":[],"use":[],"callees":[],"nodes":["CompoundStmt"],"edges":[],"ID":1},{"def":["r2","r0","r1"],"use":["r2","@this: org.apache.html.dom.HTMLTableColElementImpl","@parameter0: org.apache.html.dom.HTMLDocumentImpl","@parameter1: java.lang.String","r0","r1"],"callees":["\u003cinit\u003e"],"nodes":["CompoundStmt","DefinitionStmt","DefinitionStmt","DefinitionStmt","Invoke","ReturnVoidStmt","Local","ThisRef","Local","Param","Local","Param","RefType","RefType","RefType","RefType","RefType","RefType","org","apache","html","dom","H","T","M","L","Table","Col","Element","Impl","org","apache","html","dom","H","T","M","L","Table","Col","Element","Impl","org","apache","html","dom","H","T","M","L","Document","Impl","org","apache","html","dom","H","T","M","L","Document","Impl","java","lang","String","java","lang","String"],"edges":[[0,1],[0,2],[0,3],[0,4],[0,5],[1,6],[1,7],[2,8],[2,9],[3,10],[3,11],[6,12],[7,13],[8,14],[9,15],[10,16],[11,17],[12,18],[12,19],[12,20],[12,21],[12,22],[12,23],[12,24],[12,25],[12,26],[12,27],[12,28],[12,29],[13,30],[13,31],[13,32],[13,33],[13,34],[13,35],[13,36],[13,37],[13,38],[13,39],[13,40],[13,41],[14,42],[14,43],[14,44],[14,45],[14,46],[14,47],[14,48],[14,49],[14,50],[14,51],[15,52],[15,53],[15,54],[15,55],[15,56],[15,57],[15,58],[15,59],[15,60],[15,61],[16,62],[16,63],[16,64],[17,65],[17,66],[17,67]],"ID":2}],"edgeSet":[[0,2,0],[2,1,0]],"ENTRY":{"def":[],"use":[],"callees":[],"nodes":["CompoundStmt"],"edges":[],"ID":0},"EXIT":{"def":[],"use":[],"callees":[],"nodes":["CompoundStmt"],"edges":[],"ID":1},"method_name":"\u003cinit\u003e"},{"blocks":[{"def":[],"use":[],"callees":[],"nodes":["CompoundStmt"],"edges":[],"ID":0},{"def":[],"use":[],"callees":[],"nodes":["CompoundStmt"],"edges":[],"ID":1},{"def":["$r2","$r3","r0","r1"],"use":["$r2","$r3","@this: org.apache.html.dom.HTMLElementImpl","@parameter0: java.lang.String","r0","r1"],"callees":[],"nodes":["CompoundStmt","DefinitionStmt","DefinitionStmt","DefinitionStmt","DefinitionStmt","ReturnStmt","Local","ThisRef","Local","Param","Local","Invoke","Local","Invoke","Local","RefType","RefType","RefType","RefType","RefType","RefType","RefType","org","apache","html","dom","H","T","M","L","Element","Impl","org","apache","html","dom","H","T","M","L","Element","Impl","java","lang","String","java","lang","String","java","lang","String","java","lang","String","java","lang","String"],"edges":[[0,1],[0,2],[0,3],[0,4],[0,5],[1,6],[1,7],[2,8],[2,9],[3,10],[3,11],[4,12],[4,13],[5,14],[6,15],[7,16],[8,17],[9,18],[10,19],[12,20],[14,21],[15,22],[15,23],[15,24],[15,25],[15,26],[15,27],[15,28],[15,29],[15,30],[15,31],[16,32],[16,33],[16,34],[16,35],[16,36],[16,37],[16,38],[16,39],[16,40],[16,41],[17,42],[17,43],[17,44],[18,45],[18,46],[18,47],[19,48],[19,49],[19,50],[20,51],[20,52],[20,53],[21,54],[21,55],[21,56]],"ID":2}],"edgeSet":[[0,2,0],[2,1,0]],"ENTRY":{"def":[],"use":[],"callees":[],"nodes":["CompoundStmt"],"edges":[],"ID":0},"EXIT":{"def":[],"use":[],"callees":[],"nodes":["CompoundStmt"],"edges":[],"ID":1},"method_name":"getAttribute"},{"blocks":[{"def":[],"use":[],"callees":[],"nodes":["CompoundStmt"],"edges":[],"ID":0},{"def":[],"use":[],"callees":[],"nodes":["CompoundStmt"],"edges":[],"ID":1},{"def":["r2","$i0","r0","r1"],"use":["r2","$i0","@this: org.apache.html.dom.HTMLElementImpl","@parameter0: java.lang.String","r1"],"callees":[],"nodes":["CompoundStmt","DefinitionStmt","DefinitionStmt","DefinitionStmt","DefinitionStmt","IfStmt","Local","ThisRef","Local","Param","Local","Invoke","Local","UnaryOp","BinaryOp","RefType","RefType","RefType","RefType","Array","Int","length","Local","Local"," \u003c\u003d ","Constant","org","apache","html","dom","H","T","M","L","Element","Impl","org","apache","html","dom","H","T","M","L","Element","Impl","java","lang","String","java","lang","String","Char","[]","Array","Int","0","Int","Char","[]"],"edges":[[0,1],[0,2],[0,3],[0,4],[0,5],[1,6],[1,7],[2,8],[2,9],[3,10],[3,11],[4,12],[4,13],[5,14],[6,15],[7,16],[8,17],[9,18],[10,19],[12,20],[13,21],[13,22],[14,23],[14,24],[14,25],[15,26],[15,27],[15,28],[15,29],[15,30],[15,31],[15,32],[15,33],[15,34],[15,35],[16,36],[16,37],[16,38],[16,39],[16,40],[16,41],[16,42],[16,43],[16,44],[16,45],[17,46],[17,47],[17,48],[18,49],[18,50],[18,51],[19,52],[19,53],[22,54],[23,55],[25,56],[25,57],[54,58],[54,59]],"ID":2},{"def":["$c1","$c2","r2[0]","i6","$i3"],"use":["r2","$c1","$c2","r2[0]","i6","$i3"],"callees":[],"nodes":["CompoundStmt","DefinitionStmt","DefinitionStmt","DefinitionStmt","DefinitionStmt","GotoStmt","DefinitionStmt","IfStmt","Local","ArrayRef","Local","Invoke","ArrayRef","Local","Local","Constant","Local","UnaryOp","BinaryOp","Char","Char","Local","Constant","Char","Char","Local","Constant","Char","Int","1","Int","Int","length","Local","Local"," \u003c ","Local","Array","0","Int","Array","0","Int","Array","Int","Int","Char","[]","Char","[]","Char","[]"],"edges":[[0,1],[0,2],[0,3],[0,4],[0,5],[0,6],[0,7],[1,8],[1,9],[2,10],[2,11],[3,12],[3,13],[4,14],[4,15],[6,16],[6,17],[7,18],[8,19],[9,20],[9,21],[9,22],[10,23],[12,24],[12,25],[12,26],[13,27],[14,28],[15,29],[15,30],[16,31],[17,32],[17,33],[18,34],[18,35],[18,36],[21,37],[22,38],[22,39],[25,40],[26,41],[26,42],[33,43],[34,44],[36,45],[37,46],[37,47],[40,48],[40,49],[43,50],[43,51]],"ID":3},{"def":["$c4","$c5","r2[i6]","i6"],"use":["r2","$c4","r2[i6]","$c5","i6"],"callees":[],"nodes":["CompoundStmt","DefinitionStmt","DefinitionStmt","DefinitionStmt","DefinitionStmt","Local","ArrayRef","Local","Invoke","ArrayRef","Local","Local","BinaryOp","Char","Char","Local","Local","Char","Char","Local","Local","Char","Int","Local"," + ","Constant","Array","Int","Array","Int","Int","1","Int","Char","[]","Char","[]"],"edges":[[0,1],[0,2],[0,3],[0,4],[1,5],[1,6],[2,7],[2,8],[3,9],[3,10],[4,11],[4,12],[5,13],[6,14],[6,15],[6,16],[7,17],[9,18],[9,19],[9,20],[10,21],[11,22],[12,23],[12,24],[12,25],[15,26],[16,27],[19,28],[20,29],[23,30],[25,31],[25,32],[26,33],[26,34],[28,35],[28,36]],"ID":4},{"def":["$r3"],"use":["r2","$r3"],"callees":[],"nodes":["CompoundStmt","DefinitionStmt","ReturnStmt","Local","Invoke","Local","RefType","RefType","java","lang","String","java","lang","String"],"edges":[[0,1],[0,2],[1,3],[1,4],[2,5],[3,6],[5,7],[6,8],[6,9],[6,10],[7,11],[7,12],[7,13]],"ID":5},{"def":[],"use":["r1"],"callees":[],"nodes":["CompoundStmt","ReturnStmt","Local","RefType","java","lang","String"],"edges":[[0,1],[1,2],[2,3],[3,4],[3,5],[3,6]],"ID":6}],"edgeSet":[[5,1,0],[6,1,0],[0,2,0],[2,6,2],[3,5,1],[2,3,1],[4,3,0],[3,4,2]],"ENTRY":{"def":[],"use":[],"callees":[],"nodes":["CompoundStmt"],"edges":[],"ID":0},"EXIT":{"def":[],"use":[],"callees":[],"nodes":["CompoundStmt"],"edges":[],"ID":1},"method_name":"capitalize"},{"blocks":[{"def":[],"use":[],"callees":[],"nodes":["CompoundStmt"],"edges":[],"ID":0},{"def":[],"use":[],"callees":[],"nodes":["CompoundStmt"],"edges":[],"ID":1},{"def":["$r1","$r2","r0"],"use":["@this: org.apache.html.dom.HTMLTableColElementImpl","$r1","$r2","r0"],"callees":["getAttribute","capitalize"],"nodes":["CompoundStmt","DefinitionStmt","DefinitionStmt","DefinitionStmt","ReturnStmt","Local","ThisRef","Local","Invoke","Local","Invoke","Local","RefType","RefType","RefType","RefType","RefType","org","apache","html","dom","H","T","M","L","Table","Col","Element","Impl","org","apache","html","dom","H","T","M","L","Table","Col","Element","Impl","java","lang","String","java","lang","String","java","lang","String"],"edges":[[0,1],[0,2],[0,3],[0,4],[1,5],[1,6],[2,7],[2,8],[3,9],[3,10],[4,11],[5,12],[6,13],[7,14],[9,15],[11,16],[12,17],[12,18],[12,19],[12,20],[12,21],[12,22],[12,23],[12,24],[12,25],[12,26],[12,27],[12,28],[13,29],[13,30],[13,31],[13,32],[13,33],[13,34],[13,35],[13,36],[13,37],[13,38],[13,39],[13,40],[14,41],[14,42],[14,43],[15,44],[15,45],[15,46],[16,47],[16,48],[16,49]],"ID":2}],"edgeSet":[[0,2,0],[2,1,0]],"ENTRY":{"def":[],"use":[],"callees":[],"nodes":["CompoundStmt"],"edges":[],"ID":0},"EXIT":{"def":[],"use":[],"callees":[],"nodes":["CompoundStmt"],"edges":[],"ID":1},"method_name":"getAlign"},{"blocks":[{"def":[],"use":[],"callees":[],"nodes":["CompoundStmt"],"edges":[],"ID":0},{"def":[],"use":[],"callees":[],"nodes":["CompoundStmt"],"edges":[],"ID":1},{"def":["r0","r1"],"use":["@this: org.apache.html.dom.HTMLTableColElementImpl","r0","r1"],"callees":["getAttribute"],"nodes":["CompoundStmt","DefinitionStmt","DefinitionStmt","IfStmt","Local","ThisRef","Local","Invoke","BinaryOp","RefType","RefType","RefType","Local"," \u003d\u003d ","Constant","org","apache","html","dom","H","T","M","L","Table","Col","Element","Impl","org","apache","html","dom","H","T","M","L","Table","Col","Element","Impl","java","lang","String","RefType","Null","java","lang","String"],"edges":[[0,1],[0,2],[0,3],[1,4],[1,5],[2,6],[2,7],[3,8],[4,9],[5,10],[6,11],[8,12],[8,13],[8,14],[9,15],[9,16],[9,17],[9,18],[9,19],[9,20],[9,21],[9,22],[9,23],[9,24],[9,25],[9,26],[10,27],[10,28],[10,29],[10,30],[10,31],[10,32],[10,33],[10,34],[10,35],[10,36],[10,37],[10,38],[11,39],[11,40],[11,41],[12,42],[14,43],[42,44],[42,45],[42,46]],"ID":2},{"def":["$i0"],"use":["$i0","r1"],"callees":[],"nodes":["CompoundStmt","DefinitionStmt","IfStmt","Local","Invoke","BinaryOp","Int","Local"," \u003c\u003d ","Constant","Int","1","Int"],"edges":[[0,1],[0,2],[1,3],[1,4],[2,5],[3,6],[5,7],[5,8],[5,9],[7,10],[9,11],[9,12]],"ID":3},{"def":["r1"],"use":["r1"],"callees":[],"nodes":["CompoundStmt","DefinitionStmt","ReturnStmt","Local","Invoke","Local","RefType","RefType","java","lang","String","java","lang","String"],"edges":[[0,1],[0,2],[1,3],[1,4],[2,5],[3,6],[5,7],[6,8],[6,9],[6,10],[7,11],[7,12],[7,13]],"ID":4}],"edgeSet":[[4,1,0],[0,2,0],[2,3,1],[2,4,2],[3,4,1],[3,4,2]],"ENTRY":{"def":[],"use":[],"callees":[],"nodes":["CompoundStmt"],"edges":[],"ID":0},"EXIT":{"def":[],"use":[],"callees":[],"nodes":["CompoundStmt"],"edges":[],"ID":1},"method_name":"getCh"},{"blocks":[{"def":[],"use":[],"callees":[],"nodes":["CompoundStmt"],"edges":[],"ID":0},{"def":[],"use":[],"callees":[],"nodes":["CompoundStmt"],"edges":[],"ID":1},{"def":["$r1","r0"],"use":["@this: org.apache.html.dom.HTMLTableColElementImpl","$r1","r0"],"callees":["getAttribute"],"nodes":["CompoundStmt","DefinitionStmt","DefinitionStmt","ReturnStmt","Local","ThisRef","Local","Invoke","Local","RefType","RefType","RefType","RefType","org","apache","html","dom","H","T","M","L","Table","Col","Element","Impl","org","apache","html","dom","H","T","M","L","Table","Col","Element","Impl","java","lang","String","java","lang","String"],"edges":[[0,1],[0,2],[0,3],[1,4],[1,5],[2,6],[2,7],[3,8],[4,9],[5,10],[6,11],[8,12],[9,13],[9,14],[9,15],[9,16],[9,17],[9,18],[9,19],[9,20],[9,21],[9,22],[9,23],[9,24],[10,25],[10,26],[10,27],[10,28],[10,29],[10,30],[10,31],[10,32],[10,33],[10,34],[10,35],[10,36],[11,37],[11,38],[11,39],[12,40],[12,41],[12,42]],"ID":2}],"edgeSet":[[0,2,0],[2,1,0]],"ENTRY":{"def":[],"use":[],"callees":[],"nodes":["CompoundStmt"],"edges":[],"ID":0},"EXIT":{"def":[],"use":[],"callees":[],"nodes":["CompoundStmt"],"edges":[],"ID":1},"method_name":"getChOff"},{"blocks":[{"def":[],"use":[],"callees":[],"nodes":["CompoundStmt"],"edges":[],"ID":0},{"def":[],"use":[],"callees":[],"nodes":["CompoundStmt"],"edges":[],"ID":1},{"def":["r0","r1"],"use":["@this: org.apache.html.dom.HTMLElementImpl","@parameter0: java.lang.String"],"callees":[],"nodes":["CompoundStmt","DefinitionStmt","DefinitionStmt","Local","ThisRef","Local","Param","RefType","RefType","RefType","RefType","org","apache","html","dom","H","T","M","L","Element","Impl","org","apache","html","dom","H","T","M","L","Element","Impl","java","lang","String","java","lang","String"],"edges":[[0,1],[0,2],[1,3],[1,4],[2,5],[2,6],[3,7],[4,8],[5,9],[6,10],[7,11],[7,12],[7,13],[7,14],[7,15],[7,16],[7,17],[7,18],[7,19],[7,20],[8,21],[8,22],[8,23],[8,24],[8,25],[8,26],[8,27],[8,28],[8,29],[8,30],[9,31],[9,32],[9,33],[10,34],[10,35],[10,36]],"ID":2},{"def":["$i0"],"use":["r1"],"callees":[],"nodes":["CompoundStmt","DefinitionStmt","Local","Invoke","Int"],"edges":[[0,1],[1,2],[1,3],[2,4]],"ID":3},{"def":[],"use":["$i0"],"callees":[],"nodes":["CompoundStmt","ReturnStmt","Local","Int"],"edges":[[0,1],[1,2],[2,3]],"ID":4},{"def":["$r2"],"use":["@caughtexception"],"callees":[],"nodes":["CompoundStmt","DefinitionStmt","ReturnStmt","Local","CaughtException","Constant","RefType","RefType","0","Int","java","lang","Number","Format","Exception","java","lang","Throwable"],"edges":[[0,1],[0,2],[1,3],[1,4],[2,5],[3,6],[4,7],[5,8],[5,9],[6,10],[6,11],[6,12],[6,13],[6,14],[7,15],[7,16],[7,17]],"ID":5}],"edgeSet":[[2,5,5],[4,1,0],[3,5,5],[5,1,0],[0,2,0],[2,3,0],[3,4,0]],"ENTRY":{"def":[],"use":[],"callees":[],"nodes":["CompoundStmt"],"edges":[],"ID":0},"EXIT":{"def":[],"use":[],"callees":[],"nodes":["CompoundStmt"],"edges":[],"ID":1},"method_name":"getInteger"},{"blocks":[{"def":[],"use":[],"callees":[],"nodes":["CompoundStmt"],"edges":[],"ID":0},{"def":[],"use":[],"callees":[],"nodes":["CompoundStmt"],"edges":[],"ID":1},{"def":["$r1","$i0","r0"],"use":["@this: org.apache.html.dom.HTMLTableColElementImpl","$r1","$i0","r0"],"callees":["getAttribute","getInteger"],"nodes":["CompoundStmt","DefinitionStmt","DefinitionStmt","DefinitionStmt","ReturnStmt","Local","ThisRef","Local","Invoke","Local","Invoke","Local","RefType","RefType","RefType","Int","Int","org","apache","html","dom","H","T","M","L","Table","Col","Element","Impl","org","apache","html","dom","H","T","M","L","Table","Col","Element","Impl","java","lang","String"],"edges":[[0,1],[0,2],[0,3],[0,4],[1,5],[1,6],[2,7],[2,8],[3,9],[3,10],[4,11],[5,12],[6,13],[7,14],[9,15],[11,16],[12,17],[12,18],[12,19],[12,20],[12,21],[12,22],[12,23],[12,24],[12,25],[12,26],[12,27],[12,28],[13,29],[13,30],[13,31],[13,32],[13,33],[13,34],[13,35],[13,36],[13,37],[13,38],[13,39],[13,40],[14,41],[14,42],[14,43]],"ID":2}],"edgeSet":[[0,2,0],[2,1,0]],"ENTRY":{"def":[],"use":[],"callees":[],"nodes":["CompoundStmt"],"edges":[],"ID":0},"EXIT":{"def":[],"use":[],"callees":[],"nodes":["CompoundStmt"],"edges":[],"ID":1},"method_name":"getSpan"},{"blocks":[{"def":[],"use":[],"callees":[],"nodes":["CompoundStmt"],"edges":[],"ID":0},{"def":[],"use":[],"callees":[],"nodes":["CompoundStmt"],"edges":[],"ID":1},{"def":["$r1","$r2","r0"],"use":["@this: org.apache.html.dom.HTMLTableColElementImpl","$r1","$r2","r0"],"callees":["getAttribute","capitalize"],"nodes":["CompoundStmt","DefinitionStmt","DefinitionStmt","DefinitionStmt","ReturnStmt","Local","ThisRef","Local","Invoke","Local","Invoke","Local","RefType","RefType","RefType","RefType","RefType","org","apache","html","dom","H","T","M","L","Table","Col","Element","Impl","org","apache","html","dom","H","T","M","L","Table","Col","Element","Impl","java","lang","String","java","lang","String","java","lang","String"],"edges":[[0,1],[0,2],[0,3],[0,4],[1,5],[1,6],[2,7],[2,8],[3,9],[3,10],[4,11],[5,12],[6,13],[7,14],[9,15],[11,16],[12,17],[12,18],[12,19],[12,20],[12,21],[12,22],[12,23],[12,24],[12,25],[12,26],[12,27],[12,28],[13,29],[13,30],[13,31],[13,32],[13,33],[13,34],[13,35],[13,36],[13,37],[13,38],[13,39],[13,40],[14,41],[14,42],[14,43],[15,44],[15,45],[15,46],[16,47],[16,48],[16,49]],"ID":2}],"edgeSet":[[0,2,0],[2,1,0]],"ENTRY":{"def":[],"use":[],"callees":[],"nodes":["CompoundStmt"],"edges":[],"ID":0},"EXIT":{"def":[],"use":[],"callees":[],"nodes":["CompoundStmt"],"edges":[],"ID":1},"method_name":"getVAlign"},{"blocks":[{"def":[],"use":[],"callees":[],"nodes":["CompoundStmt"],"edges":[],"ID":0},{"def":[],"use":[],"callees":[],"nodes":["CompoundStmt"],"edges":[],"ID":1},{"def":["$r1","r0"],"use":["@this: org.apache.html.dom.HTMLTableColElementImpl","$r1","r0"],"callees":["getAttribute"],"nodes":["CompoundStmt","DefinitionStmt","DefinitionStmt","ReturnStmt","Local","ThisRef","Local","Invoke","Local","RefType","RefType","RefType","RefType","org","apache","html","dom","H","T","M","L","Table","Col","Element","Impl","org","apache","html","dom","H","T","M","L","Table","Col","Element","Impl","java","lang","String","java","lang","String"],"edges":[[0,1],[0,2],[0,3],[1,4],[1,5],[2,6],[2,7],[3,8],[4,9],[5,10],[6,11],[8,12],[9,13],[9,14],[9,15],[9,16],[9,17],[9,18],[9,19],[9,20],[9,21],[9,22],[9,23],[9,24],[10,25],[10,26],[10,27],[10,28],[10,29],[10,30],[10,31],[10,32],[10,33],[10,34],[10,35],[10,36],[11,37],[11,38],[11,39],[12,40],[12,41],[12,42]],"ID":2}],"edgeSet":[[0,2,0],[2,1,0]],"ENTRY":{"def":[],"use":[],"callees":[],"nodes":["CompoundStmt"],"edges":[],"ID":0},"EXIT":{"def":[],"use":[],"callees":[],"nodes":["CompoundStmt"],"edges":[],"ID":1},"method_name":"getWidth"},{"blocks":[{"def":[],"use":[],"callees":[],"nodes":["CompoundStmt"],"edges":[],"ID":0},{"def":[],"use":[],"callees":[],"nodes":["CompoundStmt"],"edges":[],"ID":1},{"def":["r0","r1"],"use":["@this: org.apache.html.dom.HTMLTableColElementImpl","@parameter0: java.lang.String","r0","r1"],"callees":[],"nodes":["CompoundStmt","DefinitionStmt","DefinitionStmt","Invoke","ReturnVoidStmt","Local","ThisRef","Local","Param","RefType","RefType","RefType","RefType","org","apache","html","dom","H","T","M","L","Table","Col","Element","Impl","org","apache","html","dom","H","T","M","L","Table","Col","Element","Impl","java","lang","String","java","lang","String"],"edges":[[0,1],[0,2],[0,3],[0,4],[1,5],[1,6],[2,7],[2,8],[5,9],[6,10],[7,11],[8,12],[9,13],[9,14],[9,15],[9,16],[9,17],[9,18],[9,19],[9,20],[9,21],[9,22],[9,23],[9,24],[10,25],[10,26],[10,27],[10,28],[10,29],[10,30],[10,31],[10,32],[10,33],[10,34],[10,35],[10,36],[11,37],[11,38],[11,39],[12,40],[12,41],[12,42]],"ID":2}],"edgeSet":[[0,2,0],[2,1,0]],"ENTRY":{"def":[],"use":[],"callees":[],"nodes":["CompoundStmt"],"edges":[],"ID":0},"EXIT":{"def":[],"use":[],"callees":[],"nodes":["CompoundStmt"],"edges":[],"ID":1},"method_name":"setAlign"},{"blocks":[{"def":[],"use":[],"callees":[],"nodes":["CompoundStmt"],"edges":[],"ID":0},{"def":[],"use":[],"callees":[],"nodes":["CompoundStmt"],"edges":[],"ID":1},{"def":["r0","r1"],"use":["@this: org.apache.html.dom.HTMLTableColElementImpl","@parameter0: java.lang.String","r1"],"callees":[],"nodes":["CompoundStmt","DefinitionStmt","DefinitionStmt","IfStmt","Local","ThisRef","Local","Param","BinaryOp","RefType","RefType","RefType","RefType","Local"," \u003d\u003d ","Constant","org","apache","html","dom","H","T","M","L","Table","Col","Element","Impl","org","apache","html","dom","H","T","M","L","Table","Col","Element","Impl","java","lang","String","java","lang","String","RefType","Null","java","lang","String"],"edges":[[0,1],[0,2],[0,3],[1,4],[1,5],[2,6],[2,7],[3,8],[4,9],[5,10],[6,11],[7,12],[8,13],[8,14],[8,15],[9,16],[9,17],[9,18],[9,19],[9,20],[9,21],[9,22],[9,23],[9,24],[9,25],[9,26],[9,27],[10,28],[10,29],[10,30],[10,31],[10,32],[10,33],[10,34],[10,35],[10,36],[10,37],[10,38],[10,39],[11,40],[11,41],[11,42],[12,43],[12,44],[12,45],[13,46],[15,47],[46,48],[46,49],[46,50]],"ID":2},{"def":["$i0"],"use":["$i0","r1"],"callees":[],"nodes":["CompoundStmt","DefinitionStmt","IfStmt","Local","Invoke","BinaryOp","Int","Local"," \u003c\u003d ","Constant","Int","1","Int"],"edges":[[0,1],[0,2],[1,3],[1,4],[2,5],[3,6],[5,7],[5,8],[5,9],[7,10],[9,11],[9,12]],"ID":3},{"def":["r1"],"use":["r0","r1"],"callees":[],"nodes":["CompoundStmt","DefinitionStmt","Invoke","ReturnVoidStmt","Local","Invoke","RefType","java","lang","String"],"edges":[[0,1],[0,2],[0,3],[1,4],[1,5],[4,6],[6,7],[6,8],[6,9]],"ID":4}],"edgeSet":[[4,1,0],[0,2,0],[2,3,1],[2,4,2],[3,4,1],[3,4,2]],"ENTRY":{"def":[],"use":[],"callees":[],"nodes":["CompoundStmt"],"edges":[],"ID":0},"EXIT":{"def":[],"use":[],"callees":[],"nodes":["CompoundStmt"],"edges":[],"ID":1},"method_name":"setCh"},{"blocks":[{"def":[],"use":[],"callees":[],"nodes":["CompoundStmt"],"edges":[],"ID":0},{"def":[],"use":[],"callees":[],"nodes":["CompoundStmt"],"edges":[],"ID":1},{"def":["r0","r1"],"use":["@this: org.apache.html.dom.HTMLTableColElementImpl","@parameter0: java.lang.String","r0","r1"],"callees":[],"nodes":["CompoundStmt","DefinitionStmt","DefinitionStmt","Invoke","ReturnVoidStmt","Local","ThisRef","Local","Param","RefType","RefType","RefType","RefType","org","apache","html","dom","H","T","M","L","Table","Col","Element","Impl","org","apache","html","dom","H","T","M","L","Table","Col","Element","Impl","java","lang","String","java","lang","String"],"edges":[[0,1],[0,2],[0,3],[0,4],[1,5],[1,6],[2,7],[2,8],[5,9],[6,10],[7,11],[8,12],[9,13],[9,14],[9,15],[9,16],[9,17],[9,18],[9,19],[9,20],[9,21],[9,22],[9,23],[9,24],[10,25],[10,26],[10,27],[10,28],[10,29],[10,30],[10,31],[10,32],[10,33],[10,34],[10,35],[10,36],[11,37],[11,38],[11,39],[12,40],[12,41],[12,42]],"ID":2}],"edgeSet":[[0,2,0],[2,1,0]],"ENTRY":{"def":[],"use":[],"callees":[],"nodes":["CompoundStmt"],"edges":[],"ID":0},"EXIT":{"def":[],"use":[],"callees":[],"nodes":["CompoundStmt"],"edges":[],"ID":1},"method_name":"setChOff"},{"blocks":[{"def":[],"use":[],"callees":[],"nodes":["CompoundStmt"],"edges":[],"ID":0},{"def":[],"use":[],"callees":[],"nodes":["CompoundStmt"],"edges":[],"ID":1},{"def":["$r1","i0","r0"],"use":["@this: org.apache.html.dom.HTMLTableColElementImpl","$r1","i0","@parameter0: int","r0"],"callees":[],"nodes":["CompoundStmt","DefinitionStmt","DefinitionStmt","DefinitionStmt","Invoke","ReturnVoidStmt","Local","ThisRef","Local","Param","Local","Invoke","RefType","RefType","Int","Int","RefType","org","apache","html","dom","H","T","M","L","Table","Col","Element","Impl","org","apache","html","dom","H","T","M","L","Table","Col","Element","Impl","java","lang","String"],"edges":[[0,1],[0,2],[0,3],[0,4],[0,5],[1,6],[1,7],[2,8],[2,9],[3,10],[3,11],[6,12],[7,13],[8,14],[9,15],[10,16],[12,17],[12,18],[12,19],[12,20],[12,21],[12,22],[12,23],[12,24],[12,25],[12,26],[12,27],[12,28],[13,29],[13,30],[13,31],[13,32],[13,33],[13,34],[13,35],[13,36],[13,37],[13,38],[13,39],[13,40],[16,41],[16,42],[16,43]],"ID":2}],"edgeSet":[[0,2,0],[2,1,0]],"ENTRY":{"def":[],"use":[],"callees":[],"nodes":["CompoundStmt"],"edges":[],"ID":0},"EXIT":{"def":[],"use":[],"callees":[],"nodes":["CompoundStmt"],"edges":[],"ID":1},"method_name":"setSpan"},{"blocks":[{"def":[],"use":[],"callees":[],"nodes":["CompoundStmt"],"edges":[],"ID":0},{"def":[],"use":[],"callees":[],"nodes":["CompoundStmt"],"edges":[],"ID":1},{"def":["r0","r1"],"use":["@this: org.apache.html.dom.HTMLTableColElementImpl","@parameter0: java.lang.String","r0","r1"],"callees":[],"nodes":["CompoundStmt","DefinitionStmt","DefinitionStmt","Invoke","ReturnVoidStmt","Local","ThisRef","Local","Param","RefType","RefType","RefType","RefType","org","apache","html","dom","H","T","M","L","Table","Col","Element","Impl","org","apache","html","dom","H","T","M","L","Table","Col","Element","Impl","java","lang","String","java","lang","String"],"edges":[[0,1],[0,2],[0,3],[0,4],[1,5],[1,6],[2,7],[2,8],[5,9],[6,10],[7,11],[8,12],[9,13],[9,14],[9,15],[9,16],[9,17],[9,18],[9,19],[9,20],[9,21],[9,22],[9,23],[9,24],[10,25],[10,26],[10,27],[10,28],[10,29],[10,30],[10,31],[10,32],[10,33],[10,34],[10,35],[10,36],[11,37],[11,38],[11,39],[12,40],[12,41],[12,42]],"ID":2}],"edgeSet":[[0,2,0],[2,1,0]],"ENTRY":{"def":[],"use":[],"callees":[],"nodes":["CompoundStmt"],"edges":[],"ID":0},"EXIT":{"def":[],"use":[],"callees":[],"nodes":["CompoundStmt"],"edges":[],"ID":1},"method_name":"setVAlign"},{"blocks":[{"def":[],"use":[],"callees":[],"nodes":["CompoundStmt"],"edges":[],"ID":0},{"def":[],"use":[],"callees":[],"nodes":["CompoundStmt"],"edges":[],"ID":1},{"def":["r0","r1"],"use":["@this: org.apache.html.dom.HTMLTableColElementImpl","@parameter0: java.lang.String","r0","r1"],"callees":[],"nodes":["CompoundStmt","DefinitionStmt","DefinitionStmt","Invoke","ReturnVoidStmt","Local","ThisRef","Local","Param","RefType","RefType","RefType","RefType","org","apache","html","dom","H","T","M","L","Table","Col","Element","Impl","org","apache","html","dom","H","T","M","L","Table","Col","Element","Impl","java","lang","String","java","lang","String"],"edges":[[0,1],[0,2],[0,3],[0,4],[1,5],[1,6],[2,7],[2,8],[5,9],[6,10],[7,11],[8,12],[9,13],[9,14],[9,15],[9,16],[9,17],[9,18],[9,19],[9,20],[9,21],[9,22],[9,23],[9,24],[10,25],[10,26],[10,27],[10,28],[10,29],[10,30],[10,31],[10,32],[10,33],[10,34],[10,35],[10,36],[11,37],[11,38],[11,39],[12,40],[12,41],[12,42]],"ID":2}],"edgeSet":[[0,2,0],[2,1,0]],"ENTRY":{"def":[],"use":[],"callees":[],"nodes":["CompoundStmt"],"edges":[],"ID":0},"EXIT":{"def":[],"use":[],"callees":[],"nodes":["CompoundStmt"],"edges":[],"ID":1},"method_name":"setWidth"}],"label":"0"}