{"data":[{"blocks":[{"def":[],"use":[],"callees":[],"nodes":["CompoundStmt"],"edges":[],"ID":0},{"def":[],"use":[],"callees":[],"nodes":["CompoundStmt"],"edges":[],"ID":1},{"def":["$r0","$r0[2]","$r0[1]","$r0[0]","\u003corg.apache.xerces.validators.datatype.BooleanDatatypeValidator: java.lang.String[] fValueSpace\u003e","$r0[3]"],"use":["$r0"],"callees":[],"nodes":["CompoundStmt","DefinitionStmt","DefinitionStmt","DefinitionStmt","DefinitionStmt","DefinitionStmt","DefinitionStmt","ReturnVoidStmt","Local","NewArray","ArrayRef","Constant","ArrayRef","Constant","ArrayRef","Constant","ArrayRef","Constant","StaticFieldRef","Local","Array","Array","Constant","RefType","Local","Constant","RefType","RefType","Local","Constant","RefType","RefType","Local","Constant","RefType","RefType","Local","Constant","RefType","Array","Array","Array","RefType","[]","RefType","[]","4","Int","java","lang","String","Array","0","Int","java","lang","String","java","lang","String","Array","1","Int","java","lang","String","java","lang","String","Array","2","Int","java","lang","String","java","lang","String","Array","3","Int","java","lang","String","RefType","[]","RefType","[]","RefType","[]","java","lang","String","java","lang","String","RefType","[]","RefType","[]","RefType","[]","RefType","[]","java","lang","String","java","lang","String","java","lang","String","java","lang","String","java","lang","String","java","lang","String","java","lang","String"],"edges":[[0,1],[0,2],[0,3],[0,4],[0,5],[0,6],[0,7],[1,8],[1,9],[2,10],[2,11],[3,12],[3,13],[4,14],[4,15],[5,16],[5,17],[6,18],[6,19],[8,20],[9,21],[9,22],[10,23],[10,24],[10,25],[11,26],[12,27],[12,28],[12,29],[13,30],[14,31],[14,32],[14,33],[15,34],[16,35],[16,36],[16,37],[17,38],[18,39],[18,40],[19,41],[20,42],[20,43],[21,44],[21,45],[22,46],[22,47],[23,48],[23,49],[23,50],[24,51],[25,52],[25,53],[26,54],[26,55],[26,56],[27,57],[27,58],[27,59],[28,60],[29,61],[29,62],[30,63],[30,64],[30,65],[31,66],[31,67],[31,68],[32,69],[33,70],[33,71],[34,72],[34,73],[34,74],[35,75],[35,76],[35,77],[36,78],[37,79],[37,80],[38,81],[38,82],[38,83],[39,84],[39,85],[40,86],[40,87],[41,88],[41,89],[42,90],[42,91],[42,92],[44,93],[44,94],[44,95],[51,96],[51,97],[60,98],[60,99],[69,100],[69,101],[78,102],[78,103],[84,104],[84,105],[84,106],[86,107],[86,108],[86,109],[88,110],[88,111],[88,112],[96,113],[96,114],[96,115],[98,116],[98,117],[98,118],[100,119],[100,120],[100,121],[102,122],[102,123],[102,124]],"ID":2}],"edgeSet":[[0,2,0],[2,1,0]],"ENTRY":{"def":[],"use":[],"callees":[],"nodes":["CompoundStmt"],"edges":[],"ID":0},"EXIT":{"def":[],"use":[],"callees":[],"nodes":["CompoundStmt"],"edges":[],"ID":1},"method_name":"\u003cclinit\u003e"},{"blocks":[{"def":[],"use":[],"callees":[],"nodes":["CompoundStmt"],"edges":[],"ID":0},{"def":[],"use":[],"callees":[],"nodes":["CompoundStmt"],"edges":[],"ID":1},{"def":["r0"],"use":["@this: org.apache.xerces.validators.datatype.BooleanDatatypeValidator","r0"],"callees":["\u003cinit\u003e"],"nodes":["CompoundStmt","DefinitionStmt","Invoke","ReturnVoidStmt","Local","ThisRef","RefType","RefType","org","apache","xerces","validators","datatype","Boolean","Datatype","Validator","org","apache","xerces","validators","datatype","Boolean","Datatype","Validator"],"edges":[[0,1],[0,2],[0,3],[1,4],[1,5],[4,6],[5,7],[6,8],[6,9],[6,10],[6,11],[6,12],[6,13],[6,14],[6,15],[7,16],[7,17],[7,18],[7,19],[7,20],[7,21],[7,22],[7,23]],"ID":2}],"edgeSet":[[0,2,0],[2,1,0]],"ENTRY":{"def":[],"use":[],"callees":[],"nodes":["CompoundStmt"],"edges":[],"ID":0},"EXIT":{"def":[],"use":[],"callees":[],"nodes":["CompoundStmt"],"edges":[],"ID":1},"method_name":"\u003cinit\u003e"},{"blocks":[{"def":[],"use":[],"callees":[],"nodes":["CompoundStmt"],"edges":[],"ID":0},{"def":[],"use":[],"callees":[],"nodes":["CompoundStmt"],"edges":[],"ID":1},{"def":["r0.\u003corg.apache.xerces.validators.datatype.BooleanDatatypeValidator: org.apache.xerces.validators.datatype.DatatypeValidator fBaseValidator\u003e","r0","r1"],"use":["@this: org.apache.xerces.validators.datatype.BooleanDatatypeValidator","@parameter0: org.apache.xerces.validators.datatype.DatatypeValidator","r0","r1"],"callees":[],"nodes":["CompoundStmt","DefinitionStmt","DefinitionStmt","DefinitionStmt","ReturnVoidStmt","Local","ThisRef","Local","Param","InstanceFieldRef","Local","RefType","RefType","RefType","RefType","RefType","Local","RefType","RefType","org","apache","xerces","validators","datatype","Boolean","Datatype","Validator","org","apache","xerces","validators","datatype","Boolean","Datatype","Validator","org","apache","xerces","validators","datatype","Datatype","Validator","org","apache","xerces","validators","datatype","Datatype","Validator","org","apache","xerces","validators","datatype","Datatype","Validator","RefType","org","apache","xerces","validators","datatype","Datatype","Validator","org","apache","xerces","validators","datatype","Datatype","Validator","org","apache","xerces","validators","datatype","Boolean","Datatype","Validator"],"edges":[[0,1],[0,2],[0,3],[0,4],[1,5],[1,6],[2,7],[2,8],[3,9],[3,10],[5,11],[6,12],[7,13],[8,14],[9,15],[9,16],[9,17],[10,18],[11,19],[11,20],[11,21],[11,22],[11,23],[11,24],[11,25],[11,26],[12,27],[12,28],[12,29],[12,30],[12,31],[12,32],[12,33],[12,34],[13,35],[13,36],[13,37],[13,38],[13,39],[13,40],[13,41],[14,42],[14,43],[14,44],[14,45],[14,46],[14,47],[14,48],[15,49],[15,50],[15,51],[15,52],[15,53],[15,54],[15,55],[16,56],[17,57],[17,58],[17,59],[17,60],[17,61],[17,62],[17,63],[18,64],[18,65],[18,66],[18,67],[18,68],[18,69],[18,70],[56,71],[56,72],[56,73],[56,74],[56,75],[56,76],[56,77],[56,78]],"ID":2}],"edgeSet":[[0,2,0],[2,1,0]],"ENTRY":{"def":[],"use":[],"callees":[],"nodes":["CompoundStmt"],"edges":[],"ID":0},"EXIT":{"def":[],"use":[],"callees":[],"nodes":["CompoundStmt"],"edges":[],"ID":1},"method_name":"setBasetype"},{"blocks":[{"def":[],"use":[],"callees":[],"nodes":["CompoundStmt"],"edges":[],"ID":0},{"def":[],"use":[],"callees":[],"nodes":["CompoundStmt"],"edges":[],"ID":1},{"def":["r2","r0.\u003corg.apache.xerces.validators.datatype.BooleanDatatypeValidator: int fFacetsDefined\u003e","r0.\u003corg.apache.xerces.validators.datatype.BooleanDatatypeValidator: java.util.Locale fLocale\u003e","r0.\u003corg.apache.xerces.validators.datatype.BooleanDatatypeValidator: boolean fDerivedByList\u003e","r0.\u003corg.apache.xerces.validators.datatype.BooleanDatatypeValidator: org.apache.xerces.validators.datatype.DatatypeMessageProvider fMessageProvider\u003e","r0.\u003corg.apache.xerces.validators.datatype.BooleanDatatypeValidator: org.apache.xerces.utils.regex.RegularExpression fRegex\u003e","z0","$r5","r0.\u003corg.apache.xerces.validators.datatype.BooleanDatatypeValidator: org.apache.xerces.validators.datatype.DatatypeValidator fBaseValidator\u003e","r0","r0.\u003corg.apache.xerces.validators.datatype.BooleanDatatypeValidator: java.lang.String fPattern\u003e","r1"],"use":["r2","@this: org.apache.xerces.validators.datatype.BooleanDatatypeValidator","z0","$r5","@parameter1: java.util.Hashtable","@parameter2: boolean","@parameter0: org.apache.xerces.validators.datatype.DatatypeValidator","r0","r1"],"callees":["setBasetype","\u003cinit\u003e"],"nodes":["CompoundStmt","DefinitionStmt","DefinitionStmt","DefinitionStmt","DefinitionStmt","Invoke","DefinitionStmt","DefinitionStmt","DefinitionStmt","DefinitionStmt","DefinitionStmt","Invoke","DefinitionStmt","DefinitionStmt","DefinitionStmt","Invoke","DefinitionStmt","IfStmt","Local","ThisRef","Local","Param","Local","Param","Local","Param","InstanceFieldRef","Constant","InstanceFieldRef","Constant","InstanceFieldRef","Constant","InstanceFieldRef","Constant","Local","NewExpr","InstanceFieldRef","Local","InstanceFieldRef","Constant","InstanceFieldRef","Constant","InstanceFieldRef","Local","BinaryOp","RefType","RefType","RefType","RefType","RefType","RefType","Boolean","Boolean","RefType","Local","RefType","Null","RefType","Local","RefType","Null","RefType","Local","RefType","Null","Int","Local","Int","0","Int","RefType","RefType","RefType","Local","RefType","RefType","Boolean","Local","Boolean","0","Int","RefType","Local","RefType","Null","Boolean","Local","Boolean","Boolean","Local"," \u003d\u003d ","Constant","org","apache","xerces","validators","datatype","Boolean","Datatype","Validator","org","apache","xerces","validators","datatype","Boolean","Datatype","Validator","org","apache","xerces","validators","datatype","Datatype","Validator","org","apache","xerces","validators","datatype","Datatype","Validator","java","util","Hashtable","java","util","Hashtable","java","util","Locale","RefType","java","util","Locale","org","apache","xerces","validators","datatype","Datatype","Validator","RefType","org","apache","xerces","validators","datatype","Datatype","Validator","java","lang","String","RefType","java","lang","String","RefType","org","apache","xerces","validators","datatype","Datatype","Message","Provider","org","apache","xerces","validators","datatype","Datatype","Message","Provider","org","apache","xerces","validators","datatype","Datatype","Message","Provider","RefType","org","apache","xerces","validators","datatype","Datatype","Message","Provider","org","apache","xerces","validators","datatype","Datatype","Message","Provider","RefType","org","apache","xerces","utils","regex","Regular","Expression","RefType","org","apache","xerces","utils","regex","Regular","Expression","RefType","RefType","Null","org","apache","xerces","validators","datatype","Boolean","Datatype","Validator","org","apache","xerces","validators","datatype","Boolean","Datatype","Validator","org","apache","xerces","validators","datatype","Boolean","Datatype","Validator","org","apache","xerces","validators","datatype","Boolean","Datatype","Validator","org","apache","xerces","validators","datatype","Boolean","Datatype","Validator","org","apache","xerces","validators","datatype","Boolean","Datatype","Validator","org","apache","xerces","validators","datatype","Boolean","Datatype","Validator","org","apache","xerces","validators","datatype","Boolean","Datatype","Validator","java","util","Hashtable"],"edges":[[0,1],[0,2],[0,3],[0,4],[0,5],[0,6],[0,7],[0,8],[0,9],[0,10],[0,11],[0,12],[0,13],[0,14],[0,15],[0,16],[0,17],[1,18],[1,19],[2,20],[2,21],[3,22],[3,23],[4,24],[4,25],[6,26],[6,27],[7,28],[7,29],[8,30],[8,31],[9,32],[9,33],[10,34],[10,35],[12,36],[12,37],[13,38],[13,39],[14,40],[14,41],[16,42],[16,43],[17,44],[18,45],[19,46],[20,47],[21,48],[22,49],[23,50],[24,51],[25,52],[26,53],[26,54],[26,55],[27,56],[28,57],[28,58],[28,59],[29,60],[30,61],[30,62],[30,63],[31,64],[32,65],[32,66],[32,67],[33,68],[33,69],[34,70],[35,71],[36,72],[36,73],[36,74],[37,75],[38,76],[38,77],[38,78],[39,79],[39,80],[40,81],[40,82],[40,83],[41,84],[42,85],[42,86],[42,87],[43,88],[44,89],[44,90],[44,91],[45,92],[45,93],[45,94],[45,95],[45,96],[45,97],[45,98],[45,99],[46,100],[46,101],[46,102],[46,103],[46,104],[46,105],[46,106],[46,107],[47,108],[47,109],[47,110],[47,111],[47,112],[47,113],[47,114],[48,115],[48,116],[48,117],[48,118],[48,119],[48,120],[48,121],[49,122],[49,123],[49,124],[50,125],[50,126],[50,127],[53,128],[53,129],[53,130],[54,131],[55,132],[55,133],[55,134],[57,135],[57,136],[57,137],[57,138],[57,139],[57,140],[57,141],[58,142],[59,143],[59,144],[59,145],[59,146],[59,147],[59,148],[59,149],[61,150],[61,151],[61,152],[62,153],[63,154],[63,155],[63,156],[66,157],[70,158],[70,159],[70,160],[70,161],[70,162],[70,163],[70,164],[70,165],[71,166],[71,167],[71,168],[71,169],[71,170],[71,171],[71,172],[71,173],[72,174],[72,175],[72,176],[72,177],[72,178],[72,179],[72,180],[72,181],[73,182],[74,183],[74,184],[74,185],[74,186],[74,187],[74,188],[74,189],[74,190],[75,191],[75,192],[75,193],[75,194],[75,195],[75,196],[75,197],[75,198],[77,199],[81,200],[81,201],[81,202],[81,203],[81,204],[81,205],[81,206],[82,207],[83,208],[83,209],[83,210],[83,211],[83,212],[83,213],[83,214],[86,215],[89,216],[91,217],[131,218],[131,219],[131,220],[131,221],[131,222],[131,223],[131,224],[131,225],[142,226],[142,227],[142,228],[142,229],[142,230],[142,231],[142,232],[142,233],[153,234],[153,235],[153,236],[153,237],[153,238],[153,239],[153,240],[153,241],[157,242],[157,243],[157,244],[157,245],[157,246],[157,247],[157,248],[157,249],[182,250],[182,251],[182,252],[182,253],[182,254],[182,255],[182,256],[182,257],[199,258],[199,259],[199,260],[199,261],[199,262],[199,263],[199,264],[199,265],[207,266],[207,267],[207,268],[207,269],[207,270],[207,271],[207,272],[207,273],[215,274],[215,275],[215,276],[215,277],[215,278],[215,279],[215,280],[215,281],[216,282],[216,283],[216,284]],"ID":2},{"def":[],"use":["z0"],"callees":[],"nodes":["CompoundStmt","IfStmt","BinaryOp","Local"," !\u003d ","Constant","Boolean","0","Int"],"edges":[[0,1],[1,2],[2,3],[2,4],[2,5],[3,6],[5,7],[5,8]],"ID":3},{"def":["r3","$z2"],"use":["r2","r3","$z2"],"callees":[],"nodes":["CompoundStmt","DefinitionStmt","GotoStmt","DefinitionStmt","IfStmt","Local","Invoke","Local","Invoke","BinaryOp","RefType","Boolean","Local"," !\u003d ","Constant","java","util","Enumeration","Boolean","0","Int"],"edges":[[0,1],[0,2],[0,3],[0,4],[1,5],[1,6],[3,7],[3,8],[4,9],[5,10],[7,11],[9,12],[9,13],[9,14],[10,15],[10,16],[10,17],[12,18],[14,19],[14,20]],"ID":4},{"def":["r4","$r6","$z1"],"use":["r3","r4","$r6","$z1"],"callees":[],"nodes":["CompoundStmt","DefinitionStmt","DefinitionStmt","DefinitionStmt","IfStmt","Local","Invoke","Local","CastExpr","Local","Invoke","BinaryOp","RefType","RefType","RefType","RefType","Local","Boolean","Local"," \u003d\u003d ","Constant","java","lang","Object","java","lang","String","java","lang","String","java","lang","String","RefType","Boolean","0","Int","java","lang","Object"],"edges":[[0,1],[0,2],[0,3],[0,4],[1,5],[1,6],[2,7],[2,8],[3,9],[3,10],[4,11],[5,12],[7,13],[8,14],[8,15],[8,16],[9,17],[11,18],[11,19],[11,20],[12,21],[12,22],[12,23],[13,24],[13,25],[13,26],[14,27],[14,28],[14,29],[15,30],[15,31],[15,32],[16,33],[18,34],[20,35],[20,36],[33,37],[33,38],[33,39]],"ID":5},{"def":["r0.\u003corg.apache.xerces.validators.datatype.BooleanDatatypeValidator: int fFacetsDefined\u003e","$r8","$i0","$r9","$i1","r0.\u003corg.apache.xerces.validators.datatype.BooleanDatatypeValidator: java.lang.String fPattern\u003e","$r10"],"use":["r0.\u003corg.apache.xerces.validators.datatype.BooleanDatatypeValidator: int fFacetsDefined\u003e","r2","r4","$r8","$i0","$r9","$i1","r0","r0.\u003corg.apache.xerces.validators.datatype.BooleanDatatypeValidator: java.lang.String fPattern\u003e","$r10"],"callees":[],"nodes":["CompoundStmt","DefinitionStmt","DefinitionStmt","DefinitionStmt","DefinitionStmt","DefinitionStmt","DefinitionStmt","DefinitionStmt","IfStmt","Local","InstanceFieldRef","Local","BinaryOp","InstanceFieldRef","Local","Local","Invoke","Local","CastExpr","InstanceFieldRef","Local","Local","InstanceFieldRef","BinaryOp","Int","Int","Local","Int","Int","Local"," + ","Constant","Int","Local","Int","Int","RefType","RefType","RefType","RefType","Local","RefType","Local","RefType","RefType","RefType","RefType","Local","RefType","Local"," \u003d\u003d ","Constant","RefType","Int","8","Int","RefType","java","lang","Object","java","lang","String","java","lang","String","java","lang","String","RefType","java","lang","String","RefType","java","lang","String","java","lang","String","java","lang","String","java","lang","String","RefType","java","lang","String","RefType","Null","org","apache","xerces","validators","datatype","Boolean","Datatype","Validator","org","apache","xerces","validators","datatype","Boolean","Datatype","Validator","java","lang","Object","org","apache","xerces","validators","datatype","Boolean","Datatype","Validator","org","apache","xerces","validators","datatype","Boolean","Datatype","Validator","java","lang","String"],"edges":[[0,1],[0,2],[0,3],[0,4],[0,5],[0,6],[0,7],[0,8],[1,9],[1,10],[2,11],[2,12],[3,13],[3,14],[4,15],[4,16],[5,17],[5,18],[6,19],[6,20],[7,21],[7,22],[8,23],[9,24],[10,25],[10,26],[10,27],[11,28],[12,29],[12,30],[12,31],[13,32],[13,33],[13,34],[14,35],[15,36],[17,37],[18,38],[18,39],[18,40],[19,41],[19,42],[19,43],[20,44],[21,45],[22,46],[22,47],[22,48],[23,49],[23,50],[23,51],[26,52],[29,53],[31,54],[31,55],[33,56],[36,57],[36,58],[36,59],[37,60],[37,61],[37,62],[38,63],[38,64],[38,65],[39,66],[39,67],[39,68],[40,69],[41,70],[41,71],[41,72],[42,73],[43,74],[43,75],[43,76],[44,77],[44,78],[44,79],[45,80],[45,81],[45,82],[46,83],[46,84],[46,85],[47,86],[48,87],[48,88],[48,89],[49,90],[51,91],[52,92],[52,93],[52,94],[52,95],[52,96],[52,97],[52,98],[52,99],[56,100],[56,101],[56,102],[56,103],[56,104],[56,105],[56,106],[56,107],[69,108],[69,109],[69,110],[73,111],[73,112],[73,113],[73,114],[73,115],[73,116],[73,117],[73,118],[86,119],[86,120],[86,121],[86,122],[86,123],[86,124],[86,125],[86,126],[90,127],[90,128],[90,129]],"ID":6},{"def":["r0.\u003corg.apache.xerces.validators.datatype.BooleanDatatypeValidator: org.apache.xerces.utils.regex.RegularExpression fRegex\u003e","$r11","$r12"],"use":["$r11","$r12","r0.\u003corg.apache.xerces.validators.datatype.BooleanDatatypeValidator: java.lang.String fPattern\u003e","r0"],"callees":[],"nodes":["CompoundStmt","DefinitionStmt","DefinitionStmt","Invoke","DefinitionStmt","GotoStmt","Local","NewExpr","Local","InstanceFieldRef","InstanceFieldRef","Local","RefType","RefType","RefType","RefType","Local","RefType","RefType","Local","RefType","RefType","org","apache","xerces","utils","regex","Regular","Expression","org","apache","xerces","utils","regex","Regular","Expression","java","lang","String","java","lang","String","RefType","java","lang","String","org","apache","xerces","utils","regex","Regular","Expression","RefType","org","apache","xerces","utils","regex","Regular","Expression","org","apache","xerces","utils","regex","Regular","Expression","org","apache","xerces","validators","datatype","Boolean","Datatype","Validator","org","apache","xerces","validators","datatype","Boolean","Datatype","Validator"],"edges":[[0,1],[0,2],[0,3],[0,4],[0,5],[1,6],[1,7],[2,8],[2,9],[4,10],[4,11],[6,12],[7,13],[8,14],[9,15],[9,16],[9,17],[10,18],[10,19],[10,20],[11,21],[12,22],[12,23],[12,24],[12,25],[12,26],[12,27],[12,28],[13,29],[13,30],[13,31],[13,32],[13,33],[13,34],[13,35],[14,36],[14,37],[14,38],[15,39],[15,40],[15,41],[16,42],[17,43],[17,44],[17,45],[18,46],[18,47],[18,48],[18,49],[18,50],[18,51],[18,52],[19,53],[20,54],[20,55],[20,56],[20,57],[20,58],[20,59],[20,60],[21,61],[21,62],[21,63],[21,64],[21,65],[21,66],[21,67],[42,68],[42,69],[42,70],[42,71],[42,72],[42,73],[42,74],[42,75],[53,76],[53,77],[53,78],[53,79],[53,80],[53,81],[53,82],[53,83]],"ID":7},{"def":["$r7"],"use":["$r7"],"callees":["\u003cinit\u003e"],"nodes":["CompoundStmt","DefinitionStmt","Invoke","ThrowStmt","Local","NewExpr","Local","RefType","RefType","RefType","org","apache","xerces","validators","datatype","Invalid","Datatype","Facet","Exception","org","apache","xerces","validators","datatype","Invalid","Datatype","Facet","Exception","org","apache","xerces","validators","datatype","Invalid","Datatype","Facet","Exception"],"edges":[[0,1],[0,2],[0,3],[1,4],[1,5],[3,6],[4,7],[5,8],[6,9],[7,10],[7,11],[7,12],[7,13],[7,14],[7,15],[7,16],[7,17],[7,18],[8,19],[8,20],[8,21],[8,22],[8,23],[8,24],[8,25],[8,26],[8,27],[9,28],[9,29],[9,30],[9,31],[9,32],[9,33],[9,34],[9,35],[9,36]],"ID":8},{"def":[],"use":[],"callees":[],"nodes":["CompoundStmt","ReturnVoidStmt"],"edges":[[0,1]],"ID":9}],"edgeSet":[[7,4,0],[6,4,2],[8,1,0],[9,1,0],[2,9,2],[3,9,2],[4,9,1],[0,2,0],[5,8,2],[2,3,1],[3,4,1],[5,6,1],[6,7,1],[4,5,2]],"ENTRY":{"def":[],"use":[],"callees":[],"nodes":["CompoundStmt"],"edges":[],"ID":0},"EXIT":{"def":[],"use":[],"callees":[],"nodes":["CompoundStmt"],"edges":[],"ID":1},"method_name":"\u003cinit\u003e"},{"blocks":[{"def":[],"use":[],"callees":[],"nodes":["CompoundStmt"],"edges":[],"ID":0},{"def":[],"use":[],"callees":[],"nodes":["CompoundStmt"],"edges":[],"ID":1},{"def":["r2","z0","$r4","i0","i2","r0","r1"],"use":["@parameter2: int","$r4","@parameter0: java.util.Locale","r0.\u003corg.apache.xerces.validators.datatype.DatatypeMessageProvider: java.util.ResourceBundle fResourceBundle\u003e","@this: org.apache.xerces.validators.datatype.DatatypeMessageProvider","@parameter1: int","r0","@parameter3: java.lang.Object[]"],"callees":[],"nodes":["CompoundStmt","DefinitionStmt","DefinitionStmt","DefinitionStmt","DefinitionStmt","DefinitionStmt","DefinitionStmt","DefinitionStmt","IfStmt","Local","ThisRef","Local","Param","Local","Param","Local","Param","Local","Param","Local","Constant","Local","InstanceFieldRef","BinaryOp","RefType","RefType","RefType","RefType","Int","Int","Int","Int","Array","Array","Boolean","0","Int","RefType","RefType","Local","RefType","Local"," \u003d\u003d ","Constant","org","apache","xerces","validators","datatype","Datatype","Message","Provider","org","apache","xerces","validators","datatype","Datatype","Message","Provider","java","util","Locale","java","util","Locale","RefType","[]","RefType","[]","java","util","Resource","Bundle","java","util","Resource","Bundle","RefType","java","util","Resource","Bundle","RefType","Null","java","lang","Object","java","lang","Object","org","apache","xerces","validators","datatype","Datatype","Message","Provider","java","util","Resource","Bundle"],"edges":[[0,1],[0,2],[0,3],[0,4],[0,5],[0,6],[0,7],[0,8],[1,9],[1,10],[2,11],[2,12],[3,13],[3,14],[4,15],[4,16],[5,17],[5,18],[6,19],[6,20],[7,21],[7,22],[8,23],[9,24],[10,25],[11,26],[12,27],[13,28],[14,29],[15,30],[16,31],[17,32],[18,33],[19,34],[20,35],[20,36],[21,37],[22,38],[22,39],[22,40],[23,41],[23,42],[23,43],[24,44],[24,45],[24,46],[24,47],[24,48],[24,49],[24,50],[24,51],[25,52],[25,53],[25,54],[25,55],[25,56],[25,57],[25,58],[25,59],[26,60],[26,61],[26,62],[27,63],[27,64],[27,65],[32,66],[32,67],[33,68],[33,69],[37,70],[37,71],[37,72],[37,73],[38,74],[38,75],[38,76],[38,77],[39,78],[40,79],[40,80],[40,81],[40,82],[41,83],[43,84],[66,85],[66,86],[66,87],[68,88],[68,89],[68,90],[78,91],[78,92],[78,93],[78,94],[78,95],[78,96],[78,97],[78,98],[83,99],[83,100],[83,101],[83,102]],"ID":2},{"def":["$r10"],"use":["r0.\u003corg.apache.xerces.validators.datatype.DatatypeMessageProvider: java.util.Locale fLocale\u003e","r0","r1","$r10"],"callees":[],"nodes":["CompoundStmt","DefinitionStmt","IfStmt","Local","InstanceFieldRef","BinaryOp","RefType","RefType","Local","RefType","Local"," \u003d\u003d ","Local","java","util","Locale","java","util","Locale","RefType","java","util","Locale","RefType","RefType","org","apache","xerces","validators","datatype","Datatype","Message","Provider","java","util","Locale","java","util","Locale"],"edges":[[0,1],[0,2],[1,3],[1,4],[2,5],[3,6],[4,7],[4,8],[4,9],[5,10],[5,11],[5,12],[6,13],[6,14],[6,15],[7,16],[7,17],[7,18],[8,19],[9,20],[9,21],[9,22],[10,23],[12,24],[19,25],[19,26],[19,27],[19,28],[19,29],[19,30],[19,31],[19,32],[23,33],[23,34],[23,35],[24,36],[24,37],[24,38]],"ID":3},{"def":[],"use":["r1"],"callees":[],"nodes":["CompoundStmt","IfStmt","BinaryOp","Local"," \u003d\u003d ","Constant","RefType","Null","java","util","Locale"],"edges":[[0,1],[1,2],[2,3],[2,4],[2,5],[3,6],[5,7],[6,8],[6,9],[6,10]],"ID":4},{"def":["$r5","$r9","r0.\u003corg.apache.xerces.validators.datatype.DatatypeMessageProvider: java.util.ResourceBundle fResourceBundle\u003e"],"use":["$r5","$r9","r0.\u003corg.apache.xerces.validators.datatype.DatatypeMessageProvider: java.util.ResourceBundle fResourceBundle\u003e","r0","r1"],"callees":[],"nodes":["CompoundStmt","DefinitionStmt","DefinitionStmt","DefinitionStmt","IfStmt","Local","Invoke","InstanceFieldRef","Local","Local","InstanceFieldRef","BinaryOp","RefType","RefType","Local","RefType","RefType","RefType","RefType","Local","RefType","Local"," !\u003d ","Constant","java","util","Resource","Bundle","java","util","Resource","Bundle","RefType","java","util","Resource","Bundle","java","util","Resource","Bundle","java","util","Resource","Bundle","java","util","Resource","Bundle","RefType","java","util","Resource","Bundle","RefType","Null","org","apache","xerces","validators","datatype","Datatype","Message","Provider","org","apache","xerces","validators","datatype","Datatype","Message","Provider","java","util","Resource","Bundle"],"edges":[[0,1],[0,2],[0,3],[0,4],[1,5],[1,6],[2,7],[2,8],[3,9],[3,10],[4,11],[5,12],[7,13],[7,14],[7,15],[8,16],[9,17],[10,18],[10,19],[10,20],[11,21],[11,22],[11,23],[12,24],[12,25],[12,26],[12,27],[13,28],[13,29],[13,30],[13,31],[14,32],[15,33],[15,34],[15,35],[15,36],[16,37],[16,38],[16,39],[16,40],[17,41],[17,42],[17,43],[17,44],[18,45],[18,46],[18,47],[18,48],[19,49],[20,50],[20,51],[20,52],[20,53],[21,54],[23,55],[32,56],[32,57],[32,58],[32,59],[32,60],[32,61],[32,62],[32,63],[49,64],[49,65],[49,66],[49,67],[49,68],[49,69],[49,70],[49,71],[54,72],[54,73],[54,74],[54,75]],"ID":5},{"def":["$r8","r0.\u003corg.apache.xerces.validators.datatype.DatatypeMessageProvider: java.util.ResourceBundle fResourceBundle\u003e"],"use":["i2","$r8","r0"],"callees":[],"nodes":["CompoundStmt","DefinitionStmt","DefinitionStmt","IfStmt","Local","Invoke","InstanceFieldRef","Local","BinaryOp","RefType","RefType","Local","RefType","RefType","Local"," \u003c ","Constant","java","util","Resource","Bundle","java","util","Resource","Bundle","RefType","java","util","Resource","Bundle","java","util","Resource","Bundle","Int","0","Int","org","apache","xerces","validators","datatype","Datatype","Message","Provider"],"edges":[[0,1],[0,2],[0,3],[1,4],[1,5],[2,6],[2,7],[3,8],[4,9],[6,10],[6,11],[6,12],[7,13],[8,14],[8,15],[8,16],[9,17],[9,18],[9,19],[9,20],[10,21],[10,22],[10,23],[10,24],[11,25],[12,26],[12,27],[12,28],[12,29],[13,30],[13,31],[13,32],[13,33],[14,34],[16,35],[16,36],[25,37],[25,38],[25,39],[25,40],[25,41],[25,42],[25,43],[25,44]],"ID":6},{"def":["$r7","$i1"],"use":["\u003corg.apache.xerces.validators.datatype.DatatypeMessageProvider: java.lang.String[] fgMessageKeys\u003e","$r7","i2","$i1"],"callees":[],"nodes":["CompoundStmt","DefinitionStmt","DefinitionStmt","IfStmt","Local","StaticFieldRef","Local","UnaryOp","BinaryOp","Array","Array","Array","Int","length","Local","Local"," \u003c ","Local","RefType","[]","RefType","[]","RefType","[]","Array","Int","Int","java","lang","String","java","lang","String","java","lang","String","RefType","[]","java","lang","String"],"edges":[[0,1],[0,2],[0,3],[1,4],[1,5],[2,6],[2,7],[3,8],[4,9],[5,10],[5,11],[6,12],[7,13],[7,14],[8,15],[8,16],[8,17],[9,18],[9,19],[10,20],[10,21],[11,22],[11,23],[14,24],[15,25],[17,26],[18,27],[18,28],[18,29],[20,30],[20,31],[20,32],[22,33],[22,34],[22,35],[24,36],[24,37],[36,38],[36,39],[36,40]],"ID":7},{"def":["r3","r23","z0","i2","$r22","$r21"],"use":["r2","\u003corg.apache.xerces.validators.datatype.DatatypeMessageProvider: java.lang.String[] fgMessageKeys\u003e","r3","$r21[i2]","i2","r0.\u003corg.apache.xerces.validators.datatype.DatatypeMessageProvider: java.util.ResourceBundle fResourceBundle\u003e","$r22","r0","$r21"],"callees":[],"nodes":["CompoundStmt","DefinitionStmt","DefinitionStmt","DefinitionStmt","DefinitionStmt","DefinitionStmt","DefinitionStmt","IfStmt","Local","Constant","Local","Constant","Local","StaticFieldRef","Local","ArrayRef","Local","InstanceFieldRef","Local","Invoke","BinaryOp","Int","0","Int","Boolean","1","Int","Array","Array","Array","RefType","RefType","Local","Local","RefType","RefType","Local","RefType","RefType","Local"," \u003d\u003d ","Constant","RefType","[]","RefType","[]","RefType","[]","java","lang","String","java","lang","String","Array","Int","java","util","Resource","Bundle","java","util","Resource","Bundle","RefType","java","util","Resource","Bundle","java","lang","String","Array","Null","java","lang","String","java","lang","String","java","lang","String","RefType","[]","org","apache","xerces","validators","datatype","Datatype","Message","Provider","RefType","[]","java","lang","String","java","lang","Object"],"edges":[[0,1],[0,2],[0,3],[0,4],[0,5],[0,6],[0,7],[1,8],[1,9],[2,10],[2,11],[3,12],[3,13],[4,14],[4,15],[5,16],[5,17],[6,18],[6,19],[7,20],[8,21],[9,22],[9,23],[10,24],[11,25],[11,26],[12,27],[13,28],[13,29],[14,30],[15,31],[15,32],[15,33],[16,34],[17,35],[17,36],[17,37],[18,38],[20,39],[20,40],[20,41],[27,42],[27,43],[28,44],[28,45],[29,46],[29,47],[30,48],[30,49],[30,50],[31,51],[31,52],[31,53],[32,54],[33,55],[34,56],[34,57],[34,58],[34,59],[35,60],[35,61],[35,62],[35,63],[36,64],[37,65],[37,66],[37,67],[37,68],[38,69],[38,70],[38,71],[39,72],[41,73],[42,74],[42,75],[42,76],[44,77],[44,78],[44,79],[46,80],[46,81],[46,82],[54,83],[54,84],[64,85],[64,86],[64,87],[64,88],[64,89],[64,90],[64,91],[64,92],[72,93],[72,94],[83,95],[83,96],[83,97],[93,98],[93,99],[93,100]],"ID":8},{"def":["r23"],"use":["r2","r23"],"callees":[],"nodes":["CompoundStmt","DefinitionStmt","Local","Invoke","RefType","java","lang","String"],"edges":[[0,1],[1,2],[1,3],[2,4],[4,5],[4,6],[4,7]],"ID":9},{"def":[],"use":["z0"],"callees":[],"nodes":["CompoundStmt","GotoStmt","IfStmt","BinaryOp","Local"," \u003d\u003d ","Constant","Boolean","0","Int"],"edges":[[0,1],[0,2],[2,3],[3,4],[3,5],[3,6],[4,7],[6,8],[6,9]],"ID":10},{"def":["$r15","$r16","$r13","r23","$r14","$r19","r24","$r17","$r18","$r11","$r12","$r20"],"use":["$r15","$r16","r3","$r13","$r14","$r19","@caughtexception","$r17","$r18","$r12[1]","\u003corg.apache.xerces.validators.datatype.DatatypeMessageProvider: java.lang.String[] fgMessageKeys\u003e","r24","r0.\u003corg.apache.xerces.validators.datatype.DatatypeMessageProvider: java.util.ResourceBundle fResourceBundle\u003e","$r12","r0","$r20"],"callees":[],"nodes":["CompoundStmt","DefinitionStmt","DefinitionStmt","DefinitionStmt","DefinitionStmt","DefinitionStmt","DefinitionStmt","DefinitionStmt","Invoke","DefinitionStmt","DefinitionStmt","DefinitionStmt","DefinitionStmt","DefinitionStmt","GotoStmt","Local","CaughtException","Local","InstanceFieldRef","Local","StaticFieldRef","Local","ArrayRef","Local","Invoke","Local","NewExpr","Local","Invoke","Local","Invoke","Local","InstanceFieldRef","Local","Invoke","Local","Invoke","Local","Invoke","RefType","RefType","RefType","RefType","Local","RefType","Array","Array","Array","RefType","RefType","Local","Constant","RefType","RefType","RefType","RefType","RefType","RefType","RefType","Local","RefType","RefType","RefType","RefType","java","lang","Exception","java","lang","Throwable","java","util","Resource","Bundle","java","util","Resource","Bundle","RefType","java","util","Resource","Bundle","RefType","[]","RefType","[]","RefType","[]","java","lang","String","java","lang","String","Array","1","Int","java","lang","String","java","lang","String","Buffer","java","lang","String","Buffer","java","lang","String","java","lang","String","Buffer","java","util","Resource","Bundle","java","util","Resource","Bundle","RefType","java","util","Resource","Bundle","java","lang","String","java","lang","String","Buffer","java","lang","String","org","apache","xerces","validators","datatype","Datatype","Message","Provider","java","lang","String","java","lang","String","java","lang","String","RefType","[]","org","apache","xerces","validators","datatype","Datatype","Message","Provider","java","lang","String"],"edges":[[0,1],[0,2],[0,3],[0,4],[0,5],[0,6],[0,7],[0,8],[0,9],[0,10],[0,11],[0,12],[0,13],[0,14],[1,15],[1,16],[2,17],[2,18],[3,19],[3,20],[4,21],[4,22],[5,23],[5,24],[6,25],[6,26],[7,27],[7,28],[9,29],[9,30],[10,31],[10,32],[11,33],[11,34],[12,35],[12,36],[13,37],[13,38],[15,39],[16,40],[17,41],[18,42],[18,43],[18,44],[19,45],[20,46],[20,47],[21,48],[22,49],[22,50],[22,51],[23,52],[25,53],[26,54],[27,55],[29,56],[31,57],[32,58],[32,59],[32,60],[33,61],[35,62],[37,63],[39,64],[39,65],[39,66],[40,67],[40,68],[40,69],[41,70],[41,71],[41,72],[41,73],[42,74],[42,75],[42,76],[42,77],[43,78],[44,79],[44,80],[44,81],[44,82],[45,83],[45,84],[46,85],[46,86],[47,87],[47,88],[48,89],[48,90],[48,91],[49,92],[49,93],[49,94],[50,95],[51,96],[51,97],[52,98],[52,99],[52,100],[53,101],[53,102],[53,103],[53,104],[54,105],[54,106],[54,107],[54,108],[55,109],[55,110],[55,111],[56,112],[56,113],[56,114],[56,115],[57,116],[57,117],[57,118],[57,119],[58,120],[58,121],[58,122],[58,123],[59,124],[60,125],[60,126],[60,127],[60,128],[61,129],[61,130],[61,131],[62,132],[62,133],[62,134],[62,135],[63,136],[63,137],[63,138],[78,139],[78,140],[78,141],[78,142],[78,143],[78,144],[78,145],[78,146],[83,147],[83,148],[83,149],[85,150],[85,151],[85,152],[87,153],[87,154],[87,155],[95,156],[95,157],[124,158],[124,159],[124,160],[124,161],[124,162],[124,163],[124,164],[124,165],[156,166],[156,167],[156,168]],"ID":11},{"def":["$r6"],"use":["r23","$r6"],"callees":[],"nodes":["CompoundStmt","DefinitionStmt","Invoke","ThrowStmt","Local","NewExpr","Local","RefType","RefType","RefType","java","lang","Runtime","Exception","java","lang","Runtime","Exception","java","lang","Runtime","Exception"],"edges":[[0,1],[0,2],[0,3],[1,4],[1,5],[3,6],[4,7],[5,8],[6,9],[7,10],[7,11],[7,12],[7,13],[8,14],[8,15],[8,16],[8,17],[9,18],[9,19],[9,20],[9,21]],"ID":12},{"def":[],"use":["r23"],"callees":[],"nodes":["CompoundStmt","ReturnStmt","Local","RefType","java","lang","String"],"edges":[[0,1],[1,2],[2,3],[3,4],[3,5],[3,6]],"ID":13}],"edgeSet":[[10,13,2],[2,3,1],[4,5,1],[6,7,1],[8,9,1],[4,5,2],[8,11,5],[9,11,5],[12,1,0],[13,1,0],[0,2,0],[3,6,2],[9,10,0],[10,12,1],[2,4,2],[3,4,1],[5,6,1],[6,8,2],[7,8,1],[8,10,2],[5,6,2],[7,8,2],[11,10,0]],"ENTRY":{"def":[],"use":[],"callees":[],"nodes":["CompoundStmt"],"edges":[],"ID":0},"EXIT":{"def":[],"use":[],"callees":[],"nodes":["CompoundStmt"],"edges":[],"ID":1},"method_name":"createMessage"},{"blocks":[{"def":[],"use":[],"callees":[],"nodes":["CompoundStmt"],"edges":[],"ID":0},{"def":[],"use":[],"callees":[],"nodes":["CompoundStmt"],"edges":[],"ID":1},{"def":["i0","i1","r0","r1"],"use":["@this: org.apache.xerces.validators.datatype.BooleanDatatypeValidator","@parameter2: java.lang.Object[]","@parameter0: int","@parameter1: int"],"callees":[],"nodes":["CompoundStmt","DefinitionStmt","DefinitionStmt","DefinitionStmt","DefinitionStmt","Local","ThisRef","Local","Param","Local","Param","Local","Param","RefType","RefType","Int","Int","Int","Int","Array","Array","org","apache","xerces","validators","datatype","Boolean","Datatype","Validator","org","apache","xerces","validators","datatype","Boolean","Datatype","Validator","RefType","[]","RefType","[]","java","lang","Object","java","lang","Object"],"edges":[[0,1],[0,2],[0,3],[0,4],[1,5],[1,6],[2,7],[2,8],[3,9],[3,10],[4,11],[4,12],[5,13],[6,14],[7,15],[8,16],[9,17],[10,18],[11,19],[12,20],[13,21],[13,22],[13,23],[13,24],[13,25],[13,26],[13,27],[13,28],[14,29],[14,30],[14,31],[14,32],[14,33],[14,34],[14,35],[14,36],[19,37],[19,38],[20,39],[20,40],[37,41],[37,42],[37,43],[39,44],[39,45],[39,46]],"ID":2},{"def":["$r3"],"use":["r0.\u003corg.apache.xerces.validators.datatype.BooleanDatatypeValidator: org.apache.xerces.validators.datatype.DatatypeMessageProvider fMessageProvider\u003e","r0"],"callees":[],"nodes":["CompoundStmt","DefinitionStmt","Local","InstanceFieldRef","RefType","RefType","Local","RefType","org","apache","xerces","validators","datatype","Datatype","Message","Provider","org","apache","xerces","validators","datatype","Datatype","Message","Provider","RefType","org","apache","xerces","validators","datatype","Datatype","Message","Provider","org","apache","xerces","validators","datatype","Boolean","Datatype","Validator"],"edges":[[0,1],[1,2],[1,3],[2,4],[3,5],[3,6],[3,7],[4,8],[4,9],[4,10],[4,11],[4,12],[4,13],[4,14],[4,15],[5,16],[5,17],[5,18],[5,19],[5,20],[5,21],[5,22],[5,23],[6,24],[7,25],[7,26],[7,27],[7,28],[7,29],[7,30],[7,31],[7,32],[24,33],[24,34],[24,35],[24,36],[24,37],[24,38],[24,39],[24,40]],"ID":3},{"def":["$r2"],"use":["r0.\u003corg.apache.xerces.validators.datatype.BooleanDatatypeValidator: java.util.Locale fLocale\u003e","r0"],"callees":[],"nodes":["CompoundStmt","DefinitionStmt","Local","InstanceFieldRef","RefType","RefType","Local","RefType","java","util","Locale","java","util","Locale","RefType","java","util","Locale","org","apache","xerces","validators","datatype","Boolean","Datatype","Validator"],"edges":[[0,1],[1,2],[1,3],[2,4],[3,5],[3,6],[3,7],[4,8],[4,9],[4,10],[5,11],[5,12],[5,13],[6,14],[7,15],[7,16],[7,17],[14,18],[14,19],[14,20],[14,21],[14,22],[14,23],[14,24],[14,25]],"ID":4},{"def":["$r4"],"use":["$r2","$r3","i0","i1","r1"],"callees":["createMessage"],"nodes":["CompoundStmt","DefinitionStmt","Local","Invoke","RefType","java","lang","String"],"edges":[[0,1],[1,2],[1,3],[2,4],[4,5],[4,6],[4,7]],"ID":5},{"def":[],"use":["$r4"],"callees":[],"nodes":["CompoundStmt","ReturnStmt","Local","RefType","java","lang","String"],"edges":[[0,1],[1,2],[2,3],[3,4],[3,5],[3,6]],"ID":6},{"def":["$r5","$r6","$r7","$r8"],"use":["@caughtexception","$r6","i1","$r7","$r8"],"callees":[],"nodes":["CompoundStmt","DefinitionStmt","DefinitionStmt","Invoke","DefinitionStmt","DefinitionStmt","ReturnStmt","Local","CaughtException","Local","NewExpr","Local","Invoke","Local","Invoke","Local","RefType","RefType","RefType","RefType","RefType","RefType","RefType","java","lang","Exception","java","lang","Throwable","java","lang","String","Buffer","java","lang","String","Buffer","java","lang","String","Buffer","java","lang","String","java","lang","String"],"edges":[[0,1],[0,2],[0,3],[0,4],[0,5],[0,6],[1,7],[1,8],[2,9],[2,10],[4,11],[4,12],[5,13],[5,14],[6,15],[7,16],[8,17],[9,18],[10,19],[11,20],[13,21],[15,22],[16,23],[16,24],[16,25],[17,26],[17,27],[17,28],[18,29],[18,30],[18,31],[18,32],[19,33],[19,34],[19,35],[19,36],[20,37],[20,38],[20,39],[20,40],[21,41],[21,42],[21,43],[22,44],[22,45],[22,46]],"ID":7}],"edgeSet":[[4,7,5],[5,7,5],[6,1,0],[7,1,0],[0,2,0],[2,3,0],[3,4,0],[4,5,0],[5,6,0],[2,7,5],[3,7,5]],"ENTRY":{"def":[],"use":[],"callees":[],"nodes":["CompoundStmt"],"edges":[],"ID":0},"EXIT":{"def":[],"use":[],"callees":[],"nodes":["CompoundStmt"],"edges":[],"ID":1},"method_name":"getErrorString"},{"blocks":[{"def":[],"use":[],"callees":[],"nodes":["CompoundStmt"],"edges":[],"ID":0},{"def":[],"use":[],"callees":[],"nodes":["CompoundStmt"],"edges":[],"ID":1},{"def":["$r16","z2","i2","r0","$i3","r1"],"use":["$r16","@this: org.apache.xerces.validators.datatype.BooleanDatatypeValidator","i2","\u003corg.apache.xerces.validators.datatype.BooleanDatatypeValidator: java.lang.String[] fValueSpace\u003e","@parameter0: java.lang.String","$i3"],"callees":[],"nodes":["CompoundStmt","DefinitionStmt","DefinitionStmt","DefinitionStmt","DefinitionStmt","GotoStmt","DefinitionStmt","DefinitionStmt","IfStmt","Local","ThisRef","Local","Param","Local","Constant","Local","Constant","Local","StaticFieldRef","Local","UnaryOp","BinaryOp","RefType","RefType","RefType","RefType","Boolean","0","Int","Int","0","Int","Array","Array","Array","Int","length","Local","Local"," \u003c ","Local","org","apache","xerces","validators","datatype","Boolean","Datatype","Validator","org","apache","xerces","validators","datatype","Boolean","Datatype","Validator","java","lang","String","java","lang","String","RefType","[]","RefType","[]","RefType","[]","Array","Int","Int","java","lang","String","java","lang","String","java","lang","String","RefType","[]","java","lang","String"],"edges":[[0,1],[0,2],[0,3],[0,4],[0,5],[0,6],[0,7],[0,8],[1,9],[1,10],[2,11],[2,12],[3,13],[3,14],[4,15],[4,16],[6,17],[6,18],[7,19],[7,20],[8,21],[9,22],[10,23],[11,24],[12,25],[13,26],[14,27],[14,28],[15,29],[16,30],[16,31],[17,32],[18,33],[18,34],[19,35],[20,36],[20,37],[21,38],[21,39],[21,40],[22,41],[22,42],[22,43],[22,44],[22,45],[22,46],[22,47],[22,48],[23,49],[23,50],[23,51],[23,52],[23,53],[23,54],[23,55],[23,56],[24,57],[24,58],[24,59],[25,60],[25,61],[25,62],[32,63],[32,64],[33,65],[33,66],[34,67],[34,68],[37,69],[38,70],[40,71],[63,72],[63,73],[63,74],[65,75],[65,76],[65,77],[67,78],[67,79],[67,80],[69,81],[69,82],[81,83],[81,84],[81,85]],"ID":2},{"def":["$r2","$r3","$z0"],"use":["$r2","$r3","$r2[i2]","i2","$z0","\u003corg.apache.xerces.validators.datatype.BooleanDatatypeValidator: java.lang.String[] fValueSpace\u003e","r1"],"callees":[],"nodes":["CompoundStmt","DefinitionStmt","DefinitionStmt","DefinitionStmt","IfStmt","Local","StaticFieldRef","Local","ArrayRef","Local","Invoke","BinaryOp","Array","Array","Array","RefType","RefType","Local","Local","Boolean","Local"," \u003d\u003d ","Constant","RefType","[]","RefType","[]","RefType","[]","java","lang","String","java","lang","String","Array","Int","Boolean","0","Int","java","lang","String","java","lang","String","java","lang","String","RefType","[]","java","lang","String"],"edges":[[0,1],[0,2],[0,3],[0,4],[1,5],[1,6],[2,7],[2,8],[3,9],[3,10],[4,11],[5,12],[6,13],[6,14],[7,15],[8,16],[8,17],[8,18],[9,19],[11,20],[11,21],[11,22],[12,23],[12,24],[13,25],[13,26],[14,27],[14,28],[15,29],[15,30],[15,31],[16,32],[16,33],[16,34],[17,35],[18,36],[20,37],[22,38],[22,39],[23,40],[23,41],[23,42],[25,43],[25,44],[25,45],[27,46],[27,47],[27,48],[35,49],[35,50],[49,51],[49,52],[49,53]],"ID":3},{"def":["z2","i2"],"use":["i2"],"callees":[],"nodes":["CompoundStmt","DefinitionStmt","DefinitionStmt","Local","Constant","Local","BinaryOp","Boolean","1","Int","Int","Local"," + ","Constant","Int","1","Int"],"edges":[[0,1],[0,2],[1,3],[1,4],[2,5],[2,6],[3,7],[4,8],[4,9],[5,10],[6,11],[6,12],[6,13],[11,14],[13,15],[13,16]],"ID":4},{"def":[],"use":["z2"],"callees":[],"nodes":["CompoundStmt","IfStmt","BinaryOp","Local"," !\u003d ","Constant","Boolean","0","Int"],"edges":[[0,1],[1,2],[2,3],[2,4],[2,5],[3,6],[5,7],[5,8]],"ID":5},{"def":["$r15","$r13","$r14","$r14[0]"],"use":["$r15","$r13","$r14","r0","r1"],"callees":["getErrorString","\u003cinit\u003e"],"nodes":["CompoundStmt","DefinitionStmt","DefinitionStmt","DefinitionStmt","DefinitionStmt","Invoke","ThrowStmt","Local","NewExpr","Local","NewArray","ArrayRef","Local","Local","Invoke","Local","RefType","RefType","Array","Array","Constant","RefType","Local","Constant","RefType","RefType","RefType","org","apache","xerces","validators","datatype","Invalid","Datatype","Value","Exception","org","apache","xerces","validators","datatype","Invalid","Datatype","Value","Exception","RefType","[]","RefType","[]","1","Int","java","lang","Object","Array","0","Int","java","lang","String","java","lang","String","org","apache","xerces","validators","datatype","Invalid","Datatype","Value","Exception","java","lang","Object","java","lang","Object","RefType","[]","java","lang","Object"],"edges":[[0,1],[0,2],[0,3],[0,4],[0,5],[0,6],[1,7],[1,8],[2,9],[2,10],[3,11],[3,12],[4,13],[4,14],[6,15],[7,16],[8,17],[9,18],[10,19],[10,20],[11,21],[11,22],[11,23],[12,24],[13,25],[15,26],[16,27],[16,28],[16,29],[16,30],[16,31],[16,32],[16,33],[16,34],[16,35],[17,36],[17,37],[17,38],[17,39],[17,40],[17,41],[17,42],[17,43],[17,44],[18,45],[18,46],[19,47],[19,48],[20,49],[20,50],[21,51],[21,52],[21,53],[22,54],[23,55],[23,56],[24,57],[24,58],[24,59],[25,60],[25,61],[25,62],[26,63],[26,64],[26,65],[26,66],[26,67],[26,68],[26,69],[26,70],[26,71],[45,72],[45,73],[45,74],[47,75],[47,76],[47,77],[54,78],[54,79],[78,80],[78,81],[78,82]],"ID":6},{"def":["$i0","$i1"],"use":["r0.\u003corg.apache.xerces.validators.datatype.BooleanDatatypeValidator: int fFacetsDefined\u003e","$i0","$i1","r0"],"callees":[],"nodes":["CompoundStmt","DefinitionStmt","DefinitionStmt","IfStmt","Local","InstanceFieldRef","Local","BinaryOp","BinaryOp","Int","Int","Local","Int","Int","Local"," \u0026 ","Constant","Local"," \u003d\u003d ","Constant","RefType","Int","8","Int","Int","0","Int","org","apache","xerces","validators","datatype","Boolean","Datatype","Validator"],"edges":[[0,1],[0,2],[0,3],[1,4],[1,5],[2,6],[2,7],[3,8],[4,9],[5,10],[5,11],[5,12],[6,13],[7,14],[7,15],[7,16],[8,17],[8,18],[8,19],[11,20],[14,21],[16,22],[16,23],[17,24],[19,25],[19,26],[20,27],[20,28],[20,29],[20,30],[20,31],[20,32],[20,33],[20,34]],"ID":7},{"def":["$r4"],"use":["r0.\u003corg.apache.xerces.validators.datatype.BooleanDatatypeValidator: org.apache.xerces.utils.regex.RegularExpression fRegex\u003e","$r4","r0"],"callees":[],"nodes":["CompoundStmt","DefinitionStmt","IfStmt","Local","InstanceFieldRef","BinaryOp","RefType","RefType","Local","RefType","Local"," \u003d\u003d ","Constant","org","apache","xerces","utils","regex","Regular","Expression","org","apache","xerces","utils","regex","Regular","Expression","RefType","org","apache","xerces","utils","regex","Regular","Expression","RefType","Null","org","apache","xerces","validators","datatype","Boolean","Datatype","Validator","org","apache","xerces","utils","regex","Regular","Expression"],"edges":[[0,1],[0,2],[1,3],[1,4],[2,5],[3,6],[4,7],[4,8],[4,9],[5,10],[5,11],[5,12],[6,13],[6,14],[6,15],[6,16],[6,17],[6,18],[6,19],[7,20],[7,21],[7,22],[7,23],[7,24],[7,25],[7,26],[8,27],[9,28],[9,29],[9,30],[9,31],[9,32],[9,33],[9,34],[10,35],[12,36],[27,37],[27,38],[27,39],[27,40],[27,41],[27,42],[27,43],[27,44],[35,45],[35,46],[35,47],[35,48],[35,49],[35,50],[35,51]],"ID":8},{"def":["$z1","$r12"],"use":["r0.\u003corg.apache.xerces.validators.datatype.BooleanDatatypeValidator: org.apache.xerces.utils.regex.RegularExpression fRegex\u003e","$z1","$r12","r0","r1"],"callees":[],"nodes":["CompoundStmt","DefinitionStmt","DefinitionStmt","IfStmt","Local","InstanceFieldRef","Local","Invoke","BinaryOp","RefType","RefType","Local","RefType","Boolean","Local"," !\u003d ","Constant","org","apache","xerces","utils","regex","Regular","Expression","org","apache","xerces","utils","regex","Regular","Expression","RefType","org","apache","xerces","utils","regex","Regular","Expression","Boolean","0","Int","org","apache","xerces","validators","datatype","Boolean","Datatype","Validator"],"edges":[[0,1],[0,2],[0,3],[1,4],[1,5],[2,6],[2,7],[3,8],[4,9],[5,10],[5,11],[5,12],[6,13],[8,14],[8,15],[8,16],[9,17],[9,18],[9,19],[9,20],[9,21],[9,22],[9,23],[10,24],[10,25],[10,26],[10,27],[10,28],[10,29],[10,30],[11,31],[12,32],[12,33],[12,34],[12,35],[12,36],[12,37],[12,38],[14,39],[16,40],[16,41],[31,42],[31,43],[31,44],[31,45],[31,46],[31,47],[31,48],[31,49]],"ID":9},{"def":["$r5","$r6","$r7","$r8","$r9","$r11","$r10"],"use":["$r5","$r6","$r7","$r8","$r9","$r11","r0.\u003corg.apache.xerces.validators.datatype.BooleanDatatypeValidator: java.lang.String fPattern\u003e","r0","r1","$r10"],"callees":["\u003cinit\u003e"],"nodes":["CompoundStmt","DefinitionStmt","DefinitionStmt","Invoke","DefinitionStmt","DefinitionStmt","DefinitionStmt","DefinitionStmt","DefinitionStmt","Invoke","ThrowStmt","Local","NewExpr","Local","NewExpr","Local","Invoke","Local","Invoke","Local","InstanceFieldRef","Local","Invoke","Local","Invoke","Local","RefType","RefType","RefType","RefType","RefType","RefType","RefType","RefType","Local","RefType","RefType","RefType","RefType","org","apache","xerces","validators","datatype","Invalid","Datatype","Value","Exception","org","apache","xerces","validators","datatype","Invalid","Datatype","Value","Exception","java","lang","String","Buffer","java","lang","String","Buffer","java","lang","String","Buffer","java","lang","String","Buffer","java","lang","String","java","lang","String","RefType","java","lang","String","java","lang","String","Buffer","java","lang","String","org","apache","xerces","validators","datatype","Invalid","Datatype","Value","Exception","org","apache","xerces","validators","datatype","Boolean","Datatype","Validator"],"edges":[[0,1],[0,2],[0,3],[0,4],[0,5],[0,6],[0,7],[0,8],[0,9],[0,10],[1,11],[1,12],[2,13],[2,14],[4,15],[4,16],[5,17],[5,18],[6,19],[6,20],[7,21],[7,22],[8,23],[8,24],[10,25],[11,26],[12,27],[13,28],[14,29],[15,30],[17,31],[19,32],[20,33],[20,34],[20,35],[21,36],[23,37],[25,38],[26,39],[26,40],[26,41],[26,42],[26,43],[26,44],[26,45],[26,46],[26,47],[27,48],[27,49],[27,50],[27,51],[27,52],[27,53],[27,54],[27,55],[27,56],[28,57],[28,58],[28,59],[28,60],[29,61],[29,62],[29,63],[29,64],[30,65],[30,66],[30,67],[30,68],[31,69],[31,70],[31,71],[31,72],[32,73],[32,74],[32,75],[33,76],[33,77],[33,78],[34,79],[35,80],[35,81],[35,82],[36,83],[36,84],[36,85],[36,86],[37,87],[37,88],[37,89],[38,90],[38,91],[38,92],[38,93],[38,94],[38,95],[38,96],[38,97],[38,98],[79,99],[79,100],[79,101],[79,102],[79,103],[79,104],[79,105],[79,106]],"ID":10},{"def":[],"use":[],"callees":[],"nodes":["CompoundStmt","ReturnVoidStmt"],"edges":[[0,1]],"ID":11}],"edgeSet":[[4,2,0],[6,1,0],[10,1,0],[11,1,0],[0,2,0],[2,5,1],[7,11,2],[3,4,1],[5,6,1],[5,7,2],[7,8,1],[8,9,1],[8,10,2],[9,10,1],[9,11,2],[3,4,2],[2,3,2]],"ENTRY":{"def":[],"use":[],"callees":[],"nodes":["CompoundStmt"],"edges":[],"ID":0},"EXIT":{"def":[],"use":[],"callees":[],"nodes":["CompoundStmt"],"edges":[],"ID":1},"method_name":"checkContent"},{"blocks":[{"def":[],"use":[],"callees":[],"nodes":["CompoundStmt"],"edges":[],"ID":0},{"def":[],"use":[],"callees":[],"nodes":["CompoundStmt"],"edges":[],"ID":1},{"def":["$r1","$r2","$r3","$r4","$r5","$r6","r0"],"use":["$r1","@this: org.apache.xerces.validators.datatype.BooleanDatatypeValidator","$r2","$r3","$r4","$r5","$r6","r0"],"callees":[],"nodes":["CompoundStmt","DefinitionStmt","DefinitionStmt","DefinitionStmt","Invoke","DefinitionStmt","DefinitionStmt","DefinitionStmt","DefinitionStmt","Invoke","ThrowStmt","Local","ThisRef","Local","NewExpr","Local","NewExpr","Local","Invoke","Local","Invoke","Local","Invoke","Local","Invoke","Local","RefType","RefType","RefType","RefType","RefType","RefType","RefType","RefType","RefType","RefType","RefType","org","apache","xerces","validators","datatype","Boolean","Datatype","Validator","org","apache","xerces","validators","datatype","Boolean","Datatype","Validator","java","lang","Clone","Not","Supported","Exception","java","lang","Clone","Not","Supported","Exception","java","lang","String","Buffer","java","lang","String","Buffer","java","lang","Class","java","lang","String","java","lang","String","Buffer","java","lang","String","java","lang","Clone","Not","Supported","Exception"],"edges":[[0,1],[0,2],[0,3],[0,4],[0,5],[0,6],[0,7],[0,8],[0,9],[0,10],[1,11],[1,12],[2,13],[2,14],[3,15],[3,16],[5,17],[5,18],[6,19],[6,20],[7,21],[7,22],[8,23],[8,24],[10,25],[11,26],[12,27],[13,28],[14,29],[15,30],[16,31],[17,32],[19,33],[21,34],[23,35],[25,36],[26,37],[26,38],[26,39],[26,40],[26,41],[26,42],[26,43],[26,44],[27,45],[27,46],[27,47],[27,48],[27,49],[27,50],[27,51],[27,52],[28,53],[28,54],[28,55],[28,56],[28,57],[28,58],[29,59],[29,60],[29,61],[29,62],[29,63],[29,64],[30,65],[30,66],[30,67],[30,68],[31,69],[31,70],[31,71],[31,72],[32,73],[32,74],[32,75],[33,76],[33,77],[33,78],[34,79],[34,80],[34,81],[34,82],[35,83],[35,84],[35,85],[36,86],[36,87],[36,88],[36,89],[36,90],[36,91]],"ID":2}],"edgeSet":[[0,2,0],[2,1,0]],"ENTRY":{"def":[],"use":[],"callees":[],"nodes":["CompoundStmt"],"edges":[],"ID":0},"EXIT":{"def":[],"use":[],"callees":[],"nodes":["CompoundStmt"],"edges":[],"ID":1},"method_name":"clone"},{"blocks":[{"def":[],"use":[],"callees":[],"nodes":["CompoundStmt"],"edges":[],"ID":0},{"def":[],"use":[],"callees":[],"nodes":["CompoundStmt"],"edges":[],"ID":1},{"def":["r2","r0","r1"],"use":["@this: org.apache.xerces.validators.datatype.BooleanDatatypeValidator","@parameter1: java.lang.String","@parameter0: java.lang.String"],"callees":[],"nodes":["CompoundStmt","DefinitionStmt","DefinitionStmt","DefinitionStmt","ReturnStmt","Local","ThisRef","Local","Param","Local","Param","Constant","RefType","RefType","RefType","RefType","RefType","RefType","0","Int","org","apache","xerces","validators","datatype","Boolean","Datatype","Validator","org","apache","xerces","validators","datatype","Boolean","Datatype","Validator","java","lang","String","java","lang","String","java","lang","String","java","lang","String"],"edges":[[0,1],[0,2],[0,3],[0,4],[1,5],[1,6],[2,7],[2,8],[3,9],[3,10],[4,11],[5,12],[6,13],[7,14],[8,15],[9,16],[10,17],[11,18],[11,19],[12,20],[12,21],[12,22],[12,23],[12,24],[12,25],[12,26],[12,27],[13,28],[13,29],[13,30],[13,31],[13,32],[13,33],[13,34],[13,35],[14,36],[14,37],[14,38],[15,39],[15,40],[15,41],[16,42],[16,43],[16,44],[17,45],[17,46],[17,47]],"ID":2}],"edgeSet":[[0,2,0],[2,1,0]],"ENTRY":{"def":[],"use":[],"callees":[],"nodes":["CompoundStmt"],"edges":[],"ID":0},"EXIT":{"def":[],"use":[],"callees":[],"nodes":["CompoundStmt"],"edges":[],"ID":1},"method_name":"compare"},{"blocks":[{"def":[],"use":[],"callees":[],"nodes":["CompoundStmt"],"edges":[],"ID":0},{"def":[],"use":[],"callees":[],"nodes":["CompoundStmt"],"edges":[],"ID":1},{"def":["i0","i1","r0","r1"],"use":["@this: org.apache.xerces.validators.datatype.BooleanDatatypeValidator","@parameter2: java.lang.Object[]","@parameter0: int","@parameter1: int"],"callees":[],"nodes":["CompoundStmt","DefinitionStmt","DefinitionStmt","DefinitionStmt","DefinitionStmt","Local","ThisRef","Local","Param","Local","Param","Local","Param","RefType","RefType","Int","Int","Int","Int","Array","Array","org","apache","xerces","validators","datatype","Boolean","Datatype","Validator","org","apache","xerces","validators","datatype","Boolean","Datatype","Validator","RefType","[]","RefType","[]","java","lang","Object","java","lang","Object"],"edges":[[0,1],[0,2],[0,3],[0,4],[1,5],[1,6],[2,7],[2,8],[3,9],[3,10],[4,11],[4,12],[5,13],[6,14],[7,15],[8,16],[9,17],[10,18],[11,19],[12,20],[13,21],[13,22],[13,23],[13,24],[13,25],[13,26],[13,27],[13,28],[14,29],[14,30],[14,31],[14,32],[14,33],[14,34],[14,35],[14,36],[19,37],[19,38],[20,39],[20,40],[37,41],[37,42],[37,43],[39,44],[39,45],[39,46]],"ID":2},{"def":["$r3"],"use":["r0.\u003corg.apache.xerces.validators.datatype.BooleanDatatypeValidator: org.apache.xerces.validators.datatype.DatatypeMessageProvider fMessageProvider\u003e","r0"],"callees":[],"nodes":["CompoundStmt","DefinitionStmt","Local","InstanceFieldRef","RefType","RefType","Local","RefType","org","apache","xerces","validators","datatype","Datatype","Message","Provider","org","apache","xerces","validators","datatype","Datatype","Message","Provider","RefType","org","apache","xerces","validators","datatype","Datatype","Message","Provider","org","apache","xerces","validators","datatype","Boolean","Datatype","Validator"],"edges":[[0,1],[1,2],[1,3],[2,4],[3,5],[3,6],[3,7],[4,8],[4,9],[4,10],[4,11],[4,12],[4,13],[4,14],[4,15],[5,16],[5,17],[5,18],[5,19],[5,20],[5,21],[5,22],[5,23],[6,24],[7,25],[7,26],[7,27],[7,28],[7,29],[7,30],[7,31],[7,32],[24,33],[24,34],[24,35],[24,36],[24,37],[24,38],[24,39],[24,40]],"ID":3},{"def":["$r2"],"use":["r0.\u003corg.apache.xerces.validators.datatype.BooleanDatatypeValidator: java.util.Locale fLocale\u003e","r0"],"callees":[],"nodes":["CompoundStmt","DefinitionStmt","Local","InstanceFieldRef","RefType","RefType","Local","RefType","java","util","Locale","java","util","Locale","RefType","java","util","Locale","org","apache","xerces","validators","datatype","Boolean","Datatype","Validator"],"edges":[[0,1],[1,2],[1,3],[2,4],[3,5],[3,6],[3,7],[4,8],[4,9],[4,10],[5,11],[5,12],[5,13],[6,14],[7,15],[7,16],[7,17],[14,18],[14,19],[14,20],[14,21],[14,22],[14,23],[14,24],[14,25]],"ID":4},{"def":["$r4"],"use":["$r2","$r3","i0","i1","r1"],"callees":["createMessage"],"nodes":["CompoundStmt","DefinitionStmt","Local","Invoke","RefType","java","lang","String"],"edges":[[0,1],[1,2],[1,3],[2,4],[4,5],[4,6],[4,7]],"ID":5},{"def":[],"use":["$r4"],"callees":[],"nodes":["CompoundStmt","ReturnStmt","Local","RefType","java","lang","String"],"edges":[[0,1],[1,2],[2,3],[3,4],[3,5],[3,6]],"ID":6},{"def":["$r5","$r6","$r7","$r8"],"use":["@caughtexception","$r6","i1","$r7","$r8"],"callees":[],"nodes":["CompoundStmt","DefinitionStmt","DefinitionStmt","Invoke","DefinitionStmt","DefinitionStmt","ReturnStmt","Local","CaughtException","Local","NewExpr","Local","Invoke","Local","Invoke","Local","RefType","RefType","RefType","RefType","RefType","RefType","RefType","java","lang","Exception","java","lang","Throwable","java","lang","String","Buffer","java","lang","String","Buffer","java","lang","String","Buffer","java","lang","String","java","lang","String"],"edges":[[0,1],[0,2],[0,3],[0,4],[0,5],[0,6],[1,7],[1,8],[2,9],[2,10],[4,11],[4,12],[5,13],[5,14],[6,15],[7,16],[8,17],[9,18],[10,19],[11,20],[13,21],[15,22],[16,23],[16,24],[16,25],[17,26],[17,27],[17,28],[18,29],[18,30],[18,31],[18,32],[19,33],[19,34],[19,35],[19,36],[20,37],[20,38],[20,39],[20,40],[21,41],[21,42],[21,43],[22,44],[22,45],[22,46]],"ID":7}],"edgeSet":[[4,7,5],[5,7,5],[6,1,0],[7,1,0],[0,2,0],[2,3,0],[3,4,0],[4,5,0],[5,6,0],[2,7,5],[3,7,5]],"ENTRY":{"def":[],"use":[],"callees":[],"nodes":["CompoundStmt"],"edges":[],"ID":0},"EXIT":{"def":[],"use":[],"callees":[],"nodes":["CompoundStmt"],"edges":[],"ID":1},"method_name":"getErrorString"},{"blocks":[{"def":[],"use":[],"callees":[],"nodes":["CompoundStmt"],"edges":[],"ID":0},{"def":[],"use":[],"callees":[],"nodes":["CompoundStmt"],"edges":[],"ID":1},{"def":["r0"],"use":["@this: org.apache.xerces.validators.datatype.BooleanDatatypeValidator"],"callees":[],"nodes":["CompoundStmt","DefinitionStmt","ReturnStmt","Local","ThisRef","Constant","RefType","RefType","Null","org","apache","xerces","validators","datatype","Boolean","Datatype","Validator","org","apache","xerces","validators","datatype","Boolean","Datatype","Validator"],"edges":[[0,1],[0,2],[1,3],[1,4],[2,5],[3,6],[4,7],[5,8],[6,9],[6,10],[6,11],[6,12],[6,13],[6,14],[6,15],[6,16],[7,17],[7,18],[7,19],[7,20],[7,21],[7,22],[7,23],[7,24]],"ID":2}],"edgeSet":[[0,2,0],[2,1,0]],"ENTRY":{"def":[],"use":[],"callees":[],"nodes":["CompoundStmt"],"edges":[],"ID":0},"EXIT":{"def":[],"use":[],"callees":[],"nodes":["CompoundStmt"],"edges":[],"ID":1},"method_name":"getFacets"},{"blocks":[{"def":[],"use":[],"callees":[],"nodes":["CompoundStmt"],"edges":[],"ID":0},{"def":[],"use":[],"callees":[],"nodes":["CompoundStmt"],"edges":[],"ID":1},{"def":["r0.\u003corg.apache.xerces.validators.datatype.BooleanDatatypeValidator: org.apache.xerces.validators.datatype.DatatypeValidator fBaseValidator\u003e","r0","r1"],"use":["@this: org.apache.xerces.validators.datatype.BooleanDatatypeValidator","@parameter0: org.apache.xerces.validators.datatype.DatatypeValidator","r0","r1"],"callees":[],"nodes":["CompoundStmt","DefinitionStmt","DefinitionStmt","DefinitionStmt","ReturnVoidStmt","Local","ThisRef","Local","Param","InstanceFieldRef","Local","RefType","RefType","RefType","RefType","RefType","Local","RefType","RefType","org","apache","xerces","validators","datatype","Boolean","Datatype","Validator","org","apache","xerces","validators","datatype","Boolean","Datatype","Validator","org","apache","xerces","validators","datatype","Datatype","Validator","org","apache","xerces","validators","datatype","Datatype","Validator","org","apache","xerces","validators","datatype","Datatype","Validator","RefType","org","apache","xerces","validators","datatype","Datatype","Validator","org","apache","xerces","validators","datatype","Datatype","Validator","org","apache","xerces","validators","datatype","Boolean","Datatype","Validator"],"edges":[[0,1],[0,2],[0,3],[0,4],[1,5],[1,6],[2,7],[2,8],[3,9],[3,10],[5,11],[6,12],[7,13],[8,14],[9,15],[9,16],[9,17],[10,18],[11,19],[11,20],[11,21],[11,22],[11,23],[11,24],[11,25],[11,26],[12,27],[12,28],[12,29],[12,30],[12,31],[12,32],[12,33],[12,34],[13,35],[13,36],[13,37],[13,38],[13,39],[13,40],[13,41],[14,42],[14,43],[14,44],[14,45],[14,46],[14,47],[14,48],[15,49],[15,50],[15,51],[15,52],[15,53],[15,54],[15,55],[16,56],[17,57],[17,58],[17,59],[17,60],[17,61],[17,62],[17,63],[18,64],[18,65],[18,66],[18,67],[18,68],[18,69],[18,70],[56,71],[56,72],[56,73],[56,74],[56,75],[56,76],[56,77],[56,78]],"ID":2}],"edgeSet":[[0,2,0],[2,1,0]],"ENTRY":{"def":[],"use":[],"callees":[],"nodes":["CompoundStmt"],"edges":[],"ID":0},"EXIT":{"def":[],"use":[],"callees":[],"nodes":["CompoundStmt"],"edges":[],"ID":1},"method_name":"setBasetype"},{"blocks":[{"def":[],"use":[],"callees":[],"nodes":["CompoundStmt"],"edges":[],"ID":0},{"def":[],"use":[],"callees":[],"nodes":["CompoundStmt"],"edges":[],"ID":1},{"def":["r2","$z0","r0","r1"],"use":["r0.\u003corg.apache.xerces.validators.datatype.BooleanDatatypeValidator: boolean fDerivedByList\u003e","@this: org.apache.xerces.validators.datatype.BooleanDatatypeValidator","@parameter1: java.lang.Object","$z0","@parameter0: java.lang.String","r0"],"callees":[],"nodes":["CompoundStmt","DefinitionStmt","DefinitionStmt","DefinitionStmt","DefinitionStmt","IfStmt","Local","ThisRef","Local","Param","Local","Param","Local","InstanceFieldRef","BinaryOp","RefType","RefType","RefType","RefType","RefType","RefType","Boolean","Boolean","Local","Boolean","Local"," \u003d\u003d ","Constant","org","apache","xerces","validators","datatype","Boolean","Datatype","Validator","org","apache","xerces","validators","datatype","Boolean","Datatype","Validator","java","lang","String","java","lang","String","java","lang","Object","java","lang","Object","RefType","Boolean","1","Int","org","apache","xerces","validators","datatype","Boolean","Datatype","Validator"],"edges":[[0,1],[0,2],[0,3],[0,4],[0,5],[1,6],[1,7],[2,8],[2,9],[3,10],[3,11],[4,12],[4,13],[5,14],[6,15],[7,16],[8,17],[9,18],[10,19],[11,20],[12,21],[13,22],[13,23],[13,24],[14,25],[14,26],[14,27],[15,28],[15,29],[15,30],[15,31],[15,32],[15,33],[15,34],[15,35],[16,36],[16,37],[16,38],[16,39],[16,40],[16,41],[16,42],[16,43],[17,44],[17,45],[17,46],[18,47],[18,48],[18,49],[19,50],[19,51],[19,52],[20,53],[20,54],[20,55],[23,56],[25,57],[27,58],[27,59],[56,60],[56,61],[56,62],[56,63],[56,64],[56,65],[56,66],[56,67]],"ID":2},{"def":[],"use":["r0","r1"],"callees":["checkContent"],"nodes":["CompoundStmt","Invoke","ReturnStmt","Constant","Null"],"edges":[[0,1],[0,2],[2,3],[3,4]],"ID":3}],"edgeSet":[[3,1,0],[0,2,0],[2,3,1],[2,3,2]],"ENTRY":{"def":[],"use":[],"callees":[],"nodes":["CompoundStmt"],"edges":[],"ID":0},"EXIT":{"def":[],"use":[],"callees":[],"nodes":["CompoundStmt"],"edges":[],"ID":1},"method_name":"validate"}],"label":"0"}