{"data":[{"blocks":[{"def":[],"use":[],"callees":[],"nodes":["CompoundStmt"],"edges":[],"ID":0},{"def":[],"use":[],"callees":[],"nodes":["CompoundStmt"],"edges":[],"ID":1},{"def":["r2","r0","r1"],"use":["r2","@parameter0: org.apache.xerces.dom.DocumentImpl","@parameter1: java.lang.String","@this: org.apache.xerces.dom.CommentImpl","r0","r1"],"callees":["\u003cinit\u003e"],"nodes":["CompoundStmt","DefinitionStmt","DefinitionStmt","DefinitionStmt","Invoke","ReturnVoidStmt","Local","ThisRef","Local","Param","Local","Param","RefType","RefType","RefType","RefType","RefType","RefType","org","apache","xerces","dom","Comment","Impl","org","apache","xerces","dom","Comment","Impl","org","apache","xerces","dom","Document","Impl","org","apache","xerces","dom","Document","Impl","java","lang","String","java","lang","String"],"edges":[[0,1],[0,2],[0,3],[0,4],[0,5],[1,6],[1,7],[2,8],[2,9],[3,10],[3,11],[6,12],[7,13],[8,14],[9,15],[10,16],[11,17],[12,18],[12,19],[12,20],[12,21],[12,22],[12,23],[13,24],[13,25],[13,26],[13,27],[13,28],[13,29],[14,30],[14,31],[14,32],[14,33],[14,34],[14,35],[15,36],[15,37],[15,38],[15,39],[15,40],[15,41],[16,42],[16,43],[16,44],[17,45],[17,46],[17,47]],"ID":2}],"edgeSet":[[0,2,0],[2,1,0]],"ENTRY":{"def":[],"use":[],"callees":[],"nodes":["CompoundStmt"],"edges":[],"ID":0},"EXIT":{"def":[],"use":[],"callees":[],"nodes":["CompoundStmt"],"edges":[],"ID":1},"method_name":"\u003cinit\u003e"},{"blocks":[{"def":[],"use":[],"callees":[],"nodes":["CompoundStmt"],"edges":[],"ID":0},{"def":[],"use":[],"callees":[],"nodes":["CompoundStmt"],"edges":[],"ID":1},{"def":["r0"],"use":["@this: org.apache.xerces.dom.CommentImpl"],"callees":[],"nodes":["CompoundStmt","DefinitionStmt","ReturnStmt","Local","ThisRef","Constant","RefType","RefType","RefType","org","apache","xerces","dom","Comment","Impl","org","apache","xerces","dom","Comment","Impl","java","lang","String"],"edges":[[0,1],[0,2],[1,3],[1,4],[2,5],[3,6],[4,7],[5,8],[6,9],[6,10],[6,11],[6,12],[6,13],[6,14],[7,15],[7,16],[7,17],[7,18],[7,19],[7,20],[8,21],[8,22],[8,23]],"ID":2}],"edgeSet":[[0,2,0],[2,1,0]],"ENTRY":{"def":[],"use":[],"callees":[],"nodes":["CompoundStmt"],"edges":[],"ID":0},"EXIT":{"def":[],"use":[],"callees":[],"nodes":["CompoundStmt"],"edges":[],"ID":1},"method_name":"getNodeName"},{"blocks":[{"def":[],"use":[],"callees":[],"nodes":["CompoundStmt"],"edges":[],"ID":0},{"def":[],"use":[],"callees":[],"nodes":["CompoundStmt"],"edges":[],"ID":1},{"def":["r0"],"use":["@this: org.apache.xerces.dom.CommentImpl"],"callees":[],"nodes":["CompoundStmt","DefinitionStmt","ReturnStmt","Local","ThisRef","Constant","RefType","RefType","8","Int","org","apache","xerces","dom","Comment","Impl","org","apache","xerces","dom","Comment","Impl"],"edges":[[0,1],[0,2],[1,3],[1,4],[2,5],[3,6],[4,7],[5,8],[5,9],[6,10],[6,11],[6,12],[6,13],[6,14],[6,15],[7,16],[7,17],[7,18],[7,19],[7,20],[7,21]],"ID":2}],"edgeSet":[[0,2,0],[2,1,0]],"ENTRY":{"def":[],"use":[],"callees":[],"nodes":["CompoundStmt"],"edges":[],"ID":0},"EXIT":{"def":[],"use":[],"callees":[],"nodes":["CompoundStmt"],"edges":[],"ID":1},"method_name":"getNodeType"}],"label":"0"}