{"data":[{"blocks":[{"def":[],"use":[],"callees":[],"nodes":["CompoundStmt"],"edges":[],"ID":0},{"def":[],"use":[],"callees":[],"nodes":["CompoundStmt"],"edges":[],"ID":1},{"def":["r0.\u003corg.apache.xerces.readers.XCatalog: java.util.Vector delegateOrder\u003e","$r1","r0.\u003corg.apache.xerces.readers.XCatalog: java.util.Hashtable delegate\u003e","$r2","r0"],"use":["$r1","$r2","@this: org.apache.xerces.readers.XCatalog","r0"],"callees":["\u003cinit\u003e"],"nodes":["CompoundStmt","DefinitionStmt","Invoke","DefinitionStmt","Invoke","DefinitionStmt","DefinitionStmt","Invoke","DefinitionStmt","ReturnVoidStmt","Local","ThisRef","Local","NewExpr","InstanceFieldRef","Local","Local","NewExpr","InstanceFieldRef","Local","RefType","RefType","RefType","RefType","RefType","Local","RefType","RefType","RefType","RefType","RefType","Local","RefType","RefType","org","apache","xerces","readers","X","Catalog","org","apache","xerces","readers","X","Catalog","java","util","Hashtable","java","util","Hashtable","java","util","Hashtable","RefType","java","util","Hashtable","java","util","Hashtable","java","util","Vector","java","util","Vector","java","util","Vector","RefType","java","util","Vector","java","util","Vector","org","apache","xerces","readers","X","Catalog","org","apache","xerces","readers","X","Catalog"],"edges":[[0,1],[0,2],[0,3],[0,4],[0,5],[0,6],[0,7],[0,8],[0,9],[1,10],[1,11],[3,12],[3,13],[5,14],[5,15],[6,16],[6,17],[8,18],[8,19],[10,20],[11,21],[12,22],[13,23],[14,24],[14,25],[14,26],[15,27],[16,28],[17,29],[18,30],[18,31],[18,32],[19,33],[20,34],[20,35],[20,36],[20,37],[20,38],[20,39],[21,40],[21,41],[21,42],[21,43],[21,44],[21,45],[22,46],[22,47],[22,48],[23,49],[23,50],[23,51],[24,52],[24,53],[24,54],[25,55],[26,56],[26,57],[26,58],[27,59],[27,60],[27,61],[28,62],[28,63],[28,64],[29,65],[29,66],[29,67],[30,68],[30,69],[30,70],[31,71],[32,72],[32,73],[32,74],[33,75],[33,76],[33,77],[55,78],[55,79],[55,80],[55,81],[55,82],[55,83],[71,84],[71,85],[71,86],[71,87],[71,88],[71,89]],"ID":2}],"edgeSet":[[0,2,0],[2,1,0]],"ENTRY":{"def":[],"use":[],"callees":[],"nodes":["CompoundStmt"],"edges":[],"ID":0},"EXIT":{"def":[],"use":[],"callees":[],"nodes":["CompoundStmt"],"edges":[],"ID":1},"method_name":"\u003cinit\u003e"},{"blocks":[{"def":[],"use":[],"callees":[],"nodes":["CompoundStmt"],"edges":[],"ID":0},{"def":[],"use":[],"callees":[],"nodes":["CompoundStmt"],"edges":[],"ID":1},{"def":["r2","r3","r0","r1"],"use":["r3","r0.\u003corg.apache.xerces.readers.XCatalog: java.util.Hashtable delegate\u003e","@this: org.apache.xerces.readers.XCatalog","@parameter0: java.lang.String","@parameter1: org.apache.xerces.readers.XCatalog","r0"],"callees":[],"nodes":["CompoundStmt","DefinitionStmt","DefinitionStmt","DefinitionStmt","DefinitionStmt","EnterMonitorStmt","Local","ThisRef","Local","Param","Local","Param","Local","InstanceFieldRef","Local","RefType","RefType","RefType","RefType","RefType","RefType","RefType","RefType","Local","RefType","RefType","org","apache","xerces","readers","X","Catalog","org","apache","xerces","readers","X","Catalog","java","lang","String","java","lang","String","org","apache","xerces","readers","X","Catalog","org","apache","xerces","readers","X","Catalog","java","util","Hashtable","java","util","Hashtable","RefType","java","util","Hashtable","java","util","Hashtable","org","apache","xerces","readers","X","Catalog"],"edges":[[0,1],[0,2],[0,3],[0,4],[0,5],[1,6],[1,7],[2,8],[2,9],[3,10],[3,11],[4,12],[4,13],[5,14],[6,15],[7,16],[8,17],[9,18],[10,19],[11,20],[12,21],[13,22],[13,23],[13,24],[14,25],[15,26],[15,27],[15,28],[15,29],[15,30],[15,31],[16,32],[16,33],[16,34],[16,35],[16,36],[16,37],[17,38],[17,39],[17,40],[18,41],[18,42],[18,43],[19,44],[19,45],[19,46],[19,47],[19,48],[19,49],[20,50],[20,51],[20,52],[20,53],[20,54],[20,55],[21,56],[21,57],[21,58],[22,59],[22,60],[22,61],[23,62],[24,63],[24,64],[24,65],[25,66],[25,67],[25,68],[62,69],[62,70],[62,71],[62,72],[62,73],[62,74]],"ID":2},{"def":["$r5"],"use":["r0.\u003corg.apache.xerces.readers.XCatalog: java.util.Hashtable delegate\u003e","r0"],"callees":[],"nodes":["CompoundStmt","DefinitionStmt","Local","InstanceFieldRef","RefType","RefType","Local","RefType","java","util","Hashtable","java","util","Hashtable","RefType","java","util","Hashtable","org","apache","xerces","readers","X","Catalog"],"edges":[[0,1],[1,2],[1,3],[2,4],[3,5],[3,6],[3,7],[4,8],[4,9],[4,10],[5,11],[5,12],[5,13],[6,14],[7,15],[7,16],[7,17],[14,18],[14,19],[14,20],[14,21],[14,22],[14,23]],"ID":3},{"def":["$z0"],"use":["$r5","r1"],"callees":[],"nodes":["CompoundStmt","DefinitionStmt","Local","Invoke","Boolean"],"edges":[[0,1],[1,2],[1,3],[2,4]],"ID":4},{"def":[],"use":["$z0"],"callees":[],"nodes":["CompoundStmt","IfStmt","BinaryOp","Local"," !\u003d ","Constant","Boolean","0","Int"],"edges":[[0,1],[1,2],[2,3],[2,4],[2,5],[3,6],[5,7],[5,8]],"ID":5},{"def":["$r7"],"use":["r0.\u003corg.apache.xerces.readers.XCatalog: java.util.Vector delegateOrder\u003e","r0"],"callees":[],"nodes":["CompoundStmt","DefinitionStmt","Local","InstanceFieldRef","RefType","RefType","Local","RefType","java","util","Vector","java","util","Vector","RefType","java","util","Vector","org","apache","xerces","readers","X","Catalog"],"edges":[[0,1],[1,2],[1,3],[2,4],[3,5],[3,6],[3,7],[4,8],[4,9],[4,10],[5,11],[5,12],[5,13],[6,14],[7,15],[7,16],[7,17],[14,18],[14,19],[14,20],[14,21],[14,22],[14,23]],"ID":6},{"def":["i0"],"use":["$r7"],"callees":[],"nodes":["CompoundStmt","DefinitionStmt","Local","Invoke","Int"],"edges":[[0,1],[1,2],[1,3],[2,4]],"ID":7},{"def":["z2"],"use":[],"callees":[],"nodes":["CompoundStmt","DefinitionStmt","Local","Constant","Boolean","0","Int"],"edges":[[0,1],[1,2],[1,3],[2,4],[3,5],[3,6]],"ID":8},{"def":["i2"],"use":[],"callees":[],"nodes":["CompoundStmt","DefinitionStmt","Local","Constant","Int","0","Int"],"edges":[[0,1],[1,2],[1,3],[2,4],[3,5],[3,6]],"ID":9},{"def":[],"use":[],"callees":[],"nodes":["CompoundStmt","GotoStmt"],"edges":[[0,1]],"ID":10},{"def":["$r8"],"use":["r0.\u003corg.apache.xerces.readers.XCatalog: java.util.Vector delegateOrder\u003e","r0"],"callees":[],"nodes":["CompoundStmt","DefinitionStmt","Local","InstanceFieldRef","RefType","RefType","Local","RefType","java","util","Vector","java","util","Vector","RefType","java","util","Vector","org","apache","xerces","readers","X","Catalog"],"edges":[[0,1],[1,2],[1,3],[2,4],[3,5],[3,6],[3,7],[4,8],[4,9],[4,10],[5,11],[5,12],[5,13],[6,14],[7,15],[7,16],[7,17],[14,18],[14,19],[14,20],[14,21],[14,22],[14,23]],"ID":11},{"def":["$r9"],"use":["i2","$r8"],"callees":[],"nodes":["CompoundStmt","DefinitionStmt","Local","Invoke","RefType","java","lang","Object"],"edges":[[0,1],[1,2],[1,3],[2,4],[4,5],[4,6],[4,7]],"ID":12},{"def":["r4"],"use":["$r9"],"callees":[],"nodes":["CompoundStmt","DefinitionStmt","Local","CastExpr","RefType","RefType","RefType","Local","java","lang","String","java","lang","String","java","lang","String","RefType","java","lang","Object"],"edges":[[0,1],[1,2],[1,3],[2,4],[3,5],[3,6],[3,7],[4,8],[4,9],[4,10],[5,11],[5,12],[5,13],[6,14],[6,15],[6,16],[7,17],[17,18],[17,19],[17,20]],"ID":13},{"def":["$z1"],"use":["r4","r1"],"callees":[],"nodes":["CompoundStmt","DefinitionStmt","Local","Invoke","Boolean"],"edges":[[0,1],[1,2],[1,3],[2,4]],"ID":14},{"def":[],"use":["$z1"],"callees":[],"nodes":["CompoundStmt","IfStmt","BinaryOp","Local"," !\u003d ","Constant","Boolean","0","Int"],"edges":[[0,1],[1,2],[2,3],[2,4],[2,5],[3,6],[5,7],[5,8]],"ID":15},{"def":["$i1"],"use":["r4","r1"],"callees":[],"nodes":["CompoundStmt","DefinitionStmt","Local","Invoke","Int"],"edges":[[0,1],[1,2],[1,3],[2,4]],"ID":16},{"def":[],"use":["$i1"],"callees":[],"nodes":["CompoundStmt","IfStmt","BinaryOp","Local"," \u003e\u003d ","Constant","Int","0","Int"],"edges":[[0,1],[1,2],[2,3],[2,4],[2,5],[3,6],[5,7],[5,8]],"ID":17},{"def":["$r10"],"use":["r0.\u003corg.apache.xerces.readers.XCatalog: java.util.Vector delegateOrder\u003e","r0"],"callees":[],"nodes":["CompoundStmt","DefinitionStmt","Local","InstanceFieldRef","RefType","RefType","Local","RefType","java","util","Vector","java","util","Vector","RefType","java","util","Vector","org","apache","xerces","readers","X","Catalog"],"edges":[[0,1],[1,2],[1,3],[2,4],[3,5],[3,6],[3,7],[4,8],[4,9],[4,10],[5,11],[5,12],[5,13],[6,14],[7,15],[7,16],[7,17],[14,18],[14,19],[14,20],[14,21],[14,22],[14,23]],"ID":18},{"def":[],"use":["i2","r1","$r10"],"callees":[],"nodes":["CompoundStmt","Invoke"],"edges":[[0,1]],"ID":19},{"def":["z2"],"use":[],"callees":[],"nodes":["CompoundStmt","DefinitionStmt","Local","Constant","Boolean","1","Int"],"edges":[[0,1],[1,2],[1,3],[2,4],[3,5],[3,6]],"ID":20},{"def":[],"use":[],"callees":[],"nodes":["CompoundStmt","GotoStmt"],"edges":[[0,1]],"ID":21},{"def":["i2"],"use":["i2"],"callees":[],"nodes":["CompoundStmt","DefinitionStmt","Local","BinaryOp","Int","Local"," + ","Constant","Int","1","Int"],"edges":[[0,1],[1,2],[1,3],[2,4],[3,5],[3,6],[3,7],[5,8],[7,9],[7,10]],"ID":22},{"def":[],"use":["i0","i2"],"callees":[],"nodes":["CompoundStmt","IfStmt","BinaryOp","Local"," \u003c ","Local","Int","Int"],"edges":[[0,1],[1,2],[2,3],[2,4],[2,5],[3,6],[5,7]],"ID":23},{"def":[],"use":["z2"],"callees":[],"nodes":["CompoundStmt","IfStmt","BinaryOp","Local"," !\u003d ","Constant","Boolean","0","Int"],"edges":[[0,1],[1,2],[2,3],[2,4],[2,5],[3,6],[5,7],[5,8]],"ID":24},{"def":["$r11"],"use":["r0.\u003corg.apache.xerces.readers.XCatalog: java.util.Vector delegateOrder\u003e","r0"],"callees":[],"nodes":["CompoundStmt","DefinitionStmt","Local","InstanceFieldRef","RefType","RefType","Local","RefType","java","util","Vector","java","util","Vector","RefType","java","util","Vector","org","apache","xerces","readers","X","Catalog"],"edges":[[0,1],[1,2],[1,3],[2,4],[3,5],[3,6],[3,7],[4,8],[4,9],[4,10],[5,11],[5,12],[5,13],[6,14],[7,15],[7,16],[7,17],[14,18],[14,19],[14,20],[14,21],[14,22],[14,23]],"ID":25},{"def":[],"use":["$r11","r1"],"callees":[],"nodes":["CompoundStmt","Invoke"],"edges":[[0,1]],"ID":26},{"def":["$r13"],"use":["r0.\u003corg.apache.xerces.readers.XCatalog: java.util.Hashtable delegate\u003e","r0"],"callees":[],"nodes":["CompoundStmt","DefinitionStmt","Local","InstanceFieldRef","RefType","RefType","Local","RefType","java","util","Hashtable","java","util","Hashtable","RefType","java","util","Hashtable","org","apache","xerces","readers","X","Catalog"],"edges":[[0,1],[1,2],[1,3],[2,4],[3,5],[3,6],[3,7],[4,8],[4,9],[4,10],[5,11],[5,12],[5,13],[6,14],[7,15],[7,16],[7,17],[14,18],[14,19],[14,20],[14,21],[14,22],[14,23]],"ID":27},{"def":[],"use":["r2","$r13","r1"],"callees":[],"nodes":["CompoundStmt","Invoke"],"edges":[[0,1]],"ID":28},{"def":[],"use":["r3"],"callees":[],"nodes":["CompoundStmt","ExitMonitorStmt","GotoStmt","ReturnVoidStmt","Local","RefType","java","util","Hashtable"],"edges":[[0,1],[0,2],[0,3],[1,4],[4,5],[5,6],[5,7],[5,8]],"ID":29},{"def":["$r12"],"use":["r3","@caughtexception","$r12"],"callees":[],"nodes":["CompoundStmt","DefinitionStmt","ExitMonitorStmt","ThrowStmt","Local","CaughtException","Local","Local","RefType","RefType","RefType","RefType","java","lang","Throwable","java","lang","Throwable","java","util","Hashtable","java","lang","Throwable"],"edges":[[0,1],[0,2],[0,3],[1,4],[1,5],[2,6],[3,7],[4,8],[5,9],[6,10],[7,11],[8,12],[8,13],[8,14],[9,15],[9,16],[9,17],[10,18],[10,19],[10,20],[11,21],[11,22],[11,23]],"ID":30}],"edgeSet":[[27,30,5],[5,27,2],[8,9,0],[4,5,0],[12,13,0],[16,17,0],[20,21,0],[28,29,0],[24,25,1],[2,30,5],[4,30,5],[6,30,5],[23,11,2],[8,30,5],[10,30,5],[12,30,5],[14,30,5],[16,30,5],[18,30,5],[20,30,5],[30,1,0],[21,24,0],[22,30,5],[0,2,0],[3,4,0],[7,8,0],[11,12,0],[19,20,0],[24,30,5],[27,28,0],[15,16,1],[23,24,1],[26,30,5],[28,30,5],[10,23,0],[2,3,0],[6,7,0],[14,15,0],[18,19,0],[22,23,0],[24,27,2],[26,27,0],[3,30,5],[5,30,5],[7,30,5],[9,30,5],[11,30,5],[13,30,5],[15,30,5],[17,30,5],[19,30,5],[29,1,0],[21,30,5],[17,22,2],[23,30,5],[9,10,0],[13,14,0],[15,18,2],[25,26,0],[5,6,1],[17,18,1],[25,30,5]],"ENTRY":{"def":[],"use":[],"callees":[],"nodes":["CompoundStmt"],"edges":[],"ID":0},"EXIT":{"def":[],"use":[],"callees":[],"nodes":["CompoundStmt"],"edges":[],"ID":1},"method_name":"addDelegateCatalog"},{"blocks":[{"def":[],"use":[],"callees":[],"nodes":["CompoundStmt"],"edges":[],"ID":0},{"def":[],"use":[],"callees":[],"nodes":["CompoundStmt"],"edges":[],"ID":1},{"def":["$r2","$r3","$r4","r0","r1"],"use":["r0.\u003corg.apache.xerces.readers.XCatalog: java.util.Hashtable delegate\u003e","$r2","$r3","$r4","@this: org.apache.xerces.readers.XCatalog","@parameter0: java.lang.String","r0","r1"],"callees":[],"nodes":["CompoundStmt","DefinitionStmt","DefinitionStmt","DefinitionStmt","DefinitionStmt","DefinitionStmt","ReturnStmt","Local","ThisRef","Local","Param","Local","InstanceFieldRef","Local","Invoke","Local","CastExpr","Local","RefType","RefType","RefType","RefType","RefType","RefType","Local","RefType","RefType","RefType","RefType","RefType","Local","RefType","org","apache","xerces","readers","X","Catalog","org","apache","xerces","readers","X","Catalog","java","lang","String","java","lang","String","java","util","Hashtable","java","util","Hashtable","RefType","java","util","Hashtable","java","lang","Object","org","apache","xerces","readers","X","Catalog","org","apache","xerces","readers","X","Catalog","org","apache","xerces","readers","X","Catalog","RefType","org","apache","xerces","readers","X","Catalog","org","apache","xerces","readers","X","Catalog","java","lang","Object"],"edges":[[0,1],[0,2],[0,3],[0,4],[0,5],[0,6],[1,7],[1,8],[2,9],[2,10],[3,11],[3,12],[4,13],[4,14],[5,15],[5,16],[6,17],[7,18],[8,19],[9,20],[10,21],[11,22],[12,23],[12,24],[12,25],[13,26],[15,27],[16,28],[16,29],[16,30],[17,31],[18,32],[18,33],[18,34],[18,35],[18,36],[18,37],[19,38],[19,39],[19,40],[19,41],[19,42],[19,43],[20,44],[20,45],[20,46],[21,47],[21,48],[21,49],[22,50],[22,51],[22,52],[23,53],[23,54],[23,55],[24,56],[25,57],[25,58],[25,59],[26,60],[26,61],[26,62],[27,63],[27,64],[27,65],[27,66],[27,67],[27,68],[28,69],[28,70],[28,71],[28,72],[28,73],[28,74],[29,75],[29,76],[29,77],[29,78],[29,79],[29,80],[30,81],[31,82],[31,83],[31,84],[31,85],[31,86],[31,87],[56,88],[56,89],[56,90],[56,91],[56,92],[56,93],[81,94],[81,95],[81,96]],"ID":2}],"edgeSet":[[0,2,0],[2,1,0]],"ENTRY":{"def":[],"use":[],"callees":[],"nodes":["CompoundStmt"],"edges":[],"ID":0},"EXIT":{"def":[],"use":[],"callees":[],"nodes":["CompoundStmt"],"edges":[],"ID":1},"method_name":"getDelegateCatalog"},{"blocks":[{"def":[],"use":[],"callees":[],"nodes":["CompoundStmt"],"edges":[],"ID":0},{"def":[],"use":[],"callees":[],"nodes":["CompoundStmt"],"edges":[],"ID":1},{"def":["$r1","$r2","r0"],"use":["r0.\u003corg.apache.xerces.readers.XCatalog: java.util.Vector delegateOrder\u003e","$r1","$r2","@this: org.apache.xerces.readers.XCatalog","r0"],"callees":[],"nodes":["CompoundStmt","DefinitionStmt","DefinitionStmt","DefinitionStmt","ReturnStmt","Local","ThisRef","Local","InstanceFieldRef","Local","Invoke","Local","RefType","RefType","RefType","RefType","Local","RefType","RefType","RefType","org","apache","xerces","readers","X","Catalog","org","apache","xerces","readers","X","Catalog","java","util","Vector","java","util","Vector","RefType","java","util","Vector","java","util","Enumeration","java","util","Enumeration","org","apache","xerces","readers","X","Catalog"],"edges":[[0,1],[0,2],[0,3],[0,4],[1,5],[1,6],[2,7],[2,8],[3,9],[3,10],[4,11],[5,12],[6,13],[7,14],[8,15],[8,16],[8,17],[9,18],[11,19],[12,20],[12,21],[12,22],[12,23],[12,24],[12,25],[13,26],[13,27],[13,28],[13,29],[13,30],[13,31],[14,32],[14,33],[14,34],[15,35],[15,36],[15,37],[16,38],[17,39],[17,40],[17,41],[18,42],[18,43],[18,44],[19,45],[19,46],[19,47],[38,48],[38,49],[38,50],[38,51],[38,52],[38,53]],"ID":2}],"edgeSet":[[0,2,0],[2,1,0]],"ENTRY":{"def":[],"use":[],"callees":[],"nodes":["CompoundStmt"],"edges":[],"ID":0},"EXIT":{"def":[],"use":[],"callees":[],"nodes":["CompoundStmt"],"edges":[],"ID":1},"method_name":"getDelegateCatalogKeys"},{"blocks":[{"def":[],"use":[],"callees":[],"nodes":["CompoundStmt"],"edges":[],"ID":0},{"def":[],"use":[],"callees":[],"nodes":["CompoundStmt"],"edges":[],"ID":1},{"def":["r0","r1"],"use":["@this: org.apache.xerces.readers.XCatalog","@parameter0: java.lang.String"],"callees":[],"nodes":["CompoundStmt","DefinitionStmt","DefinitionStmt","Local","ThisRef","Local","Param","RefType","RefType","RefType","RefType","org","apache","xerces","readers","X","Catalog","org","apache","xerces","readers","X","Catalog","java","lang","String","java","lang","String"],"edges":[[0,1],[0,2],[1,3],[1,4],[2,5],[2,6],[3,7],[4,8],[5,9],[6,10],[7,11],[7,12],[7,13],[7,14],[7,15],[7,16],[8,17],[8,18],[8,19],[8,20],[8,21],[8,22],[9,23],[9,24],[9,25],[10,26],[10,27],[10,28]],"ID":2},{"def":["$r2"],"use":[],"callees":[],"nodes":["CompoundStmt","DefinitionStmt","Local","NewExpr","RefType","RefType","java","net","U","R","L","java","net","U","R","L"],"edges":[[0,1],[1,2],[1,3],[2,4],[3,5],[4,6],[4,7],[4,8],[4,9],[4,10],[5,11],[5,12],[5,13],[5,14],[5,15]],"ID":3},{"def":[],"use":["$r2","r1"],"callees":[],"nodes":["CompoundStmt","Invoke"],"edges":[[0,1]],"ID":4},{"def":[],"use":[],"callees":[],"nodes":["CompoundStmt","ReturnStmt","Constant","1","Int"],"edges":[[0,1],[1,2],[2,3],[2,4]],"ID":5},{"def":["$r3"],"use":["@caughtexception"],"callees":[],"nodes":["CompoundStmt","DefinitionStmt","ReturnStmt","Local","CaughtException","Constant","RefType","RefType","0","Int","java","net","Malformed","U","R","L","Exception","java","lang","Throwable"],"edges":[[0,1],[0,2],[1,3],[1,4],[2,5],[3,6],[4,7],[5,8],[5,9],[6,10],[6,11],[6,12],[6,13],[6,14],[6,15],[6,16],[7,17],[7,18],[7,19]],"ID":6}],"edgeSet":[[3,6,5],[4,6,5],[5,1,0],[6,1,0],[0,2,0],[2,3,0],[3,4,0],[4,5,0],[2,6,5]],"ENTRY":{"def":[],"use":[],"callees":[],"nodes":["CompoundStmt"],"edges":[],"ID":0},"EXIT":{"def":[],"use":[],"callees":[],"nodes":["CompoundStmt"],"edges":[],"ID":1},"method_name":"isURL"},{"blocks":[{"def":[],"use":[],"callees":[],"nodes":["CompoundStmt"],"edges":[],"ID":0},{"def":[],"use":[],"callees":[],"nodes":["CompoundStmt"],"edges":[],"ID":1},{"def":["$r2","r0","r1"],"use":["$r2","@parameter0: org.xml.sax.InputSource","@this: org.apache.xerces.readers.XCatalog","r0","r1"],"callees":["\u003cinit\u003e"],"nodes":["CompoundStmt","DefinitionStmt","DefinitionStmt","DefinitionStmt","Invoke","ReturnVoidStmt","Local","ThisRef","Local","Param","Local","NewExpr","RefType","RefType","RefType","RefType","RefType","RefType","org","apache","xerces","readers","X","Catalog","org","apache","xerces","readers","X","Catalog","org","xml","sax","Input","Source","org","xml","sax","Input","Source","org","apache","xerces","readers","X","Catalog$","Parser","org","apache","xerces","readers","X","Catalog$","Parser"],"edges":[[0,1],[0,2],[0,3],[0,4],[0,5],[1,6],[1,7],[2,8],[2,9],[3,10],[3,11],[6,12],[7,13],[8,14],[9,15],[10,16],[11,17],[12,18],[12,19],[12,20],[12,21],[12,22],[12,23],[13,24],[13,25],[13,26],[13,27],[13,28],[13,29],[14,30],[14,31],[14,32],[14,33],[14,34],[15,35],[15,36],[15,37],[15,38],[15,39],[16,40],[16,41],[16,42],[16,43],[16,44],[16,45],[16,46],[17,47],[17,48],[17,49],[17,50],[17,51],[17,52],[17,53]],"ID":2}],"edgeSet":[[0,2,0],[2,1,0]],"ENTRY":{"def":[],"use":[],"callees":[],"nodes":["CompoundStmt"],"edges":[],"ID":0},"EXIT":{"def":[],"use":[],"callees":[],"nodes":["CompoundStmt"],"edges":[],"ID":1},"method_name":"loadCatalog"},{"blocks":[{"def":[],"use":[],"callees":[],"nodes":["CompoundStmt"],"edges":[],"ID":0},{"def":[],"use":[],"callees":[],"nodes":["CompoundStmt"],"edges":[],"ID":1},{"def":["r2","r0","r1"],"use":["r2","r0.\u003corg.apache.xerces.readers.XCatalog: java.util.Hashtable delegate\u003e","@this: org.apache.xerces.readers.XCatalog","@parameter0: java.lang.String","r0"],"callees":[],"nodes":["CompoundStmt","DefinitionStmt","DefinitionStmt","DefinitionStmt","EnterMonitorStmt","Local","ThisRef","Local","Param","Local","InstanceFieldRef","Local","RefType","RefType","RefType","RefType","RefType","RefType","Local","RefType","RefType","org","apache","xerces","readers","X","Catalog","org","apache","xerces","readers","X","Catalog","java","lang","String","java","lang","String","java","util","Hashtable","java","util","Hashtable","RefType","java","util","Hashtable","java","util","Hashtable","org","apache","xerces","readers","X","Catalog"],"edges":[[0,1],[0,2],[0,3],[0,4],[1,5],[1,6],[2,7],[2,8],[3,9],[3,10],[4,11],[5,12],[6,13],[7,14],[8,15],[9,16],[10,17],[10,18],[10,19],[11,20],[12,21],[12,22],[12,23],[12,24],[12,25],[12,26],[13,27],[13,28],[13,29],[13,30],[13,31],[13,32],[14,33],[14,34],[14,35],[15,36],[15,37],[15,38],[16,39],[16,40],[16,41],[17,42],[17,43],[17,44],[18,45],[19,46],[19,47],[19,48],[20,49],[20,50],[20,51],[45,52],[45,53],[45,54],[45,55],[45,56],[45,57]],"ID":2},{"def":["$r3"],"use":["r0.\u003corg.apache.xerces.readers.XCatalog: java.util.Hashtable delegate\u003e","r0"],"callees":[],"nodes":["CompoundStmt","DefinitionStmt","Local","InstanceFieldRef","RefType","RefType","Local","RefType","java","util","Hashtable","java","util","Hashtable","RefType","java","util","Hashtable","org","apache","xerces","readers","X","Catalog"],"edges":[[0,1],[1,2],[1,3],[2,4],[3,5],[3,6],[3,7],[4,8],[4,9],[4,10],[5,11],[5,12],[5,13],[6,14],[7,15],[7,16],[7,17],[14,18],[14,19],[14,20],[14,21],[14,22],[14,23]],"ID":3},{"def":[],"use":["$r3","r1"],"callees":[],"nodes":["CompoundStmt","Invoke"],"edges":[[0,1]],"ID":4},{"def":["$r5"],"use":["r0.\u003corg.apache.xerces.readers.XCatalog: java.util.Vector delegateOrder\u003e","r0"],"callees":[],"nodes":["CompoundStmt","DefinitionStmt","Local","InstanceFieldRef","RefType","RefType","Local","RefType","java","util","Vector","java","util","Vector","RefType","java","util","Vector","org","apache","xerces","readers","X","Catalog"],"edges":[[0,1],[1,2],[1,3],[2,4],[3,5],[3,6],[3,7],[4,8],[4,9],[4,10],[5,11],[5,12],[5,13],[6,14],[7,15],[7,16],[7,17],[14,18],[14,19],[14,20],[14,21],[14,22],[14,23]],"ID":5},{"def":[],"use":["$r5","r1"],"callees":[],"nodes":["CompoundStmt","Invoke"],"edges":[[0,1]],"ID":6},{"def":[],"use":["r2"],"callees":[],"nodes":["CompoundStmt","ExitMonitorStmt","GotoStmt","ReturnVoidStmt","Local","RefType","java","util","Hashtable"],"edges":[[0,1],[0,2],[0,3],[1,4],[4,5],[5,6],[5,7],[5,8]],"ID":7},{"def":["$r6"],"use":["r2","@caughtexception","$r6"],"callees":[],"nodes":["CompoundStmt","DefinitionStmt","ExitMonitorStmt","ThrowStmt","Local","CaughtException","Local","Local","RefType","RefType","RefType","RefType","java","lang","Throwable","java","lang","Throwable","java","util","Hashtable","java","lang","Throwable"],"edges":[[0,1],[0,2],[0,3],[1,4],[1,5],[2,6],[3,7],[4,8],[5,9],[6,10],[7,11],[8,12],[8,13],[8,14],[9,15],[9,16],[9,17],[10,18],[10,19],[10,20],[11,21],[11,22],[11,23]],"ID":8}],"edgeSet":[[5,8,5],[6,8,5],[7,1,0],[8,1,0],[0,2,0],[2,3,0],[2,8,5],[3,4,0],[4,5,0],[5,6,0],[6,7,0],[3,8,5],[4,8,5]],"ENTRY":{"def":[],"use":[],"callees":[],"nodes":["CompoundStmt"],"edges":[],"ID":0},"EXIT":{"def":[],"use":[],"callees":[],"nodes":["CompoundStmt"],"edges":[],"ID":1},"method_name":"removeDelegateCatalog"},{"blocks":[{"def":[],"use":[],"callees":[],"nodes":["CompoundStmt"],"edges":[],"ID":0},{"def":[],"use":[],"callees":[],"nodes":["CompoundStmt"],"edges":[],"ID":1},{"def":["$r2","$r3","$r4","r0","r1"],"use":["r0.\u003corg.apache.xerces.readers.XMLCatalogHandler: java.util.Hashtable publicMap\u003e","@this: org.apache.xerces.readers.XMLCatalogHandler","$r2","$r3","$r4","@parameter0: java.lang.String","r0","r1"],"callees":[],"nodes":["CompoundStmt","DefinitionStmt","DefinitionStmt","DefinitionStmt","DefinitionStmt","DefinitionStmt","ReturnStmt","Local","ThisRef","Local","Param","Local","InstanceFieldRef","Local","Invoke","Local","CastExpr","Local","RefType","RefType","RefType","RefType","RefType","RefType","Local","RefType","RefType","RefType","RefType","RefType","Local","RefType","org","apache","xerces","readers","X","M","L","Catalog","Handler","org","apache","xerces","readers","X","M","L","Catalog","Handler","java","lang","String","java","lang","String","java","util","Hashtable","java","util","Hashtable","RefType","java","util","Hashtable","java","lang","Object","java","lang","String","java","lang","String","java","lang","String","RefType","java","lang","String","org","apache","xerces","readers","X","M","L","Catalog","Handler","java","lang","Object"],"edges":[[0,1],[0,2],[0,3],[0,4],[0,5],[0,6],[1,7],[1,8],[2,9],[2,10],[3,11],[3,12],[4,13],[4,14],[5,15],[5,16],[6,17],[7,18],[8,19],[9,20],[10,21],[11,22],[12,23],[12,24],[12,25],[13,26],[15,27],[16,28],[16,29],[16,30],[17,31],[18,32],[18,33],[18,34],[18,35],[18,36],[18,37],[18,38],[18,39],[18,40],[19,41],[19,42],[19,43],[19,44],[19,45],[19,46],[19,47],[19,48],[19,49],[20,50],[20,51],[20,52],[21,53],[21,54],[21,55],[22,56],[22,57],[22,58],[23,59],[23,60],[23,61],[24,62],[25,63],[25,64],[25,65],[26,66],[26,67],[26,68],[27,69],[27,70],[27,71],[28,72],[28,73],[28,74],[29,75],[29,76],[29,77],[30,78],[31,79],[31,80],[31,81],[62,82],[62,83],[62,84],[62,85],[62,86],[62,87],[62,88],[62,89],[62,90],[78,91],[78,92],[78,93]],"ID":2}],"edgeSet":[[0,2,0],[2,1,0]],"ENTRY":{"def":[],"use":[],"callees":[],"nodes":["CompoundStmt"],"edges":[],"ID":0},"EXIT":{"def":[],"use":[],"callees":[],"nodes":["CompoundStmt"],"edges":[],"ID":1},"method_name":"getPublicMapping"},{"blocks":[{"def":[],"use":[],"callees":[],"nodes":["CompoundStmt"],"edges":[],"ID":0},{"def":[],"use":[],"callees":[],"nodes":["CompoundStmt"],"edges":[],"ID":1},{"def":["$r2","$r3","$r4","r0","r1"],"use":["@this: org.apache.xerces.readers.XMLCatalogHandler","$r2","$r3","$r4","r0.\u003corg.apache.xerces.readers.XMLCatalogHandler: java.util.Hashtable systemMap\u003e","@parameter0: java.lang.String","r0","r1"],"callees":[],"nodes":["CompoundStmt","DefinitionStmt","DefinitionStmt","DefinitionStmt","DefinitionStmt","DefinitionStmt","ReturnStmt","Local","ThisRef","Local","Param","Local","InstanceFieldRef","Local","Invoke","Local","CastExpr","Local","RefType","RefType","RefType","RefType","RefType","RefType","Local","RefType","RefType","RefType","RefType","RefType","Local","RefType","org","apache","xerces","readers","X","M","L","Catalog","Handler","org","apache","xerces","readers","X","M","L","Catalog","Handler","java","lang","String","java","lang","String","java","util","Hashtable","java","util","Hashtable","RefType","java","util","Hashtable","java","lang","Object","java","lang","String","java","lang","String","java","lang","String","RefType","java","lang","String","org","apache","xerces","readers","X","M","L","Catalog","Handler","java","lang","Object"],"edges":[[0,1],[0,2],[0,3],[0,4],[0,5],[0,6],[1,7],[1,8],[2,9],[2,10],[3,11],[3,12],[4,13],[4,14],[5,15],[5,16],[6,17],[7,18],[8,19],[9,20],[10,21],[11,22],[12,23],[12,24],[12,25],[13,26],[15,27],[16,28],[16,29],[16,30],[17,31],[18,32],[18,33],[18,34],[18,35],[18,36],[18,37],[18,38],[18,39],[18,40],[19,41],[19,42],[19,43],[19,44],[19,45],[19,46],[19,47],[19,48],[19,49],[20,50],[20,51],[20,52],[21,53],[21,54],[21,55],[22,56],[22,57],[22,58],[23,59],[23,60],[23,61],[24,62],[25,63],[25,64],[25,65],[26,66],[26,67],[26,68],[27,69],[27,70],[27,71],[28,72],[28,73],[28,74],[29,75],[29,76],[29,77],[30,78],[31,79],[31,80],[31,81],[62,82],[62,83],[62,84],[62,85],[62,86],[62,87],[62,88],[62,89],[62,90],[78,91],[78,92],[78,93]],"ID":2}],"edgeSet":[[0,2,0],[2,1,0]],"ENTRY":{"def":[],"use":[],"callees":[],"nodes":["CompoundStmt"],"edges":[],"ID":0},"EXIT":{"def":[],"use":[],"callees":[],"nodes":["CompoundStmt"],"edges":[],"ID":1},"method_name":"getSystemMapping"},{"blocks":[{"def":[],"use":[],"callees":[],"nodes":["CompoundStmt"],"edges":[],"ID":0},{"def":[],"use":[],"callees":[],"nodes":["CompoundStmt"],"edges":[],"ID":1},{"def":["r2","r0","r1"],"use":["@this: org.apache.xerces.readers.XCatalog","@parameter1: java.lang.String","@parameter0: java.lang.String","r1"],"callees":[],"nodes":["CompoundStmt","DefinitionStmt","DefinitionStmt","DefinitionStmt","IfStmt","Local","ThisRef","Local","Param","Local","Param","BinaryOp","RefType","RefType","RefType","RefType","RefType","RefType","Local"," \u003d\u003d ","Constant","org","apache","xerces","readers","X","Catalog","org","apache","xerces","readers","X","Catalog","java","lang","String","java","lang","String","java","lang","String","java","lang","String","RefType","Null","java","lang","String"],"edges":[[0,1],[0,2],[0,3],[0,4],[1,5],[1,6],[2,7],[2,8],[3,9],[3,10],[4,11],[5,12],[6,13],[7,14],[8,15],[9,16],[10,17],[11,18],[11,19],[11,20],[12,21],[12,22],[12,23],[12,24],[12,25],[12,26],[13,27],[13,28],[13,29],[13,30],[13,31],[13,32],[14,33],[14,34],[14,35],[15,36],[15,37],[15,38],[16,39],[16,40],[16,41],[17,42],[17,43],[17,44],[18,45],[20,46],[45,47],[45,48],[45,49]],"ID":2},{"def":["r9"],"use":["r9","r0","r1"],"callees":["getPublicMapping"],"nodes":["CompoundStmt","DefinitionStmt","IfStmt","Local","Invoke","BinaryOp","RefType","Local"," \u003d\u003d ","Constant","java","lang","String","RefType","Null","java","lang","String"],"edges":[[0,1],[0,2],[1,3],[1,4],[2,5],[3,6],[5,7],[5,8],[5,9],[6,10],[6,11],[6,12],[7,13],[9,14],[13,15],[13,16],[13,17]],"ID":3},{"def":["r10"],"use":["r10","r9","r0"],"callees":["resolveEntity"],"nodes":["CompoundStmt","DefinitionStmt","IfStmt","Local","Invoke","BinaryOp","RefType","Local"," !\u003d ","Constant","org","xml","sax","Input","Source","RefType","Null","org","xml","sax","Input","Source"],"edges":[[0,1],[0,2],[1,3],[1,4],[2,5],[3,6],[5,7],[5,8],[5,9],[6,10],[6,11],[6,12],[6,13],[6,14],[7,15],[9,16],[15,17],[15,18],[15,19],[15,20],[15,21]],"ID":4},{"def":["r10","$r8"],"use":["r10","r9","$r8","r1"],"callees":[],"nodes":["CompoundStmt","DefinitionStmt","Invoke","DefinitionStmt","Invoke","ReturnStmt","Local","NewExpr","Local","Local","Local","RefType","RefType","RefType","RefType","RefType","org","xml","sax","Input","Source","org","xml","sax","Input","Source","org","xml","sax","Input","Source","org","xml","sax","Input","Source","org","xml","sax","Input","Source"],"edges":[[0,1],[0,2],[0,3],[0,4],[0,5],[1,6],[1,7],[3,8],[3,9],[5,10],[6,11],[7,12],[8,13],[9,14],[10,15],[11,16],[11,17],[11,18],[11,19],[11,20],[12,21],[12,22],[12,23],[12,24],[12,25],[13,26],[13,27],[13,28],[13,29],[13,30],[14,31],[14,32],[14,33],[14,34],[14,35],[15,36],[15,37],[15,38],[15,39],[15,40]],"ID":5},{"def":["r11","$z1"],"use":["r11","$z1","r0"],"callees":["getDelegateCatalogKeys"],"nodes":["CompoundStmt","DefinitionStmt","GotoStmt","DefinitionStmt","IfStmt","Local","Invoke","Local","Invoke","BinaryOp","RefType","Boolean","Local"," !\u003d ","Constant","java","util","Enumeration","Boolean","0","Int"],"edges":[[0,1],[0,2],[0,3],[0,4],[1,5],[1,6],[3,7],[3,8],[4,9],[5,10],[7,11],[9,12],[9,13],[9,14],[10,15],[10,16],[10,17],[12,18],[14,19],[14,20]],"ID":6},{"def":["r3","$r7","$z0"],"use":["r3","r11","$r7","$z0","r1"],"callees":[],"nodes":["CompoundStmt","DefinitionStmt","DefinitionStmt","DefinitionStmt","IfStmt","Local","Invoke","Local","CastExpr","Local","Invoke","BinaryOp","RefType","RefType","RefType","RefType","Local","Boolean","Local"," \u003d\u003d ","Constant","java","lang","Object","java","lang","String","java","lang","String","java","lang","String","RefType","Boolean","0","Int","java","lang","Object"],"edges":[[0,1],[0,2],[0,3],[0,4],[1,5],[1,6],[2,7],[2,8],[3,9],[3,10],[4,11],[5,12],[7,13],[8,14],[8,15],[8,16],[9,17],[11,18],[11,19],[11,20],[12,21],[12,22],[12,23],[13,24],[13,25],[13,26],[14,27],[14,28],[14,29],[15,30],[15,31],[15,32],[16,33],[18,34],[20,35],[20,36],[33,37],[33,38],[33,39]],"ID":7},{"def":["r4","r5"],"use":["r2","r3","r4","r5","r0","r1"],"callees":["getDelegateCatalog","resolveEntity"],"nodes":["CompoundStmt","DefinitionStmt","DefinitionStmt","IfStmt","Local","Invoke","Local","Invoke","BinaryOp","RefType","RefType","Local"," \u003d\u003d ","Constant","org","apache","xerces","readers","X","Catalog","org","xml","sax","Input","Source","RefType","Null","org","xml","sax","Input","Source"],"edges":[[0,1],[0,2],[0,3],[1,4],[1,5],[2,6],[2,7],[3,8],[4,9],[6,10],[8,11],[8,12],[8,13],[9,14],[9,15],[9,16],[9,17],[9,18],[9,19],[10,20],[10,21],[10,22],[10,23],[10,24],[11,25],[13,26],[25,27],[25,28],[25,29],[25,30],[25,31]],"ID":8},{"def":[],"use":["r5"],"callees":[],"nodes":["CompoundStmt","ReturnStmt","Local","RefType","org","xml","sax","Input","Source"],"edges":[[0,1],[1,2],[2,3],[3,4],[3,5],[3,6],[3,7],[3,8]],"ID":9},{"def":["r12"],"use":["r2","r12","r0"],"callees":["getSystemMapping"],"nodes":["CompoundStmt","DefinitionStmt","IfStmt","Local","Invoke","BinaryOp","RefType","Local"," \u003d\u003d ","Constant","java","lang","String","RefType","Null","java","lang","String"],"edges":[[0,1],[0,2],[1,3],[1,4],[2,5],[3,6],[5,7],[5,8],[5,9],[6,10],[6,11],[6,12],[7,13],[9,14],[13,15],[13,16],[13,17]],"ID":10},{"def":["r13","$r6"],"use":["r12","r13","$r6","r1"],"callees":[],"nodes":["CompoundStmt","DefinitionStmt","Invoke","DefinitionStmt","Invoke","ReturnStmt","Local","NewExpr","Local","Local","Local","RefType","RefType","RefType","RefType","RefType","org","xml","sax","Input","Source","org","xml","sax","Input","Source","org","xml","sax","Input","Source","org","xml","sax","Input","Source","org","xml","sax","Input","Source"],"edges":[[0,1],[0,2],[0,3],[0,4],[0,5],[1,6],[1,7],[3,8],[3,9],[5,10],[6,11],[7,12],[8,13],[9,14],[10,15],[11,16],[11,17],[11,18],[11,19],[11,20],[12,21],[12,22],[12,23],[12,24],[12,25],[13,26],[13,27],[13,28],[13,29],[13,30],[14,31],[14,32],[14,33],[14,34],[14,35],[15,36],[15,37],[15,38],[15,39],[15,40]],"ID":11},{"def":[],"use":[],"callees":[],"nodes":["CompoundStmt","ReturnStmt","Constant","Null"],"edges":[[0,1],[1,2],[2,3]],"ID":12}],"edgeSet":[[7,6,2],[5,1,0],[8,6,2],[9,1,0],[11,1,0],[12,1,0],[2,10,2],[6,10,1],[0,2,0],[3,6,2],[2,3,1],[3,4,1],[4,5,1],[7,8,1],[8,9,1],[10,11,1],[10,12,2],[4,5,2],[6,7,2]],"ENTRY":{"def":[],"use":[],"callees":[],"nodes":["CompoundStmt"],"edges":[],"ID":0},"EXIT":{"def":[],"use":[],"callees":[],"nodes":["CompoundStmt"],"edges":[],"ID":1},"method_name":"resolveEntity"}],"label":"0"}