{"data":[{"blocks":[{"def":[],"use":[],"callees":[],"nodes":["CompoundStmt"],"edges":[],"ID":0},{"def":[],"use":[],"callees":[],"nodes":["CompoundStmt"],"edges":[],"ID":1},{"def":["\u003corg.apache.xerces.framework.Version: java.lang.String fVersion\u003e"],"use":[],"callees":[],"nodes":["CompoundStmt","DefinitionStmt","ReturnVoidStmt","StaticFieldRef","Constant","RefType","RefType","RefType","java","lang","String","java","lang","String","java","lang","String"],"edges":[[0,1],[0,2],[1,3],[1,4],[3,5],[3,6],[4,7],[5,8],[5,9],[5,10],[6,11],[6,12],[6,13],[7,14],[7,15],[7,16]],"ID":2}],"edgeSet":[[0,2,0],[2,1,0]],"ENTRY":{"def":[],"use":[],"callees":[],"nodes":["CompoundStmt"],"edges":[],"ID":0},"EXIT":{"def":[],"use":[],"callees":[],"nodes":["CompoundStmt"],"edges":[],"ID":1},"method_name":"\u003cclinit\u003e"},{"blocks":[{"def":[],"use":[],"callees":[],"nodes":["CompoundStmt"],"edges":[],"ID":0},{"def":[],"use":[],"callees":[],"nodes":["CompoundStmt"],"edges":[],"ID":1},{"def":["r0"],"use":["@this: org.apache.xerces.framework.Version","r0"],"callees":[],"nodes":["CompoundStmt","DefinitionStmt","Invoke","ReturnVoidStmt","Local","ThisRef","RefType","RefType","org","apache","xerces","framework","Version","org","apache","xerces","framework","Version"],"edges":[[0,1],[0,2],[0,3],[1,4],[1,5],[4,6],[5,7],[6,8],[6,9],[6,10],[6,11],[6,12],[7,13],[7,14],[7,15],[7,16],[7,17]],"ID":2}],"edgeSet":[[0,2,0],[2,1,0]],"ENTRY":{"def":[],"use":[],"callees":[],"nodes":["CompoundStmt"],"edges":[],"ID":0},"EXIT":{"def":[],"use":[],"callees":[],"nodes":["CompoundStmt"],"edges":[],"ID":1},"method_name":"\u003cinit\u003e"},{"blocks":[{"def":[],"use":[],"callees":[],"nodes":["CompoundStmt"],"edges":[],"ID":0},{"def":[],"use":[],"callees":[],"nodes":["CompoundStmt"],"edges":[],"ID":1},{"def":["$r1","$r2","r0"],"use":["$r1","$r2","\u003corg.apache.xerces.framework.Version: java.lang.String fVersion\u003e","@parameter0: java.lang.String[]","\u003cjava.lang.System: java.io.PrintStream out\u003e"],"callees":[],"nodes":["CompoundStmt","DefinitionStmt","DefinitionStmt","DefinitionStmt","Invoke","ReturnVoidStmt","Local","Param","Local","StaticFieldRef","Local","StaticFieldRef","Array","Array","RefType","RefType","RefType","RefType","RefType","RefType","RefType","[]","RefType","[]","java","io","Print","Stream","java","io","Print","Stream","java","io","Print","Stream","java","lang","String","java","lang","String","java","lang","String","java","lang","String","java","lang","String"],"edges":[[0,1],[0,2],[0,3],[0,4],[0,5],[1,6],[1,7],[2,8],[2,9],[3,10],[3,11],[6,12],[7,13],[8,14],[9,15],[9,16],[10,17],[11,18],[11,19],[12,20],[12,21],[13,22],[13,23],[14,24],[14,25],[14,26],[14,27],[15,28],[15,29],[15,30],[15,31],[16,32],[16,33],[16,34],[16,35],[17,36],[17,37],[17,38],[18,39],[18,40],[18,41],[19,42],[19,43],[19,44],[20,45],[20,46],[20,47],[22,48],[22,49],[22,50]],"ID":2}],"edgeSet":[[0,2,0],[2,1,0]],"ENTRY":{"def":[],"use":[],"callees":[],"nodes":["CompoundStmt"],"edges":[],"ID":0},"EXIT":{"def":[],"use":[],"callees":[],"nodes":["CompoundStmt"],"edges":[],"ID":1},"method_name":"main"}],"label":"4"}