{"data":[{"blocks":[{"def":[],"use":[],"callees":[],"nodes":["CompoundStmt"],"edges":[],"ID":0},{"def":[],"use":[],"callees":[],"nodes":["CompoundStmt"],"edges":[],"ID":1},{"def":["r0.\u003corg.apache.xerces.validators.common.CMAny: int fType\u003e","r0.\u003corg.apache.xerces.validators.common.CMAny: int fURI\u003e","i0","i1","i2","r0","r0.\u003corg.apache.xerces.validators.common.CMAny: int fPosition\u003e"],"use":["@parameter2: int","i0","i1","@parameter0: int","i2","@this: org.apache.xerces.validators.common.CMAny","@parameter1: int","r0"],"callees":["\u003cinit\u003e"],"nodes":["CompoundStmt","DefinitionStmt","DefinitionStmt","DefinitionStmt","DefinitionStmt","Invoke","DefinitionStmt","DefinitionStmt","DefinitionStmt","DefinitionStmt","ReturnVoidStmt","Local","ThisRef","Local","Param","Local","Param","Local","Param","InstanceFieldRef","Constant","InstanceFieldRef","Local","InstanceFieldRef","Local","InstanceFieldRef","Local","RefType","RefType","Int","Int","Int","Int","Int","Int","Int","Local","Int","-","1","Int","Int","Local","Int","Int","Int","Local","Int","Int","Int","Local","Int","Int","org","apache","xerces","validators","common","C","M","Any","org","apache","xerces","validators","common","C","M","Any","RefType","RefType","RefType","RefType","org","apache","xerces","validators","common","C","M","Any","org","apache","xerces","validators","common","C","M","Any","org","apache","xerces","validators","common","C","M","Any","org","apache","xerces","validators","common","C","M","Any"],"edges":[[0,1],[0,2],[0,3],[0,4],[0,5],[0,6],[0,7],[0,8],[0,9],[0,10],[1,11],[1,12],[2,13],[2,14],[3,15],[3,16],[4,17],[4,18],[6,19],[6,20],[7,21],[7,22],[8,23],[8,24],[9,25],[9,26],[11,27],[12,28],[13,29],[14,30],[15,31],[16,32],[17,33],[18,34],[19,35],[19,36],[19,37],[20,38],[20,39],[20,40],[21,41],[21,42],[21,43],[22,44],[23,45],[23,46],[23,47],[24,48],[25,49],[25,50],[25,51],[26,52],[27,53],[27,54],[27,55],[27,56],[27,57],[27,58],[27,59],[27,60],[28,61],[28,62],[28,63],[28,64],[28,65],[28,66],[28,67],[28,68],[36,69],[42,70],[46,71],[50,72],[69,73],[69,74],[69,75],[69,76],[69,77],[69,78],[69,79],[69,80],[70,81],[70,82],[70,83],[70,84],[70,85],[70,86],[70,87],[70,88],[71,89],[71,90],[71,91],[71,92],[71,93],[71,94],[71,95],[71,96],[72,97],[72,98],[72,99],[72,100],[72,101],[72,102],[72,103],[72,104]],"ID":2}],"edgeSet":[[0,2,0],[2,1,0]],"ENTRY":{"def":[],"use":[],"callees":[],"nodes":["CompoundStmt"],"edges":[],"ID":0},"EXIT":{"def":[],"use":[],"callees":[],"nodes":["CompoundStmt"],"edges":[],"ID":1},"method_name":"\u003cinit\u003e"},{"blocks":[{"def":[],"use":[],"callees":[],"nodes":["CompoundStmt"],"edges":[],"ID":0},{"def":[],"use":[],"callees":[],"nodes":["CompoundStmt"],"edges":[],"ID":1},{"def":["$i0","r0"],"use":["@this: org.apache.xerces.validators.common.CMStateSet","$i0","r0.\u003corg.apache.xerces.validators.common.CMStateSet: int fBitCount\u003e","r0"],"callees":[],"nodes":["CompoundStmt","DefinitionStmt","DefinitionStmt","IfStmt","Local","ThisRef","Local","InstanceFieldRef","BinaryOp","RefType","RefType","Int","Int","Local","Int","Local"," \u003e\u003d ","Constant","org","apache","xerces","validators","common","C","M","State","Set","org","apache","xerces","validators","common","C","M","State","Set","RefType","Int","6","5","Int","org","apache","xerces","validators","common","C","M","State","Set"],"edges":[[0,1],[0,2],[0,3],[1,4],[1,5],[2,6],[2,7],[3,8],[4,9],[5,10],[6,11],[7,12],[7,13],[7,14],[8,15],[8,16],[8,17],[9,18],[9,19],[9,20],[9,21],[9,22],[9,23],[9,24],[9,25],[9,26],[10,27],[10,28],[10,29],[10,30],[10,31],[10,32],[10,33],[10,34],[10,35],[13,36],[15,37],[17,38],[17,39],[17,40],[36,41],[36,42],[36,43],[36,44],[36,45],[36,46],[36,47],[36,48],[36,49]],"ID":2},{"def":["r0.\u003corg.apache.xerces.validators.common.CMStateSet: int fBits2\u003e","r0.\u003corg.apache.xerces.validators.common.CMStateSet: int fBits1\u003e"],"use":["r0"],"callees":[],"nodes":["CompoundStmt","DefinitionStmt","DefinitionStmt","GotoStmt","ReturnVoidStmt","InstanceFieldRef","Constant","InstanceFieldRef","Constant","Int","Local","Int","0","Int","Int","Local","Int","0","Int","RefType","RefType","org","apache","xerces","validators","common","C","M","State","Set","org","apache","xerces","validators","common","C","M","State","Set"],"edges":[[0,1],[0,2],[0,3],[0,4],[1,5],[1,6],[2,7],[2,8],[5,9],[5,10],[5,11],[6,12],[6,13],[7,14],[7,15],[7,16],[8,17],[8,18],[10,19],[15,20],[19,21],[19,22],[19,23],[19,24],[19,25],[19,26],[19,27],[19,28],[19,29],[20,30],[20,31],[20,32],[20,33],[20,34],[20,35],[20,36],[20,37],[20,38]],"ID":3},{"def":["i2","$i1"],"use":["i2","$i1","r0.\u003corg.apache.xerces.validators.common.CMStateSet: int fByteCount\u003e","r0"],"callees":[],"nodes":["CompoundStmt","DefinitionStmt","DefinitionStmt","GotoStmt","IfStmt","Local","InstanceFieldRef","Local","BinaryOp","BinaryOp","Int","Int","Local","Int","Int","Local"," - ","Constant","Local"," \u003e\u003d ","Constant","RefType","Int","1","Int","Int","0","Int","org","apache","xerces","validators","common","C","M","State","Set"],"edges":[[0,1],[0,2],[0,3],[0,4],[1,5],[1,6],[2,7],[2,8],[4,9],[5,10],[6,11],[6,12],[6,13],[7,14],[8,15],[8,16],[8,17],[9,18],[9,19],[9,20],[12,21],[15,22],[17,23],[17,24],[18,25],[20,26],[20,27],[21,28],[21,29],[21,30],[21,31],[21,32],[21,33],[21,34],[21,35],[21,36]],"ID":4},{"def":["$r1","i2","$r1[i2]"],"use":["$r1","r0.\u003corg.apache.xerces.validators.common.CMStateSet: byte[] fByteArray\u003e","i2","r0"],"callees":[],"nodes":["CompoundStmt","DefinitionStmt","DefinitionStmt","DefinitionStmt","Local","InstanceFieldRef","ArrayRef","Constant","Local","BinaryOp","Array","Array","Local","Array","Byte","Local","Local","0","Int","Int","Local"," + ","Constant","Byte","[]","Byte","[]","RefType","Byte","[]","Array","Int","Int","-","1","Int","org","apache","xerces","validators","common","C","M","State","Set","Byte","[]"],"edges":[[0,1],[0,2],[0,3],[1,4],[1,5],[2,6],[2,7],[3,8],[3,9],[4,10],[5,11],[5,12],[5,13],[6,14],[6,15],[6,16],[7,17],[7,18],[8,19],[9,20],[9,21],[9,22],[10,23],[10,24],[11,25],[11,26],[12,27],[13,28],[13,29],[15,30],[16,31],[20,32],[22,33],[22,34],[22,35],[27,36],[27,37],[27,38],[27,39],[27,40],[27,41],[27,42],[27,43],[27,44],[30,45],[30,46]],"ID":5}],"edgeSet":[[3,1,0],[4,3,1],[0,2,0],[2,3,1],[2,4,2],[5,4,0],[4,5,2]],"ENTRY":{"def":[],"use":[],"callees":[],"nodes":["CompoundStmt"],"edges":[],"ID":0},"EXIT":{"def":[],"use":[],"callees":[],"nodes":["CompoundStmt"],"edges":[],"ID":1},"method_name":"zeroBits"},{"blocks":[{"def":[],"use":[],"callees":[],"nodes":["CompoundStmt"],"edges":[],"ID":0},{"def":[],"use":[],"callees":[],"nodes":["CompoundStmt"],"edges":[],"ID":1},{"def":["i0","$i2","r0"],"use":["@this: org.apache.xerces.validators.common.CMStateSet","i0","@parameter0: int","$i2","r0.\u003corg.apache.xerces.validators.common.CMStateSet: int fBitCount\u003e","r0"],"callees":[],"nodes":["CompoundStmt","DefinitionStmt","DefinitionStmt","DefinitionStmt","IfStmt","Local","ThisRef","Local","Param","Local","InstanceFieldRef","BinaryOp","RefType","RefType","Int","Int","Int","Int","Local","Int","Local"," \u003c ","Local","org","apache","xerces","validators","common","C","M","State","Set","org","apache","xerces","validators","common","C","M","State","Set","RefType","Int","Int","org","apache","xerces","validators","common","C","M","State","Set"],"edges":[[0,1],[0,2],[0,3],[0,4],[1,5],[1,6],[2,7],[2,8],[3,9],[3,10],[4,11],[5,12],[6,13],[7,14],[8,15],[9,16],[10,17],[10,18],[10,19],[11,20],[11,21],[11,22],[12,23],[12,24],[12,25],[12,26],[12,27],[12,28],[12,29],[12,30],[12,31],[13,32],[13,33],[13,34],[13,35],[13,36],[13,37],[13,38],[13,39],[13,40],[18,41],[20,42],[22,43],[41,44],[41,45],[41,46],[41,47],[41,48],[41,49],[41,50],[41,51],[41,52]],"ID":2},{"def":["$r3"],"use":["$r3"],"callees":["\u003cinit\u003e"],"nodes":["CompoundStmt","DefinitionStmt","Invoke","ThrowStmt","Local","NewExpr","Local","RefType","RefType","RefType","org","apache","xerces","validators","common","C","M","Exception","org","apache","xerces","validators","common","C","M","Exception","org","apache","xerces","validators","common","C","M","Exception"],"edges":[[0,1],[0,2],[0,3],[1,4],[1,5],[3,6],[4,7],[5,8],[6,9],[7,10],[7,11],[7,12],[7,13],[7,14],[7,15],[7,16],[7,17],[8,18],[8,19],[8,20],[8,21],[8,22],[8,23],[8,24],[8,25],[9,26],[9,27],[9,28],[9,29],[9,30],[9,31],[9,32],[9,33]],"ID":3},{"def":["$i3"],"use":["r0.\u003corg.apache.xerces.validators.common.CMStateSet: int fBitCount\u003e","r0","$i3"],"callees":[],"nodes":["CompoundStmt","DefinitionStmt","IfStmt","Local","InstanceFieldRef","BinaryOp","Int","Int","Local","Int","Local"," \u003e\u003d ","Constant","RefType","Int","6","5","Int","org","apache","xerces","validators","common","C","M","State","Set"],"edges":[[0,1],[0,2],[1,3],[1,4],[2,5],[3,6],[4,7],[4,8],[4,9],[5,10],[5,11],[5,12],[8,13],[10,14],[12,15],[12,16],[12,17],[13,18],[13,19],[13,20],[13,21],[13,22],[13,23],[13,24],[13,25],[13,26]],"ID":4},{"def":["$i13","i24"],"use":["$i13","i0"],"callees":[],"nodes":["CompoundStmt","DefinitionStmt","DefinitionStmt","IfStmt","Local","BinaryOp","Local","BinaryOp","BinaryOp","Int","Local"," % ","Constant","Int","Constant"," \u003c\u003c ","Local","Local"," \u003e\u003d ","Constant","Int","3","2","Int","1","Int","Int","Int","3","2","Int"],"edges":[[0,1],[0,2],[0,3],[1,4],[1,5],[2,6],[2,7],[3,8],[4,9],[5,10],[5,11],[5,12],[6,13],[7,14],[7,15],[7,16],[8,17],[8,18],[8,19],[10,20],[12,21],[12,22],[12,23],[14,24],[14,25],[16,26],[17,27],[19,28],[19,29],[19,30]],"ID":5},{"def":["$i20","$i22","$i21","r0.\u003corg.apache.xerces.validators.common.CMStateSet: int fBits1\u003e","$i23","$i19"],"use":["$i20","$i22","$i21","r0.\u003corg.apache.xerces.validators.common.CMStateSet: int fBits1\u003e","$i23","i24","$i19","r0"],"callees":[],"nodes":["CompoundStmt","DefinitionStmt","DefinitionStmt","DefinitionStmt","DefinitionStmt","DefinitionStmt","DefinitionStmt","DefinitionStmt","GotoStmt","ReturnVoidStmt","Local","InstanceFieldRef","Local","BinaryOp","Local","BinaryOp","InstanceFieldRef","Local","Local","InstanceFieldRef","Local","BinaryOp","InstanceFieldRef","Local","Int","Int","Local","Int","Int","Local"," ^ ","Constant","Int","Local"," \u0026 ","Local","Int","Local","Int","Int","Int","Int","Local","Int","Int","Local"," | ","Local","Int","Local","Int","Int","RefType","Int","-","1","Int","Int","Int","RefType","RefType","Int","Int","RefType","org","apache","xerces","validators","common","C","M","State","Set","org","apache","xerces","validators","common","C","M","State","Set","org","apache","xerces","validators","common","C","M","State","Set","org","apache","xerces","validators","common","C","M","State","Set"],"edges":[[0,1],[0,2],[0,3],[0,4],[0,5],[0,6],[0,7],[0,8],[0,9],[1,10],[1,11],[2,12],[2,13],[3,14],[3,15],[4,16],[4,17],[5,18],[5,19],[6,20],[6,21],[7,22],[7,23],[10,24],[11,25],[11,26],[11,27],[12,28],[13,29],[13,30],[13,31],[14,32],[15,33],[15,34],[15,35],[16,36],[16,37],[16,38],[17,39],[18,40],[19,41],[19,42],[19,43],[20,44],[21,45],[21,46],[21,47],[22,48],[22,49],[22,50],[23,51],[26,52],[29,53],[31,54],[31,55],[31,56],[33,57],[35,58],[37,59],[42,60],[45,61],[47,62],[49,63],[52,64],[52,65],[52,66],[52,67],[52,68],[52,69],[52,70],[52,71],[52,72],[59,73],[59,74],[59,75],[59,76],[59,77],[59,78],[59,79],[59,80],[59,81],[60,82],[60,83],[60,84],[60,85],[60,86],[60,87],[60,88],[60,89],[60,90],[63,91],[63,92],[63,93],[63,94],[63,95],[63,96],[63,97],[63,98],[63,99]],"ID":6},{"def":["r0.\u003corg.apache.xerces.validators.common.CMStateSet: int fBits2\u003e","$i15","$i14","$i17","$i16","$i18"],"use":["r0.\u003corg.apache.xerces.validators.common.CMStateSet: int fBits2\u003e","$i15","$i14","i24","$i17","$i16","$i18","r0"],"callees":[],"nodes":["CompoundStmt","DefinitionStmt","DefinitionStmt","DefinitionStmt","DefinitionStmt","DefinitionStmt","DefinitionStmt","DefinitionStmt","GotoStmt","Local","InstanceFieldRef","Local","BinaryOp","Local","BinaryOp","InstanceFieldRef","Local","Local","InstanceFieldRef","Local","BinaryOp","InstanceFieldRef","Local","Int","Int","Local","Int","Int","Local"," ^ ","Constant","Int","Local"," \u0026 ","Local","Int","Local","Int","Int","Int","Int","Local","Int","Int","Local"," | ","Local","Int","Local","Int","Int","RefType","Int","-","1","Int","Int","Int","RefType","RefType","Int","Int","RefType","org","apache","xerces","validators","common","C","M","State","Set","org","apache","xerces","validators","common","C","M","State","Set","org","apache","xerces","validators","common","C","M","State","Set","org","apache","xerces","validators","common","C","M","State","Set"],"edges":[[0,1],[0,2],[0,3],[0,4],[0,5],[0,6],[0,7],[0,8],[1,9],[1,10],[2,11],[2,12],[3,13],[3,14],[4,15],[4,16],[5,17],[5,18],[6,19],[6,20],[7,21],[7,22],[9,23],[10,24],[10,25],[10,26],[11,27],[12,28],[12,29],[12,30],[13,31],[14,32],[14,33],[14,34],[15,35],[15,36],[15,37],[16,38],[17,39],[18,40],[18,41],[18,42],[19,43],[20,44],[20,45],[20,46],[21,47],[21,48],[21,49],[22,50],[25,51],[28,52],[30,53],[30,54],[30,55],[32,56],[34,57],[36,58],[41,59],[44,60],[46,61],[48,62],[51,63],[51,64],[51,65],[51,66],[51,67],[51,68],[51,69],[51,70],[51,71],[58,72],[58,73],[58,74],[58,75],[58,76],[58,77],[58,78],[58,79],[58,80],[59,81],[59,82],[59,83],[59,84],[59,85],[59,86],[59,87],[59,88],[59,89],[62,90],[62,91],[62,92],[62,93],[62,94],[62,95],[62,96],[62,97],[62,98]],"ID":7},{"def":["$r1","b25","$r2","i1","$r2[i1]","$b10","$b12","$i4","$b11","$i5","$b6","$b7","$b8","$b9","$r1[i1]"],"use":["$r1","b25","$r2","i0","i1","$r2[i1]","$b10","$b12","$i4","$b11","$i5","r0.\u003corg.apache.xerces.validators.common.CMStateSet: byte[] fByteArray\u003e","$b6","$b7","$b8","$r1[i1]","$b9","r0"],"callees":[],"nodes":["CompoundStmt","DefinitionStmt","DefinitionStmt","DefinitionStmt","DefinitionStmt","DefinitionStmt","DefinitionStmt","DefinitionStmt","DefinitionStmt","DefinitionStmt","DefinitionStmt","DefinitionStmt","DefinitionStmt","DefinitionStmt","DefinitionStmt","DefinitionStmt","Local","BinaryOp","Local","BinaryOp","Local","CastExpr","Local","BinaryOp","Local","InstanceFieldRef","Local","ArrayRef","Local","BinaryOp","Local","BinaryOp","Local","CastExpr","ArrayRef","Local","Local","InstanceFieldRef","Local","ArrayRef","Local","BinaryOp","Local","CastExpr","ArrayRef","Local","Int","Local"," % ","Constant","Int","Constant"," \u003c\u003c ","Local","Byte","Byte","Byte","Local","Int","Local"," \u003e\u003e ","Constant","Array","Array","Local","Array","Byte","Byte","Local","Local","Byte","Local"," ^ ","Constant","Byte","Local"," \u0026 ","Local","Byte","Byte","Byte","Local","Byte","Local","Local","Byte","Array","Array","Local","Array","Byte","Byte","Local","Local","Byte","Local"," | ","Local","Byte","Byte","Byte","Local","Byte","Local","Local","Byte","Int","8","Int","1","Int","Int","Int","Int","3","Int","Byte","[]","Byte","[]","RefType","Byte","[]","Array","Int","Byte","-","1","Int","Byte","Byte","Byte","Array","Int","Byte","[]","Byte","[]","RefType","Byte","[]","Array","Int","Byte","Byte","Byte","Array","Int","org","apache","xerces","validators","common","C","M","State","Set","Byte","[]","Byte","[]","org","apache","xerces","validators","common","C","M","State","Set","Byte","[]","Byte","[]"],"edges":[[0,1],[0,2],[0,3],[0,4],[0,5],[0,6],[0,7],[0,8],[0,9],[0,10],[0,11],[0,12],[0,13],[0,14],[0,15],[1,16],[1,17],[2,18],[2,19],[3,20],[3,21],[4,22],[4,23],[5,24],[5,25],[6,26],[6,27],[7,28],[7,29],[8,30],[8,31],[9,32],[9,33],[10,34],[10,35],[11,36],[11,37],[12,38],[12,39],[13,40],[13,41],[14,42],[14,43],[15,44],[15,45],[16,46],[17,47],[17,48],[17,49],[18,50],[19,51],[19,52],[19,53],[20,54],[21,55],[21,56],[21,57],[22,58],[23,59],[23,60],[23,61],[24,62],[25,63],[25,64],[25,65],[26,66],[27,67],[27,68],[27,69],[28,70],[29,71],[29,72],[29,73],[30,74],[31,75],[31,76],[31,77],[32,78],[33,79],[33,80],[33,81],[34,82],[34,83],[34,84],[35,85],[36,86],[37,87],[37,88],[37,89],[38,90],[39,91],[39,92],[39,93],[40,94],[41,95],[41,96],[41,97],[42,98],[43,99],[43,100],[43,101],[44,102],[44,103],[44,104],[45,105],[47,106],[49,107],[49,108],[51,109],[51,110],[53,111],[57,112],[59,113],[61,114],[61,115],[62,116],[62,117],[63,118],[63,119],[64,120],[65,121],[65,122],[68,123],[69,124],[71,125],[73,126],[73,127],[73,128],[75,129],[77,130],[81,131],[83,132],[84,133],[86,134],[86,135],[87,136],[87,137],[88,138],[89,139],[89,140],[92,141],[93,142],[95,143],[97,144],[101,145],[103,146],[104,147],[120,148],[120,149],[120,150],[120,151],[120,152],[120,153],[120,154],[120,155],[120,156],[123,157],[123,158],[132,159],[132,160],[138,161],[138,162],[138,163],[138,164],[138,165],[138,166],[138,167],[138,168],[138,169],[141,170],[141,171],[146,172],[146,173]],"ID":8}],"edgeSet":[[3,1,0],[8,6,0],[6,1,0],[0,2,0],[4,8,2],[2,3,1],[2,4,2],[4,5,1],[5,6,1],[5,7,2],[7,6,0]],"ENTRY":{"def":[],"use":[],"callees":[],"nodes":["CompoundStmt"],"edges":[],"ID":0},"EXIT":{"def":[],"use":[],"callees":[],"nodes":["CompoundStmt"],"edges":[],"ID":1},"method_name":"setBit"},{"blocks":[{"def":[],"use":[],"callees":[],"nodes":["CompoundStmt"],"edges":[],"ID":0},{"def":[],"use":[],"callees":[],"nodes":["CompoundStmt"],"edges":[],"ID":1},{"def":["$i0","r0","r1"],"use":["@parameter0: org.apache.xerces.validators.common.CMStateSet","$i0","@this: org.apache.xerces.validators.common.CMAny","r0","r0.\u003corg.apache.xerces.validators.common.CMAny: int fPosition\u003e"],"callees":[],"nodes":["CompoundStmt","DefinitionStmt","DefinitionStmt","DefinitionStmt","IfStmt","Local","ThisRef","Local","Param","Local","InstanceFieldRef","BinaryOp","RefType","RefType","RefType","RefType","Int","Int","Local","Int","Local"," !\u003d ","Constant","org","apache","xerces","validators","common","C","M","Any","org","apache","xerces","validators","common","C","M","Any","org","apache","xerces","validators","common","C","M","State","Set","org","apache","xerces","validators","common","C","M","State","Set","RefType","Int","-","1","Int","org","apache","xerces","validators","common","C","M","Any"],"edges":[[0,1],[0,2],[0,3],[0,4],[1,5],[1,6],[2,7],[2,8],[3,9],[3,10],[4,11],[5,12],[6,13],[7,14],[8,15],[9,16],[10,17],[10,18],[10,19],[11,20],[11,21],[11,22],[12,23],[12,24],[12,25],[12,26],[12,27],[12,28],[12,29],[12,30],[13,31],[13,32],[13,33],[13,34],[13,35],[13,36],[13,37],[13,38],[14,39],[14,40],[14,41],[14,42],[14,43],[14,44],[14,45],[14,46],[14,47],[15,48],[15,49],[15,50],[15,51],[15,52],[15,53],[15,54],[15,55],[15,56],[18,57],[20,58],[22,59],[22,60],[22,61],[57,62],[57,63],[57,64],[57,65],[57,66],[57,67],[57,68],[57,69]],"ID":2},{"def":[],"use":["r1"],"callees":["zeroBits"],"nodes":["CompoundStmt","Invoke","GotoStmt","ReturnVoidStmt"],"edges":[[0,1],[0,2],[0,3]],"ID":3},{"def":["$i1"],"use":["$i1","r0","r0.\u003corg.apache.xerces.validators.common.CMAny: int fPosition\u003e","r1"],"callees":["setBit"],"nodes":["CompoundStmt","DefinitionStmt","Invoke","Local","InstanceFieldRef","Int","Int","Local","Int","RefType","org","apache","xerces","validators","common","C","M","Any"],"edges":[[0,1],[0,2],[1,3],[1,4],[3,5],[4,6],[4,7],[4,8],[7,9],[9,10],[9,11],[9,12],[9,13],[9,14],[9,15],[9,16],[9,17]],"ID":4}],"edgeSet":[[3,1,0],[0,2,0],[2,3,1],[2,4,2],[4,3,0]],"ENTRY":{"def":[],"use":[],"callees":[],"nodes":["CompoundStmt"],"edges":[],"ID":0},"EXIT":{"def":[],"use":[],"callees":[],"nodes":["CompoundStmt"],"edges":[],"ID":1},"method_name":"calcFirstPos"},{"blocks":[{"def":[],"use":[],"callees":[],"nodes":["CompoundStmt"],"edges":[],"ID":0},{"def":[],"use":[],"callees":[],"nodes":["CompoundStmt"],"edges":[],"ID":1},{"def":["$i0","r0","r1"],"use":["@parameter0: org.apache.xerces.validators.common.CMStateSet","$i0","@this: org.apache.xerces.validators.common.CMAny","r0","r0.\u003corg.apache.xerces.validators.common.CMAny: int fPosition\u003e"],"callees":[],"nodes":["CompoundStmt","DefinitionStmt","DefinitionStmt","DefinitionStmt","IfStmt","Local","ThisRef","Local","Param","Local","InstanceFieldRef","BinaryOp","RefType","RefType","RefType","RefType","Int","Int","Local","Int","Local"," !\u003d ","Constant","org","apache","xerces","validators","common","C","M","Any","org","apache","xerces","validators","common","C","M","Any","org","apache","xerces","validators","common","C","M","State","Set","org","apache","xerces","validators","common","C","M","State","Set","RefType","Int","-","1","Int","org","apache","xerces","validators","common","C","M","Any"],"edges":[[0,1],[0,2],[0,3],[0,4],[1,5],[1,6],[2,7],[2,8],[3,9],[3,10],[4,11],[5,12],[6,13],[7,14],[8,15],[9,16],[10,17],[10,18],[10,19],[11,20],[11,21],[11,22],[12,23],[12,24],[12,25],[12,26],[12,27],[12,28],[12,29],[12,30],[13,31],[13,32],[13,33],[13,34],[13,35],[13,36],[13,37],[13,38],[14,39],[14,40],[14,41],[14,42],[14,43],[14,44],[14,45],[14,46],[14,47],[15,48],[15,49],[15,50],[15,51],[15,52],[15,53],[15,54],[15,55],[15,56],[18,57],[20,58],[22,59],[22,60],[22,61],[57,62],[57,63],[57,64],[57,65],[57,66],[57,67],[57,68],[57,69]],"ID":2},{"def":[],"use":["r1"],"callees":["zeroBits"],"nodes":["CompoundStmt","Invoke","GotoStmt","ReturnVoidStmt"],"edges":[[0,1],[0,2],[0,3]],"ID":3},{"def":["$i1"],"use":["$i1","r0","r0.\u003corg.apache.xerces.validators.common.CMAny: int fPosition\u003e","r1"],"callees":["setBit"],"nodes":["CompoundStmt","DefinitionStmt","Invoke","Local","InstanceFieldRef","Int","Int","Local","Int","RefType","org","apache","xerces","validators","common","C","M","Any"],"edges":[[0,1],[0,2],[1,3],[1,4],[3,5],[4,6],[4,7],[4,8],[7,9],[9,10],[9,11],[9,12],[9,13],[9,14],[9,15],[9,16],[9,17]],"ID":4}],"edgeSet":[[3,1,0],[0,2,0],[2,3,1],[2,4,2],[4,3,0]],"ENTRY":{"def":[],"use":[],"callees":[],"nodes":["CompoundStmt"],"edges":[],"ID":0},"EXIT":{"def":[],"use":[],"callees":[],"nodes":["CompoundStmt"],"edges":[],"ID":1},"method_name":"calcLastPos"},{"blocks":[{"def":[],"use":[],"callees":[],"nodes":["CompoundStmt"],"edges":[],"ID":0},{"def":[],"use":[],"callees":[],"nodes":["CompoundStmt"],"edges":[],"ID":1},{"def":["$i0","r0"],"use":["$i0","@this: org.apache.xerces.validators.common.CMAny","r0","r0.\u003corg.apache.xerces.validators.common.CMAny: int fPosition\u003e"],"callees":[],"nodes":["CompoundStmt","DefinitionStmt","DefinitionStmt","ReturnStmt","Local","ThisRef","Local","InstanceFieldRef","Local","RefType","RefType","Int","Int","Local","Int","Int","org","apache","xerces","validators","common","C","M","Any","org","apache","xerces","validators","common","C","M","Any","RefType","org","apache","xerces","validators","common","C","M","Any"],"edges":[[0,1],[0,2],[0,3],[1,4],[1,5],[2,6],[2,7],[3,8],[4,9],[5,10],[6,11],[7,12],[7,13],[7,14],[8,15],[9,16],[9,17],[9,18],[9,19],[9,20],[9,21],[9,22],[9,23],[10,24],[10,25],[10,26],[10,27],[10,28],[10,29],[10,30],[10,31],[13,32],[32,33],[32,34],[32,35],[32,36],[32,37],[32,38],[32,39],[32,40]],"ID":2}],"edgeSet":[[0,2,0],[2,1,0]],"ENTRY":{"def":[],"use":[],"callees":[],"nodes":["CompoundStmt"],"edges":[],"ID":0},"EXIT":{"def":[],"use":[],"callees":[],"nodes":["CompoundStmt"],"edges":[],"ID":1},"method_name":"getPosition"},{"blocks":[{"def":[],"use":[],"callees":[],"nodes":["CompoundStmt"],"edges":[],"ID":0},{"def":[],"use":[],"callees":[],"nodes":["CompoundStmt"],"edges":[],"ID":1},{"def":["$i0","r0"],"use":["r0.\u003corg.apache.xerces.validators.common.CMAny: int fType\u003e","$i0","@this: org.apache.xerces.validators.common.CMAny","r0"],"callees":[],"nodes":["CompoundStmt","DefinitionStmt","DefinitionStmt","ReturnStmt","Local","ThisRef","Local","InstanceFieldRef","Local","RefType","RefType","Int","Int","Local","Int","Int","org","apache","xerces","validators","common","C","M","Any","org","apache","xerces","validators","common","C","M","Any","RefType","org","apache","xerces","validators","common","C","M","Any"],"edges":[[0,1],[0,2],[0,3],[1,4],[1,5],[2,6],[2,7],[3,8],[4,9],[5,10],[6,11],[7,12],[7,13],[7,14],[8,15],[9,16],[9,17],[9,18],[9,19],[9,20],[9,21],[9,22],[9,23],[10,24],[10,25],[10,26],[10,27],[10,28],[10,29],[10,30],[10,31],[13,32],[32,33],[32,34],[32,35],[32,36],[32,37],[32,38],[32,39],[32,40]],"ID":2}],"edgeSet":[[0,2,0],[2,1,0]],"ENTRY":{"def":[],"use":[],"callees":[],"nodes":["CompoundStmt"],"edges":[],"ID":0},"EXIT":{"def":[],"use":[],"callees":[],"nodes":["CompoundStmt"],"edges":[],"ID":1},"method_name":"getType"},{"blocks":[{"def":[],"use":[],"callees":[],"nodes":["CompoundStmt"],"edges":[],"ID":0},{"def":[],"use":[],"callees":[],"nodes":["CompoundStmt"],"edges":[],"ID":1},{"def":["$i0","r0"],"use":["r0.\u003corg.apache.xerces.validators.common.CMAny: int fURI\u003e","$i0","@this: org.apache.xerces.validators.common.CMAny","r0"],"callees":[],"nodes":["CompoundStmt","DefinitionStmt","DefinitionStmt","ReturnStmt","Local","ThisRef","Local","InstanceFieldRef","Local","RefType","RefType","Int","Int","Local","Int","Int","org","apache","xerces","validators","common","C","M","Any","org","apache","xerces","validators","common","C","M","Any","RefType","org","apache","xerces","validators","common","C","M","Any"],"edges":[[0,1],[0,2],[0,3],[1,4],[1,5],[2,6],[2,7],[3,8],[4,9],[5,10],[6,11],[7,12],[7,13],[7,14],[8,15],[9,16],[9,17],[9,18],[9,19],[9,20],[9,21],[9,22],[9,23],[10,24],[10,25],[10,26],[10,27],[10,28],[10,29],[10,30],[10,31],[13,32],[32,33],[32,34],[32,35],[32,36],[32,37],[32,38],[32,39],[32,40]],"ID":2}],"edgeSet":[[0,2,0],[2,1,0]],"ENTRY":{"def":[],"use":[],"callees":[],"nodes":["CompoundStmt"],"edges":[],"ID":0},"EXIT":{"def":[],"use":[],"callees":[],"nodes":["CompoundStmt"],"edges":[],"ID":1},"method_name":"getURI"},{"blocks":[{"def":[],"use":[],"callees":[],"nodes":["CompoundStmt"],"edges":[],"ID":0},{"def":[],"use":[],"callees":[],"nodes":["CompoundStmt"],"edges":[],"ID":1},{"def":["$i0","r0"],"use":["$i0","@this: org.apache.xerces.validators.common.CMAny","r0","r0.\u003corg.apache.xerces.validators.common.CMAny: int fPosition\u003e"],"callees":[],"nodes":["CompoundStmt","DefinitionStmt","DefinitionStmt","IfStmt","Local","ThisRef","Local","InstanceFieldRef","BinaryOp","RefType","RefType","Int","Int","Local","Int","Local"," \u003d\u003d ","Constant","org","apache","xerces","validators","common","C","M","Any","org","apache","xerces","validators","common","C","M","Any","RefType","Int","-","1","Int","org","apache","xerces","validators","common","C","M","Any"],"edges":[[0,1],[0,2],[0,3],[1,4],[1,5],[2,6],[2,7],[3,8],[4,9],[5,10],[6,11],[7,12],[7,13],[7,14],[8,15],[8,16],[8,17],[9,18],[9,19],[9,20],[9,21],[9,22],[9,23],[9,24],[9,25],[10,26],[10,27],[10,28],[10,29],[10,30],[10,31],[10,32],[10,33],[13,34],[15,35],[17,36],[17,37],[17,38],[34,39],[34,40],[34,41],[34,42],[34,43],[34,44],[34,45],[34,46]],"ID":2},{"def":["$z0"],"use":["$z0"],"callees":[],"nodes":["CompoundStmt","DefinitionStmt","GotoStmt","ReturnStmt","Local","Constant","Local","Boolean","0","Int","Boolean"],"edges":[[0,1],[0,2],[0,3],[1,4],[1,5],[3,6],[4,7],[5,8],[5,9],[6,10]],"ID":3},{"def":["$z0"],"use":[],"callees":[],"nodes":["CompoundStmt","DefinitionStmt","Local","Constant","Boolean","1","Int"],"edges":[[0,1],[1,2],[1,3],[2,4],[3,5],[3,6]],"ID":4}],"edgeSet":[[3,1,0],[0,2,0],[2,3,1],[2,4,2],[4,3,0]],"ENTRY":{"def":[],"use":[],"callees":[],"nodes":["CompoundStmt"],"edges":[],"ID":0},"EXIT":{"def":[],"use":[],"callees":[],"nodes":["CompoundStmt"],"edges":[],"ID":1},"method_name":"isNullable"},{"blocks":[{"def":[],"use":[],"callees":[],"nodes":["CompoundStmt"],"edges":[],"ID":0},{"def":[],"use":[],"callees":[],"nodes":["CompoundStmt"],"edges":[],"ID":1},{"def":["i0","r0","r0.\u003corg.apache.xerces.validators.common.CMAny: int fPosition\u003e"],"use":["i0","@parameter0: int","@this: org.apache.xerces.validators.common.CMAny","r0"],"callees":[],"nodes":["CompoundStmt","DefinitionStmt","DefinitionStmt","DefinitionStmt","ReturnVoidStmt","Local","ThisRef","Local","Param","InstanceFieldRef","Local","RefType","RefType","Int","Int","Int","Local","Int","Int","org","apache","xerces","validators","common","C","M","Any","org","apache","xerces","validators","common","C","M","Any","RefType","org","apache","xerces","validators","common","C","M","Any"],"edges":[[0,1],[0,2],[0,3],[0,4],[1,5],[1,6],[2,7],[2,8],[3,9],[3,10],[5,11],[6,12],[7,13],[8,14],[9,15],[9,16],[9,17],[10,18],[11,19],[11,20],[11,21],[11,22],[11,23],[11,24],[11,25],[11,26],[12,27],[12,28],[12,29],[12,30],[12,31],[12,32],[12,33],[12,34],[16,35],[35,36],[35,37],[35,38],[35,39],[35,40],[35,41],[35,42],[35,43]],"ID":2}],"edgeSet":[[0,2,0],[2,1,0]],"ENTRY":{"def":[],"use":[],"callees":[],"nodes":["CompoundStmt"],"edges":[],"ID":0},"EXIT":{"def":[],"use":[],"callees":[],"nodes":["CompoundStmt"],"edges":[],"ID":1},"method_name":"setPosition"},{"blocks":[{"def":[],"use":[],"callees":[],"nodes":["CompoundStmt"],"edges":[],"ID":0},{"def":[],"use":[],"callees":[],"nodes":["CompoundStmt"],"edges":[],"ID":1},{"def":["r2","$r3","$r6","$i0","$i1","r0","r1"],"use":["r2","@parameter0: org.apache.xerces.utils.StringPool","$r3","r0.\u003corg.apache.xerces.validators.common.CMAny: int fURI\u003e","$r6","$i0","$i1","@this: org.apache.xerces.validators.common.CMAny","r0","r1","r0.\u003corg.apache.xerces.validators.common.CMAny: int fPosition\u003e"],"callees":[],"nodes":["CompoundStmt","DefinitionStmt","DefinitionStmt","DefinitionStmt","Invoke","DefinitionStmt","Invoke","Invoke","DefinitionStmt","DefinitionStmt","Invoke","Invoke","DefinitionStmt","IfStmt","Local","ThisRef","Local","Param","Local","NewExpr","Local","Local","Local","InstanceFieldRef","Local","Invoke","Local","InstanceFieldRef","BinaryOp","RefType","RefType","RefType","RefType","RefType","RefType","RefType","RefType","Int","Int","Local","Int","RefType","Int","Int","Local","Int","Local"," \u003c ","Constant","org","apache","xerces","validators","common","C","M","Any","org","apache","xerces","validators","common","C","M","Any","org","apache","xerces","utils","String","Pool","org","apache","xerces","utils","String","Pool","java","lang","String","Buffer","java","lang","String","Buffer","java","lang","String","Buffer","java","lang","String","Buffer","RefType","java","lang","String","RefType","Int","0","Int","org","apache","xerces","validators","common","C","M","Any","org","apache","xerces","validators","common","C","M","Any"],"edges":[[0,1],[0,2],[0,3],[0,4],[0,5],[0,6],[0,7],[0,8],[0,9],[0,10],[0,11],[0,12],[0,13],[1,14],[1,15],[2,16],[2,17],[3,18],[3,19],[5,20],[5,21],[8,22],[8,23],[9,24],[9,25],[12,26],[12,27],[13,28],[14,29],[15,30],[16,31],[17,32],[18,33],[19,34],[20,35],[21,36],[22,37],[23,38],[23,39],[23,40],[24,41],[26,42],[27,43],[27,44],[27,45],[28,46],[28,47],[28,48],[29,49],[29,50],[29,51],[29,52],[29,53],[29,54],[29,55],[29,56],[30,57],[30,58],[30,59],[30,60],[30,61],[30,62],[30,63],[30,64],[31,65],[31,66],[31,67],[31,68],[31,69],[31,70],[32,71],[32,72],[32,73],[32,74],[32,75],[32,76],[33,77],[33,78],[33,79],[33,80],[34,81],[34,82],[34,83],[34,84],[35,85],[35,86],[35,87],[35,88],[36,89],[36,90],[36,91],[36,92],[39,93],[41,94],[41,95],[41,96],[44,97],[46,98],[48,99],[48,100],[93,101],[93,102],[93,103],[93,104],[93,105],[93,106],[93,107],[93,108],[97,109],[97,110],[97,111],[97,112],[97,113],[97,114],[97,115],[97,116]],"ID":2},{"def":["$r15","$r13","$r14","$r9","$r11","$i2","$r12","$r10"],"use":["$r15","r2","$r13","$r14","$r9","$r11","$i2","$r12","r0","$r10","r0.\u003corg.apache.xerces.validators.common.CMAny: int fPosition\u003e"],"callees":[],"nodes":["CompoundStmt","DefinitionStmt","Invoke","DefinitionStmt","DefinitionStmt","Invoke","DefinitionStmt","DefinitionStmt","DefinitionStmt","DefinitionStmt","Invoke","DefinitionStmt","ReturnStmt","Local","NewExpr","Local","NewExpr","Local","InstanceFieldRef","Local","Invoke","Local","Invoke","Local","Invoke","Local","Invoke","Local","Invoke","Local","RefType","RefType","RefType","RefType","Int","Int","Local","Int","RefType","RefType","RefType","RefType","RefType","RefType","java","lang","String","Buffer","java","lang","String","Buffer","java","lang","Integer","java","lang","Integer","RefType","java","lang","String","java","lang","String","Buffer","java","lang","String","Buffer","java","lang","String","java","lang","String","java","lang","String","org","apache","xerces","validators","common","C","M","Any"],"edges":[[0,1],[0,2],[0,3],[0,4],[0,5],[0,6],[0,7],[0,8],[0,9],[0,10],[0,11],[0,12],[1,13],[1,14],[3,15],[3,16],[4,17],[4,18],[6,19],[6,20],[7,21],[7,22],[8,23],[8,24],[9,25],[9,26],[11,27],[11,28],[12,29],[13,30],[14,31],[15,32],[16,33],[17,34],[18,35],[18,36],[18,37],[19,38],[21,39],[23,40],[25,41],[27,42],[29,43],[30,44],[30,45],[30,46],[30,47],[31,48],[31,49],[31,50],[31,51],[32,52],[32,53],[32,54],[33,55],[33,56],[33,57],[36,58],[38,59],[38,60],[38,61],[39,62],[39,63],[39,64],[39,65],[40,66],[40,67],[40,68],[40,69],[41,70],[41,71],[41,72],[42,73],[42,74],[42,75],[43,76],[43,77],[43,78],[58,79],[58,80],[58,81],[58,82],[58,83],[58,84],[58,85],[58,86]],"ID":3}],"edgeSet":[[3,1,0],[0,2,0],[2,3,1],[2,3,2]],"ENTRY":{"def":[],"use":[],"callees":[],"nodes":["CompoundStmt"],"edges":[],"ID":0},"EXIT":{"def":[],"use":[],"callees":[],"nodes":["CompoundStmt"],"edges":[],"ID":1},"method_name":"toString"}],"label":"0"}