{"data":[{"blocks":[{"def":[],"use":[],"callees":[],"nodes":["CompoundStmt"],"edges":[],"ID":0},{"def":[],"use":[],"callees":[],"nodes":["CompoundStmt"],"edges":[],"ID":1},{"def":["r0"],"use":["@this: org.apache.xerces.dom.DOMImplementationImpl","r0"],"callees":[],"nodes":["CompoundStmt","DefinitionStmt","Invoke","ReturnVoidStmt","Local","ThisRef","RefType","RefType","org","apache","xerces","dom","D","O","M","Implementation","Impl","org","apache","xerces","dom","D","O","M","Implementation","Impl"],"edges":[[0,1],[0,2],[0,3],[1,4],[1,5],[4,6],[5,7],[6,8],[6,9],[6,10],[6,11],[6,12],[6,13],[6,14],[6,15],[6,16],[7,17],[7,18],[7,19],[7,20],[7,21],[7,22],[7,23],[7,24],[7,25]],"ID":2}],"edgeSet":[[0,2,0],[2,1,0]],"ENTRY":{"def":[],"use":[],"callees":[],"nodes":["CompoundStmt"],"edges":[],"ID":0},"EXIT":{"def":[],"use":[],"callees":[],"nodes":["CompoundStmt"],"edges":[],"ID":1},"method_name":"\u003cinit\u003e"},{"blocks":[{"def":[],"use":[],"callees":[],"nodes":["CompoundStmt"],"edges":[],"ID":0},{"def":[],"use":[],"callees":[],"nodes":["CompoundStmt"],"edges":[],"ID":1},{"def":["$r0","\u003corg.apache.xerces.dom.DOMImplementationImpl: org.apache.xerces.dom.DOMImplementationImpl singleton\u003e"],"use":["$r0"],"callees":["\u003cinit\u003e"],"nodes":["CompoundStmt","DefinitionStmt","Invoke","DefinitionStmt","ReturnVoidStmt","Local","NewExpr","StaticFieldRef","Local","RefType","RefType","RefType","RefType","RefType","org","apache","xerces","dom","D","O","M","Implementation","Impl","org","apache","xerces","dom","D","O","M","Implementation","Impl","org","apache","xerces","dom","D","O","M","Implementation","Impl","org","apache","xerces","dom","D","O","M","Implementation","Impl","org","apache","xerces","dom","D","O","M","Implementation","Impl"],"edges":[[0,1],[0,2],[0,3],[0,4],[1,5],[1,6],[3,7],[3,8],[5,9],[6,10],[7,11],[7,12],[8,13],[9,14],[9,15],[9,16],[9,17],[9,18],[9,19],[9,20],[9,21],[9,22],[10,23],[10,24],[10,25],[10,26],[10,27],[10,28],[10,29],[10,30],[10,31],[11,32],[11,33],[11,34],[11,35],[11,36],[11,37],[11,38],[11,39],[11,40],[12,41],[12,42],[12,43],[12,44],[12,45],[12,46],[12,47],[12,48],[12,49],[13,50],[13,51],[13,52],[13,53],[13,54],[13,55],[13,56],[13,57],[13,58]],"ID":2}],"edgeSet":[[0,2,0],[2,1,0]],"ENTRY":{"def":[],"use":[],"callees":[],"nodes":["CompoundStmt"],"edges":[],"ID":0},"EXIT":{"def":[],"use":[],"callees":[],"nodes":["CompoundStmt"],"edges":[],"ID":1},"method_name":"\u003cclinit\u003e"},{"blocks":[{"def":[],"use":[],"callees":[],"nodes":["CompoundStmt"],"edges":[],"ID":0},{"def":[],"use":[],"callees":[],"nodes":["CompoundStmt"],"edges":[],"ID":1},{"def":["r0"],"use":["@this: org.apache.xerces.dom.DOMImplementationImpl","r0"],"callees":[],"nodes":["CompoundStmt","DefinitionStmt","Invoke","ReturnVoidStmt","Local","ThisRef","RefType","RefType","org","apache","xerces","dom","D","O","M","Implementation","Impl","org","apache","xerces","dom","D","O","M","Implementation","Impl"],"edges":[[0,1],[0,2],[0,3],[1,4],[1,5],[4,6],[5,7],[6,8],[6,9],[6,10],[6,11],[6,12],[6,13],[6,14],[6,15],[6,16],[7,17],[7,18],[7,19],[7,20],[7,21],[7,22],[7,23],[7,24],[7,25]],"ID":2}],"edgeSet":[[0,2,0],[2,1,0]],"ENTRY":{"def":[],"use":[],"callees":[],"nodes":["CompoundStmt"],"edges":[],"ID":0},"EXIT":{"def":[],"use":[],"callees":[],"nodes":["CompoundStmt"],"edges":[],"ID":1},"method_name":"\u003cinit\u003e"},{"blocks":[{"def":[],"use":[],"callees":[],"nodes":["CompoundStmt"],"edges":[],"ID":0},{"def":[],"use":[],"callees":[],"nodes":["CompoundStmt"],"edges":[],"ID":1},{"def":["r2","$r3","r0","r1"],"use":["r2","$r3","@this: org.apache.xerces.dom.DocumentImpl","@parameter1: java.lang.String","@parameter0: java.lang.String","r0","r1"],"callees":["\u003cinit\u003e"],"nodes":["CompoundStmt","DefinitionStmt","DefinitionStmt","DefinitionStmt","DefinitionStmt","Invoke","ReturnStmt","Local","ThisRef","Local","Param","Local","Param","Local","NewExpr","Local","RefType","RefType","RefType","RefType","RefType","RefType","RefType","RefType","RefType","org","apache","xerces","dom","Document","Impl","org","apache","xerces","dom","Document","Impl","java","lang","String","java","lang","String","java","lang","String","java","lang","String","org","apache","xerces","dom","Element","N","S","Impl","org","apache","xerces","dom","Element","N","S","Impl","org","apache","xerces","dom","Element","N","S","Impl"],"edges":[[0,1],[0,2],[0,3],[0,4],[0,5],[0,6],[1,7],[1,8],[2,9],[2,10],[3,11],[3,12],[4,13],[4,14],[6,15],[7,16],[8,17],[9,18],[10,19],[11,20],[12,21],[13,22],[14,23],[15,24],[16,25],[16,26],[16,27],[16,28],[16,29],[16,30],[17,31],[17,32],[17,33],[17,34],[17,35],[17,36],[18,37],[18,38],[18,39],[19,40],[19,41],[19,42],[20,43],[20,44],[20,45],[21,46],[21,47],[21,48],[22,49],[22,50],[22,51],[22,52],[22,53],[22,54],[22,55],[22,56],[23,57],[23,58],[23,59],[23,60],[23,61],[23,62],[23,63],[23,64],[24,65],[24,66],[24,67],[24,68],[24,69],[24,70],[24,71],[24,72]],"ID":2}],"edgeSet":[[0,2,0],[2,1,0]],"ENTRY":{"def":[],"use":[],"callees":[],"nodes":["CompoundStmt"],"edges":[],"ID":0},"EXIT":{"def":[],"use":[],"callees":[],"nodes":["CompoundStmt"],"edges":[],"ID":1},"method_name":"createElementNS"},{"blocks":[{"def":[],"use":[],"callees":[],"nodes":["CompoundStmt"],"edges":[],"ID":0},{"def":[],"use":[],"callees":[],"nodes":["CompoundStmt"],"edges":[],"ID":1},{"def":["r2","$r3","r0","r1"],"use":["@this: org.apache.xerces.dom.NodeImpl","$r3","@parameter0: org.w3c.dom.Node","@parameter1: org.w3c.dom.Node"],"callees":["\u003cinit\u003e"],"nodes":["CompoundStmt","DefinitionStmt","DefinitionStmt","DefinitionStmt","DefinitionStmt","Invoke","ThrowStmt","Local","ThisRef","Local","Param","Local","Param","Local","NewExpr","Local","RefType","RefType","RefType","RefType","RefType","RefType","RefType","RefType","RefType","org","apache","xerces","dom","Node","Impl","org","apache","xerces","dom","Node","Impl","org","w3c","dom","Node","org","w3c","dom","Node","org","w3c","dom","Node","org","w3c","dom","Node","org","apache","xerces","dom","D","O","M","Exception","Impl","org","apache","xerces","dom","D","O","M","Exception","Impl","org","apache","xerces","dom","D","O","M","Exception","Impl"],"edges":[[0,1],[0,2],[0,3],[0,4],[0,5],[0,6],[1,7],[1,8],[2,9],[2,10],[3,11],[3,12],[4,13],[4,14],[6,15],[7,16],[8,17],[9,18],[10,19],[11,20],[12,21],[13,22],[14,23],[15,24],[16,25],[16,26],[16,27],[16,28],[16,29],[16,30],[17,31],[17,32],[17,33],[17,34],[17,35],[17,36],[18,37],[18,38],[18,39],[18,40],[19,41],[19,42],[19,43],[19,44],[20,45],[20,46],[20,47],[20,48],[21,49],[21,50],[21,51],[21,52],[22,53],[22,54],[22,55],[22,56],[22,57],[22,58],[22,59],[22,60],[22,61],[23,62],[23,63],[23,64],[23,65],[23,66],[23,67],[23,68],[23,69],[23,70],[24,71],[24,72],[24,73],[24,74],[24,75],[24,76],[24,77],[24,78],[24,79]],"ID":2}],"edgeSet":[[0,2,0],[2,1,0]],"ENTRY":{"def":[],"use":[],"callees":[],"nodes":["CompoundStmt"],"edges":[],"ID":0},"EXIT":{"def":[],"use":[],"callees":[],"nodes":["CompoundStmt"],"edges":[],"ID":1},"method_name":"insertBefore"},{"blocks":[{"def":[],"use":[],"callees":[],"nodes":["CompoundStmt"],"edges":[],"ID":0},{"def":[],"use":[],"callees":[],"nodes":["CompoundStmt"],"edges":[],"ID":1},{"def":["$r2","r0","r1"],"use":["$r2","@this: org.apache.xerces.dom.NodeImpl","@parameter0: org.w3c.dom.Node","r0","r1"],"callees":["insertBefore"],"nodes":["CompoundStmt","DefinitionStmt","DefinitionStmt","DefinitionStmt","ReturnStmt","Local","ThisRef","Local","Param","Local","Invoke","Local","RefType","RefType","RefType","RefType","RefType","RefType","org","apache","xerces","dom","Node","Impl","org","apache","xerces","dom","Node","Impl","org","w3c","dom","Node","org","w3c","dom","Node","org","w3c","dom","Node","org","w3c","dom","Node"],"edges":[[0,1],[0,2],[0,3],[0,4],[1,5],[1,6],[2,7],[2,8],[3,9],[3,10],[4,11],[5,12],[6,13],[7,14],[8,15],[9,16],[11,17],[12,18],[12,19],[12,20],[12,21],[12,22],[12,23],[13,24],[13,25],[13,26],[13,27],[13,28],[13,29],[14,30],[14,31],[14,32],[14,33],[15,34],[15,35],[15,36],[15,37],[16,38],[16,39],[16,40],[16,41],[17,42],[17,43],[17,44],[17,45]],"ID":2}],"edgeSet":[[0,2,0],[2,1,0]],"ENTRY":{"def":[],"use":[],"callees":[],"nodes":["CompoundStmt"],"edges":[],"ID":0},"EXIT":{"def":[],"use":[],"callees":[],"nodes":["CompoundStmt"],"edges":[],"ID":1},"method_name":"appendChild"},{"blocks":[{"def":[],"use":[],"callees":[],"nodes":["CompoundStmt"],"edges":[],"ID":0},{"def":[],"use":[],"callees":[],"nodes":["CompoundStmt"],"edges":[],"ID":1},{"def":["r2","r3","r0","r1"],"use":["r3","@parameter2: org.w3c.dom.DocumentType","@this: org.apache.xerces.dom.DOMImplementationImpl","@parameter1: java.lang.String","@parameter0: java.lang.String"],"callees":[],"nodes":["CompoundStmt","DefinitionStmt","DefinitionStmt","DefinitionStmt","DefinitionStmt","IfStmt","Local","ThisRef","Local","Param","Local","Param","Local","Param","BinaryOp","RefType","RefType","RefType","RefType","RefType","RefType","RefType","RefType","Local"," \u003d\u003d ","Constant","org","apache","xerces","dom","D","O","M","Implementation","Impl","org","apache","xerces","dom","D","O","M","Implementation","Impl","java","lang","String","java","lang","String","java","lang","String","java","lang","String","org","w3c","dom","Document","Type","org","w3c","dom","Document","Type","RefType","Null","org","w3c","dom","Document","Type"],"edges":[[0,1],[0,2],[0,3],[0,4],[0,5],[1,6],[1,7],[2,8],[2,9],[3,10],[3,11],[4,12],[4,13],[5,14],[6,15],[7,16],[8,17],[9,18],[10,19],[11,20],[12,21],[13,22],[14,23],[14,24],[14,25],[15,26],[15,27],[15,28],[15,29],[15,30],[15,31],[15,32],[15,33],[15,34],[16,35],[16,36],[16,37],[16,38],[16,39],[16,40],[16,41],[16,42],[16,43],[17,44],[17,45],[17,46],[18,47],[18,48],[18,49],[19,50],[19,51],[19,52],[20,53],[20,54],[20,55],[21,56],[21,57],[21,58],[21,59],[21,60],[22,61],[22,62],[22,63],[22,64],[22,65],[23,66],[25,67],[66,68],[66,69],[66,70],[66,71],[66,72]],"ID":2},{"def":["$r8"],"use":["r3","$r8"],"callees":[],"nodes":["CompoundStmt","DefinitionStmt","IfStmt","Local","Invoke","BinaryOp","RefType","Local"," \u003d\u003d ","Constant","org","w3c","dom","Document","RefType","Null","org","w3c","dom","Document"],"edges":[[0,1],[0,2],[1,3],[1,4],[2,5],[3,6],[5,7],[5,8],[5,9],[6,10],[6,11],[6,12],[6,13],[7,14],[9,15],[14,16],[14,17],[14,18],[14,19]],"ID":3},{"def":["$r9"],"use":["$r9"],"callees":["\u003cinit\u003e"],"nodes":["CompoundStmt","DefinitionStmt","Invoke","ThrowStmt","Local","NewExpr","Local","RefType","RefType","RefType","org","apache","xerces","dom","D","O","M","Exception","Impl","org","apache","xerces","dom","D","O","M","Exception","Impl","org","apache","xerces","dom","D","O","M","Exception","Impl"],"edges":[[0,1],[0,2],[0,3],[1,4],[1,5],[3,6],[4,7],[5,8],[6,9],[7,10],[7,11],[7,12],[7,13],[7,14],[7,15],[7,16],[7,17],[7,18],[8,19],[8,20],[8,21],[8,22],[8,23],[8,24],[8,25],[8,26],[8,27],[9,28],[9,29],[9,30],[9,31],[9,32],[9,33],[9,34],[9,35],[9,36]],"ID":4},{"def":["r4","r5","$r6"],"use":["r2","r3","r4","r5","$r6","r1"],"callees":["appendChild","createElementNS","\u003cinit\u003e"],"nodes":["CompoundStmt","DefinitionStmt","Invoke","DefinitionStmt","DefinitionStmt","Invoke","ReturnStmt","Local","NewExpr","Local","Local","Local","Invoke","Local","RefType","RefType","RefType","RefType","RefType","RefType","org","apache","xerces","dom","Document","Impl","org","apache","xerces","dom","Document","Impl","org","apache","xerces","dom","Document","Impl","org","apache","xerces","dom","Document","Impl","org","w3c","dom","Element","org","apache","xerces","dom","Document","Impl"],"edges":[[0,1],[0,2],[0,3],[0,4],[0,5],[0,6],[1,7],[1,8],[3,9],[3,10],[4,11],[4,12],[6,13],[7,14],[8,15],[9,16],[10,17],[11,18],[13,19],[14,20],[14,21],[14,22],[14,23],[14,24],[14,25],[15,26],[15,27],[15,28],[15,29],[15,30],[15,31],[16,32],[16,33],[16,34],[16,35],[16,36],[16,37],[17,38],[17,39],[17,40],[17,41],[17,42],[17,43],[18,44],[18,45],[18,46],[18,47],[19,48],[19,49],[19,50],[19,51],[19,52],[19,53]],"ID":5}],"edgeSet":[[4,1,0],[5,1,0],[0,2,0],[2,5,2],[2,3,1],[3,4,1],[3,5,2]],"ENTRY":{"def":[],"use":[],"callees":[],"nodes":["CompoundStmt"],"edges":[],"ID":0},"EXIT":{"def":[],"use":[],"callees":[],"nodes":["CompoundStmt"],"edges":[],"ID":1},"method_name":"createDocument"},{"blocks":[{"def":[],"use":[],"callees":[],"nodes":["CompoundStmt"],"edges":[],"ID":0},{"def":[],"use":[],"callees":[],"nodes":["CompoundStmt"],"edges":[],"ID":1},{"def":["r0"],"use":["@parameter0: java.lang.String","r0"],"callees":[],"nodes":["CompoundStmt","DefinitionStmt","IfStmt","Local","Param","BinaryOp","RefType","RefType","Local"," !\u003d ","Constant","java","lang","String","java","lang","String","RefType","Null","java","lang","String"],"edges":[[0,1],[0,2],[1,3],[1,4],[2,5],[3,6],[4,7],[5,8],[5,9],[5,10],[6,11],[6,12],[6,13],[7,14],[7,15],[7,16],[8,17],[10,18],[17,19],[17,20],[17,21]],"ID":2},{"def":[],"use":[],"callees":[],"nodes":["CompoundStmt","ReturnStmt","Constant","0","Int"],"edges":[[0,1],[1,2],[2,3],[2,4]],"ID":3},{"def":["$c4","$z0","$i2","$i3","r1"],"use":["$c4","r1[0]","$z0","$i2","r0","$i3","r1"],"callees":[],"nodes":["CompoundStmt","DefinitionStmt","DefinitionStmt","DefinitionStmt","Invoke","DefinitionStmt","DefinitionStmt","IfStmt","Local","Invoke","Local","NewArray","Local","Invoke","Local","ArrayRef","Local","Invoke","BinaryOp","Int","Array","Array","Local","Int","Char","Char","Local","Constant","Boolean","Local"," !\u003d ","Constant","Char","[]","Char","[]","Int","Array","0","Int","Boolean","0","Int","Char","[]"],"edges":[[0,1],[0,2],[0,3],[0,4],[0,5],[0,6],[0,7],[1,8],[1,9],[2,10],[2,11],[3,12],[3,13],[5,14],[5,15],[6,16],[6,17],[7,18],[8,19],[10,20],[11,21],[11,22],[12,23],[14,24],[15,25],[15,26],[15,27],[16,28],[18,29],[18,30],[18,31],[20,32],[20,33],[21,34],[21,35],[22,36],[26,37],[27,38],[27,39],[29,40],[31,41],[31,42],[37,43],[37,44]],"ID":4},{"def":["$i7","$r3","$c6"],"use":["$i7","$r3","r1[0]","$c6","r1"],"callees":[],"nodes":["CompoundStmt","DefinitionStmt","DefinitionStmt","DefinitionStmt","IfStmt","Local","Constant","Local","ArrayRef","Local","Invoke","BinaryOp","RefType","RefType","Char","Char","Local","Constant","Int","Local"," !\u003d ","Constant","java","lang","String","java","lang","String","Array","0","Int","Int","-","1","Int","Char","[]"],"edges":[[0,1],[0,2],[0,3],[0,4],[1,5],[1,6],[2,7],[2,8],[3,9],[3,10],[4,11],[5,12],[6,13],[7,14],[8,15],[8,16],[8,17],[9,18],[11,19],[11,20],[11,21],[12,22],[12,23],[12,24],[13,25],[13,26],[13,27],[16,28],[17,29],[17,30],[19,31],[21,32],[21,33],[21,34],[28,35],[28,36]],"ID":5},{"def":[],"use":[],"callees":[],"nodes":["CompoundStmt","ReturnStmt","Constant","0","Int"],"edges":[[0,1],[1,2],[2,3],[2,4]],"ID":6},{"def":["$i9","i8"],"use":["$i9","r0","i8"],"callees":[],"nodes":["CompoundStmt","DefinitionStmt","GotoStmt","DefinitionStmt","IfStmt","Local","Constant","Local","Invoke","BinaryOp","Int","1","Int","Int","Local"," \u003c ","Local","Int","Int"],"edges":[[0,1],[0,2],[0,3],[0,4],[1,5],[1,6],[3,7],[3,8],[4,9],[5,10],[6,11],[6,12],[7,13],[9,14],[9,15],[9,16],[14,17],[16,18]],"ID":7},{"def":["i1","$z1","c0"],"use":["r1[i8]","$z1","c0","r1","i8"],"callees":[],"nodes":["CompoundStmt","DefinitionStmt","DefinitionStmt","DefinitionStmt","IfStmt","Local","ArrayRef","Local","Invoke","Local","Invoke","BinaryOp","Char","Char","Local","Local","Int","Boolean","Local"," !\u003d ","Constant","Array","Int","Boolean","0","Int","Char","[]"],"edges":[[0,1],[0,2],[0,3],[0,4],[1,5],[1,6],[2,7],[2,8],[3,9],[3,10],[4,11],[5,12],[6,13],[6,14],[6,15],[7,16],[9,17],[11,18],[11,19],[11,20],[14,21],[15,22],[18,23],[20,24],[20,25],[21,26],[21,27]],"ID":8},{"def":["$i5","$r2"],"use":["$i5","$r2","c0"],"callees":[],"nodes":["CompoundStmt","DefinitionStmt","DefinitionStmt","IfStmt","Local","Constant","Local","Invoke","BinaryOp","RefType","RefType","Int","Local"," !\u003d ","Constant","java","lang","String","java","lang","String","Int","-","1","Int"],"edges":[[0,1],[0,2],[0,3],[1,4],[1,5],[2,6],[2,7],[3,8],[4,9],[5,10],[6,11],[8,12],[8,13],[8,14],[9,15],[9,16],[9,17],[10,18],[10,19],[10,20],[12,21],[14,22],[14,23],[14,24]],"ID":9},{"def":[],"use":["i1"],"callees":[],"nodes":["CompoundStmt","IfStmt","BinaryOp","Local"," \u003c ","Constant","Int","6","Int"],"edges":[[0,1],[1,2],[2,3],[2,4],[2,5],[3,6],[5,7],[5,8]],"ID":10},{"def":[],"use":["i1"],"callees":[],"nodes":["CompoundStmt","IfStmt","BinaryOp","Local"," \u003e ","Constant","Int","8","Int"],"edges":[[0,1],[1,2],[2,3],[2,4],[2,5],[3,6],[5,7],[5,8]],"ID":11},{"def":[],"use":["c0"],"callees":[],"nodes":["CompoundStmt","IfStmt","BinaryOp","Local"," \u003c ","Constant","Char","1","7","5","7","Int"],"edges":[[0,1],[1,2],[2,3],[2,4],[2,5],[3,6],[5,7],[5,8],[5,9],[5,10],[5,11]],"ID":12},{"def":[],"use":["c0"],"callees":[],"nodes":["CompoundStmt","IfStmt","BinaryOp","Local"," \u003c\u003d ","Constant","Char","1","7","5","8","Int"],"edges":[[0,1],[1,2],[2,3],[2,4],[2,5],[3,6],[5,7],[5,8],[5,9],[5,10],[5,11]],"ID":13},{"def":[],"use":["c0"],"callees":[],"nodes":["CompoundStmt","IfStmt","BinaryOp","Local"," \u003c ","Constant","Char","8","4","1","3","Int"],"edges":[[0,1],[1,2],[2,3],[2,4],[2,5],[3,6],[5,7],[5,8],[5,9],[5,10],[5,11]],"ID":14},{"def":[],"use":["c0"],"callees":[],"nodes":["CompoundStmt","IfStmt","BinaryOp","Local"," \u003c\u003d ","Constant","Char","8","4","1","6","Int"],"edges":[[0,1],[1,2],[2,3],[2,4],[2,5],[3,6],[5,7],[5,8],[5,9],[5,10],[5,11]],"ID":15},{"def":[],"use":["c0"],"callees":[],"nodes":["CompoundStmt","IfStmt","BinaryOp","Local"," \u003c ","Constant","Char","1","2","4","4","3","Int"],"edges":[[0,1],[1,2],[2,3],[2,4],[2,5],[3,6],[5,7],[5,8],[5,9],[5,10],[5,11],[5,12]],"ID":16},{"def":[],"use":["i1"],"callees":[],"nodes":["CompoundStmt","IfStmt","BinaryOp","Local"," !\u003d ","Constant","Int","4","Int"],"edges":[[0,1],[1,2],[2,3],[2,4],[2,5],[3,6],[5,7],[5,8]],"ID":17},{"def":[],"use":["c0"],"callees":[],"nodes":["CompoundStmt","IfStmt","BinaryOp","Local"," \u003c ","Constant","Char","7","2","0","Int"],"edges":[[0,1],[1,2],[2,3],[2,4],[2,5],[3,6],[5,7],[5,8],[5,9],[5,10]],"ID":18},{"def":[],"use":["c0"],"callees":[],"nodes":["CompoundStmt","IfStmt","BinaryOp","Local"," \u003c\u003d ","Constant","Char","1","3","6","9","Int"],"edges":[[0,1],[1,2],[2,3],[2,4],[2,5],[3,6],[5,7],[5,8],[5,9],[5,10],[5,11]],"ID":19},{"def":[],"use":["c0"],"callees":[],"nodes":["CompoundStmt","IfStmt","BinaryOp","Local"," \u003c ","Constant","Char","1","7","6","5","Int"],"edges":[[0,1],[1,2],[2,3],[2,4],[2,5],[3,6],[5,7],[5,8],[5,9],[5,10],[5,11]],"ID":20},{"def":[],"use":["c0"],"callees":[],"nodes":["CompoundStmt","IfStmt","BinaryOp","Local"," \u003c\u003d ","Constant","Char","1","7","6","6","Int"],"edges":[[0,1],[1,2],[2,3],[2,4],[2,5],[3,6],[5,7],[5,8],[5,9],[5,10],[5,11]],"ID":21},{"def":[],"use":["c0"],"callees":[],"nodes":["CompoundStmt","IfStmt","BinaryOp","Local"," \u003c ","Constant","Char","1","2","4","4","3","Int"],"edges":[[0,1],[1,2],[2,3],[2,4],[2,5],[3,6],[5,7],[5,8],[5,9],[5,10],[5,11],[5,12]],"ID":22},{"def":[],"use":["c0"],"callees":[],"nodes":["CompoundStmt","IfStmt","BinaryOp","Local"," \u003e ","Constant","Char","1","2","4","4","4","Int"],"edges":[[0,1],[1,2],[2,3],[2,4],[2,5],[3,6],[5,7],[5,8],[5,9],[5,10],[5,11],[5,12]],"ID":23},{"def":[],"use":["c0"],"callees":[],"nodes":["CompoundStmt","IfStmt","BinaryOp","Local"," \u003d\u003d ","Constant","Char","1","8","3","Int"],"edges":[[0,1],[1,2],[2,3],[2,4],[2,5],[3,6],[5,7],[5,8],[5,9],[5,10]],"ID":24},{"def":[],"use":["c0"],"callees":[],"nodes":["CompoundStmt","IfStmt","BinaryOp","Local"," \u003d\u003d ","Constant","Char","9","0","3","Int"],"edges":[[0,1],[1,2],[2,3],[2,4],[2,5],[3,6],[5,7],[5,8],[5,9],[5,10]],"ID":25},{"def":[],"use":[],"callees":[],"nodes":["CompoundStmt","ReturnStmt","Constant","0","Int"],"edges":[[0,1],[1,2],[2,3],[2,4]],"ID":26},{"def":["i8"],"use":["i8"],"callees":[],"nodes":["CompoundStmt","DefinitionStmt","Local","BinaryOp","Int","Local"," + ","Constant","Int","1","Int"],"edges":[[0,1],[1,2],[1,3],[2,4],[3,5],[3,6],[3,7],[5,8],[7,9],[7,10]],"ID":27},{"def":[],"use":[],"callees":[],"nodes":["CompoundStmt","ReturnStmt","Constant","1","Int"],"edges":[[0,1],[1,2],[2,3],[2,4]],"ID":28}],"edgeSet":[[9,27,2],[10,17,2],[23,27,2],[12,13,1],[8,9,1],[4,5,1],[5,7,2],[16,17,1],[20,21,1],[24,25,1],[25,27,2],[6,1,0],[7,28,1],[27,7,0],[26,1,0],[28,1,0],[17,24,2],[19,24,2],[0,2,0],[21,24,2],[11,12,1],[12,14,2],[15,16,1],[19,20,1],[20,22,2],[23,24,1],[7,8,2],[8,27,2],[16,27,2],[11,17,2],[22,27,2],[13,17,2],[4,7,2],[24,27,2],[2,3,1],[10,11,1],[14,15,1],[15,17,2],[18,19,1],[22,23,1],[3,1,0],[13,14,1],[2,4,2],[5,6,1],[9,10,1],[14,16,2],[17,18,1],[18,20,2],[21,22,1],[25,26,1]],"ENTRY":{"def":[],"use":[],"callees":[],"nodes":["CompoundStmt"],"edges":[],"ID":0},"EXIT":{"def":[],"use":[],"callees":[],"nodes":["CompoundStmt"],"edges":[],"ID":1},"method_name":"isXMLName"},{"blocks":[{"def":[],"use":[],"callees":[],"nodes":["CompoundStmt"],"edges":[],"ID":0},{"def":[],"use":[],"callees":[],"nodes":["CompoundStmt"],"edges":[],"ID":1},{"def":["r2","r3","$z0","r0","r1"],"use":["@parameter2: java.lang.String","@this: org.apache.xerces.dom.DOMImplementationImpl","@parameter1: java.lang.String","$z0","@parameter0: java.lang.String","r1"],"callees":["isXMLName"],"nodes":["CompoundStmt","DefinitionStmt","DefinitionStmt","DefinitionStmt","DefinitionStmt","DefinitionStmt","IfStmt","Local","ThisRef","Local","Param","Local","Param","Local","Param","Local","Invoke","BinaryOp","RefType","RefType","RefType","RefType","RefType","RefType","RefType","RefType","Boolean","Local"," !\u003d ","Constant","org","apache","xerces","dom","D","O","M","Implementation","Impl","org","apache","xerces","dom","D","O","M","Implementation","Impl","java","lang","String","java","lang","String","java","lang","String","java","lang","String","java","lang","String","java","lang","String","Boolean","0","Int"],"edges":[[0,1],[0,2],[0,3],[0,4],[0,5],[0,6],[1,7],[1,8],[2,9],[2,10],[3,11],[3,12],[4,13],[4,14],[5,15],[5,16],[6,17],[7,18],[8,19],[9,20],[10,21],[11,22],[12,23],[13,24],[14,25],[15,26],[17,27],[17,28],[17,29],[18,30],[18,31],[18,32],[18,33],[18,34],[18,35],[18,36],[18,37],[18,38],[19,39],[19,40],[19,41],[19,42],[19,43],[19,44],[19,45],[19,46],[19,47],[20,48],[20,49],[20,50],[21,51],[21,52],[21,53],[22,54],[22,55],[22,56],[23,57],[23,58],[23,59],[24,60],[24,61],[24,62],[25,63],[25,64],[25,65],[27,66],[29,67],[29,68]],"ID":2},{"def":["$r6"],"use":["$r6"],"callees":["\u003cinit\u003e"],"nodes":["CompoundStmt","DefinitionStmt","Invoke","ThrowStmt","Local","NewExpr","Local","RefType","RefType","RefType","org","apache","xerces","dom","D","O","M","Exception","Impl","org","apache","xerces","dom","D","O","M","Exception","Impl","org","apache","xerces","dom","D","O","M","Exception","Impl"],"edges":[[0,1],[0,2],[0,3],[1,4],[1,5],[3,6],[4,7],[5,8],[6,9],[7,10],[7,11],[7,12],[7,13],[7,14],[7,15],[7,16],[7,17],[7,18],[8,19],[8,20],[8,21],[8,22],[8,23],[8,24],[8,25],[8,26],[8,27],[9,28],[9,29],[9,30],[9,31],[9,32],[9,33],[9,34],[9,35],[9,36]],"ID":3},{"def":["i0"],"use":["i0","r1"],"callees":[],"nodes":["CompoundStmt","DefinitionStmt","IfStmt","Local","Invoke","BinaryOp","Int","Local"," \u003d\u003d ","Constant","Int","0","Int"],"edges":[[0,1],[0,2],[1,3],[1,4],[2,5],[3,6],[5,7],[5,8],[5,9],[7,10],[9,11],[9,12]],"ID":4},{"def":["$i1","$i2"],"use":["i0","$i1","$i2","r1"],"callees":[],"nodes":["CompoundStmt","DefinitionStmt","DefinitionStmt","IfStmt","Local","Invoke","Local","BinaryOp","BinaryOp","Int","Int","Local"," - ","Constant","Local"," !\u003d ","Local","Int","1","Int","Int","Int"],"edges":[[0,1],[0,2],[0,3],[1,4],[1,5],[2,6],[2,7],[3,8],[4,9],[6,10],[7,11],[7,12],[7,13],[8,14],[8,15],[8,16],[11,17],[13,18],[13,19],[14,20],[16,21]],"ID":5},{"def":["$r4"],"use":["$r4"],"callees":["\u003cinit\u003e"],"nodes":["CompoundStmt","DefinitionStmt","Invoke","ThrowStmt","Local","NewExpr","Local","RefType","RefType","RefType","org","apache","xerces","dom","D","O","M","Exception","Impl","org","apache","xerces","dom","D","O","M","Exception","Impl","org","apache","xerces","dom","D","O","M","Exception","Impl"],"edges":[[0,1],[0,2],[0,3],[1,4],[1,5],[3,6],[4,7],[5,8],[6,9],[7,10],[7,11],[7,12],[7,13],[7,14],[7,15],[7,16],[7,17],[7,18],[8,19],[8,20],[8,21],[8,22],[8,23],[8,24],[8,25],[8,26],[8,27],[9,28],[9,29],[9,30],[9,31],[9,32],[9,33],[9,34],[9,35],[9,36]],"ID":6},{"def":["$r5"],"use":["r2","r3","$r5","r1"],"callees":["\u003cinit\u003e"],"nodes":["CompoundStmt","DefinitionStmt","Invoke","ReturnStmt","Local","NewExpr","Local","RefType","RefType","RefType","org","apache","xerces","dom","Document","Type","Impl","org","apache","xerces","dom","Document","Type","Impl","org","apache","xerces","dom","Document","Type","Impl"],"edges":[[0,1],[0,2],[0,3],[1,4],[1,5],[3,6],[4,7],[5,8],[6,9],[7,10],[7,11],[7,12],[7,13],[7,14],[7,15],[7,16],[8,17],[8,18],[8,19],[8,20],[8,21],[8,22],[8,23],[9,24],[9,25],[9,26],[9,27],[9,28],[9,29],[9,30]],"ID":7}],"edgeSet":[[3,1,0],[6,1,0],[7,1,0],[0,2,0],[2,3,1],[2,4,2],[4,5,1],[4,6,2],[5,6,1],[5,7,2]],"ENTRY":{"def":[],"use":[],"callees":[],"nodes":["CompoundStmt"],"edges":[],"ID":0},"EXIT":{"def":[],"use":[],"callees":[],"nodes":["CompoundStmt"],"edges":[],"ID":1},"method_name":"createDocumentType"},{"blocks":[{"def":[],"use":[],"callees":[],"nodes":["CompoundStmt"],"edges":[],"ID":0},{"def":[],"use":[],"callees":[],"nodes":["CompoundStmt"],"edges":[],"ID":1},{"def":["$r0"],"use":["$r0","\u003corg.apache.xerces.dom.DOMImplementationImpl: org.apache.xerces.dom.DOMImplementationImpl singleton\u003e"],"callees":[],"nodes":["CompoundStmt","DefinitionStmt","ReturnStmt","Local","StaticFieldRef","Local","RefType","RefType","RefType","RefType","org","apache","xerces","dom","D","O","M","Implementation","Impl","org","apache","xerces","dom","D","O","M","Implementation","Impl","org","apache","xerces","dom","D","O","M","Implementation","Impl","org","apache","xerces","dom","D","O","M","Implementation","Impl"],"edges":[[0,1],[0,2],[1,3],[1,4],[2,5],[3,6],[4,7],[4,8],[5,9],[6,10],[6,11],[6,12],[6,13],[6,14],[6,15],[6,16],[6,17],[6,18],[7,19],[7,20],[7,21],[7,22],[7,23],[7,24],[7,25],[7,26],[7,27],[8,28],[8,29],[8,30],[8,31],[8,32],[8,33],[8,34],[8,35],[8,36],[9,37],[9,38],[9,39],[9,40],[9,41],[9,42],[9,43],[9,44],[9,45]],"ID":2}],"edgeSet":[[0,2,0],[2,1,0]],"ENTRY":{"def":[],"use":[],"callees":[],"nodes":["CompoundStmt"],"edges":[],"ID":0},"EXIT":{"def":[],"use":[],"callees":[],"nodes":["CompoundStmt"],"edges":[],"ID":1},"method_name":"getDOMImplementation"},{"blocks":[{"def":[],"use":[],"callees":[],"nodes":["CompoundStmt"],"edges":[],"ID":0},{"def":[],"use":[],"callees":[],"nodes":["CompoundStmt"],"edges":[],"ID":1},{"def":["r2","$z0","r0","r1"],"use":["@this: org.apache.xerces.dom.DOMImplementationImpl","@parameter1: java.lang.String","$z0","@parameter0: java.lang.String","r1"],"callees":[],"nodes":["CompoundStmt","DefinitionStmt","DefinitionStmt","DefinitionStmt","DefinitionStmt","IfStmt","Local","ThisRef","Local","Param","Local","Param","Local","Invoke","BinaryOp","RefType","RefType","RefType","RefType","RefType","RefType","Boolean","Local"," \u003d\u003d ","Constant","org","apache","xerces","dom","D","O","M","Implementation","Impl","org","apache","xerces","dom","D","O","M","Implementation","Impl","java","lang","String","java","lang","String","java","lang","String","java","lang","String","Boolean","0","Int"],"edges":[[0,1],[0,2],[0,3],[0,4],[0,5],[1,6],[1,7],[2,8],[2,9],[3,10],[3,11],[4,12],[4,13],[5,14],[6,15],[7,16],[8,17],[9,18],[10,19],[11,20],[12,21],[14,22],[14,23],[14,24],[15,25],[15,26],[15,27],[15,28],[15,29],[15,30],[15,31],[15,32],[15,33],[16,34],[16,35],[16,36],[16,37],[16,38],[16,39],[16,40],[16,41],[16,42],[17,43],[17,44],[17,45],[18,46],[18,47],[18,48],[19,49],[19,50],[19,51],[20,52],[20,53],[20,54],[22,55],[24,56],[24,57]],"ID":2},{"def":[],"use":["r2"],"callees":[],"nodes":["CompoundStmt","IfStmt","BinaryOp","Local"," \u003d\u003d ","Constant","RefType","Null","java","lang","String"],"edges":[[0,1],[1,2],[2,3],[2,4],[2,5],[3,6],[5,7],[6,8],[6,9],[6,10]],"ID":3},{"def":["$z7"],"use":["r2","$z7"],"callees":[],"nodes":["CompoundStmt","DefinitionStmt","IfStmt","Local","Invoke","BinaryOp","Boolean","Local"," !\u003d ","Constant","Boolean","0","Int"],"edges":[[0,1],[0,2],[1,3],[1,4],[2,5],[3,6],[5,7],[5,8],[5,9],[7,10],[9,11],[9,12]],"ID":4},{"def":["$z8"],"use":["r2","$z8"],"callees":[],"nodes":["CompoundStmt","DefinitionStmt","IfStmt","Local","Invoke","BinaryOp","Boolean","Local"," !\u003d ","Constant","Boolean","0","Int"],"edges":[[0,1],[0,2],[1,3],[1,4],[2,5],[3,6],[5,7],[5,8],[5,9],[7,10],[9,11],[9,12]],"ID":5},{"def":["$z1"],"use":["$z1","r1"],"callees":[],"nodes":["CompoundStmt","DefinitionStmt","IfStmt","Local","Invoke","BinaryOp","Boolean","Local"," \u003d\u003d ","Constant","Boolean","0","Int"],"edges":[[0,1],[0,2],[1,3],[1,4],[2,5],[3,6],[5,7],[5,8],[5,9],[7,10],[9,11],[9,12]],"ID":6},{"def":[],"use":["r2"],"callees":[],"nodes":["CompoundStmt","IfStmt","BinaryOp","Local"," \u003d\u003d ","Constant","RefType","Null","java","lang","String"],"edges":[[0,1],[1,2],[2,3],[2,4],[2,5],[3,6],[5,7],[6,8],[6,9],[6,10]],"ID":7},{"def":["$z6"],"use":["r2","$z6"],"callees":[],"nodes":["CompoundStmt","DefinitionStmt","IfStmt","Local","Invoke","BinaryOp","Boolean","Local"," !\u003d ","Constant","Boolean","0","Int"],"edges":[[0,1],[0,2],[1,3],[1,4],[2,5],[3,6],[5,7],[5,8],[5,9],[7,10],[9,11],[9,12]],"ID":8},{"def":["$z2"],"use":["$z2","r1"],"callees":[],"nodes":["CompoundStmt","DefinitionStmt","IfStmt","Local","Invoke","BinaryOp","Boolean","Local"," \u003d\u003d ","Constant","Boolean","0","Int"],"edges":[[0,1],[0,2],[1,3],[1,4],[2,5],[3,6],[5,7],[5,8],[5,9],[7,10],[9,11],[9,12]],"ID":9},{"def":[],"use":["r2"],"callees":[],"nodes":["CompoundStmt","IfStmt","BinaryOp","Local"," \u003d\u003d ","Constant","RefType","Null","java","lang","String"],"edges":[[0,1],[1,2],[2,3],[2,4],[2,5],[3,6],[5,7],[6,8],[6,9],[6,10]],"ID":10},{"def":["$z5"],"use":["r2","$z5"],"callees":[],"nodes":["CompoundStmt","DefinitionStmt","IfStmt","Local","Invoke","BinaryOp","Boolean","Local"," !\u003d ","Constant","Boolean","0","Int"],"edges":[[0,1],[0,2],[1,3],[1,4],[2,5],[3,6],[5,7],[5,8],[5,9],[7,10],[9,11],[9,12]],"ID":11},{"def":["$z3"],"use":["$z3","r1"],"callees":[],"nodes":["CompoundStmt","DefinitionStmt","IfStmt","Local","Invoke","BinaryOp","Boolean","Local"," \u003d\u003d ","Constant","Boolean","0","Int"],"edges":[[0,1],[0,2],[1,3],[1,4],[2,5],[3,6],[5,7],[5,8],[5,9],[7,10],[9,11],[9,12]],"ID":12},{"def":[],"use":["r2"],"callees":[],"nodes":["CompoundStmt","IfStmt","BinaryOp","Local"," \u003d\u003d ","Constant","RefType","Null","java","lang","String"],"edges":[[0,1],[1,2],[2,3],[2,4],[2,5],[3,6],[5,7],[6,8],[6,9],[6,10]],"ID":13},{"def":["$z4"],"use":["r2","$z4"],"callees":[],"nodes":["CompoundStmt","DefinitionStmt","IfStmt","Local","Invoke","BinaryOp","Boolean","Local"," !\u003d ","Constant","Boolean","0","Int"],"edges":[[0,1],[0,2],[1,3],[1,4],[2,5],[3,6],[5,7],[5,8],[5,9],[7,10],[9,11],[9,12]],"ID":14},{"def":["$z9"],"use":["$z9"],"callees":[],"nodes":["CompoundStmt","DefinitionStmt","GotoStmt","ReturnStmt","Local","Constant","Local","Boolean","0","Int","Boolean"],"edges":[[0,1],[0,2],[0,3],[1,4],[1,5],[3,6],[4,7],[5,8],[5,9],[6,10]],"ID":15},{"def":["$z9"],"use":[],"callees":[],"nodes":["CompoundStmt","DefinitionStmt","Local","Constant","Boolean","1","Int"],"edges":[[0,1],[1,2],[1,3],[2,4],[3,5],[3,6]],"ID":16}],"edgeSet":[[6,9,2],[12,15,2],[2,3,1],[4,5,1],[6,7,1],[8,9,1],[10,11,1],[12,13,1],[14,15,1],[16,15,0],[15,1,0],[3,16,2],[4,16,2],[5,16,2],[7,16,2],[8,16,2],[10,16,2],[11,16,2],[0,2,0],[2,6,2],[9,12,2],[13,16,2],[3,4,1],[5,6,1],[7,8,1],[9,10,1],[11,12,1],[13,14,1],[14,16,2]],"ENTRY":{"def":[],"use":[],"callees":[],"nodes":["CompoundStmt"],"edges":[],"ID":0},"EXIT":{"def":[],"use":[],"callees":[],"nodes":["CompoundStmt"],"edges":[],"ID":1},"method_name":"hasFeature"}],"label":"1"}