{"data":[{"blocks":[{"def":[],"use":[],"callees":[],"nodes":["CompoundStmt"],"edges":[],"ID":0},{"def":[],"use":[],"callees":[],"nodes":["CompoundStmt"],"edges":[],"ID":1},{"def":["r0.\u003corg.apache.xerces.validators.common.CMNode: org.apache.xerces.validators.common.CMStateSet fLastPos\u003e","r0.\u003corg.apache.xerces.validators.common.CMNode: int fType\u003e","i0","r0.\u003corg.apache.xerces.validators.common.CMNode: int fMaxStates\u003e","r0.\u003corg.apache.xerces.validators.common.CMNode: org.apache.xerces.validators.common.CMStateSet fFirstPos\u003e","r0","r0.\u003corg.apache.xerces.validators.common.CMNode: org.apache.xerces.validators.common.CMStateSet fFollowPos\u003e"],"use":["@this: org.apache.xerces.validators.common.CMNode","i0","@parameter0: int","r0"],"callees":[],"nodes":["CompoundStmt","DefinitionStmt","DefinitionStmt","Invoke","DefinitionStmt","DefinitionStmt","DefinitionStmt","DefinitionStmt","DefinitionStmt","ReturnVoidStmt","Local","ThisRef","Local","Param","InstanceFieldRef","Constant","InstanceFieldRef","Constant","InstanceFieldRef","Constant","InstanceFieldRef","Constant","InstanceFieldRef","Local","RefType","RefType","Int","Int","RefType","Local","RefType","Null","RefType","Local","RefType","Null","RefType","Local","RefType","Null","Int","Local","Int","-","1","Int","Int","Local","Int","Int","org","apache","xerces","validators","common","C","M","Node","org","apache","xerces","validators","common","C","M","Node","org","apache","xerces","validators","common","C","M","State","Set","RefType","org","apache","xerces","validators","common","C","M","State","Set","org","apache","xerces","validators","common","C","M","State","Set","RefType","org","apache","xerces","validators","common","C","M","State","Set","org","apache","xerces","validators","common","C","M","State","Set","RefType","org","apache","xerces","validators","common","C","M","State","Set","RefType","RefType","org","apache","xerces","validators","common","C","M","Node","org","apache","xerces","validators","common","C","M","Node","org","apache","xerces","validators","common","C","M","Node","org","apache","xerces","validators","common","C","M","Node","org","apache","xerces","validators","common","C","M","Node"],"edges":[[0,1],[0,2],[0,3],[0,4],[0,5],[0,6],[0,7],[0,8],[0,9],[1,10],[1,11],[2,12],[2,13],[4,14],[4,15],[5,16],[5,17],[6,18],[6,19],[7,20],[7,21],[8,22],[8,23],[10,24],[11,25],[12,26],[13,27],[14,28],[14,29],[14,30],[15,31],[16,32],[16,33],[16,34],[17,35],[18,36],[18,37],[18,38],[19,39],[20,40],[20,41],[20,42],[21,43],[21,44],[21,45],[22,46],[22,47],[22,48],[23,49],[24,50],[24,51],[24,52],[24,53],[24,54],[24,55],[24,56],[24,57],[25,58],[25,59],[25,60],[25,61],[25,62],[25,63],[25,64],[25,65],[28,66],[28,67],[28,68],[28,69],[28,70],[28,71],[28,72],[28,73],[28,74],[29,75],[30,76],[30,77],[30,78],[30,79],[30,80],[30,81],[30,82],[30,83],[30,84],[32,85],[32,86],[32,87],[32,88],[32,89],[32,90],[32,91],[32,92],[32,93],[33,94],[34,95],[34,96],[34,97],[34,98],[34,99],[34,100],[34,101],[34,102],[34,103],[36,104],[36,105],[36,106],[36,107],[36,108],[36,109],[36,110],[36,111],[36,112],[37,113],[38,114],[38,115],[38,116],[38,117],[38,118],[38,119],[38,120],[38,121],[38,122],[41,123],[47,124],[75,125],[75,126],[75,127],[75,128],[75,129],[75,130],[75,131],[75,132],[94,133],[94,134],[94,135],[94,136],[94,137],[94,138],[94,139],[94,140],[113,141],[113,142],[113,143],[113,144],[113,145],[113,146],[113,147],[113,148],[123,149],[123,150],[123,151],[123,152],[123,153],[123,154],[123,155],[123,156],[124,157],[124,158],[124,159],[124,160],[124,161],[124,162],[124,163],[124,164]],"ID":2}],"edgeSet":[[0,2,0],[2,1,0]],"ENTRY":{"def":[],"use":[],"callees":[],"nodes":["CompoundStmt"],"edges":[],"ID":0},"EXIT":{"def":[],"use":[],"callees":[],"nodes":["CompoundStmt"],"edges":[],"ID":1},"method_name":"\u003cinit\u003e"},{"blocks":[{"def":[],"use":[],"callees":[],"nodes":["CompoundStmt"],"edges":[],"ID":0},{"def":[],"use":[],"callees":[],"nodes":["CompoundStmt"],"edges":[],"ID":1},{"def":["$r1","r0"],"use":["@this: org.apache.xerces.validators.common.CMNode","$r1","r0.\u003corg.apache.xerces.validators.common.CMNode: org.apache.xerces.validators.common.CMStateSet fFirstPos\u003e","r0"],"callees":[],"nodes":["CompoundStmt","DefinitionStmt","DefinitionStmt","IfStmt","Local","ThisRef","Local","InstanceFieldRef","BinaryOp","RefType","RefType","RefType","RefType","Local","RefType","Local"," !\u003d ","Constant","org","apache","xerces","validators","common","C","M","Node","org","apache","xerces","validators","common","C","M","Node","org","apache","xerces","validators","common","C","M","State","Set","org","apache","xerces","validators","common","C","M","State","Set","RefType","org","apache","xerces","validators","common","C","M","State","Set","RefType","Null","org","apache","xerces","validators","common","C","M","Node","org","apache","xerces","validators","common","C","M","State","Set"],"edges":[[0,1],[0,2],[0,3],[1,4],[1,5],[2,6],[2,7],[3,8],[4,9],[5,10],[6,11],[7,12],[7,13],[7,14],[8,15],[8,16],[8,17],[9,18],[9,19],[9,20],[9,21],[9,22],[9,23],[9,24],[9,25],[10,26],[10,27],[10,28],[10,29],[10,30],[10,31],[10,32],[10,33],[11,34],[11,35],[11,36],[11,37],[11,38],[11,39],[11,40],[11,41],[11,42],[12,43],[12,44],[12,45],[12,46],[12,47],[12,48],[12,49],[12,50],[12,51],[13,52],[14,53],[14,54],[14,55],[14,56],[14,57],[14,58],[14,59],[14,60],[14,61],[15,62],[17,63],[52,64],[52,65],[52,66],[52,67],[52,68],[52,69],[52,70],[52,71],[62,72],[62,73],[62,74],[62,75],[62,76],[62,77],[62,78],[62,79],[62,80]],"ID":2},{"def":["$r2","$r3","$r4","$i0","r0.\u003corg.apache.xerces.validators.common.CMNode: org.apache.xerces.validators.common.CMStateSet fFirstPos\u003e"],"use":["$r2","$r3","$r4","r0.\u003corg.apache.xerces.validators.common.CMNode: int fMaxStates\u003e","$i0","r0.\u003corg.apache.xerces.validators.common.CMNode: org.apache.xerces.validators.common.CMStateSet fFirstPos\u003e","r0"],"callees":["\u003cinit\u003e"],"nodes":["CompoundStmt","DefinitionStmt","DefinitionStmt","Invoke","DefinitionStmt","DefinitionStmt","Invoke","DefinitionStmt","ReturnStmt","Local","NewExpr","Local","InstanceFieldRef","InstanceFieldRef","Local","Local","InstanceFieldRef","Local","InstanceFieldRef","Local","RefType","RefType","Int","Int","Local","Int","RefType","Local","RefType","RefType","RefType","RefType","Local","RefType","RefType","RefType","Local","RefType","RefType","org","apache","xerces","validators","common","C","M","State","Set","org","apache","xerces","validators","common","C","M","State","Set","RefType","org","apache","xerces","validators","common","C","M","State","Set","RefType","org","apache","xerces","validators","common","C","M","State","Set","org","apache","xerces","validators","common","C","M","State","Set","org","apache","xerces","validators","common","C","M","State","Set","org","apache","xerces","validators","common","C","M","State","Set","RefType","org","apache","xerces","validators","common","C","M","State","Set","org","apache","xerces","validators","common","C","M","State","Set","org","apache","xerces","validators","common","C","M","State","Set","RefType","org","apache","xerces","validators","common","C","M","State","Set","org","apache","xerces","validators","common","C","M","State","Set","org","apache","xerces","validators","common","C","M","Node","org","apache","xerces","validators","common","C","M","Node","org","apache","xerces","validators","common","C","M","Node","org","apache","xerces","validators","common","C","M","Node"],"edges":[[0,1],[0,2],[0,3],[0,4],[0,5],[0,6],[0,7],[0,8],[1,9],[1,10],[2,11],[2,12],[4,13],[4,14],[5,15],[5,16],[7,17],[7,18],[8,19],[9,20],[10,21],[11,22],[12,23],[12,24],[12,25],[13,26],[13,27],[13,28],[14,29],[15,30],[16,31],[16,32],[16,33],[17,34],[18,35],[18,36],[18,37],[19,38],[20,39],[20,40],[20,41],[20,42],[20,43],[20,44],[20,45],[20,46],[20,47],[21,48],[21,49],[21,50],[21,51],[21,52],[21,53],[21,54],[21,55],[21,56],[24,57],[26,58],[26,59],[26,60],[26,61],[26,62],[26,63],[26,64],[26,65],[26,66],[27,67],[28,68],[28,69],[28,70],[28,71],[28,72],[28,73],[28,74],[28,75],[28,76],[29,77],[29,78],[29,79],[29,80],[29,81],[29,82],[29,83],[29,84],[29,85],[30,86],[30,87],[30,88],[30,89],[30,90],[30,91],[30,92],[30,93],[30,94],[31,95],[31,96],[31,97],[31,98],[31,99],[31,100],[31,101],[31,102],[31,103],[32,104],[33,105],[33,106],[33,107],[33,108],[33,109],[33,110],[33,111],[33,112],[33,113],[34,114],[34,115],[34,116],[34,117],[34,118],[34,119],[34,120],[34,121],[34,122],[35,123],[35,124],[35,125],[35,126],[35,127],[35,128],[35,129],[35,130],[35,131],[36,132],[37,133],[37,134],[37,135],[37,136],[37,137],[37,138],[37,139],[37,140],[37,141],[38,142],[38,143],[38,144],[38,145],[38,146],[38,147],[38,148],[38,149],[38,150],[57,151],[57,152],[57,153],[57,154],[57,155],[57,156],[57,157],[57,158],[67,159],[67,160],[67,161],[67,162],[67,163],[67,164],[67,165],[67,166],[104,167],[104,168],[104,169],[104,170],[104,171],[104,172],[104,173],[104,174],[132,175],[132,176],[132,177],[132,178],[132,179],[132,180],[132,181],[132,182]],"ID":3}],"edgeSet":[[3,1,0],[0,2,0],[2,3,1],[2,3,2]],"ENTRY":{"def":[],"use":[],"callees":[],"nodes":["CompoundStmt"],"edges":[],"ID":0},"EXIT":{"def":[],"use":[],"callees":[],"nodes":["CompoundStmt"],"edges":[],"ID":1},"method_name":"firstPos"},{"blocks":[{"def":[],"use":[],"callees":[],"nodes":["CompoundStmt"],"edges":[],"ID":0},{"def":[],"use":[],"callees":[],"nodes":["CompoundStmt"],"edges":[],"ID":1},{"def":["$r1","r0"],"use":["r0.\u003corg.apache.xerces.validators.common.CMNode: org.apache.xerces.validators.common.CMStateSet fLastPos\u003e","@this: org.apache.xerces.validators.common.CMNode","$r1","r0"],"callees":[],"nodes":["CompoundStmt","DefinitionStmt","DefinitionStmt","IfStmt","Local","ThisRef","Local","InstanceFieldRef","BinaryOp","RefType","RefType","RefType","RefType","Local","RefType","Local"," !\u003d ","Constant","org","apache","xerces","validators","common","C","M","Node","org","apache","xerces","validators","common","C","M","Node","org","apache","xerces","validators","common","C","M","State","Set","org","apache","xerces","validators","common","C","M","State","Set","RefType","org","apache","xerces","validators","common","C","M","State","Set","RefType","Null","org","apache","xerces","validators","common","C","M","Node","org","apache","xerces","validators","common","C","M","State","Set"],"edges":[[0,1],[0,2],[0,3],[1,4],[1,5],[2,6],[2,7],[3,8],[4,9],[5,10],[6,11],[7,12],[7,13],[7,14],[8,15],[8,16],[8,17],[9,18],[9,19],[9,20],[9,21],[9,22],[9,23],[9,24],[9,25],[10,26],[10,27],[10,28],[10,29],[10,30],[10,31],[10,32],[10,33],[11,34],[11,35],[11,36],[11,37],[11,38],[11,39],[11,40],[11,41],[11,42],[12,43],[12,44],[12,45],[12,46],[12,47],[12,48],[12,49],[12,50],[12,51],[13,52],[14,53],[14,54],[14,55],[14,56],[14,57],[14,58],[14,59],[14,60],[14,61],[15,62],[17,63],[52,64],[52,65],[52,66],[52,67],[52,68],[52,69],[52,70],[52,71],[62,72],[62,73],[62,74],[62,75],[62,76],[62,77],[62,78],[62,79],[62,80]],"ID":2},{"def":["r0.\u003corg.apache.xerces.validators.common.CMNode: org.apache.xerces.validators.common.CMStateSet fLastPos\u003e","$r2","$r3","$r4","$i0"],"use":["r0.\u003corg.apache.xerces.validators.common.CMNode: org.apache.xerces.validators.common.CMStateSet fLastPos\u003e","$r2","$r3","$r4","r0.\u003corg.apache.xerces.validators.common.CMNode: int fMaxStates\u003e","$i0","r0"],"callees":["\u003cinit\u003e"],"nodes":["CompoundStmt","DefinitionStmt","DefinitionStmt","Invoke","DefinitionStmt","DefinitionStmt","Invoke","DefinitionStmt","ReturnStmt","Local","NewExpr","Local","InstanceFieldRef","InstanceFieldRef","Local","Local","InstanceFieldRef","Local","InstanceFieldRef","Local","RefType","RefType","Int","Int","Local","Int","RefType","Local","RefType","RefType","RefType","RefType","Local","RefType","RefType","RefType","Local","RefType","RefType","org","apache","xerces","validators","common","C","M","State","Set","org","apache","xerces","validators","common","C","M","State","Set","RefType","org","apache","xerces","validators","common","C","M","State","Set","RefType","org","apache","xerces","validators","common","C","M","State","Set","org","apache","xerces","validators","common","C","M","State","Set","org","apache","xerces","validators","common","C","M","State","Set","org","apache","xerces","validators","common","C","M","State","Set","RefType","org","apache","xerces","validators","common","C","M","State","Set","org","apache","xerces","validators","common","C","M","State","Set","org","apache","xerces","validators","common","C","M","State","Set","RefType","org","apache","xerces","validators","common","C","M","State","Set","org","apache","xerces","validators","common","C","M","State","Set","org","apache","xerces","validators","common","C","M","Node","org","apache","xerces","validators","common","C","M","Node","org","apache","xerces","validators","common","C","M","Node","org","apache","xerces","validators","common","C","M","Node"],"edges":[[0,1],[0,2],[0,3],[0,4],[0,5],[0,6],[0,7],[0,8],[1,9],[1,10],[2,11],[2,12],[4,13],[4,14],[5,15],[5,16],[7,17],[7,18],[8,19],[9,20],[10,21],[11,22],[12,23],[12,24],[12,25],[13,26],[13,27],[13,28],[14,29],[15,30],[16,31],[16,32],[16,33],[17,34],[18,35],[18,36],[18,37],[19,38],[20,39],[20,40],[20,41],[20,42],[20,43],[20,44],[20,45],[20,46],[20,47],[21,48],[21,49],[21,50],[21,51],[21,52],[21,53],[21,54],[21,55],[21,56],[24,57],[26,58],[26,59],[26,60],[26,61],[26,62],[26,63],[26,64],[26,65],[26,66],[27,67],[28,68],[28,69],[28,70],[28,71],[28,72],[28,73],[28,74],[28,75],[28,76],[29,77],[29,78],[29,79],[29,80],[29,81],[29,82],[29,83],[29,84],[29,85],[30,86],[30,87],[30,88],[30,89],[30,90],[30,91],[30,92],[30,93],[30,94],[31,95],[31,96],[31,97],[31,98],[31,99],[31,100],[31,101],[31,102],[31,103],[32,104],[33,105],[33,106],[33,107],[33,108],[33,109],[33,110],[33,111],[33,112],[33,113],[34,114],[34,115],[34,116],[34,117],[34,118],[34,119],[34,120],[34,121],[34,122],[35,123],[35,124],[35,125],[35,126],[35,127],[35,128],[35,129],[35,130],[35,131],[36,132],[37,133],[37,134],[37,135],[37,136],[37,137],[37,138],[37,139],[37,140],[37,141],[38,142],[38,143],[38,144],[38,145],[38,146],[38,147],[38,148],[38,149],[38,150],[57,151],[57,152],[57,153],[57,154],[57,155],[57,156],[57,157],[57,158],[67,159],[67,160],[67,161],[67,162],[67,163],[67,164],[67,165],[67,166],[104,167],[104,168],[104,169],[104,170],[104,171],[104,172],[104,173],[104,174],[132,175],[132,176],[132,177],[132,178],[132,179],[132,180],[132,181],[132,182]],"ID":3}],"edgeSet":[[3,1,0],[0,2,0],[2,3,1],[2,3,2]],"ENTRY":{"def":[],"use":[],"callees":[],"nodes":["CompoundStmt"],"edges":[],"ID":0},"EXIT":{"def":[],"use":[],"callees":[],"nodes":["CompoundStmt"],"edges":[],"ID":1},"method_name":"lastPos"},{"blocks":[{"def":[],"use":[],"callees":[],"nodes":["CompoundStmt"],"edges":[],"ID":0},{"def":[],"use":[],"callees":[],"nodes":["CompoundStmt"],"edges":[],"ID":1},{"def":["r0","r0.\u003corg.apache.xerces.validators.common.CMNode: org.apache.xerces.validators.common.CMStateSet fFollowPos\u003e","r1"],"use":["@this: org.apache.xerces.validators.common.CMNode","@parameter0: org.apache.xerces.validators.common.CMStateSet","r0","r1"],"callees":[],"nodes":["CompoundStmt","DefinitionStmt","DefinitionStmt","DefinitionStmt","ReturnVoidStmt","Local","ThisRef","Local","Param","InstanceFieldRef","Local","RefType","RefType","RefType","RefType","RefType","Local","RefType","RefType","org","apache","xerces","validators","common","C","M","Node","org","apache","xerces","validators","common","C","M","Node","org","apache","xerces","validators","common","C","M","State","Set","org","apache","xerces","validators","common","C","M","State","Set","org","apache","xerces","validators","common","C","M","State","Set","RefType","org","apache","xerces","validators","common","C","M","State","Set","org","apache","xerces","validators","common","C","M","State","Set","org","apache","xerces","validators","common","C","M","Node"],"edges":[[0,1],[0,2],[0,3],[0,4],[1,5],[1,6],[2,7],[2,8],[3,9],[3,10],[5,11],[6,12],[7,13],[8,14],[9,15],[9,16],[9,17],[10,18],[11,19],[11,20],[11,21],[11,22],[11,23],[11,24],[11,25],[11,26],[12,27],[12,28],[12,29],[12,30],[12,31],[12,32],[12,33],[12,34],[13,35],[13,36],[13,37],[13,38],[13,39],[13,40],[13,41],[13,42],[13,43],[14,44],[14,45],[14,46],[14,47],[14,48],[14,49],[14,50],[14,51],[14,52],[15,53],[15,54],[15,55],[15,56],[15,57],[15,58],[15,59],[15,60],[15,61],[16,62],[17,63],[17,64],[17,65],[17,66],[17,67],[17,68],[17,69],[17,70],[17,71],[18,72],[18,73],[18,74],[18,75],[18,76],[18,77],[18,78],[18,79],[18,80],[62,81],[62,82],[62,83],[62,84],[62,85],[62,86],[62,87],[62,88]],"ID":2}],"edgeSet":[[0,2,0],[2,1,0]],"ENTRY":{"def":[],"use":[],"callees":[],"nodes":["CompoundStmt"],"edges":[],"ID":0},"EXIT":{"def":[],"use":[],"callees":[],"nodes":["CompoundStmt"],"edges":[],"ID":1},"method_name":"setFollowPos"},{"blocks":[{"def":[],"use":[],"callees":[],"nodes":["CompoundStmt"],"edges":[],"ID":0},{"def":[],"use":[],"callees":[],"nodes":["CompoundStmt"],"edges":[],"ID":1},{"def":["i0","r0.\u003corg.apache.xerces.validators.common.CMNode: int fMaxStates\u003e","r0"],"use":["@this: org.apache.xerces.validators.common.CMNode","i0","@parameter0: int","r0"],"callees":[],"nodes":["CompoundStmt","DefinitionStmt","DefinitionStmt","DefinitionStmt","ReturnVoidStmt","Local","ThisRef","Local","Param","InstanceFieldRef","Local","RefType","RefType","Int","Int","Int","Local","Int","Int","org","apache","xerces","validators","common","C","M","Node","org","apache","xerces","validators","common","C","M","Node","RefType","org","apache","xerces","validators","common","C","M","Node"],"edges":[[0,1],[0,2],[0,3],[0,4],[1,5],[1,6],[2,7],[2,8],[3,9],[3,10],[5,11],[6,12],[7,13],[8,14],[9,15],[9,16],[9,17],[10,18],[11,19],[11,20],[11,21],[11,22],[11,23],[11,24],[11,25],[11,26],[12,27],[12,28],[12,29],[12,30],[12,31],[12,32],[12,33],[12,34],[16,35],[35,36],[35,37],[35,38],[35,39],[35,40],[35,41],[35,42],[35,43]],"ID":2}],"edgeSet":[[0,2,0],[2,1,0]],"ENTRY":{"def":[],"use":[],"callees":[],"nodes":["CompoundStmt"],"edges":[],"ID":0},"EXIT":{"def":[],"use":[],"callees":[],"nodes":["CompoundStmt"],"edges":[],"ID":1},"method_name":"setMaxStates"},{"blocks":[{"def":[],"use":[],"callees":[],"nodes":["CompoundStmt"],"edges":[],"ID":0},{"def":[],"use":[],"callees":[],"nodes":["CompoundStmt"],"edges":[],"ID":1},{"def":["$i0","r0"],"use":["@this: org.apache.xerces.validators.common.CMNode","r0.\u003corg.apache.xerces.validators.common.CMNode: int fType\u003e","$i0","r0"],"callees":[],"nodes":["CompoundStmt","DefinitionStmt","DefinitionStmt","ReturnStmt","Local","ThisRef","Local","InstanceFieldRef","Local","RefType","RefType","Int","Int","Local","Int","Int","org","apache","xerces","validators","common","C","M","Node","org","apache","xerces","validators","common","C","M","Node","RefType","org","apache","xerces","validators","common","C","M","Node"],"edges":[[0,1],[0,2],[0,3],[1,4],[1,5],[2,6],[2,7],[3,8],[4,9],[5,10],[6,11],[7,12],[7,13],[7,14],[8,15],[9,16],[9,17],[9,18],[9,19],[9,20],[9,21],[9,22],[9,23],[10,24],[10,25],[10,26],[10,27],[10,28],[10,29],[10,30],[10,31],[13,32],[32,33],[32,34],[32,35],[32,36],[32,37],[32,38],[32,39],[32,40]],"ID":2}],"edgeSet":[[0,2,0],[2,1,0]],"ENTRY":{"def":[],"use":[],"callees":[],"nodes":["CompoundStmt"],"edges":[],"ID":0},"EXIT":{"def":[],"use":[],"callees":[],"nodes":["CompoundStmt"],"edges":[],"ID":1},"method_name":"type"}],"label":"0"}