{"data":[{"blocks":[{"def":[],"use":[],"callees":[],"nodes":["CompoundStmt"],"edges":[],"ID":0},{"def":[],"use":[],"callees":[],"nodes":["CompoundStmt"],"edges":[],"ID":1},{"def":["r2","r0.\u003corg.apache.xml.serialize.Printer: int _pos\u003e","r0.\u003corg.apache.xml.serialize.Printer: java.io.Writer _docWriter\u003e","r0.\u003corg.apache.xml.serialize.Printer: org.apache.xml.serialize.OutputFormat _format\u003e","$r3","r0.\u003corg.apache.xml.serialize.Printer: char[] _buffer\u003e","r0.\u003corg.apache.xml.serialize.Printer: java.io.IOException _exception\u003e","r0.\u003corg.apache.xml.serialize.Printer: java.io.StringWriter _dtdWriter\u003e","r0","r1","r0.\u003corg.apache.xml.serialize.Printer: java.io.Writer _writer\u003e"],"use":["r2","@this: org.apache.xml.serialize.Printer","@parameter1: org.apache.xml.serialize.OutputFormat","$r3","@parameter0: java.io.Writer","r0","r1"],"callees":[],"nodes":["CompoundStmt","DefinitionStmt","DefinitionStmt","DefinitionStmt","Invoke","DefinitionStmt","DefinitionStmt","DefinitionStmt","DefinitionStmt","DefinitionStmt","DefinitionStmt","DefinitionStmt","DefinitionStmt","DefinitionStmt","ReturnVoidStmt","Local","ThisRef","Local","Param","Local","Param","Local","NewArray","InstanceFieldRef","Local","InstanceFieldRef","Constant","InstanceFieldRef","Local","InstanceFieldRef","Local","InstanceFieldRef","Constant","InstanceFieldRef","Constant","InstanceFieldRef","Constant","InstanceFieldRef","Constant","RefType","RefType","RefType","RefType","RefType","RefType","Array","Array","Constant","Array","Local","Array","Array","Int","Local","Int","0","Int","RefType","Local","RefType","RefType","RefType","Local","RefType","RefType","RefType","Local","RefType","Null","RefType","Local","RefType","Null","RefType","Local","RefType","Null","Int","Local","Int","0","Int","org","apache","xml","serialize","Printer","org","apache","xml","serialize","Printer","java","io","Writer","java","io","Writer","org","apache","xml","serialize","Output","Format","org","apache","xml","serialize","Output","Format","Char","[]","Char","[]","4","0","9","6","Int","Char","[]","RefType","Char","[]","Char","[]","RefType","java","io","Writer","RefType","java","io","Writer","java","io","Writer","org","apache","xml","serialize","Output","Format","RefType","org","apache","xml","serialize","Output","Format","org","apache","xml","serialize","Output","Format","java","io","I","O","Exception","RefType","java","io","I","O","Exception","java","io","String","Writer","RefType","java","io","String","Writer","java","io","Writer","RefType","java","io","Writer","RefType","org","apache","xml","serialize","Printer","org","apache","xml","serialize","Printer","org","apache","xml","serialize","Printer","org","apache","xml","serialize","Printer","org","apache","xml","serialize","Printer","org","apache","xml","serialize","Printer","org","apache","xml","serialize","Printer","org","apache","xml","serialize","Printer"],"edges":[[0,1],[0,2],[0,3],[0,4],[0,5],[0,6],[0,7],[0,8],[0,9],[0,10],[0,11],[0,12],[0,13],[0,14],[1,15],[1,16],[2,17],[2,18],[3,19],[3,20],[5,21],[5,22],[6,23],[6,24],[7,25],[7,26],[8,27],[8,28],[9,29],[9,30],[10,31],[10,32],[11,33],[11,34],[12,35],[12,36],[13,37],[13,38],[15,39],[16,40],[17,41],[18,42],[19,43],[20,44],[21,45],[22,46],[22,47],[23,48],[23,49],[23,50],[24,51],[25,52],[25,53],[25,54],[26,55],[26,56],[27,57],[27,58],[27,59],[28,60],[29,61],[29,62],[29,63],[30,64],[31,65],[31,66],[31,67],[32,68],[33,69],[33,70],[33,71],[34,72],[35,73],[35,74],[35,75],[36,76],[37,77],[37,78],[37,79],[38,80],[38,81],[39,82],[39,83],[39,84],[39,85],[39,86],[40,87],[40,88],[40,89],[40,90],[40,91],[41,92],[41,93],[41,94],[42,95],[42,96],[42,97],[43,98],[43,99],[43,100],[43,101],[43,102],[43,103],[44,104],[44,105],[44,106],[44,107],[44,108],[44,109],[45,110],[45,111],[46,112],[46,113],[47,114],[47,115],[47,116],[47,117],[47,118],[48,119],[48,120],[49,121],[50,122],[50,123],[51,124],[51,125],[53,126],[57,127],[57,128],[57,129],[58,130],[59,131],[59,132],[59,133],[60,134],[60,135],[60,136],[61,137],[61,138],[61,139],[61,140],[61,141],[61,142],[62,143],[63,144],[63,145],[63,146],[63,147],[63,148],[63,149],[64,150],[64,151],[64,152],[64,153],[64,154],[64,155],[65,156],[65,157],[65,158],[65,159],[65,160],[66,161],[67,162],[67,163],[67,164],[67,165],[67,166],[69,167],[69,168],[69,169],[69,170],[70,171],[71,172],[71,173],[71,174],[71,175],[73,176],[73,177],[73,178],[74,179],[75,180],[75,181],[75,182],[78,183],[121,184],[121,185],[121,186],[121,187],[121,188],[126,189],[126,190],[126,191],[126,192],[126,193],[130,194],[130,195],[130,196],[130,197],[130,198],[143,199],[143,200],[143,201],[143,202],[143,203],[161,204],[161,205],[161,206],[161,207],[161,208],[171,209],[171,210],[171,211],[171,212],[171,213],[179,214],[179,215],[179,216],[179,217],[179,218],[183,219],[183,220],[183,221],[183,222],[183,223]],"ID":2}],"edgeSet":[[0,2,0],[2,1,0]],"ENTRY":{"def":[],"use":[],"callees":[],"nodes":["CompoundStmt"],"edges":[],"ID":0},"EXIT":{"def":[],"use":[],"callees":[],"nodes":["CompoundStmt"],"edges":[],"ID":1},"method_name":"\u003cinit\u003e"},{"blocks":[{"def":[],"use":[],"callees":[],"nodes":["CompoundStmt"],"edges":[],"ID":0},{"def":[],"use":[],"callees":[],"nodes":["CompoundStmt"],"edges":[],"ID":1},{"def":["r0"],"use":["@this: org.apache.xml.serialize.Printer"],"callees":[],"nodes":["CompoundStmt","DefinitionStmt","Local","ThisRef","RefType","RefType","org","apache","xml","serialize","Printer","org","apache","xml","serialize","Printer"],"edges":[[0,1],[1,2],[1,3],[2,4],[3,5],[4,6],[4,7],[4,8],[4,9],[4,10],[5,11],[5,12],[5,13],[5,14],[5,15]],"ID":2},{"def":["$i0"],"use":["r0.\u003corg.apache.xml.serialize.Printer: int _pos\u003e","r0"],"callees":[],"nodes":["CompoundStmt","DefinitionStmt","Local","InstanceFieldRef","Int","Int","Local","Int","RefType","org","apache","xml","serialize","Printer"],"edges":[[0,1],[1,2],[1,3],[2,4],[3,5],[3,6],[3,7],[6,8],[8,9],[8,10],[8,11],[8,12],[8,13]],"ID":3},{"def":[],"use":["$i0"],"callees":[],"nodes":["CompoundStmt","IfStmt","BinaryOp","Local"," !\u003d ","Constant","Int","4","0","9","6","Int"],"edges":[[0,1],[1,2],[2,3],[2,4],[2,5],[3,6],[5,7],[5,8],[5,9],[5,10],[5,11]],"ID":4},{"def":["$r3","$r4"],"use":["r0.\u003corg.apache.xml.serialize.Printer: char[] _buffer\u003e","r0","r0.\u003corg.apache.xml.serialize.Printer: java.io.Writer _writer\u003e"],"callees":[],"nodes":["CompoundStmt","DefinitionStmt","DefinitionStmt","Local","InstanceFieldRef","Local","InstanceFieldRef","RefType","RefType","Local","RefType","Array","Array","Local","Array","java","io","Writer","java","io","Writer","RefType","java","io","Writer","Char","[]","Char","[]","RefType","Char","[]","org","apache","xml","serialize","Printer","org","apache","xml","serialize","Printer"],"edges":[[0,1],[0,2],[1,3],[1,4],[2,5],[2,6],[3,7],[4,8],[4,9],[4,10],[5,11],[6,12],[6,13],[6,14],[7,15],[7,16],[7,17],[8,18],[8,19],[8,20],[9,21],[10,22],[10,23],[10,24],[11,25],[11,26],[12,27],[12,28],[13,29],[14,30],[14,31],[21,32],[21,33],[21,34],[21,35],[21,36],[29,37],[29,38],[29,39],[29,40],[29,41]],"ID":5},{"def":[],"use":["$r3","$r4"],"callees":[],"nodes":["CompoundStmt","Invoke"],"edges":[[0,1]],"ID":6},{"def":["r0.\u003corg.apache.xml.serialize.Printer: int _pos\u003e","$r2","$i1","$i2","$i3","$r2[$i1]"],"use":["r0.\u003corg.apache.xml.serialize.Printer: int _pos\u003e","$r2","r0.\u003corg.apache.xml.serialize.Printer: char[] _buffer\u003e","$i1","$i2","r0","$i3"],"callees":[],"nodes":["CompoundStmt","DefinitionStmt","DefinitionStmt","DefinitionStmt","DefinitionStmt","DefinitionStmt","DefinitionStmt","DefinitionStmt","GotoStmt","ReturnVoidStmt","InstanceFieldRef","Constant","Local","InstanceFieldRef","Local","InstanceFieldRef","ArrayRef","Constant","Local","InstanceFieldRef","Local","BinaryOp","InstanceFieldRef","Local","Int","Local","Int","0","Int","Array","Array","Local","Array","Int","Int","Local","Int","Char","Local","Local","1","0","Int","Int","Int","Local","Int","Int","Local"," + ","Constant","Int","Local","Int","Int","RefType","Char","[]","Char","[]","RefType","Char","[]","RefType","Array","Int","RefType","Int","1","Int","RefType","org","apache","xml","serialize","Printer","org","apache","xml","serialize","Printer","org","apache","xml","serialize","Printer","Char","[]","org","apache","xml","serialize","Printer","org","apache","xml","serialize","Printer"],"edges":[[0,1],[0,2],[0,3],[0,4],[0,5],[0,6],[0,7],[0,8],[0,9],[1,10],[1,11],[2,12],[2,13],[3,14],[3,15],[4,16],[4,17],[5,18],[5,19],[6,20],[6,21],[7,22],[7,23],[10,24],[10,25],[10,26],[11,27],[11,28],[12,29],[13,30],[13,31],[13,32],[14,33],[15,34],[15,35],[15,36],[16,37],[16,38],[16,39],[17,40],[17,41],[17,42],[18,43],[19,44],[19,45],[19,46],[20,47],[21,48],[21,49],[21,50],[22,51],[22,52],[22,53],[23,54],[25,55],[29,56],[29,57],[30,58],[30,59],[31,60],[32,61],[32,62],[35,63],[38,64],[39,65],[45,66],[48,67],[50,68],[50,69],[52,70],[55,71],[55,72],[55,73],[55,74],[55,75],[60,76],[60,77],[60,78],[60,79],[60,80],[63,81],[63,82],[63,83],[63,84],[63,85],[64,86],[64,87],[66,88],[66,89],[66,90],[66,91],[66,92],[70,93],[70,94],[70,95],[70,96],[70,97]],"ID":7},{"def":["$r6","$r7","r1"],"use":["@caughtexception","$r6","r0.\u003corg.apache.xml.serialize.Printer: java.io.IOException _exception\u003e","$r7","r0"],"callees":[],"nodes":["CompoundStmt","DefinitionStmt","DefinitionStmt","DefinitionStmt","IfStmt","Local","CaughtException","Local","Local","Local","InstanceFieldRef","BinaryOp","RefType","RefType","RefType","RefType","RefType","RefType","Local","RefType","Local"," !\u003d ","Constant","java","io","I","O","Exception","java","lang","Throwable","java","io","I","O","Exception","java","io","I","O","Exception","java","io","I","O","Exception","java","io","I","O","Exception","RefType","java","io","I","O","Exception","RefType","Null","org","apache","xml","serialize","Printer","java","io","I","O","Exception"],"edges":[[0,1],[0,2],[0,3],[0,4],[1,5],[1,6],[2,7],[2,8],[3,9],[3,10],[4,11],[5,12],[6,13],[7,14],[8,15],[9,16],[10,17],[10,18],[10,19],[11,20],[11,21],[11,22],[12,23],[12,24],[12,25],[12,26],[12,27],[13,28],[13,29],[13,30],[14,31],[14,32],[14,33],[14,34],[14,35],[15,36],[15,37],[15,38],[15,39],[15,40],[16,41],[16,42],[16,43],[16,44],[16,45],[17,46],[17,47],[17,48],[17,49],[17,50],[18,51],[19,52],[19,53],[19,54],[19,55],[19,56],[20,57],[22,58],[51,59],[51,60],[51,61],[51,62],[51,63],[57,64],[57,65],[57,66],[57,67],[57,68]],"ID":8},{"def":["r0.\u003corg.apache.xml.serialize.Printer: java.io.IOException _exception\u003e"],"use":["r0","r1"],"callees":[],"nodes":["CompoundStmt","DefinitionStmt","InstanceFieldRef","Local","RefType","Local","RefType","RefType","java","io","I","O","Exception","RefType","java","io","I","O","Exception","java","io","I","O","Exception","org","apache","xml","serialize","Printer"],"edges":[[0,1],[1,2],[1,3],[2,4],[2,5],[2,6],[3,7],[4,8],[4,9],[4,10],[4,11],[4,12],[5,13],[6,14],[6,15],[6,16],[6,17],[6,18],[7,19],[7,20],[7,21],[7,22],[7,23],[13,24],[13,25],[13,26],[13,27],[13,28]],"ID":9}],"edgeSet":[[5,8,5],[9,7,0],[6,8,5],[8,7,2],[7,1,0],[0,2,0],[2,3,0],[2,8,5],[3,4,0],[4,7,2],[5,6,0],[6,7,0],[3,8,5],[4,5,1],[8,9,1]],"ENTRY":{"def":[],"use":[],"callees":[],"nodes":["CompoundStmt"],"edges":[],"ID":0},"EXIT":{"def":[],"use":[],"callees":[],"nodes":["CompoundStmt"],"edges":[],"ID":1},"method_name":"breakLine"},{"blocks":[{"def":[],"use":[],"callees":[],"nodes":["CompoundStmt"],"edges":[],"ID":0},{"def":[],"use":[],"callees":[],"nodes":["CompoundStmt"],"edges":[],"ID":1},{"def":["z0","r0"],"use":["@this: org.apache.xml.serialize.Printer","@parameter0: boolean","r0"],"callees":["breakLine"],"nodes":["CompoundStmt","DefinitionStmt","DefinitionStmt","Invoke","ReturnVoidStmt","Local","ThisRef","Local","Param","RefType","RefType","Boolean","Boolean","org","apache","xml","serialize","Printer","org","apache","xml","serialize","Printer"],"edges":[[0,1],[0,2],[0,3],[0,4],[1,5],[1,6],[2,7],[2,8],[5,9],[6,10],[7,11],[8,12],[9,13],[9,14],[9,15],[9,16],[9,17],[10,18],[10,19],[10,20],[10,21],[10,22]],"ID":2}],"edgeSet":[[0,2,0],[2,1,0]],"ENTRY":{"def":[],"use":[],"callees":[],"nodes":["CompoundStmt"],"edges":[],"ID":0},"EXIT":{"def":[],"use":[],"callees":[],"nodes":["CompoundStmt"],"edges":[],"ID":1},"method_name":"breakLine"},{"blocks":[{"def":[],"use":[],"callees":[],"nodes":["CompoundStmt"],"edges":[],"ID":0},{"def":[],"use":[],"callees":[],"nodes":["CompoundStmt"],"edges":[],"ID":1},{"def":["z0","r0"],"use":["@this: org.apache.xml.serialize.Printer","@parameter0: boolean"],"callees":[],"nodes":["CompoundStmt","DefinitionStmt","DefinitionStmt","ReturnVoidStmt","Local","ThisRef","Local","Param","RefType","RefType","Boolean","Boolean","org","apache","xml","serialize","Printer","org","apache","xml","serialize","Printer"],"edges":[[0,1],[0,2],[0,3],[1,4],[1,5],[2,6],[2,7],[4,8],[5,9],[6,10],[7,11],[8,12],[8,13],[8,14],[8,15],[8,16],[9,17],[9,18],[9,19],[9,20],[9,21]],"ID":2}],"edgeSet":[[0,2,0],[2,1,0]],"ENTRY":{"def":[],"use":[],"callees":[],"nodes":["CompoundStmt"],"edges":[],"ID":0},"EXIT":{"def":[],"use":[],"callees":[],"nodes":["CompoundStmt"],"edges":[],"ID":1},"method_name":"flushLine"},{"blocks":[{"def":[],"use":[],"callees":[],"nodes":["CompoundStmt"],"edges":[],"ID":0},{"def":[],"use":[],"callees":[],"nodes":["CompoundStmt"],"edges":[],"ID":1},{"def":["$r1","r0"],"use":["@this: org.apache.xml.serialize.Printer","$r1","r0.\u003corg.apache.xml.serialize.Printer: java.io.StringWriter _dtdWriter\u003e","r0"],"callees":[],"nodes":["CompoundStmt","DefinitionStmt","DefinitionStmt","IfStmt","Local","ThisRef","Local","InstanceFieldRef","BinaryOp","RefType","RefType","RefType","RefType","Local","RefType","Local"," !\u003d ","Constant","org","apache","xml","serialize","Printer","org","apache","xml","serialize","Printer","java","io","String","Writer","java","io","String","Writer","RefType","java","io","String","Writer","RefType","Null","org","apache","xml","serialize","Printer","java","io","String","Writer"],"edges":[[0,1],[0,2],[0,3],[1,4],[1,5],[2,6],[2,7],[3,8],[4,9],[5,10],[6,11],[7,12],[7,13],[7,14],[8,15],[8,16],[8,17],[9,18],[9,19],[9,20],[9,21],[9,22],[10,23],[10,24],[10,25],[10,26],[10,27],[11,28],[11,29],[11,30],[11,31],[12,32],[12,33],[12,34],[12,35],[13,36],[14,37],[14,38],[14,39],[14,40],[15,41],[17,42],[36,43],[36,44],[36,45],[36,46],[36,47],[41,48],[41,49],[41,50],[41,51]],"ID":2},{"def":["r0.\u003corg.apache.xml.serialize.Printer: java.io.Writer _docWriter\u003e","$r2","$r3","$r4","r0.\u003corg.apache.xml.serialize.Printer: java.io.StringWriter _dtdWriter\u003e","r0.\u003corg.apache.xml.serialize.Printer: java.io.Writer _writer\u003e"],"use":["$r2","$r3","$r4","r0.\u003corg.apache.xml.serialize.Printer: java.io.StringWriter _dtdWriter\u003e","r0","r0.\u003corg.apache.xml.serialize.Printer: java.io.Writer _writer\u003e"],"callees":["flushLine"],"nodes":["CompoundStmt","Invoke","DefinitionStmt","Invoke","DefinitionStmt","DefinitionStmt","DefinitionStmt","DefinitionStmt","DefinitionStmt","ReturnVoidStmt","Local","NewExpr","InstanceFieldRef","Local","Local","InstanceFieldRef","InstanceFieldRef","Local","Local","InstanceFieldRef","InstanceFieldRef","Local","RefType","RefType","RefType","Local","RefType","RefType","RefType","RefType","Local","RefType","RefType","Local","RefType","RefType","RefType","RefType","Local","RefType","RefType","Local","RefType","RefType","java","io","String","Writer","java","io","String","Writer","java","io","String","Writer","RefType","java","io","String","Writer","java","io","String","Writer","java","io","Writer","java","io","Writer","RefType","java","io","Writer","java","io","Writer","RefType","java","io","Writer","java","io","Writer","java","io","String","Writer","java","io","String","Writer","RefType","java","io","String","Writer","java","io","Writer","RefType","java","io","Writer","java","io","String","Writer","org","apache","xml","serialize","Printer","org","apache","xml","serialize","Printer","org","apache","xml","serialize","Printer","org","apache","xml","serialize","Printer","org","apache","xml","serialize","Printer"],"edges":[[0,1],[0,2],[0,3],[0,4],[0,5],[0,6],[0,7],[0,8],[0,9],[2,10],[2,11],[4,12],[4,13],[5,14],[5,15],[6,16],[6,17],[7,18],[7,19],[8,20],[8,21],[10,22],[11,23],[12,24],[12,25],[12,26],[13,27],[14,28],[15,29],[15,30],[15,31],[16,32],[16,33],[16,34],[17,35],[18,36],[19,37],[19,38],[19,39],[20,40],[20,41],[20,42],[21,43],[22,44],[22,45],[22,46],[22,47],[23,48],[23,49],[23,50],[23,51],[24,52],[24,53],[24,54],[24,55],[25,56],[26,57],[26,58],[26,59],[26,60],[27,61],[27,62],[27,63],[27,64],[28,65],[28,66],[28,67],[29,68],[29,69],[29,70],[30,71],[31,72],[31,73],[31,74],[32,75],[32,76],[32,77],[33,78],[34,79],[34,80],[34,81],[35,82],[35,83],[35,84],[36,85],[36,86],[36,87],[36,88],[37,89],[37,90],[37,91],[37,92],[38,93],[39,94],[39,95],[39,96],[39,97],[40,98],[40,99],[40,100],[41,101],[42,102],[42,103],[42,104],[43,105],[43,106],[43,107],[43,108],[56,109],[56,110],[56,111],[56,112],[56,113],[71,114],[71,115],[71,116],[71,117],[71,118],[78,119],[78,120],[78,121],[78,122],[78,123],[93,124],[93,125],[93,126],[93,127],[93,128],[101,129],[101,130],[101,131],[101,132],[101,133]],"ID":3}],"edgeSet":[[3,1,0],[0,2,0],[2,3,1],[2,3,2]],"ENTRY":{"def":[],"use":[],"callees":[],"nodes":["CompoundStmt"],"edges":[],"ID":0},"EXIT":{"def":[],"use":[],"callees":[],"nodes":["CompoundStmt"],"edges":[],"ID":1},"method_name":"enterDTD"},{"blocks":[{"def":[],"use":[],"callees":[],"nodes":["CompoundStmt"],"edges":[],"ID":0},{"def":[],"use":[],"callees":[],"nodes":["CompoundStmt"],"edges":[],"ID":1},{"def":["r0"],"use":["@this: org.apache.xml.serialize.Printer"],"callees":[],"nodes":["CompoundStmt","DefinitionStmt","Local","ThisRef","RefType","RefType","org","apache","xml","serialize","Printer","org","apache","xml","serialize","Printer"],"edges":[[0,1],[1,2],[1,3],[2,4],[3,5],[4,6],[4,7],[4,8],[4,9],[4,10],[5,11],[5,12],[5,13],[5,14],[5,15]],"ID":2},{"def":["$r3"],"use":["r0","r0.\u003corg.apache.xml.serialize.Printer: java.io.Writer _writer\u003e"],"callees":[],"nodes":["CompoundStmt","DefinitionStmt","Local","InstanceFieldRef","RefType","RefType","Local","RefType","java","io","Writer","java","io","Writer","RefType","java","io","Writer","org","apache","xml","serialize","Printer"],"edges":[[0,1],[1,2],[1,3],[2,4],[3,5],[3,6],[3,7],[4,8],[4,9],[4,10],[5,11],[5,12],[5,13],[6,14],[7,15],[7,16],[7,17],[14,18],[14,19],[14,20],[14,21],[14,22]],"ID":3},{"def":["$r2","$i0"],"use":["r0.\u003corg.apache.xml.serialize.Printer: int _pos\u003e","r0.\u003corg.apache.xml.serialize.Printer: char[] _buffer\u003e","r0"],"callees":[],"nodes":["CompoundStmt","DefinitionStmt","DefinitionStmt","Local","InstanceFieldRef","Local","InstanceFieldRef","Array","Array","Local","Array","Int","Int","Local","Int","Char","[]","Char","[]","RefType","Char","[]","RefType","org","apache","xml","serialize","Printer","org","apache","xml","serialize","Printer"],"edges":[[0,1],[0,2],[1,3],[1,4],[2,5],[2,6],[3,7],[4,8],[4,9],[4,10],[5,11],[6,12],[6,13],[6,14],[7,15],[7,16],[8,17],[8,18],[9,19],[10,20],[10,21],[13,22],[19,23],[19,24],[19,25],[19,26],[19,27],[22,28],[22,29],[22,30],[22,31],[22,32]],"ID":4},{"def":[],"use":["$r2","$r3","$i0"],"callees":[],"nodes":["CompoundStmt","Invoke"],"edges":[[0,1]],"ID":5},{"def":["$r4"],"use":["r0","r0.\u003corg.apache.xml.serialize.Printer: java.io.Writer _writer\u003e"],"callees":[],"nodes":["CompoundStmt","DefinitionStmt","Local","InstanceFieldRef","RefType","RefType","Local","RefType","java","io","Writer","java","io","Writer","RefType","java","io","Writer","org","apache","xml","serialize","Printer"],"edges":[[0,1],[1,2],[1,3],[2,4],[3,5],[3,6],[3,7],[4,8],[4,9],[4,10],[5,11],[5,12],[5,13],[6,14],[7,15],[7,16],[7,17],[14,18],[14,19],[14,20],[14,21],[14,22]],"ID":6},{"def":[],"use":["$r4"],"callees":[],"nodes":["CompoundStmt","Invoke"],"edges":[[0,1]],"ID":7},{"def":["r0.\u003corg.apache.xml.serialize.Printer: int _pos\u003e"],"use":["r0"],"callees":[],"nodes":["CompoundStmt","GotoStmt","DefinitionStmt","ReturnVoidStmt","InstanceFieldRef","Constant","Int","Local","Int","0","Int","RefType","org","apache","xml","serialize","Printer"],"edges":[[0,1],[0,2],[0,3],[2,4],[2,5],[4,6],[4,7],[4,8],[5,9],[5,10],[7,11],[11,12],[11,13],[11,14],[11,15],[11,16]],"ID":8},{"def":["$r5","$r6","r1"],"use":["@caughtexception","$r5","r0.\u003corg.apache.xml.serialize.Printer: java.io.IOException _exception\u003e","$r6","r0"],"callees":[],"nodes":["CompoundStmt","DefinitionStmt","DefinitionStmt","DefinitionStmt","IfStmt","Local","CaughtException","Local","Local","Local","InstanceFieldRef","BinaryOp","RefType","RefType","RefType","RefType","RefType","RefType","Local","RefType","Local"," !\u003d ","Constant","java","io","I","O","Exception","java","lang","Throwable","java","io","I","O","Exception","java","io","I","O","Exception","java","io","I","O","Exception","java","io","I","O","Exception","RefType","java","io","I","O","Exception","RefType","Null","org","apache","xml","serialize","Printer","java","io","I","O","Exception"],"edges":[[0,1],[0,2],[0,3],[0,4],[1,5],[1,6],[2,7],[2,8],[3,9],[3,10],[4,11],[5,12],[6,13],[7,14],[8,15],[9,16],[10,17],[10,18],[10,19],[11,20],[11,21],[11,22],[12,23],[12,24],[12,25],[12,26],[12,27],[13,28],[13,29],[13,30],[14,31],[14,32],[14,33],[14,34],[14,35],[15,36],[15,37],[15,38],[15,39],[15,40],[16,41],[16,42],[16,43],[16,44],[16,45],[17,46],[17,47],[17,48],[17,49],[17,50],[18,51],[19,52],[19,53],[19,54],[19,55],[19,56],[20,57],[22,58],[51,59],[51,60],[51,61],[51,62],[51,63],[57,64],[57,65],[57,66],[57,67],[57,68]],"ID":9},{"def":["r0.\u003corg.apache.xml.serialize.Printer: java.io.IOException _exception\u003e"],"use":["r0","r1"],"callees":[],"nodes":["CompoundStmt","DefinitionStmt","InstanceFieldRef","Local","RefType","Local","RefType","RefType","java","io","I","O","Exception","RefType","java","io","I","O","Exception","java","io","I","O","Exception","org","apache","xml","serialize","Printer"],"edges":[[0,1],[1,2],[1,3],[2,4],[2,5],[2,6],[3,7],[4,8],[4,9],[4,10],[4,11],[4,12],[5,13],[6,14],[6,15],[6,16],[6,17],[6,18],[7,19],[7,20],[7,21],[7,22],[7,23],[13,24],[13,25],[13,26],[13,27],[13,28]],"ID":10}],"edgeSet":[[6,9,5],[10,8,0],[7,9,5],[9,8,2],[8,1,0],[0,2,0],[2,9,5],[2,3,0],[3,4,0],[3,9,5],[4,5,0],[5,6,0],[6,7,0],[7,8,0],[4,9,5],[9,10,1],[5,9,5]],"ENTRY":{"def":[],"use":[],"callees":[],"nodes":["CompoundStmt"],"edges":[],"ID":0},"EXIT":{"def":[],"use":[],"callees":[],"nodes":["CompoundStmt"],"edges":[],"ID":1},"method_name":"flush"},{"blocks":[{"def":[],"use":[],"callees":[],"nodes":["CompoundStmt"],"edges":[],"ID":0},{"def":[],"use":[],"callees":[],"nodes":["CompoundStmt"],"edges":[],"ID":1},{"def":["z0","r0"],"use":["@this: org.apache.xml.serialize.Printer","@parameter0: boolean"],"callees":[],"nodes":["CompoundStmt","DefinitionStmt","DefinitionStmt","ReturnVoidStmt","Local","ThisRef","Local","Param","RefType","RefType","Boolean","Boolean","org","apache","xml","serialize","Printer","org","apache","xml","serialize","Printer"],"edges":[[0,1],[0,2],[0,3],[1,4],[1,5],[2,6],[2,7],[4,8],[5,9],[6,10],[7,11],[8,12],[8,13],[8,14],[8,15],[8,16],[9,17],[9,18],[9,19],[9,20],[9,21]],"ID":2}],"edgeSet":[[0,2,0],[2,1,0]],"ENTRY":{"def":[],"use":[],"callees":[],"nodes":["CompoundStmt"],"edges":[],"ID":0},"EXIT":{"def":[],"use":[],"callees":[],"nodes":["CompoundStmt"],"edges":[],"ID":1},"method_name":"flushLine"},{"blocks":[{"def":[],"use":[],"callees":[],"nodes":["CompoundStmt"],"edges":[],"ID":0},{"def":[],"use":[],"callees":[],"nodes":["CompoundStmt"],"edges":[],"ID":1},{"def":["$r1","r0"],"use":["@this: org.apache.xml.serialize.Printer","$r1","r0.\u003corg.apache.xml.serialize.Printer: java.io.IOException _exception\u003e","r0"],"callees":[],"nodes":["CompoundStmt","DefinitionStmt","DefinitionStmt","ReturnStmt","Local","ThisRef","Local","InstanceFieldRef","Local","RefType","RefType","RefType","RefType","Local","RefType","RefType","org","apache","xml","serialize","Printer","org","apache","xml","serialize","Printer","java","io","I","O","Exception","java","io","I","O","Exception","RefType","java","io","I","O","Exception","java","io","I","O","Exception","org","apache","xml","serialize","Printer"],"edges":[[0,1],[0,2],[0,3],[1,4],[1,5],[2,6],[2,7],[3,8],[4,9],[5,10],[6,11],[7,12],[7,13],[7,14],[8,15],[9,16],[9,17],[9,18],[9,19],[9,20],[10,21],[10,22],[10,23],[10,24],[10,25],[11,26],[11,27],[11,28],[11,29],[11,30],[12,31],[12,32],[12,33],[12,34],[12,35],[13,36],[14,37],[14,38],[14,39],[14,40],[14,41],[15,42],[15,43],[15,44],[15,45],[15,46],[36,47],[36,48],[36,49],[36,50],[36,51]],"ID":2}],"edgeSet":[[0,2,0],[2,1,0]],"ENTRY":{"def":[],"use":[],"callees":[],"nodes":["CompoundStmt"],"edges":[],"ID":0},"EXIT":{"def":[],"use":[],"callees":[],"nodes":["CompoundStmt"],"edges":[],"ID":1},"method_name":"getException"},{"blocks":[{"def":[],"use":[],"callees":[],"nodes":["CompoundStmt"],"edges":[],"ID":0},{"def":[],"use":[],"callees":[],"nodes":["CompoundStmt"],"edges":[],"ID":1},{"def":["r0"],"use":["@this: org.apache.xml.serialize.Printer"],"callees":[],"nodes":["CompoundStmt","DefinitionStmt","ReturnStmt","Local","ThisRef","Constant","RefType","RefType","0","Int","org","apache","xml","serialize","Printer","org","apache","xml","serialize","Printer"],"edges":[[0,1],[0,2],[1,3],[1,4],[2,5],[3,6],[4,7],[5,8],[5,9],[6,10],[6,11],[6,12],[6,13],[6,14],[7,15],[7,16],[7,17],[7,18],[7,19]],"ID":2}],"edgeSet":[[0,2,0],[2,1,0]],"ENTRY":{"def":[],"use":[],"callees":[],"nodes":["CompoundStmt"],"edges":[],"ID":0},"EXIT":{"def":[],"use":[],"callees":[],"nodes":["CompoundStmt"],"edges":[],"ID":1},"method_name":"getNextIndent"},{"blocks":[{"def":[],"use":[],"callees":[],"nodes":["CompoundStmt"],"edges":[],"ID":0},{"def":[],"use":[],"callees":[],"nodes":["CompoundStmt"],"edges":[],"ID":1},{"def":["r0"],"use":["@this: org.apache.xml.serialize.Printer"],"callees":[],"nodes":["CompoundStmt","DefinitionStmt","ReturnVoidStmt","Local","ThisRef","RefType","RefType","org","apache","xml","serialize","Printer","org","apache","xml","serialize","Printer"],"edges":[[0,1],[0,2],[1,3],[1,4],[3,5],[4,6],[5,7],[5,8],[5,9],[5,10],[5,11],[6,12],[6,13],[6,14],[6,15],[6,16]],"ID":2}],"edgeSet":[[0,2,0],[2,1,0]],"ENTRY":{"def":[],"use":[],"callees":[],"nodes":["CompoundStmt"],"edges":[],"ID":0},"EXIT":{"def":[],"use":[],"callees":[],"nodes":["CompoundStmt"],"edges":[],"ID":1},"method_name":"indent"},{"blocks":[{"def":[],"use":[],"callees":[],"nodes":["CompoundStmt"],"edges":[],"ID":0},{"def":[],"use":[],"callees":[],"nodes":["CompoundStmt"],"edges":[],"ID":1},{"def":["$r1","$r2","r0"],"use":["@this: org.apache.xml.serialize.Printer","$r1","$r2","r0.\u003corg.apache.xml.serialize.Printer: java.io.StringWriter _dtdWriter\u003e","r0","r0.\u003corg.apache.xml.serialize.Printer: java.io.Writer _writer\u003e"],"callees":[],"nodes":["CompoundStmt","DefinitionStmt","DefinitionStmt","DefinitionStmt","IfStmt","Local","ThisRef","Local","InstanceFieldRef","Local","InstanceFieldRef","BinaryOp","RefType","RefType","RefType","RefType","Local","RefType","RefType","RefType","Local","RefType","Local"," !\u003d ","Local","org","apache","xml","serialize","Printer","org","apache","xml","serialize","Printer","java","io","Writer","java","io","Writer","RefType","java","io","Writer","java","io","String","Writer","java","io","String","Writer","RefType","java","io","String","Writer","RefType","RefType","org","apache","xml","serialize","Printer","org","apache","xml","serialize","Printer","java","io","Writer","java","io","String","Writer"],"edges":[[0,1],[0,2],[0,3],[0,4],[1,5],[1,6],[2,7],[2,8],[3,9],[3,10],[4,11],[5,12],[6,13],[7,14],[8,15],[8,16],[8,17],[9,18],[10,19],[10,20],[10,21],[11,22],[11,23],[11,24],[12,25],[12,26],[12,27],[12,28],[12,29],[13,30],[13,31],[13,32],[13,33],[13,34],[14,35],[14,36],[14,37],[15,38],[15,39],[15,40],[16,41],[17,42],[17,43],[17,44],[18,45],[18,46],[18,47],[18,48],[19,49],[19,50],[19,51],[19,52],[20,53],[21,54],[21,55],[21,56],[21,57],[22,58],[24,59],[41,60],[41,61],[41,62],[41,63],[41,64],[53,65],[53,66],[53,67],[53,68],[53,69],[58,70],[58,71],[58,72],[59,73],[59,74],[59,75],[59,76]],"ID":2},{"def":["$r3","$r4","$r5","r0.\u003corg.apache.xml.serialize.Printer: java.io.Writer _writer\u003e"],"use":["r0.\u003corg.apache.xml.serialize.Printer: java.io.Writer _docWriter\u003e","$r3","$r4","$r5","r0.\u003corg.apache.xml.serialize.Printer: java.io.StringWriter _dtdWriter\u003e","r0"],"callees":["flushLine"],"nodes":["CompoundStmt","Invoke","DefinitionStmt","DefinitionStmt","DefinitionStmt","DefinitionStmt","ReturnStmt","Local","InstanceFieldRef","InstanceFieldRef","Local","Local","InstanceFieldRef","Local","Invoke","Local","RefType","RefType","Local","RefType","RefType","Local","RefType","RefType","RefType","RefType","Local","RefType","RefType","RefType","java","io","Writer","java","io","Writer","RefType","java","io","Writer","java","io","Writer","RefType","java","io","Writer","java","io","Writer","java","io","String","Writer","java","io","String","Writer","RefType","java","io","String","Writer","java","lang","String","java","lang","String","org","apache","xml","serialize","Printer","org","apache","xml","serialize","Printer","org","apache","xml","serialize","Printer"],"edges":[[0,1],[0,2],[0,3],[0,4],[0,5],[0,6],[2,7],[2,8],[3,9],[3,10],[4,11],[4,12],[5,13],[5,14],[6,15],[7,16],[8,17],[8,18],[8,19],[9,20],[9,21],[9,22],[10,23],[11,24],[12,25],[12,26],[12,27],[13,28],[15,29],[16,30],[16,31],[16,32],[17,33],[17,34],[17,35],[18,36],[19,37],[19,38],[19,39],[20,40],[20,41],[20,42],[21,43],[22,44],[22,45],[22,46],[23,47],[23,48],[23,49],[24,50],[24,51],[24,52],[24,53],[25,54],[25,55],[25,56],[25,57],[26,58],[27,59],[27,60],[27,61],[27,62],[28,63],[28,64],[28,65],[29,66],[29,67],[29,68],[36,69],[36,70],[36,71],[36,72],[36,73],[43,74],[43,75],[43,76],[43,77],[43,78],[58,79],[58,80],[58,81],[58,82],[58,83]],"ID":3},{"def":[],"use":[],"callees":[],"nodes":["CompoundStmt","ReturnStmt","Constant","Null"],"edges":[[0,1],[1,2],[2,3]],"ID":4}],"edgeSet":[[3,1,0],[4,1,0],[0,2,0],[2,3,1],[2,4,2]],"ENTRY":{"def":[],"use":[],"callees":[],"nodes":["CompoundStmt"],"edges":[],"ID":0},"EXIT":{"def":[],"use":[],"callees":[],"nodes":["CompoundStmt"],"edges":[],"ID":1},"method_name":"leaveDTD"},{"blocks":[{"def":[],"use":[],"callees":[],"nodes":["CompoundStmt"],"edges":[],"ID":0},{"def":[],"use":[],"callees":[],"nodes":["CompoundStmt"],"edges":[],"ID":1},{"def":["r0"],"use":["@this: org.apache.xml.serialize.Printer"],"callees":[],"nodes":["CompoundStmt","DefinitionStmt","Local","ThisRef","RefType","RefType","org","apache","xml","serialize","Printer","org","apache","xml","serialize","Printer"],"edges":[[0,1],[1,2],[1,3],[2,4],[3,5],[4,6],[4,7],[4,8],[4,9],[4,10],[5,11],[5,12],[5,13],[5,14],[5,15]],"ID":2},{"def":["$i0"],"use":["r0.\u003corg.apache.xml.serialize.Printer: int _pos\u003e","r0"],"callees":[],"nodes":["CompoundStmt","DefinitionStmt","Local","InstanceFieldRef","Int","Int","Local","Int","RefType","org","apache","xml","serialize","Printer"],"edges":[[0,1],[1,2],[1,3],[2,4],[3,5],[3,6],[3,7],[6,8],[8,9],[8,10],[8,11],[8,12],[8,13]],"ID":3},{"def":[],"use":["$i0"],"callees":[],"nodes":["CompoundStmt","IfStmt","BinaryOp","Local"," !\u003d ","Constant","Int","4","0","9","6","Int"],"edges":[[0,1],[1,2],[2,3],[2,4],[2,5],[3,6],[5,7],[5,8],[5,9],[5,10],[5,11]],"ID":4},{"def":["$r3","$r4"],"use":["r0.\u003corg.apache.xml.serialize.Printer: char[] _buffer\u003e","r0","r0.\u003corg.apache.xml.serialize.Printer: java.io.Writer _writer\u003e"],"callees":[],"nodes":["CompoundStmt","DefinitionStmt","DefinitionStmt","Local","InstanceFieldRef","Local","InstanceFieldRef","RefType","RefType","Local","RefType","Array","Array","Local","Array","java","io","Writer","java","io","Writer","RefType","java","io","Writer","Char","[]","Char","[]","RefType","Char","[]","org","apache","xml","serialize","Printer","org","apache","xml","serialize","Printer"],"edges":[[0,1],[0,2],[1,3],[1,4],[2,5],[2,6],[3,7],[4,8],[4,9],[4,10],[5,11],[6,12],[6,13],[6,14],[7,15],[7,16],[7,17],[8,18],[8,19],[8,20],[9,21],[10,22],[10,23],[10,24],[11,25],[11,26],[12,27],[12,28],[13,29],[14,30],[14,31],[21,32],[21,33],[21,34],[21,35],[21,36],[29,37],[29,38],[29,39],[29,40],[29,41]],"ID":5},{"def":[],"use":["$r3","$r4"],"callees":[],"nodes":["CompoundStmt","Invoke"],"edges":[[0,1]],"ID":6},{"def":["r0.\u003corg.apache.xml.serialize.Printer: int _pos\u003e","$r2","$i1","$i2","$i3","$r2[$i1]"],"use":["r0.\u003corg.apache.xml.serialize.Printer: int _pos\u003e","$r2","r0.\u003corg.apache.xml.serialize.Printer: char[] _buffer\u003e","$i1","$i2","r0","$i3"],"callees":[],"nodes":["CompoundStmt","DefinitionStmt","DefinitionStmt","DefinitionStmt","DefinitionStmt","DefinitionStmt","DefinitionStmt","DefinitionStmt","GotoStmt","ReturnVoidStmt","InstanceFieldRef","Constant","Local","InstanceFieldRef","Local","InstanceFieldRef","ArrayRef","Constant","Local","InstanceFieldRef","Local","BinaryOp","InstanceFieldRef","Local","Int","Local","Int","0","Int","Array","Array","Local","Array","Int","Int","Local","Int","Char","Local","Local","3","2","Int","Int","Int","Local","Int","Int","Local"," + ","Constant","Int","Local","Int","Int","RefType","Char","[]","Char","[]","RefType","Char","[]","RefType","Array","Int","RefType","Int","1","Int","RefType","org","apache","xml","serialize","Printer","org","apache","xml","serialize","Printer","org","apache","xml","serialize","Printer","Char","[]","org","apache","xml","serialize","Printer","org","apache","xml","serialize","Printer"],"edges":[[0,1],[0,2],[0,3],[0,4],[0,5],[0,6],[0,7],[0,8],[0,9],[1,10],[1,11],[2,12],[2,13],[3,14],[3,15],[4,16],[4,17],[5,18],[5,19],[6,20],[6,21],[7,22],[7,23],[10,24],[10,25],[10,26],[11,27],[11,28],[12,29],[13,30],[13,31],[13,32],[14,33],[15,34],[15,35],[15,36],[16,37],[16,38],[16,39],[17,40],[17,41],[17,42],[18,43],[19,44],[19,45],[19,46],[20,47],[21,48],[21,49],[21,50],[22,51],[22,52],[22,53],[23,54],[25,55],[29,56],[29,57],[30,58],[30,59],[31,60],[32,61],[32,62],[35,63],[38,64],[39,65],[45,66],[48,67],[50,68],[50,69],[52,70],[55,71],[55,72],[55,73],[55,74],[55,75],[60,76],[60,77],[60,78],[60,79],[60,80],[63,81],[63,82],[63,83],[63,84],[63,85],[64,86],[64,87],[66,88],[66,89],[66,90],[66,91],[66,92],[70,93],[70,94],[70,95],[70,96],[70,97]],"ID":7},{"def":["$r6","$r7","r1"],"use":["@caughtexception","$r6","r0.\u003corg.apache.xml.serialize.Printer: java.io.IOException _exception\u003e","$r7","r0"],"callees":[],"nodes":["CompoundStmt","DefinitionStmt","DefinitionStmt","DefinitionStmt","IfStmt","Local","CaughtException","Local","Local","Local","InstanceFieldRef","BinaryOp","RefType","RefType","RefType","RefType","RefType","RefType","Local","RefType","Local"," !\u003d ","Constant","java","io","I","O","Exception","java","lang","Throwable","java","io","I","O","Exception","java","io","I","O","Exception","java","io","I","O","Exception","java","io","I","O","Exception","RefType","java","io","I","O","Exception","RefType","Null","org","apache","xml","serialize","Printer","java","io","I","O","Exception"],"edges":[[0,1],[0,2],[0,3],[0,4],[1,5],[1,6],[2,7],[2,8],[3,9],[3,10],[4,11],[5,12],[6,13],[7,14],[8,15],[9,16],[10,17],[10,18],[10,19],[11,20],[11,21],[11,22],[12,23],[12,24],[12,25],[12,26],[12,27],[13,28],[13,29],[13,30],[14,31],[14,32],[14,33],[14,34],[14,35],[15,36],[15,37],[15,38],[15,39],[15,40],[16,41],[16,42],[16,43],[16,44],[16,45],[17,46],[17,47],[17,48],[17,49],[17,50],[18,51],[19,52],[19,53],[19,54],[19,55],[19,56],[20,57],[22,58],[51,59],[51,60],[51,61],[51,62],[51,63],[57,64],[57,65],[57,66],[57,67],[57,68]],"ID":8},{"def":["r0.\u003corg.apache.xml.serialize.Printer: java.io.IOException _exception\u003e"],"use":["r0","r1"],"callees":[],"nodes":["CompoundStmt","DefinitionStmt","InstanceFieldRef","Local","RefType","Local","RefType","RefType","java","io","I","O","Exception","RefType","java","io","I","O","Exception","java","io","I","O","Exception","org","apache","xml","serialize","Printer"],"edges":[[0,1],[1,2],[1,3],[2,4],[2,5],[2,6],[3,7],[4,8],[4,9],[4,10],[4,11],[4,12],[5,13],[6,14],[6,15],[6,16],[6,17],[6,18],[7,19],[7,20],[7,21],[7,22],[7,23],[13,24],[13,25],[13,26],[13,27],[13,28]],"ID":9}],"edgeSet":[[5,8,5],[9,7,0],[6,8,5],[8,7,2],[7,1,0],[0,2,0],[2,3,0],[2,8,5],[3,4,0],[4,7,2],[5,6,0],[6,7,0],[3,8,5],[4,5,1],[8,9,1]],"ENTRY":{"def":[],"use":[],"callees":[],"nodes":["CompoundStmt"],"edges":[],"ID":0},"EXIT":{"def":[],"use":[],"callees":[],"nodes":["CompoundStmt"],"edges":[],"ID":1},"method_name":"printSpace"},{"blocks":[{"def":[],"use":[],"callees":[],"nodes":["CompoundStmt"],"edges":[],"ID":0},{"def":[],"use":[],"callees":[],"nodes":["CompoundStmt"],"edges":[],"ID":1},{"def":["c0","r0"],"use":["@this: org.apache.xml.serialize.Printer","@parameter0: char"],"callees":[],"nodes":["CompoundStmt","DefinitionStmt","DefinitionStmt","Local","ThisRef","Local","Param","RefType","RefType","Char","Char","org","apache","xml","serialize","Printer","org","apache","xml","serialize","Printer"],"edges":[[0,1],[0,2],[1,3],[1,4],[2,5],[2,6],[3,7],[4,8],[5,9],[6,10],[7,11],[7,12],[7,13],[7,14],[7,15],[8,16],[8,17],[8,18],[8,19],[8,20]],"ID":2},{"def":["$i1"],"use":["r0.\u003corg.apache.xml.serialize.Printer: int _pos\u003e","r0"],"callees":[],"nodes":["CompoundStmt","DefinitionStmt","Local","InstanceFieldRef","Int","Int","Local","Int","RefType","org","apache","xml","serialize","Printer"],"edges":[[0,1],[1,2],[1,3],[2,4],[3,5],[3,6],[3,7],[6,8],[8,9],[8,10],[8,11],[8,12],[8,13]],"ID":3},{"def":[],"use":["$i1"],"callees":[],"nodes":["CompoundStmt","IfStmt","BinaryOp","Local"," !\u003d ","Constant","Int","4","0","9","6","Int"],"edges":[[0,1],[1,2],[2,3],[2,4],[2,5],[3,6],[5,7],[5,8],[5,9],[5,10],[5,11]],"ID":4},{"def":["$r3","$r4"],"use":["r0.\u003corg.apache.xml.serialize.Printer: char[] _buffer\u003e","r0","r0.\u003corg.apache.xml.serialize.Printer: java.io.Writer _writer\u003e"],"callees":[],"nodes":["CompoundStmt","DefinitionStmt","DefinitionStmt","Local","InstanceFieldRef","Local","InstanceFieldRef","RefType","RefType","Local","RefType","Array","Array","Local","Array","java","io","Writer","java","io","Writer","RefType","java","io","Writer","Char","[]","Char","[]","RefType","Char","[]","org","apache","xml","serialize","Printer","org","apache","xml","serialize","Printer"],"edges":[[0,1],[0,2],[1,3],[1,4],[2,5],[2,6],[3,7],[4,8],[4,9],[4,10],[5,11],[6,12],[6,13],[6,14],[7,15],[7,16],[7,17],[8,18],[8,19],[8,20],[9,21],[10,22],[10,23],[10,24],[11,25],[11,26],[12,27],[12,28],[13,29],[14,30],[14,31],[21,32],[21,33],[21,34],[21,35],[21,36],[29,37],[29,38],[29,39],[29,40],[29,41]],"ID":5},{"def":[],"use":["$r3","$r4"],"callees":[],"nodes":["CompoundStmt","Invoke"],"edges":[[0,1]],"ID":6},{"def":["r0.\u003corg.apache.xml.serialize.Printer: int _pos\u003e","$r2[$i2]","$r2","$i2","$i3","$i4"],"use":["r0.\u003corg.apache.xml.serialize.Printer: int _pos\u003e","$r2","r0.\u003corg.apache.xml.serialize.Printer: char[] _buffer\u003e","$i2","c0","r0","$i3","$i4"],"callees":[],"nodes":["CompoundStmt","DefinitionStmt","DefinitionStmt","DefinitionStmt","DefinitionStmt","DefinitionStmt","DefinitionStmt","DefinitionStmt","GotoStmt","ReturnVoidStmt","InstanceFieldRef","Constant","Local","InstanceFieldRef","Local","InstanceFieldRef","ArrayRef","Local","Local","InstanceFieldRef","Local","BinaryOp","InstanceFieldRef","Local","Int","Local","Int","0","Int","Array","Array","Local","Array","Int","Int","Local","Int","Char","Local","Local","Char","Int","Int","Local","Int","Int","Local"," + ","Constant","Int","Local","Int","Int","RefType","Char","[]","Char","[]","RefType","Char","[]","RefType","Array","Int","RefType","Int","1","Int","RefType","org","apache","xml","serialize","Printer","org","apache","xml","serialize","Printer","org","apache","xml","serialize","Printer","Char","[]","org","apache","xml","serialize","Printer","org","apache","xml","serialize","Printer"],"edges":[[0,1],[0,2],[0,3],[0,4],[0,5],[0,6],[0,7],[0,8],[0,9],[1,10],[1,11],[2,12],[2,13],[3,14],[3,15],[4,16],[4,17],[5,18],[5,19],[6,20],[6,21],[7,22],[7,23],[10,24],[10,25],[10,26],[11,27],[11,28],[12,29],[13,30],[13,31],[13,32],[14,33],[15,34],[15,35],[15,36],[16,37],[16,38],[16,39],[17,40],[18,41],[19,42],[19,43],[19,44],[20,45],[21,46],[21,47],[21,48],[22,49],[22,50],[22,51],[23,52],[25,53],[29,54],[29,55],[30,56],[30,57],[31,58],[32,59],[32,60],[35,61],[38,62],[39,63],[43,64],[46,65],[48,66],[48,67],[50,68],[53,69],[53,70],[53,71],[53,72],[53,73],[58,74],[58,75],[58,76],[58,77],[58,78],[61,79],[61,80],[61,81],[61,82],[61,83],[62,84],[62,85],[64,86],[64,87],[64,88],[64,89],[64,90],[68,91],[68,92],[68,93],[68,94],[68,95]],"ID":7},{"def":["$r6","$r7","r1"],"use":["@caughtexception","$r6","r0.\u003corg.apache.xml.serialize.Printer: java.io.IOException _exception\u003e","$r7","r0"],"callees":[],"nodes":["CompoundStmt","DefinitionStmt","DefinitionStmt","DefinitionStmt","IfStmt","Local","CaughtException","Local","Local","Local","InstanceFieldRef","BinaryOp","RefType","RefType","RefType","RefType","RefType","RefType","Local","RefType","Local"," !\u003d ","Constant","java","io","I","O","Exception","java","lang","Throwable","java","io","I","O","Exception","java","io","I","O","Exception","java","io","I","O","Exception","java","io","I","O","Exception","RefType","java","io","I","O","Exception","RefType","Null","org","apache","xml","serialize","Printer","java","io","I","O","Exception"],"edges":[[0,1],[0,2],[0,3],[0,4],[1,5],[1,6],[2,7],[2,8],[3,9],[3,10],[4,11],[5,12],[6,13],[7,14],[8,15],[9,16],[10,17],[10,18],[10,19],[11,20],[11,21],[11,22],[12,23],[12,24],[12,25],[12,26],[12,27],[13,28],[13,29],[13,30],[14,31],[14,32],[14,33],[14,34],[14,35],[15,36],[15,37],[15,38],[15,39],[15,40],[16,41],[16,42],[16,43],[16,44],[16,45],[17,46],[17,47],[17,48],[17,49],[17,50],[18,51],[19,52],[19,53],[19,54],[19,55],[19,56],[20,57],[22,58],[51,59],[51,60],[51,61],[51,62],[51,63],[57,64],[57,65],[57,66],[57,67],[57,68]],"ID":8},{"def":["r0.\u003corg.apache.xml.serialize.Printer: java.io.IOException _exception\u003e"],"use":["r0","r1"],"callees":[],"nodes":["CompoundStmt","DefinitionStmt","InstanceFieldRef","Local","RefType","Local","RefType","RefType","java","io","I","O","Exception","RefType","java","io","I","O","Exception","java","io","I","O","Exception","org","apache","xml","serialize","Printer"],"edges":[[0,1],[1,2],[1,3],[2,4],[2,5],[2,6],[3,7],[4,8],[4,9],[4,10],[4,11],[4,12],[5,13],[6,14],[6,15],[6,16],[6,17],[6,18],[7,19],[7,20],[7,21],[7,22],[7,23],[13,24],[13,25],[13,26],[13,27],[13,28]],"ID":9}],"edgeSet":[[5,8,5],[9,7,0],[6,8,5],[8,7,2],[7,1,0],[0,2,0],[2,3,0],[2,8,5],[3,4,0],[4,7,2],[5,6,0],[6,7,0],[3,8,5],[4,5,1],[8,9,1]],"ENTRY":{"def":[],"use":[],"callees":[],"nodes":["CompoundStmt"],"edges":[],"ID":0},"EXIT":{"def":[],"use":[],"callees":[],"nodes":["CompoundStmt"],"edges":[],"ID":1},"method_name":"printText"},{"blocks":[{"def":[],"use":[],"callees":[],"nodes":["CompoundStmt"],"edges":[],"ID":0},{"def":[],"use":[],"callees":[],"nodes":["CompoundStmt"],"edges":[],"ID":1},{"def":["r0","r1"],"use":["@this: org.apache.xml.serialize.Printer","@parameter0: java.lang.String"],"callees":[],"nodes":["CompoundStmt","DefinitionStmt","DefinitionStmt","Local","ThisRef","Local","Param","RefType","RefType","RefType","RefType","org","apache","xml","serialize","Printer","org","apache","xml","serialize","Printer","java","lang","String","java","lang","String"],"edges":[[0,1],[0,2],[1,3],[1,4],[2,5],[2,6],[3,7],[4,8],[5,9],[6,10],[7,11],[7,12],[7,13],[7,14],[7,15],[8,16],[8,17],[8,18],[8,19],[8,20],[9,21],[9,22],[9,23],[10,24],[10,25],[10,26]],"ID":2},{"def":["i5"],"use":["r1"],"callees":[],"nodes":["CompoundStmt","DefinitionStmt","Local","Invoke","Int"],"edges":[[0,1],[1,2],[1,3],[2,4]],"ID":3},{"def":["i6"],"use":["i5","i6"],"callees":[],"nodes":["CompoundStmt","DefinitionStmt","GotoStmt","IfStmt","Local","Constant","BinaryOp","Int","0","Int","Local"," \u003c ","Local","Int","Int"],"edges":[[0,1],[0,2],[0,3],[1,4],[1,5],[3,6],[4,7],[5,8],[5,9],[6,10],[6,11],[6,12],[10,13],[12,14]],"ID":4},{"def":["$i0"],"use":["r0.\u003corg.apache.xml.serialize.Printer: int _pos\u003e","$i0","r0"],"callees":[],"nodes":["CompoundStmt","DefinitionStmt","IfStmt","Local","InstanceFieldRef","BinaryOp","Int","Int","Local","Int","Local"," !\u003d ","Constant","RefType","Int","4","0","9","6","Int","org","apache","xml","serialize","Printer"],"edges":[[0,1],[0,2],[1,3],[1,4],[2,5],[3,6],[4,7],[4,8],[4,9],[5,10],[5,11],[5,12],[8,13],[10,14],[12,15],[12,16],[12,17],[12,18],[12,19],[13,20],[13,21],[13,22],[13,23],[13,24]],"ID":5},{"def":["$r3","$r4"],"use":["r0.\u003corg.apache.xml.serialize.Printer: char[] _buffer\u003e","r0","r0.\u003corg.apache.xml.serialize.Printer: java.io.Writer _writer\u003e"],"callees":[],"nodes":["CompoundStmt","DefinitionStmt","DefinitionStmt","Local","InstanceFieldRef","Local","InstanceFieldRef","RefType","RefType","Local","RefType","Array","Array","Local","Array","java","io","Writer","java","io","Writer","RefType","java","io","Writer","Char","[]","Char","[]","RefType","Char","[]","org","apache","xml","serialize","Printer","org","apache","xml","serialize","Printer"],"edges":[[0,1],[0,2],[1,3],[1,4],[2,5],[2,6],[3,7],[4,8],[4,9],[4,10],[5,11],[6,12],[6,13],[6,14],[7,15],[7,16],[7,17],[8,18],[8,19],[8,20],[9,21],[10,22],[10,23],[10,24],[11,25],[11,26],[12,27],[12,28],[13,29],[14,30],[14,31],[21,32],[21,33],[21,34],[21,35],[21,36],[29,37],[29,38],[29,39],[29,40],[29,41]],"ID":6},{"def":[],"use":["$r3","$r4"],"callees":[],"nodes":["CompoundStmt","Invoke"],"edges":[[0,1]],"ID":7},{"def":["r0.\u003corg.apache.xml.serialize.Printer: int _pos\u003e","$r2","$i1"],"use":["r0.\u003corg.apache.xml.serialize.Printer: int _pos\u003e","r0.\u003corg.apache.xml.serialize.Printer: char[] _buffer\u003e","r0"],"callees":[],"nodes":["CompoundStmt","DefinitionStmt","DefinitionStmt","DefinitionStmt","InstanceFieldRef","Constant","Local","InstanceFieldRef","Local","InstanceFieldRef","Int","Local","Int","0","Int","Array","Array","Local","Array","Int","Int","Local","Int","RefType","Char","[]","Char","[]","RefType","Char","[]","RefType","org","apache","xml","serialize","Printer","org","apache","xml","serialize","Printer","org","apache","xml","serialize","Printer"],"edges":[[0,1],[0,2],[0,3],[1,4],[1,5],[2,6],[2,7],[3,8],[3,9],[4,10],[4,11],[4,12],[5,13],[5,14],[6,15],[7,16],[7,17],[7,18],[8,19],[9,20],[9,21],[9,22],[11,23],[15,24],[15,25],[16,26],[16,27],[17,28],[18,29],[18,30],[21,31],[23,32],[23,33],[23,34],[23,35],[23,36],[28,37],[28,38],[28,39],[28,40],[28,41],[31,42],[31,43],[31,44],[31,45],[31,46]],"ID":8},{"def":["$c2"],"use":["i6","r1"],"callees":[],"nodes":["CompoundStmt","DefinitionStmt","Local","Invoke","Char"],"edges":[[0,1],[1,2],[1,3],[2,4]],"ID":9},{"def":["r0.\u003corg.apache.xml.serialize.Printer: int _pos\u003e","i6","$i3","$r2[$i1]","$i4"],"use":["r0.\u003corg.apache.xml.serialize.Printer: int _pos\u003e","$c2","$r2","$i1","i6","r0","$i3","$i4"],"callees":[],"nodes":["CompoundStmt","DefinitionStmt","DefinitionStmt","DefinitionStmt","DefinitionStmt","DefinitionStmt","ArrayRef","Local","Local","InstanceFieldRef","Local","BinaryOp","InstanceFieldRef","Local","Local","BinaryOp","Char","Local","Local","Char","Int","Int","Local","Int","Int","Local"," + ","Constant","Int","Local","Int","Int","Int","Local"," + ","Constant","Array","Int","RefType","Int","1","Int","RefType","Int","1","Int","Char","[]","org","apache","xml","serialize","Printer","org","apache","xml","serialize","Printer"],"edges":[[0,1],[0,2],[0,3],[0,4],[0,5],[1,6],[1,7],[2,8],[2,9],[3,10],[3,11],[4,12],[4,13],[5,14],[5,15],[6,16],[6,17],[6,18],[7,19],[8,20],[9,21],[9,22],[9,23],[10,24],[11,25],[11,26],[11,27],[12,28],[12,29],[12,30],[13,31],[14,32],[15,33],[15,34],[15,35],[17,36],[18,37],[22,38],[25,39],[27,40],[27,41],[29,42],[33,43],[35,44],[35,45],[36,46],[36,47],[38,48],[38,49],[38,50],[38,51],[38,52],[42,53],[42,54],[42,55],[42,56],[42,57]],"ID":10},{"def":[],"use":[],"callees":[],"nodes":["CompoundStmt","GotoStmt","ReturnVoidStmt"],"edges":[[0,1],[0,2]],"ID":11},{"def":["r8","$r6","$r7"],"use":["@caughtexception","$r6","r0.\u003corg.apache.xml.serialize.Printer: java.io.IOException _exception\u003e","$r7","r0"],"callees":[],"nodes":["CompoundStmt","DefinitionStmt","DefinitionStmt","DefinitionStmt","IfStmt","Local","CaughtException","Local","Local","Local","InstanceFieldRef","BinaryOp","RefType","RefType","RefType","RefType","RefType","RefType","Local","RefType","Local"," !\u003d ","Constant","java","io","I","O","Exception","java","lang","Throwable","java","io","I","O","Exception","java","io","I","O","Exception","java","io","I","O","Exception","java","io","I","O","Exception","RefType","java","io","I","O","Exception","RefType","Null","org","apache","xml","serialize","Printer","java","io","I","O","Exception"],"edges":[[0,1],[0,2],[0,3],[0,4],[1,5],[1,6],[2,7],[2,8],[3,9],[3,10],[4,11],[5,12],[6,13],[7,14],[8,15],[9,16],[10,17],[10,18],[10,19],[11,20],[11,21],[11,22],[12,23],[12,24],[12,25],[12,26],[12,27],[13,28],[13,29],[13,30],[14,31],[14,32],[14,33],[14,34],[14,35],[15,36],[15,37],[15,38],[15,39],[15,40],[16,41],[16,42],[16,43],[16,44],[16,45],[17,46],[17,47],[17,48],[17,49],[17,50],[18,51],[19,52],[19,53],[19,54],[19,55],[19,56],[20,57],[22,58],[51,59],[51,60],[51,61],[51,62],[51,63],[57,64],[57,65],[57,66],[57,67],[57,68]],"ID":12},{"def":["r0.\u003corg.apache.xml.serialize.Printer: java.io.IOException _exception\u003e"],"use":["r8","r0"],"callees":[],"nodes":["CompoundStmt","DefinitionStmt","InstanceFieldRef","Local","RefType","Local","RefType","RefType","java","io","I","O","Exception","RefType","java","io","I","O","Exception","java","io","I","O","Exception","org","apache","xml","serialize","Printer"],"edges":[[0,1],[1,2],[1,3],[2,4],[2,5],[2,6],[3,7],[4,8],[4,9],[4,10],[4,11],[4,12],[5,13],[6,14],[6,15],[6,16],[6,17],[6,18],[7,19],[7,20],[7,21],[7,22],[7,23],[13,24],[13,25],[13,26],[13,27],[13,28]],"ID":13}],"edgeSet":[[9,12,5],[13,11,0],[12,11,2],[10,4,0],[11,1,0],[4,11,1],[2,12,5],[3,12,5],[0,2,0],[2,3,0],[3,4,0],[5,8,2],[6,7,0],[6,12,5],[7,8,0],[8,9,0],[9,10,0],[5,6,1],[7,12,5],[12,13,1],[8,12,5],[4,5,2]],"ENTRY":{"def":[],"use":[],"callees":[],"nodes":["CompoundStmt"],"edges":[],"ID":0},"EXIT":{"def":[],"use":[],"callees":[],"nodes":["CompoundStmt"],"edges":[],"ID":1},"method_name":"printText"},{"blocks":[{"def":[],"use":[],"callees":[],"nodes":["CompoundStmt"],"edges":[],"ID":0},{"def":[],"use":[],"callees":[],"nodes":["CompoundStmt"],"edges":[],"ID":1},{"def":["r0","r1"],"use":["@this: org.apache.xml.serialize.Printer","@parameter0: java.lang.StringBuffer"],"callees":[],"nodes":["CompoundStmt","DefinitionStmt","DefinitionStmt","Local","ThisRef","Local","Param","RefType","RefType","RefType","RefType","org","apache","xml","serialize","Printer","org","apache","xml","serialize","Printer","java","lang","String","Buffer","java","lang","String","Buffer"],"edges":[[0,1],[0,2],[1,3],[1,4],[2,5],[2,6],[3,7],[4,8],[5,9],[6,10],[7,11],[7,12],[7,13],[7,14],[7,15],[8,16],[8,17],[8,18],[8,19],[8,20],[9,21],[9,22],[9,23],[9,24],[10,25],[10,26],[10,27],[10,28]],"ID":2},{"def":["i5"],"use":["r1"],"callees":[],"nodes":["CompoundStmt","DefinitionStmt","Local","Invoke","Int"],"edges":[[0,1],[1,2],[1,3],[2,4]],"ID":3},{"def":["i6"],"use":["i5","i6"],"callees":[],"nodes":["CompoundStmt","DefinitionStmt","GotoStmt","IfStmt","Local","Constant","BinaryOp","Int","0","Int","Local"," \u003c ","Local","Int","Int"],"edges":[[0,1],[0,2],[0,3],[1,4],[1,5],[3,6],[4,7],[5,8],[5,9],[6,10],[6,11],[6,12],[10,13],[12,14]],"ID":4},{"def":["$i0"],"use":["r0.\u003corg.apache.xml.serialize.Printer: int _pos\u003e","$i0","r0"],"callees":[],"nodes":["CompoundStmt","DefinitionStmt","IfStmt","Local","InstanceFieldRef","BinaryOp","Int","Int","Local","Int","Local"," !\u003d ","Constant","RefType","Int","4","0","9","6","Int","org","apache","xml","serialize","Printer"],"edges":[[0,1],[0,2],[1,3],[1,4],[2,5],[3,6],[4,7],[4,8],[4,9],[5,10],[5,11],[5,12],[8,13],[10,14],[12,15],[12,16],[12,17],[12,18],[12,19],[13,20],[13,21],[13,22],[13,23],[13,24]],"ID":5},{"def":["$r3","$r4"],"use":["r0.\u003corg.apache.xml.serialize.Printer: char[] _buffer\u003e","r0","r0.\u003corg.apache.xml.serialize.Printer: java.io.Writer _writer\u003e"],"callees":[],"nodes":["CompoundStmt","DefinitionStmt","DefinitionStmt","Local","InstanceFieldRef","Local","InstanceFieldRef","RefType","RefType","Local","RefType","Array","Array","Local","Array","java","io","Writer","java","io","Writer","RefType","java","io","Writer","Char","[]","Char","[]","RefType","Char","[]","org","apache","xml","serialize","Printer","org","apache","xml","serialize","Printer"],"edges":[[0,1],[0,2],[1,3],[1,4],[2,5],[2,6],[3,7],[4,8],[4,9],[4,10],[5,11],[6,12],[6,13],[6,14],[7,15],[7,16],[7,17],[8,18],[8,19],[8,20],[9,21],[10,22],[10,23],[10,24],[11,25],[11,26],[12,27],[12,28],[13,29],[14,30],[14,31],[21,32],[21,33],[21,34],[21,35],[21,36],[29,37],[29,38],[29,39],[29,40],[29,41]],"ID":6},{"def":[],"use":["$r3","$r4"],"callees":[],"nodes":["CompoundStmt","Invoke"],"edges":[[0,1]],"ID":7},{"def":["r0.\u003corg.apache.xml.serialize.Printer: int _pos\u003e","$r2","$i1"],"use":["r0.\u003corg.apache.xml.serialize.Printer: int _pos\u003e","r0.\u003corg.apache.xml.serialize.Printer: char[] _buffer\u003e","r0"],"callees":[],"nodes":["CompoundStmt","DefinitionStmt","DefinitionStmt","DefinitionStmt","InstanceFieldRef","Constant","Local","InstanceFieldRef","Local","InstanceFieldRef","Int","Local","Int","0","Int","Array","Array","Local","Array","Int","Int","Local","Int","RefType","Char","[]","Char","[]","RefType","Char","[]","RefType","org","apache","xml","serialize","Printer","org","apache","xml","serialize","Printer","org","apache","xml","serialize","Printer"],"edges":[[0,1],[0,2],[0,3],[1,4],[1,5],[2,6],[2,7],[3,8],[3,9],[4,10],[4,11],[4,12],[5,13],[5,14],[6,15],[7,16],[7,17],[7,18],[8,19],[9,20],[9,21],[9,22],[11,23],[15,24],[15,25],[16,26],[16,27],[17,28],[18,29],[18,30],[21,31],[23,32],[23,33],[23,34],[23,35],[23,36],[28,37],[28,38],[28,39],[28,40],[28,41],[31,42],[31,43],[31,44],[31,45],[31,46]],"ID":8},{"def":["$c2"],"use":["i6","r1"],"callees":[],"nodes":["CompoundStmt","DefinitionStmt","Local","Invoke","Char"],"edges":[[0,1],[1,2],[1,3],[2,4]],"ID":9},{"def":["r0.\u003corg.apache.xml.serialize.Printer: int _pos\u003e","i6","$i3","$r2[$i1]","$i4"],"use":["r0.\u003corg.apache.xml.serialize.Printer: int _pos\u003e","$c2","$r2","$i1","i6","r0","$i3","$i4"],"callees":[],"nodes":["CompoundStmt","DefinitionStmt","DefinitionStmt","DefinitionStmt","DefinitionStmt","DefinitionStmt","ArrayRef","Local","Local","InstanceFieldRef","Local","BinaryOp","InstanceFieldRef","Local","Local","BinaryOp","Char","Local","Local","Char","Int","Int","Local","Int","Int","Local"," + ","Constant","Int","Local","Int","Int","Int","Local"," + ","Constant","Array","Int","RefType","Int","1","Int","RefType","Int","1","Int","Char","[]","org","apache","xml","serialize","Printer","org","apache","xml","serialize","Printer"],"edges":[[0,1],[0,2],[0,3],[0,4],[0,5],[1,6],[1,7],[2,8],[2,9],[3,10],[3,11],[4,12],[4,13],[5,14],[5,15],[6,16],[6,17],[6,18],[7,19],[8,20],[9,21],[9,22],[9,23],[10,24],[11,25],[11,26],[11,27],[12,28],[12,29],[12,30],[13,31],[14,32],[15,33],[15,34],[15,35],[17,36],[18,37],[22,38],[25,39],[27,40],[27,41],[29,42],[33,43],[35,44],[35,45],[36,46],[36,47],[38,48],[38,49],[38,50],[38,51],[38,52],[42,53],[42,54],[42,55],[42,56],[42,57]],"ID":10},{"def":[],"use":[],"callees":[],"nodes":["CompoundStmt","GotoStmt","ReturnVoidStmt"],"edges":[[0,1],[0,2]],"ID":11},{"def":["r8","$r6","$r7"],"use":["@caughtexception","$r6","r0.\u003corg.apache.xml.serialize.Printer: java.io.IOException _exception\u003e","$r7","r0"],"callees":[],"nodes":["CompoundStmt","DefinitionStmt","DefinitionStmt","DefinitionStmt","IfStmt","Local","CaughtException","Local","Local","Local","InstanceFieldRef","BinaryOp","RefType","RefType","RefType","RefType","RefType","RefType","Local","RefType","Local"," !\u003d ","Constant","java","io","I","O","Exception","java","lang","Throwable","java","io","I","O","Exception","java","io","I","O","Exception","java","io","I","O","Exception","java","io","I","O","Exception","RefType","java","io","I","O","Exception","RefType","Null","org","apache","xml","serialize","Printer","java","io","I","O","Exception"],"edges":[[0,1],[0,2],[0,3],[0,4],[1,5],[1,6],[2,7],[2,8],[3,9],[3,10],[4,11],[5,12],[6,13],[7,14],[8,15],[9,16],[10,17],[10,18],[10,19],[11,20],[11,21],[11,22],[12,23],[12,24],[12,25],[12,26],[12,27],[13,28],[13,29],[13,30],[14,31],[14,32],[14,33],[14,34],[14,35],[15,36],[15,37],[15,38],[15,39],[15,40],[16,41],[16,42],[16,43],[16,44],[16,45],[17,46],[17,47],[17,48],[17,49],[17,50],[18,51],[19,52],[19,53],[19,54],[19,55],[19,56],[20,57],[22,58],[51,59],[51,60],[51,61],[51,62],[51,63],[57,64],[57,65],[57,66],[57,67],[57,68]],"ID":12},{"def":["r0.\u003corg.apache.xml.serialize.Printer: java.io.IOException _exception\u003e"],"use":["r8","r0"],"callees":[],"nodes":["CompoundStmt","DefinitionStmt","InstanceFieldRef","Local","RefType","Local","RefType","RefType","java","io","I","O","Exception","RefType","java","io","I","O","Exception","java","io","I","O","Exception","org","apache","xml","serialize","Printer"],"edges":[[0,1],[1,2],[1,3],[2,4],[2,5],[2,6],[3,7],[4,8],[4,9],[4,10],[4,11],[4,12],[5,13],[6,14],[6,15],[6,16],[6,17],[6,18],[7,19],[7,20],[7,21],[7,22],[7,23],[13,24],[13,25],[13,26],[13,27],[13,28]],"ID":13}],"edgeSet":[[9,12,5],[13,11,0],[12,11,2],[10,4,0],[11,1,0],[4,11,1],[2,12,5],[3,12,5],[0,2,0],[2,3,0],[3,4,0],[5,8,2],[6,7,0],[6,12,5],[7,8,0],[8,9,0],[9,10,0],[5,6,1],[7,12,5],[12,13,1],[8,12,5],[4,5,2]],"ENTRY":{"def":[],"use":[],"callees":[],"nodes":["CompoundStmt"],"edges":[],"ID":0},"EXIT":{"def":[],"use":[],"callees":[],"nodes":["CompoundStmt"],"edges":[],"ID":1},"method_name":"printText"},{"blocks":[{"def":[],"use":[],"callees":[],"nodes":["CompoundStmt"],"edges":[],"ID":0},{"def":[],"use":[],"callees":[],"nodes":["CompoundStmt"],"edges":[],"ID":1},{"def":["i5","i6","r0","r1"],"use":["@this: org.apache.xml.serialize.Printer","@parameter0: char[]","@parameter2: int","@parameter1: int"],"callees":[],"nodes":["CompoundStmt","DefinitionStmt","DefinitionStmt","DefinitionStmt","DefinitionStmt","Local","ThisRef","Local","Param","Local","Param","Local","Param","RefType","RefType","Array","Array","Int","Int","Int","Int","org","apache","xml","serialize","Printer","org","apache","xml","serialize","Printer","Char","[]","Char","[]"],"edges":[[0,1],[0,2],[0,3],[0,4],[1,5],[1,6],[2,7],[2,8],[3,9],[3,10],[4,11],[4,12],[5,13],[6,14],[7,15],[8,16],[9,17],[10,18],[11,19],[12,20],[13,21],[13,22],[13,23],[13,24],[13,25],[14,26],[14,27],[14,28],[14,29],[14,30],[15,31],[15,32],[16,33],[16,34]],"ID":2},{"def":[],"use":[],"callees":[],"nodes":["CompoundStmt","GotoStmt"],"edges":[[0,1]],"ID":3},{"def":["$i0"],"use":["r0.\u003corg.apache.xml.serialize.Printer: int _pos\u003e","$i0","r0"],"callees":[],"nodes":["CompoundStmt","DefinitionStmt","IfStmt","Local","InstanceFieldRef","BinaryOp","Int","Int","Local","Int","Local"," !\u003d ","Constant","RefType","Int","4","0","9","6","Int","org","apache","xml","serialize","Printer"],"edges":[[0,1],[0,2],[1,3],[1,4],[2,5],[3,6],[4,7],[4,8],[4,9],[5,10],[5,11],[5,12],[8,13],[10,14],[12,15],[12,16],[12,17],[12,18],[12,19],[13,20],[13,21],[13,22],[13,23],[13,24]],"ID":4},{"def":["$r4","$r5"],"use":["r0.\u003corg.apache.xml.serialize.Printer: char[] _buffer\u003e","r0","r0.\u003corg.apache.xml.serialize.Printer: java.io.Writer _writer\u003e"],"callees":[],"nodes":["CompoundStmt","DefinitionStmt","DefinitionStmt","Local","InstanceFieldRef","Local","InstanceFieldRef","RefType","RefType","Local","RefType","Array","Array","Local","Array","java","io","Writer","java","io","Writer","RefType","java","io","Writer","Char","[]","Char","[]","RefType","Char","[]","org","apache","xml","serialize","Printer","org","apache","xml","serialize","Printer"],"edges":[[0,1],[0,2],[1,3],[1,4],[2,5],[2,6],[3,7],[4,8],[4,9],[4,10],[5,11],[6,12],[6,13],[6,14],[7,15],[7,16],[7,17],[8,18],[8,19],[8,20],[9,21],[10,22],[10,23],[10,24],[11,25],[11,26],[12,27],[12,28],[13,29],[14,30],[14,31],[21,32],[21,33],[21,34],[21,35],[21,36],[29,37],[29,38],[29,39],[29,40],[29,41]],"ID":5},{"def":[],"use":["$r4","$r5"],"callees":[],"nodes":["CompoundStmt","Invoke"],"edges":[[0,1]],"ID":6},{"def":["r0.\u003corg.apache.xml.serialize.Printer: int _pos\u003e","$c1","$i7","$r3","$r3[$i2]","i5","$i2","i6","$i3","$i4"],"use":["r0.\u003corg.apache.xml.serialize.Printer: char[] _buffer\u003e","$r3","i5","$i2","i6","$i3","$i4","r0.\u003corg.apache.xml.serialize.Printer: int _pos\u003e","r1[i5]","$c1","$i7","r0","r1"],"callees":[],"nodes":["CompoundStmt","DefinitionStmt","DefinitionStmt","DefinitionStmt","DefinitionStmt","DefinitionStmt","DefinitionStmt","DefinitionStmt","DefinitionStmt","DefinitionStmt","DefinitionStmt","DefinitionStmt","IfStmt","InstanceFieldRef","Constant","Local","InstanceFieldRef","Local","InstanceFieldRef","Local","ArrayRef","ArrayRef","Local","Local","BinaryOp","Local","InstanceFieldRef","Local","BinaryOp","InstanceFieldRef","Local","Local","Local","Local","BinaryOp","BinaryOp","Int","Local","Int","0","Int","Array","Array","Local","Array","Int","Int","Local","Int","Char","Char","Local","Local","Char","Local","Local","Char","Int","Local"," + ","Constant","Int","Int","Local","Int","Int","Local"," + ","Constant","Int","Local","Int","Int","Int","Int","Int","Local"," + ","Constant","Local"," \u003e ","Constant","RefType","Char","[]","Char","[]","RefType","Char","[]","RefType","Array","Int","Array","Int","Int","1","Int","RefType","Int","1","Int","RefType","Int","-","1","Int","Int","0","Int","org","apache","xml","serialize","Printer","org","apache","xml","serialize","Printer","org","apache","xml","serialize","Printer","Char","[]","Char","[]","org","apache","xml","serialize","Printer","org","apache","xml","serialize","Printer"],"edges":[[0,1],[0,2],[0,3],[0,4],[0,5],[0,6],[0,7],[0,8],[0,9],[0,10],[0,11],[0,12],[1,13],[1,14],[2,15],[2,16],[3,17],[3,18],[4,19],[4,20],[5,21],[5,22],[6,23],[6,24],[7,25],[7,26],[8,27],[8,28],[9,29],[9,30],[10,31],[10,32],[11,33],[11,34],[12,35],[13,36],[13,37],[13,38],[14,39],[14,40],[15,41],[16,42],[16,43],[16,44],[17,45],[18,46],[18,47],[18,48],[19,49],[20,50],[20,51],[20,52],[21,53],[21,54],[21,55],[22,56],[23,57],[24,58],[24,59],[24,60],[25,61],[26,62],[26,63],[26,64],[27,65],[28,66],[28,67],[28,68],[29,69],[29,70],[29,71],[30,72],[31,73],[32,74],[33,75],[34,76],[34,77],[34,78],[35,79],[35,80],[35,81],[37,82],[41,83],[41,84],[42,85],[42,86],[43,87],[44,88],[44,89],[47,90],[51,91],[52,92],[54,93],[55,94],[58,95],[60,96],[60,97],[63,98],[66,99],[68,100],[68,101],[70,102],[76,103],[78,104],[78,105],[78,106],[79,107],[81,108],[81,109],[82,110],[82,111],[82,112],[82,113],[82,114],[87,115],[87,116],[87,117],[87,118],[87,119],[90,120],[90,121],[90,122],[90,123],[90,124],[91,125],[91,126],[93,127],[93,128],[98,129],[98,130],[98,131],[98,132],[98,133],[102,134],[102,135],[102,136],[102,137],[102,138]],"ID":7},{"def":[],"use":[],"callees":[],"nodes":["CompoundStmt","GotoStmt","ReturnVoidStmt"],"edges":[[0,1],[0,2]],"ID":8},{"def":["r2","$r7","$r8"],"use":["@caughtexception","r0.\u003corg.apache.xml.serialize.Printer: java.io.IOException _exception\u003e","$r7","$r8","r0"],"callees":[],"nodes":["CompoundStmt","DefinitionStmt","DefinitionStmt","DefinitionStmt","IfStmt","Local","CaughtException","Local","Local","Local","InstanceFieldRef","BinaryOp","RefType","RefType","RefType","RefType","RefType","RefType","Local","RefType","Local"," !\u003d ","Constant","java","io","I","O","Exception","java","lang","Throwable","java","io","I","O","Exception","java","io","I","O","Exception","java","io","I","O","Exception","java","io","I","O","Exception","RefType","java","io","I","O","Exception","RefType","Null","org","apache","xml","serialize","Printer","java","io","I","O","Exception"],"edges":[[0,1],[0,2],[0,3],[0,4],[1,5],[1,6],[2,7],[2,8],[3,9],[3,10],[4,11],[5,12],[6,13],[7,14],[8,15],[9,16],[10,17],[10,18],[10,19],[11,20],[11,21],[11,22],[12,23],[12,24],[12,25],[12,26],[12,27],[13,28],[13,29],[13,30],[14,31],[14,32],[14,33],[14,34],[14,35],[15,36],[15,37],[15,38],[15,39],[15,40],[16,41],[16,42],[16,43],[16,44],[16,45],[17,46],[17,47],[17,48],[17,49],[17,50],[18,51],[19,52],[19,53],[19,54],[19,55],[19,56],[20,57],[22,58],[51,59],[51,60],[51,61],[51,62],[51,63],[57,64],[57,65],[57,66],[57,67],[57,68]],"ID":9},{"def":["r0.\u003corg.apache.xml.serialize.Printer: java.io.IOException _exception\u003e"],"use":["r2","r0"],"callees":[],"nodes":["CompoundStmt","DefinitionStmt","InstanceFieldRef","Local","RefType","Local","RefType","RefType","java","io","I","O","Exception","RefType","java","io","I","O","Exception","java","io","I","O","Exception","org","apache","xml","serialize","Printer"],"edges":[[0,1],[1,2],[1,3],[2,4],[2,5],[2,6],[3,7],[4,8],[4,9],[4,10],[4,11],[4,12],[5,13],[6,14],[6,15],[6,16],[6,17],[6,18],[7,19],[7,20],[7,21],[7,22],[7,23],[13,24],[13,25],[13,26],[13,27],[13,28]],"ID":10}],"edgeSet":[[6,9,5],[10,8,0],[9,8,2],[7,4,2],[8,1,0],[3,7,0],[0,2,0],[2,9,5],[2,3,0],[3,9,5],[4,7,2],[5,6,0],[6,7,0],[4,5,1],[7,8,1],[9,10,1],[5,9,5]],"ENTRY":{"def":[],"use":[],"callees":[],"nodes":["CompoundStmt"],"edges":[],"ID":0},"EXIT":{"def":[],"use":[],"callees":[],"nodes":["CompoundStmt"],"edges":[],"ID":1},"method_name":"printText"},{"blocks":[{"def":[],"use":[],"callees":[],"nodes":["CompoundStmt"],"edges":[],"ID":0},{"def":[],"use":[],"callees":[],"nodes":["CompoundStmt"],"edges":[],"ID":1},{"def":["i0","r0"],"use":["@this: org.apache.xml.serialize.Printer","@parameter0: int"],"callees":[],"nodes":["CompoundStmt","DefinitionStmt","DefinitionStmt","ReturnVoidStmt","Local","ThisRef","Local","Param","RefType","RefType","Int","Int","org","apache","xml","serialize","Printer","org","apache","xml","serialize","Printer"],"edges":[[0,1],[0,2],[0,3],[1,4],[1,5],[2,6],[2,7],[4,8],[5,9],[6,10],[7,11],[8,12],[8,13],[8,14],[8,15],[8,16],[9,17],[9,18],[9,19],[9,20],[9,21]],"ID":2}],"edgeSet":[[0,2,0],[2,1,0]],"ENTRY":{"def":[],"use":[],"callees":[],"nodes":["CompoundStmt"],"edges":[],"ID":0},"EXIT":{"def":[],"use":[],"callees":[],"nodes":["CompoundStmt"],"edges":[],"ID":1},"method_name":"setNextIndent"},{"blocks":[{"def":[],"use":[],"callees":[],"nodes":["CompoundStmt"],"edges":[],"ID":0},{"def":[],"use":[],"callees":[],"nodes":["CompoundStmt"],"edges":[],"ID":1},{"def":["i0","r0"],"use":["@this: org.apache.xml.serialize.Printer","@parameter0: int"],"callees":[],"nodes":["CompoundStmt","DefinitionStmt","DefinitionStmt","ReturnVoidStmt","Local","ThisRef","Local","Param","RefType","RefType","Int","Int","org","apache","xml","serialize","Printer","org","apache","xml","serialize","Printer"],"edges":[[0,1],[0,2],[0,3],[1,4],[1,5],[2,6],[2,7],[4,8],[5,9],[6,10],[7,11],[8,12],[8,13],[8,14],[8,15],[8,16],[9,17],[9,18],[9,19],[9,20],[9,21]],"ID":2}],"edgeSet":[[0,2,0],[2,1,0]],"ENTRY":{"def":[],"use":[],"callees":[],"nodes":["CompoundStmt"],"edges":[],"ID":0},"EXIT":{"def":[],"use":[],"callees":[],"nodes":["CompoundStmt"],"edges":[],"ID":1},"method_name":"setThisIndent"},{"blocks":[{"def":[],"use":[],"callees":[],"nodes":["CompoundStmt"],"edges":[],"ID":0},{"def":[],"use":[],"callees":[],"nodes":["CompoundStmt"],"edges":[],"ID":1},{"def":["r0"],"use":["@this: org.apache.xml.serialize.Printer"],"callees":[],"nodes":["CompoundStmt","DefinitionStmt","ReturnVoidStmt","Local","ThisRef","RefType","RefType","org","apache","xml","serialize","Printer","org","apache","xml","serialize","Printer"],"edges":[[0,1],[0,2],[1,3],[1,4],[3,5],[4,6],[5,7],[5,8],[5,9],[5,10],[5,11],[6,12],[6,13],[6,14],[6,15],[6,16]],"ID":2}],"edgeSet":[[0,2,0],[2,1,0]],"ENTRY":{"def":[],"use":[],"callees":[],"nodes":["CompoundStmt"],"edges":[],"ID":0},"EXIT":{"def":[],"use":[],"callees":[],"nodes":["CompoundStmt"],"edges":[],"ID":1},"method_name":"unindent"}],"label":"0"}