{"data":[{"blocks":[{"def":[],"use":[],"callees":[],"nodes":["CompoundStmt"],"edges":[],"ID":0},{"def":[],"use":[],"callees":[],"nodes":["CompoundStmt"],"edges":[],"ID":1},{"def":["z0","r0"],"use":["@this: org.apache.xerces.dom.NodeImpl","z0","@parameter0: boolean"],"callees":[],"nodes":["CompoundStmt","DefinitionStmt","DefinitionStmt","IfStmt","Local","ThisRef","Local","Param","BinaryOp","RefType","RefType","Boolean","Boolean","Local"," \u003d\u003d ","Constant","org","apache","xerces","dom","Node","Impl","org","apache","xerces","dom","Node","Impl","Boolean","0","Int"],"edges":[[0,1],[0,2],[0,3],[1,4],[1,5],[2,6],[2,7],[3,8],[4,9],[5,10],[6,11],[7,12],[8,13],[8,14],[8,15],[9,16],[9,17],[9,18],[9,19],[9,20],[9,21],[10,22],[10,23],[10,24],[10,25],[10,26],[10,27],[13,28],[15,29],[15,30]],"ID":2},{"def":["r0.\u003corg.apache.xerces.dom.NodeImpl: short flags\u003e","$s1","$s2","$s3"],"use":["r0.\u003corg.apache.xerces.dom.NodeImpl: short flags\u003e","$s1","$s2","$s3","r0"],"callees":[],"nodes":["CompoundStmt","DefinitionStmt","DefinitionStmt","GotoStmt","DefinitionStmt","DefinitionStmt","ReturnVoidStmt","Local","InstanceFieldRef","Local","BinaryOp","Local","CastExpr","InstanceFieldRef","Local","Short","Short","Local","Short","Short","Local"," | ","Constant","Short","Short","Short","Local","Short","Local","Short","Short","RefType","Short","2","Int","Short","RefType","org","apache","xerces","dom","Node","Impl","org","apache","xerces","dom","Node","Impl"],"edges":[[0,1],[0,2],[0,3],[0,4],[0,5],[0,6],[1,7],[1,8],[2,9],[2,10],[4,11],[4,12],[5,13],[5,14],[7,15],[8,16],[8,17],[8,18],[9,19],[10,20],[10,21],[10,22],[11,23],[12,24],[12,25],[12,26],[13,27],[13,28],[13,29],[14,30],[17,31],[20,32],[22,33],[22,34],[26,35],[28,36],[31,37],[31,38],[31,39],[31,40],[31,41],[31,42],[36,43],[36,44],[36,45],[36,46],[36,47],[36,48]],"ID":3},{"def":["$s0","$s3"],"use":["r0.\u003corg.apache.xerces.dom.NodeImpl: short flags\u003e","$s0","r0"],"callees":[],"nodes":["CompoundStmt","DefinitionStmt","DefinitionStmt","Local","InstanceFieldRef","Local","BinaryOp","Short","Short","Local","Short","Short","Local"," \u0026 ","Constant","RefType","Short","-","3","Int","org","apache","xerces","dom","Node","Impl"],"edges":[[0,1],[0,2],[1,3],[1,4],[2,5],[2,6],[3,7],[4,8],[4,9],[4,10],[5,11],[6,12],[6,13],[6,14],[9,15],[12,16],[14,17],[14,18],[14,19],[15,20],[15,21],[15,22],[15,23],[15,24],[15,25]],"ID":4}],"edgeSet":[[3,1,0],[0,2,0],[2,3,1],[2,4,2],[4,3,0]],"ENTRY":{"def":[],"use":[],"callees":[],"nodes":["CompoundStmt"],"edges":[],"ID":0},"EXIT":{"def":[],"use":[],"callees":[],"nodes":["CompoundStmt"],"edges":[],"ID":1},"method_name":"needsSyncData"},{"blocks":[{"def":[],"use":[],"callees":[],"nodes":["CompoundStmt"],"edges":[],"ID":0},{"def":[],"use":[],"callees":[],"nodes":["CompoundStmt"],"edges":[],"ID":1},{"def":["z0","r0"],"use":["@this: org.apache.xerces.dom.NodeImpl","z0","@parameter0: boolean"],"callees":[],"nodes":["CompoundStmt","DefinitionStmt","DefinitionStmt","IfStmt","Local","ThisRef","Local","Param","BinaryOp","RefType","RefType","Boolean","Boolean","Local"," \u003d\u003d ","Constant","org","apache","xerces","dom","Node","Impl","org","apache","xerces","dom","Node","Impl","Boolean","0","Int"],"edges":[[0,1],[0,2],[0,3],[1,4],[1,5],[2,6],[2,7],[3,8],[4,9],[5,10],[6,11],[7,12],[8,13],[8,14],[8,15],[9,16],[9,17],[9,18],[9,19],[9,20],[9,21],[10,22],[10,23],[10,24],[10,25],[10,26],[10,27],[13,28],[15,29],[15,30]],"ID":2},{"def":["r0.\u003corg.apache.xerces.dom.NodeImpl: short flags\u003e","$s1","$s2","$s3"],"use":["r0.\u003corg.apache.xerces.dom.NodeImpl: short flags\u003e","$s1","$s2","$s3","r0"],"callees":[],"nodes":["CompoundStmt","DefinitionStmt","DefinitionStmt","GotoStmt","DefinitionStmt","DefinitionStmt","ReturnVoidStmt","Local","InstanceFieldRef","Local","BinaryOp","Local","CastExpr","InstanceFieldRef","Local","Short","Short","Local","Short","Short","Local"," | ","Constant","Short","Short","Short","Local","Short","Local","Short","Short","RefType","Short","4","Int","Short","RefType","org","apache","xerces","dom","Node","Impl","org","apache","xerces","dom","Node","Impl"],"edges":[[0,1],[0,2],[0,3],[0,4],[0,5],[0,6],[1,7],[1,8],[2,9],[2,10],[4,11],[4,12],[5,13],[5,14],[7,15],[8,16],[8,17],[8,18],[9,19],[10,20],[10,21],[10,22],[11,23],[12,24],[12,25],[12,26],[13,27],[13,28],[13,29],[14,30],[17,31],[20,32],[22,33],[22,34],[26,35],[28,36],[31,37],[31,38],[31,39],[31,40],[31,41],[31,42],[36,43],[36,44],[36,45],[36,46],[36,47],[36,48]],"ID":3},{"def":["$s0","$s3"],"use":["r0.\u003corg.apache.xerces.dom.NodeImpl: short flags\u003e","$s0","r0"],"callees":[],"nodes":["CompoundStmt","DefinitionStmt","DefinitionStmt","Local","InstanceFieldRef","Local","BinaryOp","Short","Short","Local","Short","Short","Local"," \u0026 ","Constant","RefType","Short","-","5","Int","org","apache","xerces","dom","Node","Impl"],"edges":[[0,1],[0,2],[1,3],[1,4],[2,5],[2,6],[3,7],[4,8],[4,9],[4,10],[5,11],[6,12],[6,13],[6,14],[9,15],[12,16],[14,17],[14,18],[14,19],[15,20],[15,21],[15,22],[15,23],[15,24],[15,25]],"ID":4}],"edgeSet":[[3,1,0],[0,2,0],[2,3,1],[2,4,2],[4,3,0]],"ENTRY":{"def":[],"use":[],"callees":[],"nodes":["CompoundStmt"],"edges":[],"ID":0},"EXIT":{"def":[],"use":[],"callees":[],"nodes":["CompoundStmt"],"edges":[],"ID":1},"method_name":"needsSyncChildren"},{"blocks":[{"def":[],"use":[],"callees":[],"nodes":["CompoundStmt"],"edges":[],"ID":0},{"def":[],"use":[],"callees":[],"nodes":["CompoundStmt"],"edges":[],"ID":1},{"def":["r0.\u003corg.apache.xerces.dom.DeferredAttrImpl: int fNodeIndex\u003e","i0","r0","r1"],"use":["@parameter0: org.apache.xerces.dom.DeferredDocumentImpl","@this: org.apache.xerces.dom.DeferredAttrImpl","i0","@parameter1: int","r0","r1"],"callees":["needsSyncChildren","needsSyncData","\u003cinit\u003e"],"nodes":["CompoundStmt","DefinitionStmt","DefinitionStmt","DefinitionStmt","Invoke","DefinitionStmt","Invoke","Invoke","ReturnVoidStmt","Local","ThisRef","Local","Param","Local","Param","InstanceFieldRef","Local","RefType","RefType","RefType","RefType","Int","Int","Int","Local","Int","Int","org","apache","xerces","dom","Deferred","Attr","Impl","org","apache","xerces","dom","Deferred","Attr","Impl","org","apache","xerces","dom","Deferred","Document","Impl","org","apache","xerces","dom","Deferred","Document","Impl","RefType","org","apache","xerces","dom","Deferred","Attr","Impl"],"edges":[[0,1],[0,2],[0,3],[0,4],[0,5],[0,6],[0,7],[0,8],[1,9],[1,10],[2,11],[2,12],[3,13],[3,14],[5,15],[5,16],[9,17],[10,18],[11,19],[12,20],[13,21],[14,22],[15,23],[15,24],[15,25],[16,26],[17,27],[17,28],[17,29],[17,30],[17,31],[17,32],[17,33],[18,34],[18,35],[18,36],[18,37],[18,38],[18,39],[18,40],[19,41],[19,42],[19,43],[19,44],[19,45],[19,46],[19,47],[20,48],[20,49],[20,50],[20,51],[20,52],[20,53],[20,54],[24,55],[55,56],[55,57],[55,58],[55,59],[55,60],[55,61],[55,62]],"ID":2}],"edgeSet":[[0,2,0],[2,1,0]],"ENTRY":{"def":[],"use":[],"callees":[],"nodes":["CompoundStmt"],"edges":[],"ID":0},"EXIT":{"def":[],"use":[],"callees":[],"nodes":["CompoundStmt"],"edges":[],"ID":1},"method_name":"\u003cinit\u003e"},{"blocks":[{"def":[],"use":[],"callees":[],"nodes":["CompoundStmt"],"edges":[],"ID":0},{"def":[],"use":[],"callees":[],"nodes":["CompoundStmt"],"edges":[],"ID":1},{"def":["$i0","r0"],"use":["@this: org.apache.xerces.dom.DeferredAttrImpl","r0.\u003corg.apache.xerces.dom.DeferredAttrImpl: int fNodeIndex\u003e","$i0","r0"],"callees":[],"nodes":["CompoundStmt","DefinitionStmt","DefinitionStmt","ReturnStmt","Local","ThisRef","Local","InstanceFieldRef","Local","RefType","RefType","Int","Int","Local","Int","Int","org","apache","xerces","dom","Deferred","Attr","Impl","org","apache","xerces","dom","Deferred","Attr","Impl","RefType","org","apache","xerces","dom","Deferred","Attr","Impl"],"edges":[[0,1],[0,2],[0,3],[1,4],[1,5],[2,6],[2,7],[3,8],[4,9],[5,10],[6,11],[7,12],[7,13],[7,14],[8,15],[9,16],[9,17],[9,18],[9,19],[9,20],[9,21],[9,22],[10,23],[10,24],[10,25],[10,26],[10,27],[10,28],[10,29],[13,30],[30,31],[30,32],[30,33],[30,34],[30,35],[30,36],[30,37]],"ID":2}],"edgeSet":[[0,2,0],[2,1,0]],"ENTRY":{"def":[],"use":[],"callees":[],"nodes":["CompoundStmt"],"edges":[],"ID":0},"EXIT":{"def":[],"use":[],"callees":[],"nodes":["CompoundStmt"],"edges":[],"ID":1},"method_name":"getNodeIndex"},{"blocks":[{"def":[],"use":[],"callees":[],"nodes":["CompoundStmt"],"edges":[],"ID":0},{"def":[],"use":[],"callees":[],"nodes":["CompoundStmt"],"edges":[],"ID":1},{"def":["$i0","r0"],"use":["@this: org.apache.xerces.dom.DeferredAttrImpl","r0.\u003corg.apache.xerces.dom.DeferredAttrImpl: int fNodeIndex\u003e","$i0","r0"],"callees":["synchronizeChildren"],"nodes":["CompoundStmt","DefinitionStmt","DefinitionStmt","Invoke","ReturnVoidStmt","Local","ThisRef","Local","InstanceFieldRef","RefType","RefType","Int","Int","Local","Int","org","apache","xerces","dom","Deferred","Attr","Impl","org","apache","xerces","dom","Deferred","Attr","Impl","RefType","org","apache","xerces","dom","Deferred","Attr","Impl"],"edges":[[0,1],[0,2],[0,3],[0,4],[1,5],[1,6],[2,7],[2,8],[5,9],[6,10],[7,11],[8,12],[8,13],[8,14],[9,15],[9,16],[9,17],[9,18],[9,19],[9,20],[9,21],[10,22],[10,23],[10,24],[10,25],[10,26],[10,27],[10,28],[13,29],[29,30],[29,31],[29,32],[29,33],[29,34],[29,35],[29,36]],"ID":2}],"edgeSet":[[0,2,0],[2,1,0]],"ENTRY":{"def":[],"use":[],"callees":[],"nodes":["CompoundStmt"],"edges":[],"ID":0},"EXIT":{"def":[],"use":[],"callees":[],"nodes":["CompoundStmt"],"edges":[],"ID":1},"method_name":"synchronizeChildren"},{"blocks":[{"def":[],"use":[],"callees":[],"nodes":["CompoundStmt"],"edges":[],"ID":0},{"def":[],"use":[],"callees":[],"nodes":["CompoundStmt"],"edges":[],"ID":1},{"def":["i0","$i1","r0"],"use":["i0","@parameter0: int","$i1","@this: org.apache.xerces.dom.DeferredDocumentImpl","r0"],"callees":["getNodeName"],"nodes":["CompoundStmt","DefinitionStmt","DefinitionStmt","DefinitionStmt","ReturnStmt","Local","ThisRef","Local","Param","Local","Invoke","Local","RefType","RefType","Int","Int","Int","Int","org","apache","xerces","dom","Deferred","Document","Impl","org","apache","xerces","dom","Deferred","Document","Impl"],"edges":[[0,1],[0,2],[0,3],[0,4],[1,5],[1,6],[2,7],[2,8],[3,9],[3,10],[4,11],[5,12],[6,13],[7,14],[8,15],[9,16],[11,17],[12,18],[12,19],[12,20],[12,21],[12,22],[12,23],[12,24],[13,25],[13,26],[13,27],[13,28],[13,29],[13,30],[13,31]],"ID":2}],"edgeSet":[[0,2,0],[2,1,0]],"ENTRY":{"def":[],"use":[],"callees":[],"nodes":["CompoundStmt"],"edges":[],"ID":0},"EXIT":{"def":[],"use":[],"callees":[],"nodes":["CompoundStmt"],"edges":[],"ID":1},"method_name":"getNodeName"},{"blocks":[{"def":[],"use":[],"callees":[],"nodes":["CompoundStmt"],"edges":[],"ID":0},{"def":[],"use":[],"callees":[],"nodes":["CompoundStmt"],"edges":[],"ID":1},{"def":["$r1","r0"],"use":["$r1","r0.\u003corg.apache.xerces.dom.DeferredDocumentImpl: org.apache.xerces.utils.StringPool fStringPool\u003e","@this: org.apache.xerces.dom.DeferredDocumentImpl","r0"],"callees":[],"nodes":["CompoundStmt","DefinitionStmt","DefinitionStmt","ReturnStmt","Local","ThisRef","Local","InstanceFieldRef","Local","RefType","RefType","RefType","RefType","Local","RefType","RefType","org","apache","xerces","dom","Deferred","Document","Impl","org","apache","xerces","dom","Deferred","Document","Impl","org","apache","xerces","utils","String","Pool","org","apache","xerces","utils","String","Pool","RefType","org","apache","xerces","utils","String","Pool","org","apache","xerces","utils","String","Pool","org","apache","xerces","dom","Deferred","Document","Impl"],"edges":[[0,1],[0,2],[0,3],[1,4],[1,5],[2,6],[2,7],[3,8],[4,9],[5,10],[6,11],[7,12],[7,13],[7,14],[8,15],[9,16],[9,17],[9,18],[9,19],[9,20],[9,21],[9,22],[10,23],[10,24],[10,25],[10,26],[10,27],[10,28],[10,29],[11,30],[11,31],[11,32],[11,33],[11,34],[11,35],[12,36],[12,37],[12,38],[12,39],[12,40],[12,41],[13,42],[14,43],[14,44],[14,45],[14,46],[14,47],[14,48],[15,49],[15,50],[15,51],[15,52],[15,53],[15,54],[42,55],[42,56],[42,57],[42,58],[42,59],[42,60],[42,61]],"ID":2}],"edgeSet":[[0,2,0],[2,1,0]],"ENTRY":{"def":[],"use":[],"callees":[],"nodes":["CompoundStmt"],"edges":[],"ID":0},"EXIT":{"def":[],"use":[],"callees":[],"nodes":["CompoundStmt"],"edges":[],"ID":1},"method_name":"getStringPool"},{"blocks":[{"def":[],"use":[],"callees":[],"nodes":["CompoundStmt"],"edges":[],"ID":0},{"def":[],"use":[],"callees":[],"nodes":["CompoundStmt"],"edges":[],"ID":1},{"def":["i0","$i1","r0"],"use":["i0","@parameter0: int","$i1","@this: org.apache.xerces.dom.DeferredDocumentImpl","r0"],"callees":["getNodeValue"],"nodes":["CompoundStmt","DefinitionStmt","DefinitionStmt","DefinitionStmt","ReturnStmt","Local","ThisRef","Local","Param","Local","Invoke","Local","RefType","RefType","Int","Int","Int","Int","org","apache","xerces","dom","Deferred","Document","Impl","org","apache","xerces","dom","Deferred","Document","Impl"],"edges":[[0,1],[0,2],[0,3],[0,4],[1,5],[1,6],[2,7],[2,8],[3,9],[3,10],[4,11],[5,12],[6,13],[7,14],[8,15],[9,16],[11,17],[12,18],[12,19],[12,20],[12,21],[12,22],[12,23],[12,24],[13,25],[13,26],[13,27],[13,28],[13,29],[13,30],[13,31]],"ID":2}],"edgeSet":[[0,2,0],[2,1,0]],"ENTRY":{"def":[],"use":[],"callees":[],"nodes":["CompoundStmt"],"edges":[],"ID":0},"EXIT":{"def":[],"use":[],"callees":[],"nodes":["CompoundStmt"],"edges":[],"ID":1},"method_name":"getNodeValue"},{"blocks":[{"def":[],"use":[],"callees":[],"nodes":["CompoundStmt"],"edges":[],"ID":0},{"def":[],"use":[],"callees":[],"nodes":["CompoundStmt"],"edges":[],"ID":1},{"def":["z0","r0"],"use":["@this: org.apache.xerces.dom.NodeImpl","z0","@parameter0: boolean"],"callees":[],"nodes":["CompoundStmt","DefinitionStmt","DefinitionStmt","IfStmt","Local","ThisRef","Local","Param","BinaryOp","RefType","RefType","Boolean","Boolean","Local"," \u003d\u003d ","Constant","org","apache","xerces","dom","Node","Impl","org","apache","xerces","dom","Node","Impl","Boolean","0","Int"],"edges":[[0,1],[0,2],[0,3],[1,4],[1,5],[2,6],[2,7],[3,8],[4,9],[5,10],[6,11],[7,12],[8,13],[8,14],[8,15],[9,16],[9,17],[9,18],[9,19],[9,20],[9,21],[10,22],[10,23],[10,24],[10,25],[10,26],[10,27],[13,28],[15,29],[15,30]],"ID":2},{"def":["r0.\u003corg.apache.xerces.dom.NodeImpl: short flags\u003e","$s1","$s2","$s3"],"use":["r0.\u003corg.apache.xerces.dom.NodeImpl: short flags\u003e","$s1","$s2","$s3","r0"],"callees":[],"nodes":["CompoundStmt","DefinitionStmt","DefinitionStmt","GotoStmt","DefinitionStmt","DefinitionStmt","ReturnVoidStmt","Local","InstanceFieldRef","Local","BinaryOp","Local","CastExpr","InstanceFieldRef","Local","Short","Short","Local","Short","Short","Local"," | ","Constant","Short","Short","Short","Local","Short","Local","Short","Short","RefType","Short","3","2","Int","Short","RefType","org","apache","xerces","dom","Node","Impl","org","apache","xerces","dom","Node","Impl"],"edges":[[0,1],[0,2],[0,3],[0,4],[0,5],[0,6],[1,7],[1,8],[2,9],[2,10],[4,11],[4,12],[5,13],[5,14],[7,15],[8,16],[8,17],[8,18],[9,19],[10,20],[10,21],[10,22],[11,23],[12,24],[12,25],[12,26],[13,27],[13,28],[13,29],[14,30],[17,31],[20,32],[22,33],[22,34],[22,35],[26,36],[28,37],[31,38],[31,39],[31,40],[31,41],[31,42],[31,43],[37,44],[37,45],[37,46],[37,47],[37,48],[37,49]],"ID":3},{"def":["$s0","$s3"],"use":["r0.\u003corg.apache.xerces.dom.NodeImpl: short flags\u003e","$s0","r0"],"callees":[],"nodes":["CompoundStmt","DefinitionStmt","DefinitionStmt","Local","InstanceFieldRef","Local","BinaryOp","Short","Short","Local","Short","Short","Local"," \u0026 ","Constant","RefType","Short","-","3","3","Int","org","apache","xerces","dom","Node","Impl"],"edges":[[0,1],[0,2],[1,3],[1,4],[2,5],[2,6],[3,7],[4,8],[4,9],[4,10],[5,11],[6,12],[6,13],[6,14],[9,15],[12,16],[14,17],[14,18],[14,19],[14,20],[15,21],[15,22],[15,23],[15,24],[15,25],[15,26]],"ID":4}],"edgeSet":[[3,1,0],[0,2,0],[2,3,1],[2,4,2],[4,3,0]],"ENTRY":{"def":[],"use":[],"callees":[],"nodes":["CompoundStmt"],"edges":[],"ID":0},"EXIT":{"def":[],"use":[],"callees":[],"nodes":["CompoundStmt"],"edges":[],"ID":1},"method_name":"isSpecified"},{"blocks":[{"def":[],"use":[],"callees":[],"nodes":["CompoundStmt"],"edges":[],"ID":0},{"def":[],"use":[],"callees":[],"nodes":["CompoundStmt"],"edges":[],"ID":1},{"def":["r2","r0.\u003corg.apache.xerces.dom.AttrImpl: java.lang.String name\u003e","$r3","$r4","i0","$i1","$i2","r0","$i3","r1"],"use":["r2","r0.\u003corg.apache.xerces.dom.ParentNode: org.apache.xerces.dom.DocumentImpl ownerDocument\u003e","@this: org.apache.xerces.dom.DeferredAttrImpl","r0.\u003corg.apache.xerces.dom.DeferredAttrImpl: int fNodeIndex\u003e","$r3","$r4","i0","$i1","$i2","r0","$i3","r1"],"callees":["getNodeValue","needsSyncData","getStringPool","getNodeName"],"nodes":["CompoundStmt","DefinitionStmt","Invoke","DefinitionStmt","DefinitionStmt","DefinitionStmt","DefinitionStmt","DefinitionStmt","DefinitionStmt","DefinitionStmt","DefinitionStmt","DefinitionStmt","IfStmt","Local","ThisRef","Local","InstanceFieldRef","Local","CastExpr","Local","InstanceFieldRef","Local","Invoke","Local","Invoke","Local","Invoke","InstanceFieldRef","Local","Local","InstanceFieldRef","Local","Invoke","BinaryOp","RefType","RefType","RefType","RefType","Local","RefType","RefType","RefType","RefType","Local","Int","Int","Local","Int","Int","RefType","RefType","RefType","Local","RefType","RefType","Int","Int","Local","Int","Int","Local"," \u003d\u003d ","Constant","org","apache","xerces","dom","Deferred","Attr","Impl","org","apache","xerces","dom","Deferred","Attr","Impl","org","apache","xerces","dom","Document","Impl","org","apache","xerces","dom","Document","Impl","RefType","org","apache","xerces","dom","Document","Impl","org","apache","xerces","dom","Deferred","Document","Impl","org","apache","xerces","dom","Deferred","Document","Impl","org","apache","xerces","dom","Deferred","Document","Impl","RefType","RefType","org","apache","xerces","utils","String","Pool","java","lang","String","java","lang","String","RefType","java","lang","String","java","lang","String","RefType","Int","1","Int","org","apache","xerces","dom","Deferred","Attr","Impl","org","apache","xerces","dom","Document","Impl","org","apache","xerces","dom","Deferred","Attr","Impl","org","apache","xerces","dom","Deferred","Attr","Impl","org","apache","xerces","dom","Deferred","Attr","Impl"],"edges":[[0,1],[0,2],[0,3],[0,4],[0,5],[0,6],[0,7],[0,8],[0,9],[0,10],[0,11],[0,12],[1,13],[1,14],[3,15],[3,16],[4,17],[4,18],[5,19],[5,20],[6,21],[6,22],[7,23],[7,24],[8,25],[8,26],[9,27],[9,28],[10,29],[10,30],[11,31],[11,32],[12,33],[13,34],[14,35],[15,36],[16,37],[16,38],[16,39],[17,40],[18,41],[18,42],[18,43],[19,44],[20,45],[20,46],[20,47],[21,48],[23,49],[25,50],[27,51],[27,52],[27,53],[28,54],[29,55],[30,56],[30,57],[30,58],[31,59],[33,60],[33,61],[33,62],[34,63],[34,64],[34,65],[34,66],[34,67],[34,68],[34,69],[35,70],[35,71],[35,72],[35,73],[35,74],[35,75],[35,76],[36,77],[36,78],[36,79],[36,80],[36,81],[36,82],[37,83],[37,84],[37,85],[37,86],[37,87],[37,88],[38,89],[39,90],[39,91],[39,92],[39,93],[39,94],[39,95],[40,96],[40,97],[40,98],[40,99],[40,100],[40,101],[40,102],[41,103],[41,104],[41,105],[41,106],[41,107],[41,108],[41,109],[42,110],[42,111],[42,112],[42,113],[42,114],[42,115],[42,116],[43,117],[46,118],[49,119],[49,120],[49,121],[49,122],[49,123],[49,124],[50,125],[50,126],[50,127],[51,128],[51,129],[51,130],[52,131],[53,132],[53,133],[53,134],[54,135],[54,136],[54,137],[57,138],[60,139],[62,140],[62,141],[89,142],[89,143],[89,144],[89,145],[89,146],[89,147],[89,148],[117,149],[117,150],[117,151],[117,152],[117,153],[117,154],[118,155],[118,156],[118,157],[118,158],[118,159],[118,160],[118,161],[131,162],[131,163],[131,164],[131,165],[131,166],[131,167],[131,168],[138,169],[138,170],[138,171],[138,172],[138,173],[138,174],[138,175]],"ID":2},{"def":["$z0"],"use":["$z0","r0"],"callees":["isSpecified"],"nodes":["CompoundStmt","DefinitionStmt","GotoStmt","Invoke","ReturnVoidStmt","Local","Constant","Boolean","0","Int"],"edges":[[0,1],[0,2],[0,3],[0,4],[1,5],[1,6],[5,7],[6,8],[6,9]],"ID":3},{"def":["$z0"],"use":[],"callees":[],"nodes":["CompoundStmt","DefinitionStmt","Local","Constant","Boolean","1","Int"],"edges":[[0,1],[1,2],[1,3],[2,4],[3,5],[3,6]],"ID":4}],"edgeSet":[[3,1,0],[0,2,0],[2,3,1],[2,4,2],[4,3,0]],"ENTRY":{"def":[],"use":[],"callees":[],"nodes":["CompoundStmt"],"edges":[],"ID":0},"EXIT":{"def":[],"use":[],"callees":[],"nodes":["CompoundStmt"],"edges":[],"ID":1},"method_name":"synchronizeData"}],"label":"0"}