{"data":[{"blocks":[{"def":[],"use":[],"callees":[],"nodes":["CompoundStmt"],"edges":[],"ID":0},{"def":[],"use":[],"callees":[],"nodes":["CompoundStmt"],"edges":[],"ID":1},{"def":["z0","r0"],"use":["@this: org.apache.xerces.dom.NodeImpl","z0","@parameter0: boolean"],"callees":[],"nodes":["CompoundStmt","DefinitionStmt","DefinitionStmt","IfStmt","Local","ThisRef","Local","Param","BinaryOp","RefType","RefType","Boolean","Boolean","Local"," \u003d\u003d ","Constant","org","apache","xerces","dom","Node","Impl","org","apache","xerces","dom","Node","Impl","Boolean","0","Int"],"edges":[[0,1],[0,2],[0,3],[1,4],[1,5],[2,6],[2,7],[3,8],[4,9],[5,10],[6,11],[7,12],[8,13],[8,14],[8,15],[9,16],[9,17],[9,18],[9,19],[9,20],[9,21],[10,22],[10,23],[10,24],[10,25],[10,26],[10,27],[13,28],[15,29],[15,30]],"ID":2},{"def":["r0.\u003corg.apache.xerces.dom.NodeImpl: short flags\u003e","$s1","$s2","$s3"],"use":["r0.\u003corg.apache.xerces.dom.NodeImpl: short flags\u003e","$s1","$s2","$s3","r0"],"callees":[],"nodes":["CompoundStmt","DefinitionStmt","DefinitionStmt","GotoStmt","DefinitionStmt","DefinitionStmt","ReturnVoidStmt","Local","InstanceFieldRef","Local","BinaryOp","Local","CastExpr","InstanceFieldRef","Local","Short","Short","Local","Short","Short","Local"," | ","Constant","Short","Short","Short","Local","Short","Local","Short","Short","RefType","Short","2","Int","Short","RefType","org","apache","xerces","dom","Node","Impl","org","apache","xerces","dom","Node","Impl"],"edges":[[0,1],[0,2],[0,3],[0,4],[0,5],[0,6],[1,7],[1,8],[2,9],[2,10],[4,11],[4,12],[5,13],[5,14],[7,15],[8,16],[8,17],[8,18],[9,19],[10,20],[10,21],[10,22],[11,23],[12,24],[12,25],[12,26],[13,27],[13,28],[13,29],[14,30],[17,31],[20,32],[22,33],[22,34],[26,35],[28,36],[31,37],[31,38],[31,39],[31,40],[31,41],[31,42],[36,43],[36,44],[36,45],[36,46],[36,47],[36,48]],"ID":3},{"def":["$s0","$s3"],"use":["r0.\u003corg.apache.xerces.dom.NodeImpl: short flags\u003e","$s0","r0"],"callees":[],"nodes":["CompoundStmt","DefinitionStmt","DefinitionStmt","Local","InstanceFieldRef","Local","BinaryOp","Short","Short","Local","Short","Short","Local"," \u0026 ","Constant","RefType","Short","-","3","Int","org","apache","xerces","dom","Node","Impl"],"edges":[[0,1],[0,2],[1,3],[1,4],[2,5],[2,6],[3,7],[4,8],[4,9],[4,10],[5,11],[6,12],[6,13],[6,14],[9,15],[12,16],[14,17],[14,18],[14,19],[15,20],[15,21],[15,22],[15,23],[15,24],[15,25]],"ID":4}],"edgeSet":[[3,1,0],[0,2,0],[2,3,1],[2,4,2],[4,3,0]],"ENTRY":{"def":[],"use":[],"callees":[],"nodes":["CompoundStmt"],"edges":[],"ID":0},"EXIT":{"def":[],"use":[],"callees":[],"nodes":["CompoundStmt"],"edges":[],"ID":1},"method_name":"needsSyncData"},{"blocks":[{"def":[],"use":[],"callees":[],"nodes":["CompoundStmt"],"edges":[],"ID":0},{"def":[],"use":[],"callees":[],"nodes":["CompoundStmt"],"edges":[],"ID":1},{"def":["r0.\u003corg.apache.xerces.dom.DeferredTextImpl: int fNodeIndex\u003e","i0","r0","r1"],"use":["@parameter0: org.apache.xerces.dom.DeferredDocumentImpl","i0","@parameter1: int","r0","@this: org.apache.xerces.dom.DeferredTextImpl","r1"],"callees":["needsSyncData","\u003cinit\u003e"],"nodes":["CompoundStmt","DefinitionStmt","DefinitionStmt","DefinitionStmt","Invoke","DefinitionStmt","Invoke","ReturnVoidStmt","Local","ThisRef","Local","Param","Local","Param","InstanceFieldRef","Local","RefType","RefType","RefType","RefType","Int","Int","Int","Local","Int","Int","org","apache","xerces","dom","Deferred","Text","Impl","org","apache","xerces","dom","Deferred","Text","Impl","org","apache","xerces","dom","Deferred","Document","Impl","org","apache","xerces","dom","Deferred","Document","Impl","RefType","org","apache","xerces","dom","Deferred","Text","Impl"],"edges":[[0,1],[0,2],[0,3],[0,4],[0,5],[0,6],[0,7],[1,8],[1,9],[2,10],[2,11],[3,12],[3,13],[5,14],[5,15],[8,16],[9,17],[10,18],[11,19],[12,20],[13,21],[14,22],[14,23],[14,24],[15,25],[16,26],[16,27],[16,28],[16,29],[16,30],[16,31],[16,32],[17,33],[17,34],[17,35],[17,36],[17,37],[17,38],[17,39],[18,40],[18,41],[18,42],[18,43],[18,44],[18,45],[18,46],[19,47],[19,48],[19,49],[19,50],[19,51],[19,52],[19,53],[23,54],[54,55],[54,56],[54,57],[54,58],[54,59],[54,60],[54,61]],"ID":2}],"edgeSet":[[0,2,0],[2,1,0]],"ENTRY":{"def":[],"use":[],"callees":[],"nodes":["CompoundStmt"],"edges":[],"ID":0},"EXIT":{"def":[],"use":[],"callees":[],"nodes":["CompoundStmt"],"edges":[],"ID":1},"method_name":"\u003cinit\u003e"},{"blocks":[{"def":[],"use":[],"callees":[],"nodes":["CompoundStmt"],"edges":[],"ID":0},{"def":[],"use":[],"callees":[],"nodes":["CompoundStmt"],"edges":[],"ID":1},{"def":["$i0","r0"],"use":["r0.\u003corg.apache.xerces.dom.DeferredTextImpl: int fNodeIndex\u003e","$i0","r0","@this: org.apache.xerces.dom.DeferredTextImpl"],"callees":[],"nodes":["CompoundStmt","DefinitionStmt","DefinitionStmt","ReturnStmt","Local","ThisRef","Local","InstanceFieldRef","Local","RefType","RefType","Int","Int","Local","Int","Int","org","apache","xerces","dom","Deferred","Text","Impl","org","apache","xerces","dom","Deferred","Text","Impl","RefType","org","apache","xerces","dom","Deferred","Text","Impl"],"edges":[[0,1],[0,2],[0,3],[1,4],[1,5],[2,6],[2,7],[3,8],[4,9],[5,10],[6,11],[7,12],[7,13],[7,14],[8,15],[9,16],[9,17],[9,18],[9,19],[9,20],[9,21],[9,22],[10,23],[10,24],[10,25],[10,26],[10,27],[10,28],[10,29],[13,30],[30,31],[30,32],[30,33],[30,34],[30,35],[30,36],[30,37]],"ID":2}],"edgeSet":[[0,2,0],[2,1,0]],"ENTRY":{"def":[],"use":[],"callees":[],"nodes":["CompoundStmt"],"edges":[],"ID":0},"EXIT":{"def":[],"use":[],"callees":[],"nodes":["CompoundStmt"],"edges":[],"ID":1},"method_name":"getNodeIndex"},{"blocks":[{"def":[],"use":[],"callees":[],"nodes":["CompoundStmt"],"edges":[],"ID":0},{"def":[],"use":[],"callees":[],"nodes":["CompoundStmt"],"edges":[],"ID":1},{"def":["$s0","$s1","r0"],"use":["r0.\u003corg.apache.xerces.dom.NodeImpl: short flags\u003e","$s0","$s1","@this: org.apache.xerces.dom.NodeImpl","r0"],"callees":[],"nodes":["CompoundStmt","DefinitionStmt","DefinitionStmt","DefinitionStmt","IfStmt","Local","ThisRef","Local","InstanceFieldRef","Local","BinaryOp","BinaryOp","RefType","RefType","Short","Short","Local","Short","Short","Local"," \u0026 ","Constant","Local"," !\u003d ","Constant","org","apache","xerces","dom","Node","Impl","org","apache","xerces","dom","Node","Impl","RefType","Short","8","Int","Short","0","Int","org","apache","xerces","dom","Node","Impl"],"edges":[[0,1],[0,2],[0,3],[0,4],[1,5],[1,6],[2,7],[2,8],[3,9],[3,10],[4,11],[5,12],[6,13],[7,14],[8,15],[8,16],[8,17],[9,18],[10,19],[10,20],[10,21],[11,22],[11,23],[11,24],[12,25],[12,26],[12,27],[12,28],[12,29],[12,30],[13,31],[13,32],[13,33],[13,34],[13,35],[13,36],[16,37],[19,38],[21,39],[21,40],[22,41],[24,42],[24,43],[37,44],[37,45],[37,46],[37,47],[37,48],[37,49]],"ID":2},{"def":["$z0"],"use":["$z0"],"callees":[],"nodes":["CompoundStmt","DefinitionStmt","GotoStmt","ReturnStmt","Local","Constant","Local","Boolean","0","Int","Boolean"],"edges":[[0,1],[0,2],[0,3],[1,4],[1,5],[3,6],[4,7],[5,8],[5,9],[6,10]],"ID":3},{"def":["$z0"],"use":[],"callees":[],"nodes":["CompoundStmt","DefinitionStmt","Local","Constant","Boolean","1","Int"],"edges":[[0,1],[1,2],[1,3],[2,4],[3,5],[3,6]],"ID":4}],"edgeSet":[[3,1,0],[0,2,0],[2,3,1],[2,4,2],[4,3,0]],"ENTRY":{"def":[],"use":[],"callees":[],"nodes":["CompoundStmt"],"edges":[],"ID":0},"EXIT":{"def":[],"use":[],"callees":[],"nodes":["CompoundStmt"],"edges":[],"ID":1},"method_name":"isOwned"},{"blocks":[{"def":[],"use":[],"callees":[],"nodes":["CompoundStmt"],"edges":[],"ID":0},{"def":[],"use":[],"callees":[],"nodes":["CompoundStmt"],"edges":[],"ID":1},{"def":["$z0","r0"],"use":["@this: org.apache.xerces.dom.NodeImpl","$z0","r0"],"callees":["isOwned"],"nodes":["CompoundStmt","DefinitionStmt","DefinitionStmt","IfStmt","Local","ThisRef","Local","Invoke","BinaryOp","RefType","RefType","Boolean","Local"," \u003d\u003d ","Constant","org","apache","xerces","dom","Node","Impl","org","apache","xerces","dom","Node","Impl","Boolean","0","Int"],"edges":[[0,1],[0,2],[0,3],[1,4],[1,5],[2,6],[2,7],[3,8],[4,9],[5,10],[6,11],[8,12],[8,13],[8,14],[9,15],[9,16],[9,17],[9,18],[9,19],[9,20],[10,21],[10,22],[10,23],[10,24],[10,25],[10,26],[12,27],[14,28],[14,29]],"ID":2},{"def":["$r3","$r4"],"use":["r0.\u003corg.apache.xerces.dom.NodeImpl: org.apache.xerces.dom.NodeImpl ownerNode\u003e","$r3","$r4","r0"],"callees":["ownerDocument"],"nodes":["CompoundStmt","DefinitionStmt","DefinitionStmt","ReturnStmt","Local","InstanceFieldRef","Local","Invoke","Local","RefType","RefType","Local","RefType","RefType","RefType","org","apache","xerces","dom","Node","Impl","org","apache","xerces","dom","Node","Impl","RefType","org","apache","xerces","dom","Node","Impl","org","apache","xerces","dom","Document","Impl","org","apache","xerces","dom","Document","Impl","org","apache","xerces","dom","Node","Impl"],"edges":[[0,1],[0,2],[0,3],[1,4],[1,5],[2,6],[2,7],[3,8],[4,9],[5,10],[5,11],[5,12],[6,13],[8,14],[9,15],[9,16],[9,17],[9,18],[9,19],[9,20],[10,21],[10,22],[10,23],[10,24],[10,25],[10,26],[11,27],[12,28],[12,29],[12,30],[12,31],[12,32],[12,33],[13,34],[13,35],[13,36],[13,37],[13,38],[13,39],[14,40],[14,41],[14,42],[14,43],[14,44],[14,45],[27,46],[27,47],[27,48],[27,49],[27,50],[27,51]],"ID":3},{"def":["$r1","$r2"],"use":["r0.\u003corg.apache.xerces.dom.NodeImpl: org.apache.xerces.dom.NodeImpl ownerNode\u003e","$r1","$r2","r0"],"callees":[],"nodes":["CompoundStmt","DefinitionStmt","DefinitionStmt","ReturnStmt","Local","InstanceFieldRef","Local","CastExpr","Local","RefType","RefType","Local","RefType","RefType","RefType","RefType","Local","RefType","org","apache","xerces","dom","Node","Impl","org","apache","xerces","dom","Node","Impl","RefType","org","apache","xerces","dom","Node","Impl","org","apache","xerces","dom","Document","Impl","org","apache","xerces","dom","Document","Impl","org","apache","xerces","dom","Document","Impl","RefType","org","apache","xerces","dom","Document","Impl","org","apache","xerces","dom","Node","Impl","org","apache","xerces","dom","Node","Impl"],"edges":[[0,1],[0,2],[0,3],[1,4],[1,5],[2,6],[2,7],[3,8],[4,9],[5,10],[5,11],[5,12],[6,13],[7,14],[7,15],[7,16],[8,17],[9,18],[9,19],[9,20],[9,21],[9,22],[9,23],[10,24],[10,25],[10,26],[10,27],[10,28],[10,29],[11,30],[12,31],[12,32],[12,33],[12,34],[12,35],[12,36],[13,37],[13,38],[13,39],[13,40],[13,41],[13,42],[14,43],[14,44],[14,45],[14,46],[14,47],[14,48],[15,49],[15,50],[15,51],[15,52],[15,53],[15,54],[16,55],[17,56],[17,57],[17,58],[17,59],[17,60],[17,61],[30,62],[30,63],[30,64],[30,65],[30,66],[30,67],[55,68],[55,69],[55,70],[55,71],[55,72],[55,73]],"ID":4}],"edgeSet":[[3,1,0],[4,1,0],[0,2,0],[2,3,1],[2,4,2]],"ENTRY":{"def":[],"use":[],"callees":[],"nodes":["CompoundStmt"],"edges":[],"ID":0},"EXIT":{"def":[],"use":[],"callees":[],"nodes":["CompoundStmt"],"edges":[],"ID":1},"method_name":"ownerDocument"},{"blocks":[{"def":[],"use":[],"callees":[],"nodes":["CompoundStmt"],"edges":[],"ID":0},{"def":[],"use":[],"callees":[],"nodes":["CompoundStmt"],"edges":[],"ID":1},{"def":["$r1","i0","r0"],"use":["$r1","i0","@parameter0: int","@this: org.apache.xerces.dom.DeferredDocumentImpl","r0"],"callees":["getNodeValueString"],"nodes":["CompoundStmt","DefinitionStmt","DefinitionStmt","DefinitionStmt","ReturnStmt","Local","ThisRef","Local","Param","Local","Invoke","Local","RefType","RefType","Int","Int","RefType","RefType","org","apache","xerces","dom","Deferred","Document","Impl","org","apache","xerces","dom","Deferred","Document","Impl","java","lang","String","java","lang","String"],"edges":[[0,1],[0,2],[0,3],[0,4],[1,5],[1,6],[2,7],[2,8],[3,9],[3,10],[4,11],[5,12],[6,13],[7,14],[8,15],[9,16],[11,17],[12,18],[12,19],[12,20],[12,21],[12,22],[12,23],[12,24],[13,25],[13,26],[13,27],[13,28],[13,29],[13,30],[13,31],[16,32],[16,33],[16,34],[17,35],[17,36],[17,37]],"ID":2}],"edgeSet":[[0,2,0],[2,1,0]],"ENTRY":{"def":[],"use":[],"callees":[],"nodes":["CompoundStmt"],"edges":[],"ID":0},"EXIT":{"def":[],"use":[],"callees":[],"nodes":["CompoundStmt"],"edges":[],"ID":1},"method_name":"getNodeValueString"},{"blocks":[{"def":[],"use":[],"callees":[],"nodes":["CompoundStmt"],"edges":[],"ID":0},{"def":[],"use":[],"callees":[],"nodes":["CompoundStmt"],"edges":[],"ID":1},{"def":["i0","$i1","r0"],"use":["i0","@parameter0: int","$i1","@this: org.apache.xerces.dom.DeferredDocumentImpl","r0"],"callees":["getLastChild"],"nodes":["CompoundStmt","DefinitionStmt","DefinitionStmt","DefinitionStmt","ReturnStmt","Local","ThisRef","Local","Param","Local","Invoke","Local","RefType","RefType","Int","Int","Int","Int","org","apache","xerces","dom","Deferred","Document","Impl","org","apache","xerces","dom","Deferred","Document","Impl"],"edges":[[0,1],[0,2],[0,3],[0,4],[1,5],[1,6],[2,7],[2,8],[3,9],[3,10],[4,11],[5,12],[6,13],[7,14],[8,15],[9,16],[11,17],[12,18],[12,19],[12,20],[12,21],[12,22],[12,23],[12,24],[13,25],[13,26],[13,27],[13,28],[13,29],[13,30],[13,31]],"ID":2}],"edgeSet":[[0,2,0],[2,1,0]],"ENTRY":{"def":[],"use":[],"callees":[],"nodes":["CompoundStmt"],"edges":[],"ID":0},"EXIT":{"def":[],"use":[],"callees":[],"nodes":["CompoundStmt"],"edges":[],"ID":1},"method_name":"getLastChild"},{"blocks":[{"def":[],"use":[],"callees":[],"nodes":["CompoundStmt"],"edges":[],"ID":0},{"def":[],"use":[],"callees":[],"nodes":["CompoundStmt"],"edges":[],"ID":1},{"def":["z0","r0"],"use":["@this: org.apache.xerces.dom.NodeImpl","z0","@parameter0: boolean"],"callees":[],"nodes":["CompoundStmt","DefinitionStmt","DefinitionStmt","IfStmt","Local","ThisRef","Local","Param","BinaryOp","RefType","RefType","Boolean","Boolean","Local"," \u003d\u003d ","Constant","org","apache","xerces","dom","Node","Impl","org","apache","xerces","dom","Node","Impl","Boolean","0","Int"],"edges":[[0,1],[0,2],[0,3],[1,4],[1,5],[2,6],[2,7],[3,8],[4,9],[5,10],[6,11],[7,12],[8,13],[8,14],[8,15],[9,16],[9,17],[9,18],[9,19],[9,20],[9,21],[10,22],[10,23],[10,24],[10,25],[10,26],[10,27],[13,28],[15,29],[15,30]],"ID":2},{"def":["r0.\u003corg.apache.xerces.dom.NodeImpl: short flags\u003e","$s1","$s2","$s3"],"use":["r0.\u003corg.apache.xerces.dom.NodeImpl: short flags\u003e","$s1","$s2","$s3","r0"],"callees":[],"nodes":["CompoundStmt","DefinitionStmt","DefinitionStmt","GotoStmt","DefinitionStmt","DefinitionStmt","ReturnVoidStmt","Local","InstanceFieldRef","Local","BinaryOp","Local","CastExpr","InstanceFieldRef","Local","Short","Short","Local","Short","Short","Local"," | ","Constant","Short","Short","Short","Local","Short","Local","Short","Short","RefType","Short","6","4","Int","Short","RefType","org","apache","xerces","dom","Node","Impl","org","apache","xerces","dom","Node","Impl"],"edges":[[0,1],[0,2],[0,3],[0,4],[0,5],[0,6],[1,7],[1,8],[2,9],[2,10],[4,11],[4,12],[5,13],[5,14],[7,15],[8,16],[8,17],[8,18],[9,19],[10,20],[10,21],[10,22],[11,23],[12,24],[12,25],[12,26],[13,27],[13,28],[13,29],[14,30],[17,31],[20,32],[22,33],[22,34],[22,35],[26,36],[28,37],[31,38],[31,39],[31,40],[31,41],[31,42],[31,43],[37,44],[37,45],[37,46],[37,47],[37,48],[37,49]],"ID":3},{"def":["$s0","$s3"],"use":["r0.\u003corg.apache.xerces.dom.NodeImpl: short flags\u003e","$s0","r0"],"callees":[],"nodes":["CompoundStmt","DefinitionStmt","DefinitionStmt","Local","InstanceFieldRef","Local","BinaryOp","Short","Short","Local","Short","Short","Local"," \u0026 ","Constant","RefType","Short","-","6","5","Int","org","apache","xerces","dom","Node","Impl"],"edges":[[0,1],[0,2],[1,3],[1,4],[2,5],[2,6],[3,7],[4,8],[4,9],[4,10],[5,11],[6,12],[6,13],[6,14],[9,15],[12,16],[14,17],[14,18],[14,19],[14,20],[15,21],[15,22],[15,23],[15,24],[15,25],[15,26]],"ID":4}],"edgeSet":[[3,1,0],[0,2,0],[2,3,1],[2,4,2],[4,3,0]],"ENTRY":{"def":[],"use":[],"callees":[],"nodes":["CompoundStmt"],"edges":[],"ID":0},"EXIT":{"def":[],"use":[],"callees":[],"nodes":["CompoundStmt"],"edges":[],"ID":1},"method_name":"isIgnorableWhitespace"},{"blocks":[{"def":[],"use":[],"callees":[],"nodes":["CompoundStmt"],"edges":[],"ID":0},{"def":[],"use":[],"callees":[],"nodes":["CompoundStmt"],"edges":[],"ID":1},{"def":["$r2","$r3","$i0","$i1","$i2","r0","r0.\u003corg.apache.xerces.dom.CharacterDataImpl: java.lang.String data\u003e","r1"],"use":["r0.\u003corg.apache.xerces.dom.DeferredTextImpl: int fNodeIndex\u003e","$r2","$r3","$i0","$i1","$i2","r0","@this: org.apache.xerces.dom.DeferredTextImpl","r1"],"callees":["getNodeValueString","needsSyncData","ownerDocument","getLastChild"],"nodes":["CompoundStmt","DefinitionStmt","Invoke","DefinitionStmt","DefinitionStmt","DefinitionStmt","DefinitionStmt","DefinitionStmt","DefinitionStmt","DefinitionStmt","IfStmt","Local","ThisRef","Local","Invoke","Local","CastExpr","Local","InstanceFieldRef","Local","Invoke","InstanceFieldRef","Local","Local","InstanceFieldRef","Local","Invoke","BinaryOp","RefType","RefType","RefType","RefType","RefType","RefType","Local","Int","Int","Local","Int","RefType","RefType","Local","RefType","RefType","Int","Int","Local","Int","Int","Local"," \u003d\u003d ","Constant","org","apache","xerces","dom","Deferred","Text","Impl","org","apache","xerces","dom","Deferred","Text","Impl","org","apache","xerces","dom","Document","Impl","org","apache","xerces","dom","Deferred","Document","Impl","org","apache","xerces","dom","Deferred","Document","Impl","org","apache","xerces","dom","Deferred","Document","Impl","RefType","RefType","java","lang","String","java","lang","String","RefType","java","lang","String","java","lang","String","RefType","Int","1","Int","org","apache","xerces","dom","Document","Impl","org","apache","xerces","dom","Deferred","Text","Impl","org","apache","xerces","dom","Deferred","Text","Impl","org","apache","xerces","dom","Deferred","Text","Impl"],"edges":[[0,1],[0,2],[0,3],[0,4],[0,5],[0,6],[0,7],[0,8],[0,9],[0,10],[1,11],[1,12],[3,13],[3,14],[4,15],[4,16],[5,17],[5,18],[6,19],[6,20],[7,21],[7,22],[8,23],[8,24],[9,25],[9,26],[10,27],[11,28],[12,29],[13,30],[15,31],[16,32],[16,33],[16,34],[17,35],[18,36],[18,37],[18,38],[19,39],[21,40],[21,41],[21,42],[22,43],[23,44],[24,45],[24,46],[24,47],[25,48],[27,49],[27,50],[27,51],[28,52],[28,53],[28,54],[28,55],[28,56],[28,57],[28,58],[29,59],[29,60],[29,61],[29,62],[29,63],[29,64],[29,65],[30,66],[30,67],[30,68],[30,69],[30,70],[30,71],[31,72],[31,73],[31,74],[31,75],[31,76],[31,77],[31,78],[32,79],[32,80],[32,81],[32,82],[32,83],[32,84],[32,85],[33,86],[33,87],[33,88],[33,89],[33,90],[33,91],[33,92],[34,93],[37,94],[39,95],[39,96],[39,97],[40,98],[40,99],[40,100],[41,101],[42,102],[42,103],[42,104],[43,105],[43,106],[43,107],[46,108],[49,109],[51,110],[51,111],[93,112],[93,113],[93,114],[93,115],[93,116],[93,117],[94,118],[94,119],[94,120],[94,121],[94,122],[94,123],[94,124],[101,125],[101,126],[101,127],[101,128],[101,129],[101,130],[101,131],[108,132],[108,133],[108,134],[108,135],[108,136],[108,137],[108,138]],"ID":2},{"def":["$z0"],"use":["$z0","r0"],"callees":["isIgnorableWhitespace"],"nodes":["CompoundStmt","DefinitionStmt","GotoStmt","Invoke","ReturnVoidStmt","Local","Constant","Boolean","0","Int"],"edges":[[0,1],[0,2],[0,3],[0,4],[1,5],[1,6],[5,7],[6,8],[6,9]],"ID":3},{"def":["$z0"],"use":[],"callees":[],"nodes":["CompoundStmt","DefinitionStmt","Local","Constant","Boolean","1","Int"],"edges":[[0,1],[1,2],[1,3],[2,4],[3,5],[3,6]],"ID":4}],"edgeSet":[[3,1,0],[0,2,0],[2,3,1],[2,4,2],[4,3,0]],"ENTRY":{"def":[],"use":[],"callees":[],"nodes":["CompoundStmt"],"edges":[],"ID":0},"EXIT":{"def":[],"use":[],"callees":[],"nodes":["CompoundStmt"],"edges":[],"ID":1},"method_name":"synchronizeData"}],"label":"0"}