{"data":[{"blocks":[{"def":[],"use":[],"callees":[],"nodes":["CompoundStmt"],"edges":[],"ID":0},{"def":[],"use":[],"callees":[],"nodes":["CompoundStmt"],"edges":[],"ID":1},{"def":["r0"],"use":["@this: org.apache.xerces.validators.datatype.URIReferenceDatatypeValidator","r0"],"callees":["\u003cinit\u003e"],"nodes":["CompoundStmt","DefinitionStmt","Invoke","ReturnVoidStmt","Local","ThisRef","RefType","RefType","org","apache","xerces","validators","datatype","U","R","I","Reference","Datatype","Validator","org","apache","xerces","validators","datatype","U","R","I","Reference","Datatype","Validator"],"edges":[[0,1],[0,2],[0,3],[1,4],[1,5],[4,6],[5,7],[6,8],[6,9],[6,10],[6,11],[6,12],[6,13],[6,14],[6,15],[6,16],[6,17],[6,18],[7,19],[7,20],[7,21],[7,22],[7,23],[7,24],[7,25],[7,26],[7,27],[7,28],[7,29]],"ID":2}],"edgeSet":[[0,2,0],[2,1,0]],"ENTRY":{"def":[],"use":[],"callees":[],"nodes":["CompoundStmt"],"edges":[],"ID":0},"EXIT":{"def":[],"use":[],"callees":[],"nodes":["CompoundStmt"],"edges":[],"ID":1},"method_name":"\u003cinit\u003e"},{"blocks":[{"def":[],"use":[],"callees":[],"nodes":["CompoundStmt"],"edges":[],"ID":0},{"def":[],"use":[],"callees":[],"nodes":["CompoundStmt"],"edges":[],"ID":1},{"def":["r0.\u003corg.apache.xerces.validators.datatype.URIReferenceDatatypeValidator: org.apache.xerces.validators.datatype.DatatypeValidator fBaseValidator\u003e","r0","r1"],"use":["@this: org.apache.xerces.validators.datatype.URIReferenceDatatypeValidator","@parameter0: org.apache.xerces.validators.datatype.DatatypeValidator","r0","r1"],"callees":[],"nodes":["CompoundStmt","DefinitionStmt","DefinitionStmt","DefinitionStmt","ReturnVoidStmt","Local","ThisRef","Local","Param","InstanceFieldRef","Local","RefType","RefType","RefType","RefType","RefType","Local","RefType","RefType","org","apache","xerces","validators","datatype","U","R","I","Reference","Datatype","Validator","org","apache","xerces","validators","datatype","U","R","I","Reference","Datatype","Validator","org","apache","xerces","validators","datatype","Datatype","Validator","org","apache","xerces","validators","datatype","Datatype","Validator","org","apache","xerces","validators","datatype","Datatype","Validator","RefType","org","apache","xerces","validators","datatype","Datatype","Validator","org","apache","xerces","validators","datatype","Datatype","Validator","org","apache","xerces","validators","datatype","U","R","I","Reference","Datatype","Validator"],"edges":[[0,1],[0,2],[0,3],[0,4],[1,5],[1,6],[2,7],[2,8],[3,9],[3,10],[5,11],[6,12],[7,13],[8,14],[9,15],[9,16],[9,17],[10,18],[11,19],[11,20],[11,21],[11,22],[11,23],[11,24],[11,25],[11,26],[11,27],[11,28],[11,29],[12,30],[12,31],[12,32],[12,33],[12,34],[12,35],[12,36],[12,37],[12,38],[12,39],[12,40],[13,41],[13,42],[13,43],[13,44],[13,45],[13,46],[13,47],[14,48],[14,49],[14,50],[14,51],[14,52],[14,53],[14,54],[15,55],[15,56],[15,57],[15,58],[15,59],[15,60],[15,61],[16,62],[17,63],[17,64],[17,65],[17,66],[17,67],[17,68],[17,69],[18,70],[18,71],[18,72],[18,73],[18,74],[18,75],[18,76],[62,77],[62,78],[62,79],[62,80],[62,81],[62,82],[62,83],[62,84],[62,85],[62,86],[62,87]],"ID":2}],"edgeSet":[[0,2,0],[2,1,0]],"ENTRY":{"def":[],"use":[],"callees":[],"nodes":["CompoundStmt"],"edges":[],"ID":0},"EXIT":{"def":[],"use":[],"callees":[],"nodes":["CompoundStmt"],"edges":[],"ID":1},"method_name":"setBasetype"},{"blocks":[{"def":[],"use":[],"callees":[],"nodes":["CompoundStmt"],"edges":[],"ID":0},{"def":[],"use":[],"callees":[],"nodes":["CompoundStmt"],"edges":[],"ID":1},{"def":["r2","r0.\u003corg.apache.xerces.validators.datatype.URIReferenceDatatypeValidator: int fFacetsDefined\u003e","r0.\u003corg.apache.xerces.validators.datatype.URIReferenceDatatypeValidator: boolean fDerivedByList\u003e","r0.\u003corg.apache.xerces.validators.datatype.URIReferenceDatatypeValidator: java.lang.String fPattern\u003e","r0.\u003corg.apache.xerces.validators.datatype.URIReferenceDatatypeValidator: org.apache.xerces.validators.datatype.DatatypeValidator fBaseValidator\u003e","r0.\u003corg.apache.xerces.validators.datatype.URIReferenceDatatypeValidator: int fMinLength\u003e","r0.\u003corg.apache.xerces.validators.datatype.URIReferenceDatatypeValidator: org.apache.xerces.utils.regex.RegularExpression fRegex\u003e","z0","r0.\u003corg.apache.xerces.validators.datatype.URIReferenceDatatypeValidator: int fMaxLength\u003e","r0.\u003corg.apache.xerces.validators.datatype.URIReferenceDatatypeValidator: java.util.Vector fEnumeration\u003e","r0.\u003corg.apache.xerces.validators.datatype.URIReferenceDatatypeValidator: int fLength\u003e","r0","r1"],"use":["r2","@this: org.apache.xerces.validators.datatype.URIReferenceDatatypeValidator","z0","@parameter1: java.util.Hashtable","@parameter2: boolean","@parameter0: org.apache.xerces.validators.datatype.DatatypeValidator","r0","r1"],"callees":["setBasetype","\u003cinit\u003e"],"nodes":["CompoundStmt","DefinitionStmt","DefinitionStmt","DefinitionStmt","DefinitionStmt","Invoke","DefinitionStmt","DefinitionStmt","DefinitionStmt","DefinitionStmt","DefinitionStmt","DefinitionStmt","DefinitionStmt","DefinitionStmt","DefinitionStmt","DefinitionStmt","Invoke","IfStmt","Local","ThisRef","Local","Param","Local","Param","Local","Param","InstanceFieldRef","Constant","InstanceFieldRef","Constant","InstanceFieldRef","Constant","InstanceFieldRef","Constant","InstanceFieldRef","Constant","InstanceFieldRef","Constant","InstanceFieldRef","Constant","InstanceFieldRef","Constant","InstanceFieldRef","Constant","InstanceFieldRef","Local","BinaryOp","RefType","RefType","RefType","RefType","RefType","RefType","Boolean","Boolean","RefType","Local","RefType","Null","Boolean","Local","Boolean","0","Int","Int","Local","Int","0","Int","Int","Local","Int","2","1","4","7","4","8","3","6","4","7","Int","Int","Local","Int","0","Int","RefType","Local","RefType","Null","RefType","Local","RefType","Null","Int","Local","Int","0","Int","RefType","Local","RefType","Null","Boolean","Local","Boolean","Boolean","Local"," \u003d\u003d ","Constant","org","apache","xerces","validators","datatype","U","R","I","Reference","Datatype","Validator","org","apache","xerces","validators","datatype","U","R","I","Reference","Datatype","Validator","org","apache","xerces","validators","datatype","Datatype","Validator","org","apache","xerces","validators","datatype","Datatype","Validator","java","util","Hashtable","java","util","Hashtable","org","apache","xerces","validators","datatype","Datatype","Validator","RefType","org","apache","xerces","validators","datatype","Datatype","Validator","RefType","RefType","RefType","RefType","java","lang","String","RefType","java","lang","String","java","util","Vector","RefType","java","util","Vector","RefType","org","apache","xerces","utils","regex","Regular","Expression","RefType","org","apache","xerces","utils","regex","Regular","Expression","RefType","RefType","Null","org","apache","xerces","validators","datatype","U","R","I","Reference","Datatype","Validator","org","apache","xerces","validators","datatype","U","R","I","Reference","Datatype","Validator","org","apache","xerces","validators","datatype","U","R","I","Reference","Datatype","Validator","org","apache","xerces","validators","datatype","U","R","I","Reference","Datatype","Validator","org","apache","xerces","validators","datatype","U","R","I","Reference","Datatype","Validator","org","apache","xerces","validators","datatype","U","R","I","Reference","Datatype","Validator","org","apache","xerces","validators","datatype","U","R","I","Reference","Datatype","Validator","org","apache","xerces","validators","datatype","U","R","I","Reference","Datatype","Validator","org","apache","xerces","validators","datatype","U","R","I","Reference","Datatype","Validator","org","apache","xerces","validators","datatype","U","R","I","Reference","Datatype","Validator","java","util","Hashtable"],"edges":[[0,1],[0,2],[0,3],[0,4],[0,5],[0,6],[0,7],[0,8],[0,9],[0,10],[0,11],[0,12],[0,13],[0,14],[0,15],[0,16],[0,17],[1,18],[1,19],[2,20],[2,21],[3,22],[3,23],[4,24],[4,25],[6,26],[6,27],[7,28],[7,29],[8,30],[8,31],[9,32],[9,33],[10,34],[10,35],[11,36],[11,37],[12,38],[12,39],[13,40],[13,41],[14,42],[14,43],[15,44],[15,45],[17,46],[18,47],[19,48],[20,49],[21,50],[22,51],[23,52],[24,53],[25,54],[26,55],[26,56],[26,57],[27,58],[28,59],[28,60],[28,61],[29,62],[29,63],[30,64],[30,65],[30,66],[31,67],[31,68],[32,69],[32,70],[32,71],[33,72],[33,73],[33,74],[33,75],[33,76],[33,77],[33,78],[33,79],[33,80],[33,81],[33,82],[34,83],[34,84],[34,85],[35,86],[35,87],[36,88],[36,89],[36,90],[37,91],[38,92],[38,93],[38,94],[39,95],[40,96],[40,97],[40,98],[41,99],[41,100],[42,101],[42,102],[42,103],[43,104],[44,105],[44,106],[44,107],[45,108],[46,109],[46,110],[46,111],[47,112],[47,113],[47,114],[47,115],[47,116],[47,117],[47,118],[47,119],[47,120],[47,121],[47,122],[48,123],[48,124],[48,125],[48,126],[48,127],[48,128],[48,129],[48,130],[48,131],[48,132],[48,133],[49,134],[49,135],[49,136],[49,137],[49,138],[49,139],[49,140],[50,141],[50,142],[50,143],[50,144],[50,145],[50,146],[50,147],[51,148],[51,149],[51,150],[52,151],[52,152],[52,153],[55,154],[55,155],[55,156],[55,157],[55,158],[55,159],[55,160],[56,161],[57,162],[57,163],[57,164],[57,165],[57,166],[57,167],[57,168],[60,169],[65,170],[70,171],[84,172],[88,173],[88,174],[88,175],[89,176],[90,177],[90,178],[90,179],[92,180],[92,181],[92,182],[93,183],[94,184],[94,185],[94,186],[97,187],[101,188],[101,189],[101,190],[101,191],[101,192],[101,193],[101,194],[102,195],[103,196],[103,197],[103,198],[103,199],[103,200],[103,201],[103,202],[106,203],[109,204],[111,205],[161,206],[161,207],[161,208],[161,209],[161,210],[161,211],[161,212],[161,213],[161,214],[161,215],[161,216],[169,217],[169,218],[169,219],[169,220],[169,221],[169,222],[169,223],[169,224],[169,225],[169,226],[169,227],[170,228],[170,229],[170,230],[170,231],[170,232],[170,233],[170,234],[170,235],[170,236],[170,237],[170,238],[171,239],[171,240],[171,241],[171,242],[171,243],[171,244],[171,245],[171,246],[171,247],[171,248],[171,249],[172,250],[172,251],[172,252],[172,253],[172,254],[172,255],[172,256],[172,257],[172,258],[172,259],[172,260],[176,261],[176,262],[176,263],[176,264],[176,265],[176,266],[176,267],[176,268],[176,269],[176,270],[176,271],[183,272],[183,273],[183,274],[183,275],[183,276],[183,277],[183,278],[183,279],[183,280],[183,281],[183,282],[187,283],[187,284],[187,285],[187,286],[187,287],[187,288],[187,289],[187,290],[187,291],[187,292],[187,293],[195,294],[195,295],[195,296],[195,297],[195,298],[195,299],[195,300],[195,301],[195,302],[195,303],[195,304],[203,305],[203,306],[203,307],[203,308],[203,309],[203,310],[203,311],[203,312],[203,313],[203,314],[203,315],[204,316],[204,317],[204,318]],"ID":2},{"def":["$z1"],"use":["r0.\u003corg.apache.xerces.validators.datatype.URIReferenceDatatypeValidator: boolean fDerivedByList\u003e","$z1","r0"],"callees":[],"nodes":["CompoundStmt","DefinitionStmt","IfStmt","Local","InstanceFieldRef","BinaryOp","Boolean","Boolean","Local","Boolean","Local"," !\u003d ","Constant","RefType","Boolean","0","Int","org","apache","xerces","validators","datatype","U","R","I","Reference","Datatype","Validator"],"edges":[[0,1],[0,2],[1,3],[1,4],[2,5],[3,6],[4,7],[4,8],[4,9],[5,10],[5,11],[5,12],[8,13],[10,14],[12,15],[12,16],[13,17],[13,18],[13,19],[13,20],[13,21],[13,22],[13,23],[13,24],[13,25],[13,26],[13,27]],"ID":3},{"def":["$z11","r84"],"use":["r2","$z11","r84"],"callees":[],"nodes":["CompoundStmt","DefinitionStmt","GotoStmt","DefinitionStmt","IfStmt","Local","Invoke","Local","Invoke","BinaryOp","RefType","Boolean","Local"," !\u003d ","Constant","java","util","Enumeration","Boolean","0","Int"],"edges":[[0,1],[0,2],[0,3],[0,4],[1,5],[1,6],[3,7],[3,8],[4,9],[5,10],[7,11],[9,12],[9,13],[9,14],[10,15],[10,16],[10,17],[12,18],[14,19],[14,20]],"ID":4},{"def":["$z6","$r23","r85"],"use":["$z6","$r23","r85","r84"],"callees":[],"nodes":["CompoundStmt","DefinitionStmt","DefinitionStmt","DefinitionStmt","IfStmt","Local","Invoke","Local","CastExpr","Local","Invoke","BinaryOp","RefType","RefType","RefType","RefType","Local","Boolean","Local"," \u003d\u003d ","Constant","java","lang","Object","java","lang","String","java","lang","String","java","lang","String","RefType","Boolean","0","Int","java","lang","Object"],"edges":[[0,1],[0,2],[0,3],[0,4],[1,5],[1,6],[2,7],[2,8],[3,9],[3,10],[4,11],[5,12],[7,13],[8,14],[8,15],[8,16],[9,17],[11,18],[11,19],[11,20],[12,21],[12,22],[12,23],[13,24],[13,25],[13,26],[14,27],[14,28],[14,29],[15,30],[15,31],[15,32],[16,33],[18,34],[20,35],[20,36],[33,37],[33,38],[33,39]],"ID":5},{"def":["r0.\u003corg.apache.xerces.validators.datatype.URIReferenceDatatypeValidator: int fFacetsDefined\u003e","r86","$i35","$i34","$r34"],"use":["r0.\u003corg.apache.xerces.validators.datatype.URIReferenceDatatypeValidator: int fFacetsDefined\u003e","r2","$i35","$i34","$r34","r0","r85"],"callees":[],"nodes":["CompoundStmt","DefinitionStmt","DefinitionStmt","DefinitionStmt","DefinitionStmt","DefinitionStmt","Local","InstanceFieldRef","Local","BinaryOp","InstanceFieldRef","Local","Local","Invoke","Local","CastExpr","Int","Int","Local","Int","Int","Local"," + ","Constant","Int","Local","Int","Int","RefType","RefType","RefType","RefType","Local","RefType","Int","1","Int","RefType","java","lang","Object","java","lang","String","java","lang","String","java","lang","String","RefType","org","apache","xerces","validators","datatype","U","R","I","Reference","Datatype","Validator","org","apache","xerces","validators","datatype","U","R","I","Reference","Datatype","Validator","java","lang","Object"],"edges":[[0,1],[0,2],[0,3],[0,4],[0,5],[1,6],[1,7],[2,8],[2,9],[3,10],[3,11],[4,12],[4,13],[5,14],[5,15],[6,16],[7,17],[7,18],[7,19],[8,20],[9,21],[9,22],[9,23],[10,24],[10,25],[10,26],[11,27],[12,28],[14,29],[15,30],[15,31],[15,32],[18,33],[21,34],[23,35],[23,36],[25,37],[28,38],[28,39],[28,40],[29,41],[29,42],[29,43],[30,44],[30,45],[30,46],[31,47],[31,48],[31,49],[32,50],[33,51],[33,52],[33,53],[33,54],[33,55],[33,56],[33,57],[33,58],[33,59],[33,60],[33,61],[37,62],[37,63],[37,64],[37,65],[37,66],[37,67],[37,68],[37,69],[37,70],[37,71],[37,72],[50,73],[50,74],[50,75]],"ID":6},{"def":["$i36"],"use":["r86"],"callees":[],"nodes":["CompoundStmt","DefinitionStmt","Local","Invoke","Int"],"edges":[[0,1],[1,2],[1,3],[2,4]],"ID":7},{"def":["$i37","r0.\u003corg.apache.xerces.validators.datatype.URIReferenceDatatypeValidator: int fLength\u003e"],"use":["$i37","$i36","r0.\u003corg.apache.xerces.validators.datatype.URIReferenceDatatypeValidator: int fLength\u003e","r0"],"callees":[],"nodes":["CompoundStmt","DefinitionStmt","GotoStmt","DefinitionStmt","IfStmt","InstanceFieldRef","Local","Local","InstanceFieldRef","BinaryOp","Int","Local","Int","Int","Int","Int","Local","Int","Local"," \u003e\u003d ","Constant","RefType","RefType","Int","0","Int","org","apache","xerces","validators","datatype","U","R","I","Reference","Datatype","Validator","org","apache","xerces","validators","datatype","U","R","I","Reference","Datatype","Validator"],"edges":[[0,1],[0,2],[0,3],[0,4],[1,5],[1,6],[3,7],[3,8],[4,9],[5,10],[5,11],[5,12],[6,13],[7,14],[8,15],[8,16],[8,17],[9,18],[9,19],[9,20],[11,21],[16,22],[18,23],[20,24],[20,25],[21,26],[21,27],[21,28],[21,29],[21,30],[21,31],[21,32],[21,33],[21,34],[21,35],[21,36],[22,37],[22,38],[22,39],[22,40],[22,41],[22,42],[22,43],[22,44],[22,45],[22,46],[22,47]],"ID":8},{"def":["$r79","$r80","$r81","$r82","$r83","$r78"],"use":["r86","$r79","$r80","@caughtexception","$r81","$r82","$r83"],"callees":["\u003cinit\u003e"],"nodes":["CompoundStmt","DefinitionStmt","DefinitionStmt","DefinitionStmt","Invoke","DefinitionStmt","DefinitionStmt","DefinitionStmt","Invoke","ThrowStmt","Local","CaughtException","Local","NewExpr","Local","NewExpr","Local","Invoke","Local","Invoke","Local","Invoke","Local","RefType","RefType","RefType","RefType","RefType","RefType","RefType","RefType","RefType","RefType","java","lang","Number","Format","Exception","java","lang","Throwable","org","apache","xerces","validators","datatype","Invalid","Datatype","Facet","Exception","org","apache","xerces","validators","datatype","Invalid","Datatype","Facet","Exception","java","lang","String","Buffer","java","lang","String","Buffer","java","lang","String","Buffer","java","lang","String","Buffer","java","lang","String","org","apache","xerces","validators","datatype","Invalid","Datatype","Facet","Exception"],"edges":[[0,1],[0,2],[0,3],[0,4],[0,5],[0,6],[0,7],[0,8],[0,9],[1,10],[1,11],[2,12],[2,13],[3,14],[3,15],[5,16],[5,17],[6,18],[6,19],[7,20],[7,21],[9,22],[10,23],[11,24],[12,25],[13,26],[14,27],[15,28],[16,29],[18,30],[20,31],[22,32],[23,33],[23,34],[23,35],[23,36],[23,37],[24,38],[24,39],[24,40],[25,41],[25,42],[25,43],[25,44],[25,45],[25,46],[25,47],[25,48],[25,49],[26,50],[26,51],[26,52],[26,53],[26,54],[26,55],[26,56],[26,57],[26,58],[27,59],[27,60],[27,61],[27,62],[28,63],[28,64],[28,65],[28,66],[29,67],[29,68],[29,69],[29,70],[30,71],[30,72],[30,73],[30,74],[31,75],[31,76],[31,77],[32,78],[32,79],[32,80],[32,81],[32,82],[32,83],[32,84],[32,85],[32,86]],"ID":9},{"def":["$r37","$r38","$r35","$r36","$r39"],"use":["$r37","r86","$r38","$r35","$r36","$r39"],"callees":["\u003cinit\u003e"],"nodes":["CompoundStmt","DefinitionStmt","DefinitionStmt","Invoke","DefinitionStmt","DefinitionStmt","DefinitionStmt","Invoke","ThrowStmt","Local","NewExpr","Local","NewExpr","Local","Invoke","Local","Invoke","Local","Invoke","Local","RefType","RefType","RefType","RefType","RefType","RefType","RefType","RefType","org","apache","xerces","validators","datatype","Invalid","Datatype","Facet","Exception","org","apache","xerces","validators","datatype","Invalid","Datatype","Facet","Exception","java","lang","String","Buffer","java","lang","String","Buffer","java","lang","String","Buffer","java","lang","String","Buffer","java","lang","String","org","apache","xerces","validators","datatype","Invalid","Datatype","Facet","Exception"],"edges":[[0,1],[0,2],[0,3],[0,4],[0,5],[0,6],[0,7],[0,8],[1,9],[1,10],[2,11],[2,12],[4,13],[4,14],[5,15],[5,16],[6,17],[6,18],[8,19],[9,20],[10,21],[11,22],[12,23],[13,24],[15,25],[17,26],[19,27],[20,28],[20,29],[20,30],[20,31],[20,32],[20,33],[20,34],[20,35],[20,36],[21,37],[21,38],[21,39],[21,40],[21,41],[21,42],[21,43],[21,44],[21,45],[22,46],[22,47],[22,48],[22,49],[23,50],[23,51],[23,52],[23,53],[24,54],[24,55],[24,56],[24,57],[25,58],[25,59],[25,60],[25,61],[26,62],[26,63],[26,64],[27,65],[27,66],[27,67],[27,68],[27,69],[27,70],[27,71],[27,72],[27,73]],"ID":10},{"def":["$z7"],"use":["$z7","r85"],"callees":[],"nodes":["CompoundStmt","DefinitionStmt","IfStmt","Local","Invoke","BinaryOp","Boolean","Local"," \u003d\u003d ","Constant","Boolean","0","Int"],"edges":[[0,1],[0,2],[1,3],[1,4],[2,5],[3,6],[5,7],[5,8],[5,9],[7,10],[9,11],[9,12]],"ID":11},{"def":["r0.\u003corg.apache.xerces.validators.datatype.URIReferenceDatatypeValidator: int fFacetsDefined\u003e","r87","$i31","$i32","$r33"],"use":["r0.\u003corg.apache.xerces.validators.datatype.URIReferenceDatatypeValidator: int fFacetsDefined\u003e","r2","$i31","$i32","$r33","r0","r85"],"callees":[],"nodes":["CompoundStmt","DefinitionStmt","DefinitionStmt","DefinitionStmt","DefinitionStmt","DefinitionStmt","Local","InstanceFieldRef","Local","BinaryOp","InstanceFieldRef","Local","Local","Invoke","Local","CastExpr","Int","Int","Local","Int","Int","Local"," + ","Constant","Int","Local","Int","Int","RefType","RefType","RefType","RefType","Local","RefType","Int","2","Int","RefType","java","lang","Object","java","lang","String","java","lang","String","java","lang","String","RefType","org","apache","xerces","validators","datatype","U","R","I","Reference","Datatype","Validator","org","apache","xerces","validators","datatype","U","R","I","Reference","Datatype","Validator","java","lang","Object"],"edges":[[0,1],[0,2],[0,3],[0,4],[0,5],[1,6],[1,7],[2,8],[2,9],[3,10],[3,11],[4,12],[4,13],[5,14],[5,15],[6,16],[7,17],[7,18],[7,19],[8,20],[9,21],[9,22],[9,23],[10,24],[10,25],[10,26],[11,27],[12,28],[14,29],[15,30],[15,31],[15,32],[18,33],[21,34],[23,35],[23,36],[25,37],[28,38],[28,39],[28,40],[29,41],[29,42],[29,43],[30,44],[30,45],[30,46],[31,47],[31,48],[31,49],[32,50],[33,51],[33,52],[33,53],[33,54],[33,55],[33,56],[33,57],[33,58],[33,59],[33,60],[33,61],[37,62],[37,63],[37,64],[37,65],[37,66],[37,67],[37,68],[37,69],[37,70],[37,71],[37,72],[50,73],[50,74],[50,75]],"ID":12},{"def":["$i33"],"use":["r87"],"callees":[],"nodes":["CompoundStmt","DefinitionStmt","Local","Invoke","Int"],"edges":[[0,1],[1,2],[1,3],[2,4]],"ID":13},{"def":["r0.\u003corg.apache.xerces.validators.datatype.URIReferenceDatatypeValidator: int fMinLength\u003e"],"use":["$i33","r0"],"callees":[],"nodes":["CompoundStmt","DefinitionStmt","GotoStmt","InstanceFieldRef","Local","Int","Local","Int","Int","RefType","org","apache","xerces","validators","datatype","U","R","I","Reference","Datatype","Validator"],"edges":[[0,1],[0,2],[1,3],[1,4],[3,5],[3,6],[3,7],[4,8],[6,9],[9,10],[9,11],[9,12],[9,13],[9,14],[9,15],[9,16],[9,17],[9,18],[9,19],[9,20]],"ID":14},{"def":["$r59","$r57","$r58","$r55","$r56","$r54"],"use":["r87","$r59","$r57","$r58","@caughtexception","$r55","$r56"],"callees":["\u003cinit\u003e"],"nodes":["CompoundStmt","DefinitionStmt","DefinitionStmt","DefinitionStmt","Invoke","DefinitionStmt","DefinitionStmt","DefinitionStmt","Invoke","ThrowStmt","Local","CaughtException","Local","NewExpr","Local","NewExpr","Local","Invoke","Local","Invoke","Local","Invoke","Local","RefType","RefType","RefType","RefType","RefType","RefType","RefType","RefType","RefType","RefType","java","lang","Number","Format","Exception","java","lang","Throwable","org","apache","xerces","validators","datatype","Invalid","Datatype","Facet","Exception","org","apache","xerces","validators","datatype","Invalid","Datatype","Facet","Exception","java","lang","String","Buffer","java","lang","String","Buffer","java","lang","String","Buffer","java","lang","String","Buffer","java","lang","String","org","apache","xerces","validators","datatype","Invalid","Datatype","Facet","Exception"],"edges":[[0,1],[0,2],[0,3],[0,4],[0,5],[0,6],[0,7],[0,8],[0,9],[1,10],[1,11],[2,12],[2,13],[3,14],[3,15],[5,16],[5,17],[6,18],[6,19],[7,20],[7,21],[9,22],[10,23],[11,24],[12,25],[13,26],[14,27],[15,28],[16,29],[18,30],[20,31],[22,32],[23,33],[23,34],[23,35],[23,36],[23,37],[24,38],[24,39],[24,40],[25,41],[25,42],[25,43],[25,44],[25,45],[25,46],[25,47],[25,48],[25,49],[26,50],[26,51],[26,52],[26,53],[26,54],[26,55],[26,56],[26,57],[26,58],[27,59],[27,60],[27,61],[27,62],[28,63],[28,64],[28,65],[28,66],[29,67],[29,68],[29,69],[29,70],[30,71],[30,72],[30,73],[30,74],[31,75],[31,76],[31,77],[32,78],[32,79],[32,80],[32,81],[32,82],[32,83],[32,84],[32,85],[32,86]],"ID":15},{"def":["$z8"],"use":["$z8","r85"],"callees":[],"nodes":["CompoundStmt","DefinitionStmt","IfStmt","Local","Invoke","BinaryOp","Boolean","Local"," \u003d\u003d ","Constant","Boolean","0","Int"],"edges":[[0,1],[0,2],[1,3],[1,4],[2,5],[3,6],[5,7],[5,8],[5,9],[7,10],[9,11],[9,12]],"ID":16},{"def":["r0.\u003corg.apache.xerces.validators.datatype.URIReferenceDatatypeValidator: int fFacetsDefined\u003e","r88","$i28","$i29","$r32"],"use":["r0.\u003corg.apache.xerces.validators.datatype.URIReferenceDatatypeValidator: int fFacetsDefined\u003e","r2","$i28","$i29","r0","r85","$r32"],"callees":[],"nodes":["CompoundStmt","DefinitionStmt","DefinitionStmt","DefinitionStmt","DefinitionStmt","DefinitionStmt","Local","InstanceFieldRef","Local","BinaryOp","InstanceFieldRef","Local","Local","Invoke","Local","CastExpr","Int","Int","Local","Int","Int","Local"," + ","Constant","Int","Local","Int","Int","RefType","RefType","RefType","RefType","Local","RefType","Int","4","Int","RefType","java","lang","Object","java","lang","String","java","lang","String","java","lang","String","RefType","org","apache","xerces","validators","datatype","U","R","I","Reference","Datatype","Validator","org","apache","xerces","validators","datatype","U","R","I","Reference","Datatype","Validator","java","lang","Object"],"edges":[[0,1],[0,2],[0,3],[0,4],[0,5],[1,6],[1,7],[2,8],[2,9],[3,10],[3,11],[4,12],[4,13],[5,14],[5,15],[6,16],[7,17],[7,18],[7,19],[8,20],[9,21],[9,22],[9,23],[10,24],[10,25],[10,26],[11,27],[12,28],[14,29],[15,30],[15,31],[15,32],[18,33],[21,34],[23,35],[23,36],[25,37],[28,38],[28,39],[28,40],[29,41],[29,42],[29,43],[30,44],[30,45],[30,46],[31,47],[31,48],[31,49],[32,50],[33,51],[33,52],[33,53],[33,54],[33,55],[33,56],[33,57],[33,58],[33,59],[33,60],[33,61],[37,62],[37,63],[37,64],[37,65],[37,66],[37,67],[37,68],[37,69],[37,70],[37,71],[37,72],[50,73],[50,74],[50,75]],"ID":17},{"def":["$i30"],"use":["r88"],"callees":[],"nodes":["CompoundStmt","DefinitionStmt","Local","Invoke","Int"],"edges":[[0,1],[1,2],[1,3],[2,4]],"ID":18},{"def":["r0.\u003corg.apache.xerces.validators.datatype.URIReferenceDatatypeValidator: int fMaxLength\u003e"],"use":["$i30","r0"],"callees":[],"nodes":["CompoundStmt","DefinitionStmt","GotoStmt","InstanceFieldRef","Local","Int","Local","Int","Int","RefType","org","apache","xerces","validators","datatype","U","R","I","Reference","Datatype","Validator"],"edges":[[0,1],[0,2],[1,3],[1,4],[3,5],[3,6],[3,7],[4,8],[6,9],[9,10],[9,11],[9,12],[9,13],[9,14],[9,15],[9,16],[9,17],[9,18],[9,19],[9,20]],"ID":19},{"def":["$r73","$r74","$r72","$r77","$r75","$r76"],"use":["r88","@caughtexception","$r73","$r74","$r77","$r75","$r76"],"callees":["\u003cinit\u003e"],"nodes":["CompoundStmt","DefinitionStmt","DefinitionStmt","DefinitionStmt","Invoke","DefinitionStmt","DefinitionStmt","DefinitionStmt","Invoke","ThrowStmt","Local","CaughtException","Local","NewExpr","Local","NewExpr","Local","Invoke","Local","Invoke","Local","Invoke","Local","RefType","RefType","RefType","RefType","RefType","RefType","RefType","RefType","RefType","RefType","java","lang","Number","Format","Exception","java","lang","Throwable","org","apache","xerces","validators","datatype","Invalid","Datatype","Facet","Exception","org","apache","xerces","validators","datatype","Invalid","Datatype","Facet","Exception","java","lang","String","Buffer","java","lang","String","Buffer","java","lang","String","Buffer","java","lang","String","Buffer","java","lang","String","org","apache","xerces","validators","datatype","Invalid","Datatype","Facet","Exception"],"edges":[[0,1],[0,2],[0,3],[0,4],[0,5],[0,6],[0,7],[0,8],[0,9],[1,10],[1,11],[2,12],[2,13],[3,14],[3,15],[5,16],[5,17],[6,18],[6,19],[7,20],[7,21],[9,22],[10,23],[11,24],[12,25],[13,26],[14,27],[15,28],[16,29],[18,30],[20,31],[22,32],[23,33],[23,34],[23,35],[23,36],[23,37],[24,38],[24,39],[24,40],[25,41],[25,42],[25,43],[25,44],[25,45],[25,46],[25,47],[25,48],[25,49],[26,50],[26,51],[26,52],[26,53],[26,54],[26,55],[26,56],[26,57],[26,58],[27,59],[27,60],[27,61],[27,62],[28,63],[28,64],[28,65],[28,66],[29,67],[29,68],[29,69],[29,70],[30,71],[30,72],[30,73],[30,74],[31,75],[31,76],[31,77],[32,78],[32,79],[32,80],[32,81],[32,82],[32,83],[32,84],[32,85],[32,86]],"ID":20},{"def":["$z9"],"use":["$z9","r85"],"callees":[],"nodes":["CompoundStmt","DefinitionStmt","IfStmt","Local","Invoke","BinaryOp","Boolean","Local"," \u003d\u003d ","Constant","Boolean","0","Int"],"edges":[[0,1],[0,2],[1,3],[1,4],[2,5],[3,6],[5,7],[5,8],[5,9],[7,10],[9,11],[9,12]],"ID":21},{"def":["r0.\u003corg.apache.xerces.validators.datatype.URIReferenceDatatypeValidator: int fFacetsDefined\u003e","$r27","$r28","$r29","$i26","r0.\u003corg.apache.xerces.validators.datatype.URIReferenceDatatypeValidator: java.lang.String fPattern\u003e","$i27"],"use":["r0.\u003corg.apache.xerces.validators.datatype.URIReferenceDatatypeValidator: int fFacetsDefined\u003e","r2","$r27","$r28","$r29","$i26","r0.\u003corg.apache.xerces.validators.datatype.URIReferenceDatatypeValidator: java.lang.String fPattern\u003e","$i27","r0","r85"],"callees":[],"nodes":["CompoundStmt","DefinitionStmt","DefinitionStmt","DefinitionStmt","DefinitionStmt","DefinitionStmt","DefinitionStmt","DefinitionStmt","IfStmt","Local","InstanceFieldRef","Local","BinaryOp","InstanceFieldRef","Local","Local","Invoke","Local","CastExpr","InstanceFieldRef","Local","Local","InstanceFieldRef","BinaryOp","Int","Int","Local","Int","Int","Local"," + ","Constant","Int","Local","Int","Int","RefType","RefType","RefType","RefType","Local","RefType","Local","RefType","RefType","RefType","RefType","Local","RefType","Local"," \u003d\u003d ","Constant","RefType","Int","8","Int","RefType","java","lang","Object","java","lang","String","java","lang","String","java","lang","String","RefType","java","lang","String","RefType","java","lang","String","java","lang","String","java","lang","String","java","lang","String","RefType","java","lang","String","RefType","Null","org","apache","xerces","validators","datatype","U","R","I","Reference","Datatype","Validator","org","apache","xerces","validators","datatype","U","R","I","Reference","Datatype","Validator","java","lang","Object","org","apache","xerces","validators","datatype","U","R","I","Reference","Datatype","Validator","org","apache","xerces","validators","datatype","U","R","I","Reference","Datatype","Validator","java","lang","String"],"edges":[[0,1],[0,2],[0,3],[0,4],[0,5],[0,6],[0,7],[0,8],[1,9],[1,10],[2,11],[2,12],[3,13],[3,14],[4,15],[4,16],[5,17],[5,18],[6,19],[6,20],[7,21],[7,22],[8,23],[9,24],[10,25],[10,26],[10,27],[11,28],[12,29],[12,30],[12,31],[13,32],[13,33],[13,34],[14,35],[15,36],[17,37],[18,38],[18,39],[18,40],[19,41],[19,42],[19,43],[20,44],[21,45],[22,46],[22,47],[22,48],[23,49],[23,50],[23,51],[26,52],[29,53],[31,54],[31,55],[33,56],[36,57],[36,58],[36,59],[37,60],[37,61],[37,62],[38,63],[38,64],[38,65],[39,66],[39,67],[39,68],[40,69],[41,70],[41,71],[41,72],[42,73],[43,74],[43,75],[43,76],[44,77],[44,78],[44,79],[45,80],[45,81],[45,82],[46,83],[46,84],[46,85],[47,86],[48,87],[48,88],[48,89],[49,90],[51,91],[52,92],[52,93],[52,94],[52,95],[52,96],[52,97],[52,98],[52,99],[52,100],[52,101],[52,102],[56,103],[56,104],[56,105],[56,106],[56,107],[56,108],[56,109],[56,110],[56,111],[56,112],[56,113],[69,114],[69,115],[69,116],[73,117],[73,118],[73,119],[73,120],[73,121],[73,122],[73,123],[73,124],[73,125],[73,126],[73,127],[86,128],[86,129],[86,130],[86,131],[86,132],[86,133],[86,134],[86,135],[86,136],[86,137],[86,138],[90,139],[90,140],[90,141]],"ID":22},{"def":["r0.\u003corg.apache.xerces.validators.datatype.URIReferenceDatatypeValidator: org.apache.xerces.utils.regex.RegularExpression fRegex\u003e","$r30","$r31"],"use":["r0.\u003corg.apache.xerces.validators.datatype.URIReferenceDatatypeValidator: java.lang.String fPattern\u003e","$r30","r0","$r31"],"callees":[],"nodes":["CompoundStmt","DefinitionStmt","DefinitionStmt","Invoke","DefinitionStmt","GotoStmt","Local","NewExpr","Local","InstanceFieldRef","InstanceFieldRef","Local","RefType","RefType","RefType","RefType","Local","RefType","RefType","Local","RefType","RefType","org","apache","xerces","utils","regex","Regular","Expression","org","apache","xerces","utils","regex","Regular","Expression","java","lang","String","java","lang","String","RefType","java","lang","String","org","apache","xerces","utils","regex","Regular","Expression","RefType","org","apache","xerces","utils","regex","Regular","Expression","org","apache","xerces","utils","regex","Regular","Expression","org","apache","xerces","validators","datatype","U","R","I","Reference","Datatype","Validator","org","apache","xerces","validators","datatype","U","R","I","Reference","Datatype","Validator"],"edges":[[0,1],[0,2],[0,3],[0,4],[0,5],[1,6],[1,7],[2,8],[2,9],[4,10],[4,11],[6,12],[7,13],[8,14],[9,15],[9,16],[9,17],[10,18],[10,19],[10,20],[11,21],[12,22],[12,23],[12,24],[12,25],[12,26],[12,27],[12,28],[13,29],[13,30],[13,31],[13,32],[13,33],[13,34],[13,35],[14,36],[14,37],[14,38],[15,39],[15,40],[15,41],[16,42],[17,43],[17,44],[17,45],[18,46],[18,47],[18,48],[18,49],[18,50],[18,51],[18,52],[19,53],[20,54],[20,55],[20,56],[20,57],[20,58],[20,59],[20,60],[21,61],[21,62],[21,63],[21,64],[21,65],[21,66],[21,67],[42,68],[42,69],[42,70],[42,71],[42,72],[42,73],[42,74],[42,75],[42,76],[42,77],[42,78],[53,79],[53,80],[53,81],[53,82],[53,83],[53,84],[53,85],[53,86],[53,87],[53,88],[53,89]],"ID":23},{"def":["$z10"],"use":["$z10","r85"],"callees":[],"nodes":["CompoundStmt","DefinitionStmt","IfStmt","Local","Invoke","BinaryOp","Boolean","Local"," \u003d\u003d ","Constant","Boolean","0","Int"],"edges":[[0,1],[0,2],[1,3],[1,4],[2,5],[3,6],[5,7],[5,8],[5,9],[7,10],[9,11],[9,12]],"ID":24},{"def":["r0.\u003corg.apache.xerces.validators.datatype.URIReferenceDatatypeValidator: int fFacetsDefined\u003e","$r26","$r25","$i24","r0.\u003corg.apache.xerces.validators.datatype.URIReferenceDatatypeValidator: java.util.Vector fEnumeration\u003e","$i25"],"use":["r0.\u003corg.apache.xerces.validators.datatype.URIReferenceDatatypeValidator: int fFacetsDefined\u003e","r2","$r26","$r25","$i24","$i25","r0","r85"],"callees":[],"nodes":["CompoundStmt","DefinitionStmt","DefinitionStmt","DefinitionStmt","DefinitionStmt","DefinitionStmt","DefinitionStmt","GotoStmt","Local","InstanceFieldRef","Local","BinaryOp","InstanceFieldRef","Local","Local","Invoke","Local","CastExpr","InstanceFieldRef","Local","Int","Int","Local","Int","Int","Local"," + ","Constant","Int","Local","Int","Int","RefType","RefType","RefType","RefType","Local","RefType","Local","RefType","RefType","RefType","Int","1","6","Int","RefType","java","lang","Object","java","util","Vector","java","util","Vector","java","util","Vector","RefType","java","util","Vector","RefType","java","util","Vector","java","util","Vector","org","apache","xerces","validators","datatype","U","R","I","Reference","Datatype","Validator","org","apache","xerces","validators","datatype","U","R","I","Reference","Datatype","Validator","java","lang","Object","org","apache","xerces","validators","datatype","U","R","I","Reference","Datatype","Validator"],"edges":[[0,1],[0,2],[0,3],[0,4],[0,5],[0,6],[0,7],[1,8],[1,9],[2,10],[2,11],[3,12],[3,13],[4,14],[4,15],[5,16],[5,17],[6,18],[6,19],[8,20],[9,21],[9,22],[9,23],[10,24],[11,25],[11,26],[11,27],[12,28],[12,29],[12,30],[13,31],[14,32],[16,33],[17,34],[17,35],[17,36],[18,37],[18,38],[18,39],[19,40],[22,41],[25,42],[27,43],[27,44],[27,45],[29,46],[32,47],[32,48],[32,49],[33,50],[33,51],[33,52],[34,53],[34,54],[34,55],[35,56],[35,57],[35,58],[36,59],[37,60],[37,61],[37,62],[38,63],[39,64],[39,65],[39,66],[40,67],[40,68],[40,69],[41,70],[41,71],[41,72],[41,73],[41,74],[41,75],[41,76],[41,77],[41,78],[41,79],[41,80],[46,81],[46,82],[46,83],[46,84],[46,85],[46,86],[46,87],[46,88],[46,89],[46,90],[46,91],[59,92],[59,93],[59,94],[63,95],[63,96],[63,97],[63,98],[63,99],[63,100],[63,101],[63,102],[63,103],[63,104],[63,105]],"ID":25},{"def":["$r24"],"use":["$r24"],"callees":["\u003cinit\u003e"],"nodes":["CompoundStmt","DefinitionStmt","Invoke","ThrowStmt","Local","NewExpr","Local","RefType","RefType","RefType","org","apache","xerces","validators","datatype","Invalid","Datatype","Facet","Exception","org","apache","xerces","validators","datatype","Invalid","Datatype","Facet","Exception","org","apache","xerces","validators","datatype","Invalid","Datatype","Facet","Exception"],"edges":[[0,1],[0,2],[0,3],[1,4],[1,5],[3,6],[4,7],[5,8],[6,9],[7,10],[7,11],[7,12],[7,13],[7,14],[7,15],[7,16],[7,17],[7,18],[8,19],[8,20],[8,21],[8,22],[8,23],[8,24],[8,25],[8,26],[8,27],[9,28],[9,29],[9,30],[9,31],[9,32],[9,33],[9,34],[9,35],[9,36]],"ID":26},{"def":["$i39","$i38"],"use":["r0.\u003corg.apache.xerces.validators.datatype.URIReferenceDatatypeValidator: int fFacetsDefined\u003e","$i39","$i38","r0"],"callees":[],"nodes":["CompoundStmt","DefinitionStmt","DefinitionStmt","IfStmt","Local","InstanceFieldRef","Local","BinaryOp","BinaryOp","Int","Int","Local","Int","Int","Local"," \u0026 ","Constant","Local"," \u003d\u003d ","Constant","RefType","Int","1","Int","Int","0","Int","org","apache","xerces","validators","datatype","U","R","I","Reference","Datatype","Validator"],"edges":[[0,1],[0,2],[0,3],[1,4],[1,5],[2,6],[2,7],[3,8],[4,9],[5,10],[5,11],[5,12],[6,13],[7,14],[7,15],[7,16],[8,17],[8,18],[8,19],[11,20],[14,21],[16,22],[16,23],[17,24],[19,25],[19,26],[20,27],[20,28],[20,29],[20,30],[20,31],[20,32],[20,33],[20,34],[20,35],[20,36],[20,37]],"ID":27},{"def":["$i46","$i47"],"use":["r0.\u003corg.apache.xerces.validators.datatype.URIReferenceDatatypeValidator: int fFacetsDefined\u003e","$i46","$i47","r0"],"callees":[],"nodes":["CompoundStmt","DefinitionStmt","DefinitionStmt","IfStmt","Local","InstanceFieldRef","Local","BinaryOp","BinaryOp","Int","Int","Local","Int","Int","Local"," \u0026 ","Constant","Local"," \u003d\u003d ","Constant","RefType","Int","4","Int","Int","0","Int","org","apache","xerces","validators","datatype","U","R","I","Reference","Datatype","Validator"],"edges":[[0,1],[0,2],[0,3],[1,4],[1,5],[2,6],[2,7],[3,8],[4,9],[5,10],[5,11],[5,12],[6,13],[7,14],[7,15],[7,16],[8,17],[8,18],[8,19],[11,20],[14,21],[16,22],[16,23],[17,24],[19,25],[19,26],[20,27],[20,28],[20,29],[20,30],[20,31],[20,32],[20,33],[20,34],[20,35],[20,36],[20,37]],"ID":28},{"def":["$r47"],"use":["$r47"],"callees":["\u003cinit\u003e"],"nodes":["CompoundStmt","DefinitionStmt","Invoke","ThrowStmt","Local","NewExpr","Local","RefType","RefType","RefType","org","apache","xerces","validators","datatype","Invalid","Datatype","Facet","Exception","org","apache","xerces","validators","datatype","Invalid","Datatype","Facet","Exception","org","apache","xerces","validators","datatype","Invalid","Datatype","Facet","Exception"],"edges":[[0,1],[0,2],[0,3],[1,4],[1,5],[3,6],[4,7],[5,8],[6,9],[7,10],[7,11],[7,12],[7,13],[7,14],[7,15],[7,16],[7,17],[7,18],[8,19],[8,20],[8,21],[8,22],[8,23],[8,24],[8,25],[8,26],[8,27],[9,28],[9,29],[9,30],[9,31],[9,32],[9,33],[9,34],[9,35],[9,36]],"ID":29},{"def":["$i48","$i49"],"use":["r0.\u003corg.apache.xerces.validators.datatype.URIReferenceDatatypeValidator: int fFacetsDefined\u003e","$i48","$i49","r0"],"callees":[],"nodes":["CompoundStmt","DefinitionStmt","DefinitionStmt","IfStmt","Local","InstanceFieldRef","Local","BinaryOp","BinaryOp","Int","Int","Local","Int","Int","Local"," \u0026 ","Constant","Local"," \u003d\u003d ","Constant","RefType","Int","2","Int","Int","0","Int","org","apache","xerces","validators","datatype","U","R","I","Reference","Datatype","Validator"],"edges":[[0,1],[0,2],[0,3],[1,4],[1,5],[2,6],[2,7],[3,8],[4,9],[5,10],[5,11],[5,12],[6,13],[7,14],[7,15],[7,16],[8,17],[8,18],[8,19],[11,20],[14,21],[16,22],[16,23],[17,24],[19,25],[19,26],[20,27],[20,28],[20,29],[20,30],[20,31],[20,32],[20,33],[20,34],[20,35],[20,36],[20,37]],"ID":30},{"def":["$r46"],"use":["$r46"],"callees":["\u003cinit\u003e"],"nodes":["CompoundStmt","DefinitionStmt","Invoke","ThrowStmt","Local","NewExpr","Local","RefType","RefType","RefType","org","apache","xerces","validators","datatype","Invalid","Datatype","Facet","Exception","org","apache","xerces","validators","datatype","Invalid","Datatype","Facet","Exception","org","apache","xerces","validators","datatype","Invalid","Datatype","Facet","Exception"],"edges":[[0,1],[0,2],[0,3],[1,4],[1,5],[3,6],[4,7],[5,8],[6,9],[7,10],[7,11],[7,12],[7,13],[7,14],[7,15],[7,16],[7,17],[7,18],[8,19],[8,20],[8,21],[8,22],[8,23],[8,24],[8,25],[8,26],[8,27],[9,28],[9,29],[9,30],[9,31],[9,32],[9,33],[9,34],[9,35],[9,36]],"ID":31},{"def":["$i40","$i41"],"use":["r0.\u003corg.apache.xerces.validators.datatype.URIReferenceDatatypeValidator: int fFacetsDefined\u003e","$i40","$i41","r0"],"callees":[],"nodes":["CompoundStmt","DefinitionStmt","DefinitionStmt","IfStmt","Local","InstanceFieldRef","Local","BinaryOp","BinaryOp","Int","Int","Local","Int","Int","Local"," \u0026 ","Constant","Local"," \u003d\u003d ","Constant","RefType","Int","6","Int","Int","0","Int","org","apache","xerces","validators","datatype","U","R","I","Reference","Datatype","Validator"],"edges":[[0,1],[0,2],[0,3],[1,4],[1,5],[2,6],[2,7],[3,8],[4,9],[5,10],[5,11],[5,12],[6,13],[7,14],[7,15],[7,16],[8,17],[8,18],[8,19],[11,20],[14,21],[16,22],[16,23],[17,24],[19,25],[19,26],[20,27],[20,28],[20,29],[20,30],[20,31],[20,32],[20,33],[20,34],[20,35],[20,36],[20,37]],"ID":32},{"def":["$i42","$i43"],"use":["$i42","$i43","r0.\u003corg.apache.xerces.validators.datatype.URIReferenceDatatypeValidator: int fMaxLength\u003e","r0.\u003corg.apache.xerces.validators.datatype.URIReferenceDatatypeValidator: int fMinLength\u003e","r0"],"callees":[],"nodes":["CompoundStmt","DefinitionStmt","DefinitionStmt","IfStmt","Local","InstanceFieldRef","Local","InstanceFieldRef","BinaryOp","Int","Int","Local","Int","Int","Int","Local","Int","Local"," \u003c\u003d ","Local","RefType","RefType","Int","Int","org","apache","xerces","validators","datatype","U","R","I","Reference","Datatype","Validator","org","apache","xerces","validators","datatype","U","R","I","Reference","Datatype","Validator"],"edges":[[0,1],[0,2],[0,3],[1,4],[1,5],[2,6],[2,7],[3,8],[4,9],[5,10],[5,11],[5,12],[6,13],[7,14],[7,15],[7,16],[8,17],[8,18],[8,19],[11,20],[15,21],[17,22],[19,23],[20,24],[20,25],[20,26],[20,27],[20,28],[20,29],[20,30],[20,31],[20,32],[20,33],[20,34],[21,35],[21,36],[21,37],[21,38],[21,39],[21,40],[21,41],[21,42],[21,43],[21,44],[21,45]],"ID":33},{"def":["$i44","$i45","$r40","$r41","$r44","$r45","$r42","$r43"],"use":["$i44","r0.\u003corg.apache.xerces.validators.datatype.URIReferenceDatatypeValidator: int fMaxLength\u003e","$i45","$r40","$r41","$r44","r0.\u003corg.apache.xerces.validators.datatype.URIReferenceDatatypeValidator: int fMinLength\u003e","$r45","r0","$r42","$r43"],"callees":["\u003cinit\u003e"],"nodes":["CompoundStmt","DefinitionStmt","DefinitionStmt","Invoke","DefinitionStmt","DefinitionStmt","DefinitionStmt","DefinitionStmt","DefinitionStmt","DefinitionStmt","Invoke","ThrowStmt","Local","NewExpr","Local","NewExpr","Local","InstanceFieldRef","Local","Invoke","Local","Invoke","Local","InstanceFieldRef","Local","Invoke","Local","Invoke","Local","RefType","RefType","RefType","RefType","Int","Int","Local","Int","RefType","RefType","Int","Int","Local","Int","RefType","RefType","RefType","org","apache","xerces","validators","datatype","Invalid","Datatype","Facet","Exception","org","apache","xerces","validators","datatype","Invalid","Datatype","Facet","Exception","java","lang","String","Buffer","java","lang","String","Buffer","RefType","java","lang","String","Buffer","java","lang","String","Buffer","RefType","java","lang","String","Buffer","java","lang","String","org","apache","xerces","validators","datatype","Invalid","Datatype","Facet","Exception","org","apache","xerces","validators","datatype","U","R","I","Reference","Datatype","Validator","org","apache","xerces","validators","datatype","U","R","I","Reference","Datatype","Validator"],"edges":[[0,1],[0,2],[0,3],[0,4],[0,5],[0,6],[0,7],[0,8],[0,9],[0,10],[0,11],[1,12],[1,13],[2,14],[2,15],[4,16],[4,17],[5,18],[5,19],[6,20],[6,21],[7,22],[7,23],[8,24],[8,25],[9,26],[9,27],[11,28],[12,29],[13,30],[14,31],[15,32],[16,33],[17,34],[17,35],[17,36],[18,37],[20,38],[22,39],[23,40],[23,41],[23,42],[24,43],[26,44],[28,45],[29,46],[29,47],[29,48],[29,49],[29,50],[29,51],[29,52],[29,53],[29,54],[30,55],[30,56],[30,57],[30,58],[30,59],[30,60],[30,61],[30,62],[30,63],[31,64],[31,65],[31,66],[31,67],[32,68],[32,69],[32,70],[32,71],[35,72],[37,73],[37,74],[37,75],[37,76],[38,77],[38,78],[38,79],[38,80],[41,81],[43,82],[43,83],[43,84],[43,85],[44,86],[44,87],[44,88],[45,89],[45,90],[45,91],[45,92],[45,93],[45,94],[45,95],[45,96],[45,97],[72,98],[72,99],[72,100],[72,101],[72,102],[72,103],[72,104],[72,105],[72,106],[72,107],[72,108],[81,109],[81,110],[81,111],[81,112],[81,113],[81,114],[81,115],[81,116],[81,117],[81,118],[81,119]],"ID":34},{"def":["r89","$z12"],"use":["r2","r89","$z12"],"callees":[],"nodes":["CompoundStmt","DefinitionStmt","GotoStmt","DefinitionStmt","IfStmt","Local","Invoke","Local","Invoke","BinaryOp","RefType","Boolean","Local"," !\u003d ","Constant","java","util","Enumeration","Boolean","0","Int"],"edges":[[0,1],[0,2],[0,3],[0,4],[1,5],[1,6],[3,7],[3,8],[4,9],[5,10],[7,11],[9,12],[9,13],[9,14],[10,15],[10,16],[10,17],[12,18],[14,19],[14,20]],"ID":35},{"def":["$r3","r90","$z2"],"use":["r89","$r3","r90","$z2"],"callees":[],"nodes":["CompoundStmt","DefinitionStmt","DefinitionStmt","DefinitionStmt","IfStmt","Local","Invoke","Local","CastExpr","Local","Invoke","BinaryOp","RefType","RefType","RefType","RefType","Local","Boolean","Local"," \u003d\u003d ","Constant","java","lang","Object","java","lang","String","java","lang","String","java","lang","String","RefType","Boolean","0","Int","java","lang","Object"],"edges":[[0,1],[0,2],[0,3],[0,4],[1,5],[1,6],[2,7],[2,8],[3,9],[3,10],[4,11],[5,12],[7,13],[8,14],[8,15],[8,16],[9,17],[11,18],[11,19],[11,20],[12,21],[12,22],[12,23],[13,24],[13,25],[13,26],[14,27],[14,28],[14,29],[15,30],[15,31],[15,32],[16,33],[18,34],[20,35],[20,36],[33,37],[33,38],[33,39]],"ID":36},{"def":["r0.\u003corg.apache.xerces.validators.datatype.URIReferenceDatatypeValidator: int fFacetsDefined\u003e","$i8","$i9","$r9","r91"],"use":["r0.\u003corg.apache.xerces.validators.datatype.URIReferenceDatatypeValidator: int fFacetsDefined\u003e","r2","$i8","$i9","r90","$r9","r0"],"callees":[],"nodes":["CompoundStmt","DefinitionStmt","DefinitionStmt","DefinitionStmt","DefinitionStmt","DefinitionStmt","Local","InstanceFieldRef","Local","BinaryOp","InstanceFieldRef","Local","Local","Invoke","Local","CastExpr","Int","Int","Local","Int","Int","Local"," + ","Constant","Int","Local","Int","Int","RefType","RefType","RefType","RefType","Local","RefType","Int","1","Int","RefType","java","lang","Object","java","lang","String","java","lang","String","java","lang","String","RefType","org","apache","xerces","validators","datatype","U","R","I","Reference","Datatype","Validator","org","apache","xerces","validators","datatype","U","R","I","Reference","Datatype","Validator","java","lang","Object"],"edges":[[0,1],[0,2],[0,3],[0,4],[0,5],[1,6],[1,7],[2,8],[2,9],[3,10],[3,11],[4,12],[4,13],[5,14],[5,15],[6,16],[7,17],[7,18],[7,19],[8,20],[9,21],[9,22],[9,23],[10,24],[10,25],[10,26],[11,27],[12,28],[14,29],[15,30],[15,31],[15,32],[18,33],[21,34],[23,35],[23,36],[25,37],[28,38],[28,39],[28,40],[29,41],[29,42],[29,43],[30,44],[30,45],[30,46],[31,47],[31,48],[31,49],[32,50],[33,51],[33,52],[33,53],[33,54],[33,55],[33,56],[33,57],[33,58],[33,59],[33,60],[33,61],[37,62],[37,63],[37,64],[37,65],[37,66],[37,67],[37,68],[37,69],[37,70],[37,71],[37,72],[50,73],[50,74],[50,75]],"ID":37},{"def":["$i10"],"use":["r91"],"callees":[],"nodes":["CompoundStmt","DefinitionStmt","Local","Invoke","Int"],"edges":[[0,1],[1,2],[1,3],[2,4]],"ID":38},{"def":["$i11","r0.\u003corg.apache.xerces.validators.datatype.URIReferenceDatatypeValidator: int fLength\u003e"],"use":["$i11","$i10","r0.\u003corg.apache.xerces.validators.datatype.URIReferenceDatatypeValidator: int fLength\u003e","r0"],"callees":[],"nodes":["CompoundStmt","DefinitionStmt","GotoStmt","DefinitionStmt","IfStmt","InstanceFieldRef","Local","Local","InstanceFieldRef","BinaryOp","Int","Local","Int","Int","Int","Int","Local","Int","Local"," \u003e\u003d ","Constant","RefType","RefType","Int","0","Int","org","apache","xerces","validators","datatype","U","R","I","Reference","Datatype","Validator","org","apache","xerces","validators","datatype","U","R","I","Reference","Datatype","Validator"],"edges":[[0,1],[0,2],[0,3],[0,4],[1,5],[1,6],[3,7],[3,8],[4,9],[5,10],[5,11],[5,12],[6,13],[7,14],[8,15],[8,16],[8,17],[9,18],[9,19],[9,20],[11,21],[16,22],[18,23],[20,24],[20,25],[21,26],[21,27],[21,28],[21,29],[21,30],[21,31],[21,32],[21,33],[21,34],[21,35],[21,36],[22,37],[22,38],[22,39],[22,40],[22,41],[22,42],[22,43],[22,44],[22,45],[22,46],[22,47]],"ID":39},{"def":["$r48","$r49","$r51","$r52","$r50","$r53"],"use":["$r49","@caughtexception","$r51","$r52","$r50","r91","$r53"],"callees":["\u003cinit\u003e"],"nodes":["CompoundStmt","DefinitionStmt","DefinitionStmt","DefinitionStmt","Invoke","DefinitionStmt","DefinitionStmt","DefinitionStmt","Invoke","ThrowStmt","Local","CaughtException","Local","NewExpr","Local","NewExpr","Local","Invoke","Local","Invoke","Local","Invoke","Local","RefType","RefType","RefType","RefType","RefType","RefType","RefType","RefType","RefType","RefType","java","lang","Number","Format","Exception","java","lang","Throwable","org","apache","xerces","validators","datatype","Invalid","Datatype","Facet","Exception","org","apache","xerces","validators","datatype","Invalid","Datatype","Facet","Exception","java","lang","String","Buffer","java","lang","String","Buffer","java","lang","String","Buffer","java","lang","String","Buffer","java","lang","String","org","apache","xerces","validators","datatype","Invalid","Datatype","Facet","Exception"],"edges":[[0,1],[0,2],[0,3],[0,4],[0,5],[0,6],[0,7],[0,8],[0,9],[1,10],[1,11],[2,12],[2,13],[3,14],[3,15],[5,16],[5,17],[6,18],[6,19],[7,20],[7,21],[9,22],[10,23],[11,24],[12,25],[13,26],[14,27],[15,28],[16,29],[18,30],[20,31],[22,32],[23,33],[23,34],[23,35],[23,36],[23,37],[24,38],[24,39],[24,40],[25,41],[25,42],[25,43],[25,44],[25,45],[25,46],[25,47],[25,48],[25,49],[26,50],[26,51],[26,52],[26,53],[26,54],[26,55],[26,56],[26,57],[26,58],[27,59],[27,60],[27,61],[27,62],[28,63],[28,64],[28,65],[28,66],[29,67],[29,68],[29,69],[29,70],[30,71],[30,72],[30,73],[30,74],[31,75],[31,76],[31,77],[32,78],[32,79],[32,80],[32,81],[32,82],[32,83],[32,84],[32,85],[32,86]],"ID":40},{"def":["$r13","$r14","$r11","$r12","$r10"],"use":["$r13","$r14","r91","$r11","$r12","$r10"],"callees":["\u003cinit\u003e"],"nodes":["CompoundStmt","DefinitionStmt","DefinitionStmt","Invoke","DefinitionStmt","DefinitionStmt","DefinitionStmt","Invoke","ThrowStmt","Local","NewExpr","Local","NewExpr","Local","Invoke","Local","Invoke","Local","Invoke","Local","RefType","RefType","RefType","RefType","RefType","RefType","RefType","RefType","org","apache","xerces","validators","datatype","Invalid","Datatype","Facet","Exception","org","apache","xerces","validators","datatype","Invalid","Datatype","Facet","Exception","java","lang","String","Buffer","java","lang","String","Buffer","java","lang","String","Buffer","java","lang","String","Buffer","java","lang","String","org","apache","xerces","validators","datatype","Invalid","Datatype","Facet","Exception"],"edges":[[0,1],[0,2],[0,3],[0,4],[0,5],[0,6],[0,7],[0,8],[1,9],[1,10],[2,11],[2,12],[4,13],[4,14],[5,15],[5,16],[6,17],[6,18],[8,19],[9,20],[10,21],[11,22],[12,23],[13,24],[15,25],[17,26],[19,27],[20,28],[20,29],[20,30],[20,31],[20,32],[20,33],[20,34],[20,35],[20,36],[21,37],[21,38],[21,39],[21,40],[21,41],[21,42],[21,43],[21,44],[21,45],[22,46],[22,47],[22,48],[22,49],[23,50],[23,51],[23,52],[23,53],[24,54],[24,55],[24,56],[24,57],[25,58],[25,59],[25,60],[25,61],[26,62],[26,63],[26,64],[27,65],[27,66],[27,67],[27,68],[27,69],[27,70],[27,71],[27,72],[27,73]],"ID":41},{"def":["$z3"],"use":["r90","$z3"],"callees":[],"nodes":["CompoundStmt","DefinitionStmt","IfStmt","Local","Invoke","BinaryOp","Boolean","Local"," \u003d\u003d ","Constant","Boolean","0","Int"],"edges":[[0,1],[0,2],[1,3],[1,4],[2,5],[3,6],[5,7],[5,8],[5,9],[7,10],[9,11],[9,12]],"ID":42},{"def":["$i5","r0.\u003corg.apache.xerces.validators.datatype.URIReferenceDatatypeValidator: int fFacetsDefined\u003e","$i6","$r8","r92"],"use":["r0.\u003corg.apache.xerces.validators.datatype.URIReferenceDatatypeValidator: int fFacetsDefined\u003e","$i5","r2","$i6","r90","$r8","r0"],"callees":[],"nodes":["CompoundStmt","DefinitionStmt","DefinitionStmt","DefinitionStmt","DefinitionStmt","DefinitionStmt","Local","InstanceFieldRef","Local","BinaryOp","InstanceFieldRef","Local","Local","Invoke","Local","CastExpr","Int","Int","Local","Int","Int","Local"," + ","Constant","Int","Local","Int","Int","RefType","RefType","RefType","RefType","Local","RefType","Int","2","Int","RefType","java","lang","Object","java","lang","String","java","lang","String","java","lang","String","RefType","org","apache","xerces","validators","datatype","U","R","I","Reference","Datatype","Validator","org","apache","xerces","validators","datatype","U","R","I","Reference","Datatype","Validator","java","lang","Object"],"edges":[[0,1],[0,2],[0,3],[0,4],[0,5],[1,6],[1,7],[2,8],[2,9],[3,10],[3,11],[4,12],[4,13],[5,14],[5,15],[6,16],[7,17],[7,18],[7,19],[8,20],[9,21],[9,22],[9,23],[10,24],[10,25],[10,26],[11,27],[12,28],[14,29],[15,30],[15,31],[15,32],[18,33],[21,34],[23,35],[23,36],[25,37],[28,38],[28,39],[28,40],[29,41],[29,42],[29,43],[30,44],[30,45],[30,46],[31,47],[31,48],[31,49],[32,50],[33,51],[33,52],[33,53],[33,54],[33,55],[33,56],[33,57],[33,58],[33,59],[33,60],[33,61],[37,62],[37,63],[37,64],[37,65],[37,66],[37,67],[37,68],[37,69],[37,70],[37,71],[37,72],[50,73],[50,74],[50,75]],"ID":43},{"def":["$i7"],"use":["r92"],"callees":[],"nodes":["CompoundStmt","DefinitionStmt","Local","Invoke","Int"],"edges":[[0,1],[1,2],[1,3],[2,4]],"ID":44},{"def":["r0.\u003corg.apache.xerces.validators.datatype.URIReferenceDatatypeValidator: int fMinLength\u003e"],"use":["$i7","r0"],"callees":[],"nodes":["CompoundStmt","DefinitionStmt","GotoStmt","InstanceFieldRef","Local","Int","Local","Int","Int","RefType","org","apache","xerces","validators","datatype","U","R","I","Reference","Datatype","Validator"],"edges":[[0,1],[0,2],[1,3],[1,4],[3,5],[3,6],[3,7],[4,8],[6,9],[9,10],[9,11],[9,12],[9,13],[9,14],[9,15],[9,16],[9,17],[9,18],[9,19],[9,20]],"ID":45},{"def":["$r68","$r69","$r70","$r71","$r66","$r67"],"use":["$r68","$r69","@caughtexception","$r70","r92","$r71","$r67"],"callees":["\u003cinit\u003e"],"nodes":["CompoundStmt","DefinitionStmt","DefinitionStmt","DefinitionStmt","Invoke","DefinitionStmt","DefinitionStmt","DefinitionStmt","Invoke","ThrowStmt","Local","CaughtException","Local","NewExpr","Local","NewExpr","Local","Invoke","Local","Invoke","Local","Invoke","Local","RefType","RefType","RefType","RefType","RefType","RefType","RefType","RefType","RefType","RefType","java","lang","Number","Format","Exception","java","lang","Throwable","org","apache","xerces","validators","datatype","Invalid","Datatype","Facet","Exception","org","apache","xerces","validators","datatype","Invalid","Datatype","Facet","Exception","java","lang","String","Buffer","java","lang","String","Buffer","java","lang","String","Buffer","java","lang","String","Buffer","java","lang","String","org","apache","xerces","validators","datatype","Invalid","Datatype","Facet","Exception"],"edges":[[0,1],[0,2],[0,3],[0,4],[0,5],[0,6],[0,7],[0,8],[0,9],[1,10],[1,11],[2,12],[2,13],[3,14],[3,15],[5,16],[5,17],[6,18],[6,19],[7,20],[7,21],[9,22],[10,23],[11,24],[12,25],[13,26],[14,27],[15,28],[16,29],[18,30],[20,31],[22,32],[23,33],[23,34],[23,35],[23,36],[23,37],[24,38],[24,39],[24,40],[25,41],[25,42],[25,43],[25,44],[25,45],[25,46],[25,47],[25,48],[25,49],[26,50],[26,51],[26,52],[26,53],[26,54],[26,55],[26,56],[26,57],[26,58],[27,59],[27,60],[27,61],[27,62],[28,63],[28,64],[28,65],[28,66],[29,67],[29,68],[29,69],[29,70],[30,71],[30,72],[30,73],[30,74],[31,75],[31,76],[31,77],[32,78],[32,79],[32,80],[32,81],[32,82],[32,83],[32,84],[32,85],[32,86]],"ID":46},{"def":["$z4"],"use":["r90","$z4"],"callees":[],"nodes":["CompoundStmt","DefinitionStmt","IfStmt","Local","Invoke","BinaryOp","Boolean","Local"," \u003d\u003d ","Constant","Boolean","0","Int"],"edges":[[0,1],[0,2],[1,3],[1,4],[2,5],[3,6],[5,7],[5,8],[5,9],[7,10],[9,11],[9,12]],"ID":47},{"def":["r0.\u003corg.apache.xerces.validators.datatype.URIReferenceDatatypeValidator: int fFacetsDefined\u003e","$r7","$i2","r93","$i3"],"use":["r0.\u003corg.apache.xerces.validators.datatype.URIReferenceDatatypeValidator: int fFacetsDefined\u003e","r2","r90","$r7","$i2","r0","$i3"],"callees":[],"nodes":["CompoundStmt","DefinitionStmt","DefinitionStmt","DefinitionStmt","DefinitionStmt","DefinitionStmt","Local","InstanceFieldRef","Local","BinaryOp","InstanceFieldRef","Local","Local","Invoke","Local","CastExpr","Int","Int","Local","Int","Int","Local"," + ","Constant","Int","Local","Int","Int","RefType","RefType","RefType","RefType","Local","RefType","Int","4","Int","RefType","java","lang","Object","java","lang","String","java","lang","String","java","lang","String","RefType","org","apache","xerces","validators","datatype","U","R","I","Reference","Datatype","Validator","org","apache","xerces","validators","datatype","U","R","I","Reference","Datatype","Validator","java","lang","Object"],"edges":[[0,1],[0,2],[0,3],[0,4],[0,5],[1,6],[1,7],[2,8],[2,9],[3,10],[3,11],[4,12],[4,13],[5,14],[5,15],[6,16],[7,17],[7,18],[7,19],[8,20],[9,21],[9,22],[9,23],[10,24],[10,25],[10,26],[11,27],[12,28],[14,29],[15,30],[15,31],[15,32],[18,33],[21,34],[23,35],[23,36],[25,37],[28,38],[28,39],[28,40],[29,41],[29,42],[29,43],[30,44],[30,45],[30,46],[31,47],[31,48],[31,49],[32,50],[33,51],[33,52],[33,53],[33,54],[33,55],[33,56],[33,57],[33,58],[33,59],[33,60],[33,61],[37,62],[37,63],[37,64],[37,65],[37,66],[37,67],[37,68],[37,69],[37,70],[37,71],[37,72],[50,73],[50,74],[50,75]],"ID":48},{"def":["$i4"],"use":["r93"],"callees":[],"nodes":["CompoundStmt","DefinitionStmt","Local","Invoke","Int"],"edges":[[0,1],[1,2],[1,3],[2,4]],"ID":49},{"def":["r0.\u003corg.apache.xerces.validators.datatype.URIReferenceDatatypeValidator: int fMaxLength\u003e"],"use":["r0","$i4"],"callees":[],"nodes":["CompoundStmt","DefinitionStmt","GotoStmt","InstanceFieldRef","Local","Int","Local","Int","Int","RefType","org","apache","xerces","validators","datatype","U","R","I","Reference","Datatype","Validator"],"edges":[[0,1],[0,2],[1,3],[1,4],[3,5],[3,6],[3,7],[4,8],[6,9],[9,10],[9,11],[9,12],[9,13],[9,14],[9,15],[9,16],[9,17],[9,18],[9,19],[9,20]],"ID":50},{"def":["$r62","$r63","$r60","$r61","$r64","$r65"],"use":["@caughtexception","$r62","$r63","$r61","r93","$r64","$r65"],"callees":["\u003cinit\u003e"],"nodes":["CompoundStmt","DefinitionStmt","DefinitionStmt","DefinitionStmt","Invoke","DefinitionStmt","DefinitionStmt","DefinitionStmt","Invoke","ThrowStmt","Local","CaughtException","Local","NewExpr","Local","NewExpr","Local","Invoke","Local","Invoke","Local","Invoke","Local","RefType","RefType","RefType","RefType","RefType","RefType","RefType","RefType","RefType","RefType","java","lang","Number","Format","Exception","java","lang","Throwable","org","apache","xerces","validators","datatype","Invalid","Datatype","Facet","Exception","org","apache","xerces","validators","datatype","Invalid","Datatype","Facet","Exception","java","lang","String","Buffer","java","lang","String","Buffer","java","lang","String","Buffer","java","lang","String","Buffer","java","lang","String","org","apache","xerces","validators","datatype","Invalid","Datatype","Facet","Exception"],"edges":[[0,1],[0,2],[0,3],[0,4],[0,5],[0,6],[0,7],[0,8],[0,9],[1,10],[1,11],[2,12],[2,13],[3,14],[3,15],[5,16],[5,17],[6,18],[6,19],[7,20],[7,21],[9,22],[10,23],[11,24],[12,25],[13,26],[14,27],[15,28],[16,29],[18,30],[20,31],[22,32],[23,33],[23,34],[23,35],[23,36],[23,37],[24,38],[24,39],[24,40],[25,41],[25,42],[25,43],[25,44],[25,45],[25,46],[25,47],[25,48],[25,49],[26,50],[26,51],[26,52],[26,53],[26,54],[26,55],[26,56],[26,57],[26,58],[27,59],[27,60],[27,61],[27,62],[28,63],[28,64],[28,65],[28,66],[29,67],[29,68],[29,69],[29,70],[30,71],[30,72],[30,73],[30,74],[31,75],[31,76],[31,77],[32,78],[32,79],[32,80],[32,81],[32,82],[32,83],[32,84],[32,85],[32,86]],"ID":51},{"def":["$z5"],"use":["r90","$z5"],"callees":[],"nodes":["CompoundStmt","DefinitionStmt","IfStmt","Local","Invoke","BinaryOp","Boolean","Local"," \u003d\u003d ","Constant","Boolean","0","Int"],"edges":[[0,1],[0,2],[1,3],[1,4],[2,5],[3,6],[5,7],[5,8],[5,9],[7,10],[9,11],[9,12]],"ID":52},{"def":["r0.\u003corg.apache.xerces.validators.datatype.URIReferenceDatatypeValidator: int fFacetsDefined\u003e","$r5","r0.\u003corg.apache.xerces.validators.datatype.URIReferenceDatatypeValidator: java.util.Vector fEnumeration\u003e","$r6","$i0","$i1"],"use":["r0.\u003corg.apache.xerces.validators.datatype.URIReferenceDatatypeValidator: int fFacetsDefined\u003e","r2","$r5","r90","$r6","$i0","$i1","r0"],"callees":[],"nodes":["CompoundStmt","DefinitionStmt","DefinitionStmt","DefinitionStmt","DefinitionStmt","DefinitionStmt","DefinitionStmt","GotoStmt","Local","InstanceFieldRef","Local","BinaryOp","InstanceFieldRef","Local","Local","Invoke","Local","CastExpr","InstanceFieldRef","Local","Int","Int","Local","Int","Int","Local"," + ","Constant","Int","Local","Int","Int","RefType","RefType","RefType","RefType","Local","RefType","Local","RefType","RefType","RefType","Int","1","6","Int","RefType","java","lang","Object","java","util","Vector","java","util","Vector","java","util","Vector","RefType","java","util","Vector","RefType","java","util","Vector","java","util","Vector","org","apache","xerces","validators","datatype","U","R","I","Reference","Datatype","Validator","org","apache","xerces","validators","datatype","U","R","I","Reference","Datatype","Validator","java","lang","Object","org","apache","xerces","validators","datatype","U","R","I","Reference","Datatype","Validator"],"edges":[[0,1],[0,2],[0,3],[0,4],[0,5],[0,6],[0,7],[1,8],[1,9],[2,10],[2,11],[3,12],[3,13],[4,14],[4,15],[5,16],[5,17],[6,18],[6,19],[8,20],[9,21],[9,22],[9,23],[10,24],[11,25],[11,26],[11,27],[12,28],[12,29],[12,30],[13,31],[14,32],[16,33],[17,34],[17,35],[17,36],[18,37],[18,38],[18,39],[19,40],[22,41],[25,42],[27,43],[27,44],[27,45],[29,46],[32,47],[32,48],[32,49],[33,50],[33,51],[33,52],[34,53],[34,54],[34,55],[35,56],[35,57],[35,58],[36,59],[37,60],[37,61],[37,62],[38,63],[39,64],[39,65],[39,66],[40,67],[40,68],[40,69],[41,70],[41,71],[41,72],[41,73],[41,74],[41,75],[41,76],[41,77],[41,78],[41,79],[41,80],[46,81],[46,82],[46,83],[46,84],[46,85],[46,86],[46,87],[46,88],[46,89],[46,90],[46,91],[59,92],[59,93],[59,94],[63,95],[63,96],[63,97],[63,98],[63,99],[63,100],[63,101],[63,102],[63,103],[63,104],[63,105]],"ID":53},{"def":["$r4"],"use":["$r4"],"callees":["\u003cinit\u003e"],"nodes":["CompoundStmt","DefinitionStmt","Invoke","ThrowStmt","Local","NewExpr","Local","RefType","RefType","RefType","org","apache","xerces","validators","datatype","Invalid","Datatype","Facet","Exception","org","apache","xerces","validators","datatype","Invalid","Datatype","Facet","Exception","org","apache","xerces","validators","datatype","Invalid","Datatype","Facet","Exception"],"edges":[[0,1],[0,2],[0,3],[1,4],[1,5],[3,6],[4,7],[5,8],[6,9],[7,10],[7,11],[7,12],[7,13],[7,14],[7,15],[7,16],[7,17],[7,18],[8,19],[8,20],[8,21],[8,22],[8,23],[8,24],[8,25],[8,26],[8,27],[9,28],[9,29],[9,30],[9,31],[9,32],[9,33],[9,34],[9,35],[9,36]],"ID":54},{"def":["$i13","$i12"],"use":["r0.\u003corg.apache.xerces.validators.datatype.URIReferenceDatatypeValidator: int fFacetsDefined\u003e","$i13","$i12","r0"],"callees":[],"nodes":["CompoundStmt","DefinitionStmt","DefinitionStmt","IfStmt","Local","InstanceFieldRef","Local","BinaryOp","BinaryOp","Int","Int","Local","Int","Int","Local"," \u0026 ","Constant","Local"," \u003d\u003d ","Constant","RefType","Int","1","Int","Int","0","Int","org","apache","xerces","validators","datatype","U","R","I","Reference","Datatype","Validator"],"edges":[[0,1],[0,2],[0,3],[1,4],[1,5],[2,6],[2,7],[3,8],[4,9],[5,10],[5,11],[5,12],[6,13],[7,14],[7,15],[7,16],[8,17],[8,18],[8,19],[11,20],[14,21],[16,22],[16,23],[17,24],[19,25],[19,26],[20,27],[20,28],[20,29],[20,30],[20,31],[20,32],[20,33],[20,34],[20,35],[20,36],[20,37]],"ID":55},{"def":["$i20","$i21"],"use":["r0.\u003corg.apache.xerces.validators.datatype.URIReferenceDatatypeValidator: int fFacetsDefined\u003e","$i20","$i21","r0"],"callees":[],"nodes":["CompoundStmt","DefinitionStmt","DefinitionStmt","IfStmt","Local","InstanceFieldRef","Local","BinaryOp","BinaryOp","Int","Int","Local","Int","Int","Local"," \u0026 ","Constant","Local"," \u003d\u003d ","Constant","RefType","Int","4","Int","Int","0","Int","org","apache","xerces","validators","datatype","U","R","I","Reference","Datatype","Validator"],"edges":[[0,1],[0,2],[0,3],[1,4],[1,5],[2,6],[2,7],[3,8],[4,9],[5,10],[5,11],[5,12],[6,13],[7,14],[7,15],[7,16],[8,17],[8,18],[8,19],[11,20],[14,21],[16,22],[16,23],[17,24],[19,25],[19,26],[20,27],[20,28],[20,29],[20,30],[20,31],[20,32],[20,33],[20,34],[20,35],[20,36],[20,37]],"ID":56},{"def":["$r22"],"use":["$r22"],"callees":["\u003cinit\u003e"],"nodes":["CompoundStmt","DefinitionStmt","Invoke","ThrowStmt","Local","NewExpr","Local","RefType","RefType","RefType","org","apache","xerces","validators","datatype","Invalid","Datatype","Facet","Exception","org","apache","xerces","validators","datatype","Invalid","Datatype","Facet","Exception","org","apache","xerces","validators","datatype","Invalid","Datatype","Facet","Exception"],"edges":[[0,1],[0,2],[0,3],[1,4],[1,5],[3,6],[4,7],[5,8],[6,9],[7,10],[7,11],[7,12],[7,13],[7,14],[7,15],[7,16],[7,17],[7,18],[8,19],[8,20],[8,21],[8,22],[8,23],[8,24],[8,25],[8,26],[8,27],[9,28],[9,29],[9,30],[9,31],[9,32],[9,33],[9,34],[9,35],[9,36]],"ID":57},{"def":["$i22","$i23"],"use":["r0.\u003corg.apache.xerces.validators.datatype.URIReferenceDatatypeValidator: int fFacetsDefined\u003e","$i22","$i23","r0"],"callees":[],"nodes":["CompoundStmt","DefinitionStmt","DefinitionStmt","IfStmt","Local","InstanceFieldRef","Local","BinaryOp","BinaryOp","Int","Int","Local","Int","Int","Local"," \u0026 ","Constant","Local"," \u003d\u003d ","Constant","RefType","Int","2","Int","Int","0","Int","org","apache","xerces","validators","datatype","U","R","I","Reference","Datatype","Validator"],"edges":[[0,1],[0,2],[0,3],[1,4],[1,5],[2,6],[2,7],[3,8],[4,9],[5,10],[5,11],[5,12],[6,13],[7,14],[7,15],[7,16],[8,17],[8,18],[8,19],[11,20],[14,21],[16,22],[16,23],[17,24],[19,25],[19,26],[20,27],[20,28],[20,29],[20,30],[20,31],[20,32],[20,33],[20,34],[20,35],[20,36],[20,37]],"ID":58},{"def":["$r21"],"use":["$r21"],"callees":["\u003cinit\u003e"],"nodes":["CompoundStmt","DefinitionStmt","Invoke","ThrowStmt","Local","NewExpr","Local","RefType","RefType","RefType","org","apache","xerces","validators","datatype","Invalid","Datatype","Facet","Exception","org","apache","xerces","validators","datatype","Invalid","Datatype","Facet","Exception","org","apache","xerces","validators","datatype","Invalid","Datatype","Facet","Exception"],"edges":[[0,1],[0,2],[0,3],[1,4],[1,5],[3,6],[4,7],[5,8],[6,9],[7,10],[7,11],[7,12],[7,13],[7,14],[7,15],[7,16],[7,17],[7,18],[8,19],[8,20],[8,21],[8,22],[8,23],[8,24],[8,25],[8,26],[8,27],[9,28],[9,29],[9,30],[9,31],[9,32],[9,33],[9,34],[9,35],[9,36]],"ID":59},{"def":["$i15","$i14"],"use":["r0.\u003corg.apache.xerces.validators.datatype.URIReferenceDatatypeValidator: int fFacetsDefined\u003e","$i15","$i14","r0"],"callees":[],"nodes":["CompoundStmt","DefinitionStmt","DefinitionStmt","IfStmt","Local","InstanceFieldRef","Local","BinaryOp","BinaryOp","Int","Int","Local","Int","Int","Local"," \u0026 ","Constant","Local"," \u003d\u003d ","Constant","RefType","Int","6","Int","Int","0","Int","org","apache","xerces","validators","datatype","U","R","I","Reference","Datatype","Validator"],"edges":[[0,1],[0,2],[0,3],[1,4],[1,5],[2,6],[2,7],[3,8],[4,9],[5,10],[5,11],[5,12],[6,13],[7,14],[7,15],[7,16],[8,17],[8,18],[8,19],[11,20],[14,21],[16,22],[16,23],[17,24],[19,25],[19,26],[20,27],[20,28],[20,29],[20,30],[20,31],[20,32],[20,33],[20,34],[20,35],[20,36],[20,37]],"ID":60},{"def":["$i17","$i16"],"use":["r0.\u003corg.apache.xerces.validators.datatype.URIReferenceDatatypeValidator: int fMaxLength\u003e","$i17","$i16","r0.\u003corg.apache.xerces.validators.datatype.URIReferenceDatatypeValidator: int fMinLength\u003e","r0"],"callees":[],"nodes":["CompoundStmt","DefinitionStmt","DefinitionStmt","IfStmt","Local","InstanceFieldRef","Local","InstanceFieldRef","BinaryOp","Int","Int","Local","Int","Int","Int","Local","Int","Local"," \u003c\u003d ","Local","RefType","RefType","Int","Int","org","apache","xerces","validators","datatype","U","R","I","Reference","Datatype","Validator","org","apache","xerces","validators","datatype","U","R","I","Reference","Datatype","Validator"],"edges":[[0,1],[0,2],[0,3],[1,4],[1,5],[2,6],[2,7],[3,8],[4,9],[5,10],[5,11],[5,12],[6,13],[7,14],[7,15],[7,16],[8,17],[8,18],[8,19],[11,20],[15,21],[17,22],[19,23],[20,24],[20,25],[20,26],[20,27],[20,28],[20,29],[20,30],[20,31],[20,32],[20,33],[20,34],[21,35],[21,36],[21,37],[21,38],[21,39],[21,40],[21,41],[21,42],[21,43],[21,44],[21,45]],"ID":61},{"def":["$r15","$r16","$r19","$r17","$r18","$i19","$i18","$r20"],"use":["$r15","$r16","$r19","$r17","r0.\u003corg.apache.xerces.validators.datatype.URIReferenceDatatypeValidator: int fMaxLength\u003e","$r18","$i19","r0.\u003corg.apache.xerces.validators.datatype.URIReferenceDatatypeValidator: int fMinLength\u003e","$i18","r0","$r20"],"callees":["\u003cinit\u003e"],"nodes":["CompoundStmt","DefinitionStmt","DefinitionStmt","Invoke","DefinitionStmt","DefinitionStmt","DefinitionStmt","DefinitionStmt","DefinitionStmt","DefinitionStmt","Invoke","ThrowStmt","Local","NewExpr","Local","NewExpr","Local","InstanceFieldRef","Local","Invoke","Local","Invoke","Local","InstanceFieldRef","Local","Invoke","Local","Invoke","Local","RefType","RefType","RefType","RefType","Int","Int","Local","Int","RefType","RefType","Int","Int","Local","Int","RefType","RefType","RefType","org","apache","xerces","validators","datatype","Invalid","Datatype","Facet","Exception","org","apache","xerces","validators","datatype","Invalid","Datatype","Facet","Exception","java","lang","String","Buffer","java","lang","String","Buffer","RefType","java","lang","String","Buffer","java","lang","String","Buffer","RefType","java","lang","String","Buffer","java","lang","String","org","apache","xerces","validators","datatype","Invalid","Datatype","Facet","Exception","org","apache","xerces","validators","datatype","U","R","I","Reference","Datatype","Validator","org","apache","xerces","validators","datatype","U","R","I","Reference","Datatype","Validator"],"edges":[[0,1],[0,2],[0,3],[0,4],[0,5],[0,6],[0,7],[0,8],[0,9],[0,10],[0,11],[1,12],[1,13],[2,14],[2,15],[4,16],[4,17],[5,18],[5,19],[6,20],[6,21],[7,22],[7,23],[8,24],[8,25],[9,26],[9,27],[11,28],[12,29],[13,30],[14,31],[15,32],[16,33],[17,34],[17,35],[17,36],[18,37],[20,38],[22,39],[23,40],[23,41],[23,42],[24,43],[26,44],[28,45],[29,46],[29,47],[29,48],[29,49],[29,50],[29,51],[29,52],[29,53],[29,54],[30,55],[30,56],[30,57],[30,58],[30,59],[30,60],[30,61],[30,62],[30,63],[31,64],[31,65],[31,66],[31,67],[32,68],[32,69],[32,70],[32,71],[35,72],[37,73],[37,74],[37,75],[37,76],[38,77],[38,78],[38,79],[38,80],[41,81],[43,82],[43,83],[43,84],[43,85],[44,86],[44,87],[44,88],[45,89],[45,90],[45,91],[45,92],[45,93],[45,94],[45,95],[45,96],[45,97],[72,98],[72,99],[72,100],[72,101],[72,102],[72,103],[72,104],[72,105],[72,106],[72,107],[72,108],[81,109],[81,110],[81,111],[81,112],[81,113],[81,114],[81,115],[81,116],[81,117],[81,118],[81,119]],"ID":62},{"def":[],"use":[],"callees":[],"nodes":["CompoundStmt","ReturnVoidStmt"],"edges":[[0,1]],"ID":63}],"edgeSet":[[3,35,2],[38,40,5],[33,63,2],[8,4,2],[51,1,0],[59,1,0],[16,21,2],[44,45,0],[63,1,0],[12,13,0],[28,29,1],[4,5,2],[36,37,1],[52,53,1],[60,61,1],[61,63,2],[6,9,5],[13,15,5],[39,35,2],[10,1,0],[26,1,0],[47,52,2],[55,60,2],[43,44,0],[21,24,2],[3,4,1],[11,12,1],[27,28,1],[28,30,2],[34,1,0],[52,54,2],[35,36,2],[44,46,5],[32,63,2],[37,40,5],[46,1,0],[19,4,0],[23,4,0],[54,1,0],[62,1,0],[60,63,2],[18,19,0],[2,3,1],[42,43,1],[58,59,1],[12,15,5],[9,1,0],[50,35,0],[29,1,0],[49,50,0],[17,18,0],[33,34,1],[58,60,2],[18,20,5],[43,46,5],[41,1,0],[14,4,0],[35,55,1],[22,4,2],[57,1,0],[5,11,2],[48,49,0],[16,17,1],[24,25,1],[32,33,1],[56,57,1],[49,51,5],[2,63,2],[45,35,0],[20,1,0],[53,35,0],[11,16,2],[27,32,2],[36,42,2],[0,2,0],[7,8,0],[8,10,1],[24,26,2],[47,48,1],[55,56,1],[56,58,2],[17,20,5],[40,1,0],[4,27,1],[25,4,0],[42,47,2],[38,39,0],[39,41,1],[6,7,0],[22,23,1],[30,31,1],[7,9,5],[48,51,5],[15,1,0],[31,1,0],[37,38,0],[13,14,0],[5,6,1],[21,22,1],[30,32,2],[61,62,1]],"ENTRY":{"def":[],"use":[],"callees":[],"nodes":["CompoundStmt"],"edges":[],"ID":0},"EXIT":{"def":[],"use":[],"callees":[],"nodes":["CompoundStmt"],"edges":[],"ID":1},"method_name":"\u003cinit\u003e"},{"blocks":[{"def":[],"use":[],"callees":[],"nodes":["CompoundStmt"],"edges":[],"ID":0},{"def":[],"use":[],"callees":[],"nodes":["CompoundStmt"],"edges":[],"ID":1},{"def":["$r1","$r2","$r3","$r4","$r5","$r6","r0"],"use":["@this: org.apache.xerces.validators.datatype.URIReferenceDatatypeValidator","$r1","$r2","$r3","$r4","$r5","$r6","r0"],"callees":[],"nodes":["CompoundStmt","DefinitionStmt","DefinitionStmt","DefinitionStmt","Invoke","DefinitionStmt","DefinitionStmt","DefinitionStmt","DefinitionStmt","Invoke","ThrowStmt","Local","ThisRef","Local","NewExpr","Local","NewExpr","Local","Invoke","Local","Invoke","Local","Invoke","Local","Invoke","Local","RefType","RefType","RefType","RefType","RefType","RefType","RefType","RefType","RefType","RefType","RefType","org","apache","xerces","validators","datatype","U","R","I","Reference","Datatype","Validator","org","apache","xerces","validators","datatype","U","R","I","Reference","Datatype","Validator","java","lang","Clone","Not","Supported","Exception","java","lang","Clone","Not","Supported","Exception","java","lang","String","Buffer","java","lang","String","Buffer","java","lang","Class","java","lang","String","java","lang","String","Buffer","java","lang","String","java","lang","Clone","Not","Supported","Exception"],"edges":[[0,1],[0,2],[0,3],[0,4],[0,5],[0,6],[0,7],[0,8],[0,9],[0,10],[1,11],[1,12],[2,13],[2,14],[3,15],[3,16],[5,17],[5,18],[6,19],[6,20],[7,21],[7,22],[8,23],[8,24],[10,25],[11,26],[12,27],[13,28],[14,29],[15,30],[16,31],[17,32],[19,33],[21,34],[23,35],[25,36],[26,37],[26,38],[26,39],[26,40],[26,41],[26,42],[26,43],[26,44],[26,45],[26,46],[26,47],[27,48],[27,49],[27,50],[27,51],[27,52],[27,53],[27,54],[27,55],[27,56],[27,57],[27,58],[28,59],[28,60],[28,61],[28,62],[28,63],[28,64],[29,65],[29,66],[29,67],[29,68],[29,69],[29,70],[30,71],[30,72],[30,73],[30,74],[31,75],[31,76],[31,77],[31,78],[32,79],[32,80],[32,81],[33,82],[33,83],[33,84],[34,85],[34,86],[34,87],[34,88],[35,89],[35,90],[35,91],[36,92],[36,93],[36,94],[36,95],[36,96],[36,97]],"ID":2}],"edgeSet":[[0,2,0],[2,1,0]],"ENTRY":{"def":[],"use":[],"callees":[],"nodes":["CompoundStmt"],"edges":[],"ID":0},"EXIT":{"def":[],"use":[],"callees":[],"nodes":["CompoundStmt"],"edges":[],"ID":1},"method_name":"clone"},{"blocks":[{"def":[],"use":[],"callees":[],"nodes":["CompoundStmt"],"edges":[],"ID":0},{"def":[],"use":[],"callees":[],"nodes":["CompoundStmt"],"edges":[],"ID":1},{"def":["r2","r0","r1"],"use":["@this: org.apache.xerces.validators.datatype.URIReferenceDatatypeValidator","@parameter1: java.lang.String","@parameter0: java.lang.String"],"callees":[],"nodes":["CompoundStmt","DefinitionStmt","DefinitionStmt","DefinitionStmt","ReturnStmt","Local","ThisRef","Local","Param","Local","Param","Constant","RefType","RefType","RefType","RefType","RefType","RefType","0","Int","org","apache","xerces","validators","datatype","U","R","I","Reference","Datatype","Validator","org","apache","xerces","validators","datatype","U","R","I","Reference","Datatype","Validator","java","lang","String","java","lang","String","java","lang","String","java","lang","String"],"edges":[[0,1],[0,2],[0,3],[0,4],[1,5],[1,6],[2,7],[2,8],[3,9],[3,10],[4,11],[5,12],[6,13],[7,14],[8,15],[9,16],[10,17],[11,18],[11,19],[12,20],[12,21],[12,22],[12,23],[12,24],[12,25],[12,26],[12,27],[12,28],[12,29],[12,30],[13,31],[13,32],[13,33],[13,34],[13,35],[13,36],[13,37],[13,38],[13,39],[13,40],[13,41],[14,42],[14,43],[14,44],[15,45],[15,46],[15,47],[16,48],[16,49],[16,50],[17,51],[17,52],[17,53]],"ID":2}],"edgeSet":[[0,2,0],[2,1,0]],"ENTRY":{"def":[],"use":[],"callees":[],"nodes":["CompoundStmt"],"edges":[],"ID":0},"EXIT":{"def":[],"use":[],"callees":[],"nodes":["CompoundStmt"],"edges":[],"ID":1},"method_name":"compare"},{"blocks":[{"def":[],"use":[],"callees":[],"nodes":["CompoundStmt"],"edges":[],"ID":0},{"def":[],"use":[],"callees":[],"nodes":["CompoundStmt"],"edges":[],"ID":1},{"def":["r0"],"use":["@this: org.apache.xerces.validators.datatype.URIReferenceDatatypeValidator"],"callees":[],"nodes":["CompoundStmt","DefinitionStmt","ReturnStmt","Local","ThisRef","Constant","RefType","RefType","Null","org","apache","xerces","validators","datatype","U","R","I","Reference","Datatype","Validator","org","apache","xerces","validators","datatype","U","R","I","Reference","Datatype","Validator"],"edges":[[0,1],[0,2],[1,3],[1,4],[2,5],[3,6],[4,7],[5,8],[6,9],[6,10],[6,11],[6,12],[6,13],[6,14],[6,15],[6,16],[6,17],[6,18],[6,19],[7,20],[7,21],[7,22],[7,23],[7,24],[7,25],[7,26],[7,27],[7,28],[7,29],[7,30]],"ID":2}],"edgeSet":[[0,2,0],[2,1,0]],"ENTRY":{"def":[],"use":[],"callees":[],"nodes":["CompoundStmt"],"edges":[],"ID":0},"EXIT":{"def":[],"use":[],"callees":[],"nodes":["CompoundStmt"],"edges":[],"ID":1},"method_name":"getFacets"},{"blocks":[{"def":[],"use":[],"callees":[],"nodes":["CompoundStmt"],"edges":[],"ID":0},{"def":[],"use":[],"callees":[],"nodes":["CompoundStmt"],"edges":[],"ID":1},{"def":["r0.\u003corg.apache.xerces.validators.datatype.URIReferenceDatatypeValidator: org.apache.xerces.validators.datatype.DatatypeValidator fBaseValidator\u003e","r0","r1"],"use":["@this: org.apache.xerces.validators.datatype.URIReferenceDatatypeValidator","@parameter0: org.apache.xerces.validators.datatype.DatatypeValidator","r0","r1"],"callees":[],"nodes":["CompoundStmt","DefinitionStmt","DefinitionStmt","DefinitionStmt","ReturnVoidStmt","Local","ThisRef","Local","Param","InstanceFieldRef","Local","RefType","RefType","RefType","RefType","RefType","Local","RefType","RefType","org","apache","xerces","validators","datatype","U","R","I","Reference","Datatype","Validator","org","apache","xerces","validators","datatype","U","R","I","Reference","Datatype","Validator","org","apache","xerces","validators","datatype","Datatype","Validator","org","apache","xerces","validators","datatype","Datatype","Validator","org","apache","xerces","validators","datatype","Datatype","Validator","RefType","org","apache","xerces","validators","datatype","Datatype","Validator","org","apache","xerces","validators","datatype","Datatype","Validator","org","apache","xerces","validators","datatype","U","R","I","Reference","Datatype","Validator"],"edges":[[0,1],[0,2],[0,3],[0,4],[1,5],[1,6],[2,7],[2,8],[3,9],[3,10],[5,11],[6,12],[7,13],[8,14],[9,15],[9,16],[9,17],[10,18],[11,19],[11,20],[11,21],[11,22],[11,23],[11,24],[11,25],[11,26],[11,27],[11,28],[11,29],[12,30],[12,31],[12,32],[12,33],[12,34],[12,35],[12,36],[12,37],[12,38],[12,39],[12,40],[13,41],[13,42],[13,43],[13,44],[13,45],[13,46],[13,47],[14,48],[14,49],[14,50],[14,51],[14,52],[14,53],[14,54],[15,55],[15,56],[15,57],[15,58],[15,59],[15,60],[15,61],[16,62],[17,63],[17,64],[17,65],[17,66],[17,67],[17,68],[17,69],[18,70],[18,71],[18,72],[18,73],[18,74],[18,75],[18,76],[62,77],[62,78],[62,79],[62,80],[62,81],[62,82],[62,83],[62,84],[62,85],[62,86],[62,87]],"ID":2}],"edgeSet":[[0,2,0],[2,1,0]],"ENTRY":{"def":[],"use":[],"callees":[],"nodes":["CompoundStmt"],"edges":[],"ID":0},"EXIT":{"def":[],"use":[],"callees":[],"nodes":["CompoundStmt"],"edges":[],"ID":1},"method_name":"setBasetype"},{"blocks":[{"def":[],"use":[],"callees":[],"nodes":["CompoundStmt"],"edges":[],"ID":0},{"def":[],"use":[],"callees":[],"nodes":["CompoundStmt"],"edges":[],"ID":1},{"def":["r2","$z0","r0","r1"],"use":["r0.\u003corg.apache.xerces.validators.datatype.URIReferenceDatatypeValidator: boolean fDerivedByList\u003e","@this: org.apache.xerces.validators.datatype.URIReferenceDatatypeValidator","@parameter1: java.lang.Object","$z0","@parameter0: java.lang.String","r0"],"callees":[],"nodes":["CompoundStmt","DefinitionStmt","DefinitionStmt","DefinitionStmt","DefinitionStmt","IfStmt","Local","ThisRef","Local","Param","Local","Param","Local","InstanceFieldRef","BinaryOp","RefType","RefType","RefType","RefType","RefType","RefType","Boolean","Boolean","Local","Boolean","Local"," !\u003d ","Constant","org","apache","xerces","validators","datatype","U","R","I","Reference","Datatype","Validator","org","apache","xerces","validators","datatype","U","R","I","Reference","Datatype","Validator","java","lang","String","java","lang","String","java","lang","Object","java","lang","Object","RefType","Boolean","1","Int","org","apache","xerces","validators","datatype","U","R","I","Reference","Datatype","Validator"],"edges":[[0,1],[0,2],[0,3],[0,4],[0,5],[1,6],[1,7],[2,8],[2,9],[3,10],[3,11],[4,12],[4,13],[5,14],[6,15],[7,16],[8,17],[9,18],[10,19],[11,20],[12,21],[13,22],[13,23],[13,24],[14,25],[14,26],[14,27],[15,28],[15,29],[15,30],[15,31],[15,32],[15,33],[15,34],[15,35],[15,36],[15,37],[15,38],[16,39],[16,40],[16,41],[16,42],[16,43],[16,44],[16,45],[16,46],[16,47],[16,48],[16,49],[17,50],[17,51],[17,52],[18,53],[18,54],[18,55],[19,56],[19,57],[19,58],[20,59],[20,60],[20,61],[23,62],[25,63],[27,64],[27,65],[62,66],[62,67],[62,68],[62,69],[62,70],[62,71],[62,72],[62,73],[62,74],[62,75],[62,76]],"ID":2},{"def":["$r14","r22"],"use":["$r14","r1"],"callees":[],"nodes":["CompoundStmt","DefinitionStmt","Invoke","DefinitionStmt","Local","NewExpr","Local","Local","RefType","RefType","RefType","RefType","java","util","String","Tokenizer","java","util","String","Tokenizer","java","util","String","Tokenizer","java","util","String","Tokenizer"],"edges":[[0,1],[0,2],[0,3],[1,4],[1,5],[3,6],[3,7],[4,8],[5,9],[6,10],[7,11],[8,12],[8,13],[8,14],[8,15],[9,16],[9,17],[9,18],[9,19],[10,20],[10,21],[10,22],[10,23],[11,24],[11,25],[11,26],[11,27]],"ID":3},{"def":[],"use":[],"callees":[],"nodes":["CompoundStmt","GotoStmt"],"edges":[[0,1]],"ID":4},{"def":["$z2"],"use":["r22"],"callees":[],"nodes":["CompoundStmt","DefinitionStmt","Local","Invoke","Boolean"],"edges":[[0,1],[1,2],[1,3],[2,4]],"ID":5},{"def":[],"use":["$z2"],"callees":[],"nodes":["CompoundStmt","IfStmt","BinaryOp","Local"," !\u003d ","Constant","Boolean","0","Int"],"edges":[[0,1],[1,2],[2,3],[2,4],[2,5],[3,6],[5,7],[5,8]],"ID":6},{"def":[],"use":[],"callees":[],"nodes":["CompoundStmt","GotoStmt","ReturnStmt","Constant","Null"],"edges":[[0,1],[0,2],[2,3],[3,4]],"ID":7},{"def":["r3","$r21"],"use":["r3","@caughtexception","$r21"],"callees":[],"nodes":["CompoundStmt","DefinitionStmt","DefinitionStmt","Invoke","GotoStmt","Local","CaughtException","Local","Local","RefType","RefType","RefType","RefType","java","util","No","Such","Element","Exception","java","lang","Throwable","java","util","No","Such","Element","Exception","java","util","No","Such","Element","Exception"],"edges":[[0,1],[0,2],[0,3],[0,4],[1,5],[1,6],[2,7],[2,8],[5,9],[6,10],[7,11],[8,12],[9,13],[9,14],[9,15],[9,16],[9,17],[9,18],[10,19],[10,20],[10,21],[11,22],[11,23],[11,24],[11,25],[11,26],[11,27],[12,28],[12,29],[12,30],[12,31],[12,32],[12,33]],"ID":8},{"def":["$i0","$i1"],"use":["r0.\u003corg.apache.xerces.validators.datatype.URIReferenceDatatypeValidator: int fFacetsDefined\u003e","$i0","$i1","r0"],"callees":[],"nodes":["CompoundStmt","DefinitionStmt","DefinitionStmt","IfStmt","Local","InstanceFieldRef","Local","BinaryOp","BinaryOp","Int","Int","Local","Int","Int","Local"," \u0026 ","Constant","Local"," \u003d\u003d ","Constant","RefType","Int","8","Int","Int","0","Int","org","apache","xerces","validators","datatype","U","R","I","Reference","Datatype","Validator"],"edges":[[0,1],[0,2],[0,3],[1,4],[1,5],[2,6],[2,7],[3,8],[4,9],[5,10],[5,11],[5,12],[6,13],[7,14],[7,15],[7,16],[8,17],[8,18],[8,19],[11,20],[14,21],[16,22],[16,23],[17,24],[19,25],[19,26],[20,27],[20,28],[20,29],[20,30],[20,31],[20,32],[20,33],[20,34],[20,35],[20,36],[20,37]],"ID":9},{"def":["$r5"],"use":["r0.\u003corg.apache.xerces.validators.datatype.URIReferenceDatatypeValidator: org.apache.xerces.utils.regex.RegularExpression fRegex\u003e","$r5","r0"],"callees":[],"nodes":["CompoundStmt","DefinitionStmt","IfStmt","Local","InstanceFieldRef","BinaryOp","RefType","RefType","Local","RefType","Local"," \u003d\u003d ","Constant","org","apache","xerces","utils","regex","Regular","Expression","org","apache","xerces","utils","regex","Regular","Expression","RefType","org","apache","xerces","utils","regex","Regular","Expression","RefType","Null","org","apache","xerces","validators","datatype","U","R","I","Reference","Datatype","Validator","org","apache","xerces","utils","regex","Regular","Expression"],"edges":[[0,1],[0,2],[1,3],[1,4],[2,5],[3,6],[4,7],[4,8],[4,9],[5,10],[5,11],[5,12],[6,13],[6,14],[6,15],[6,16],[6,17],[6,18],[6,19],[7,20],[7,21],[7,22],[7,23],[7,24],[7,25],[7,26],[8,27],[9,28],[9,29],[9,30],[9,31],[9,32],[9,33],[9,34],[10,35],[12,36],[27,37],[27,38],[27,39],[27,40],[27,41],[27,42],[27,43],[27,44],[27,45],[27,46],[27,47],[35,48],[35,49],[35,50],[35,51],[35,52],[35,53],[35,54]],"ID":10},{"def":["$r13","$z1"],"use":["$r13","r0.\u003corg.apache.xerces.validators.datatype.URIReferenceDatatypeValidator: org.apache.xerces.utils.regex.RegularExpression fRegex\u003e","$z1","r0","r1"],"callees":[],"nodes":["CompoundStmt","DefinitionStmt","DefinitionStmt","IfStmt","Local","InstanceFieldRef","Local","Invoke","BinaryOp","RefType","RefType","Local","RefType","Boolean","Local"," !\u003d ","Constant","org","apache","xerces","utils","regex","Regular","Expression","org","apache","xerces","utils","regex","Regular","Expression","RefType","org","apache","xerces","utils","regex","Regular","Expression","Boolean","0","Int","org","apache","xerces","validators","datatype","U","R","I","Reference","Datatype","Validator"],"edges":[[0,1],[0,2],[0,3],[1,4],[1,5],[2,6],[2,7],[3,8],[4,9],[5,10],[5,11],[5,12],[6,13],[8,14],[8,15],[8,16],[9,17],[9,18],[9,19],[9,20],[9,21],[9,22],[9,23],[10,24],[10,25],[10,26],[10,27],[10,28],[10,29],[10,30],[11,31],[12,32],[12,33],[12,34],[12,35],[12,36],[12,37],[12,38],[14,39],[16,40],[16,41],[31,42],[31,43],[31,44],[31,45],[31,46],[31,47],[31,48],[31,49],[31,50],[31,51],[31,52]],"ID":11},{"def":["$r6","$r7","$r8","$r9","$r11","$r12","$r10"],"use":["$r6","$r7","r0.\u003corg.apache.xerces.validators.datatype.URIReferenceDatatypeValidator: java.lang.String fPattern\u003e","$r8","$r9","$r11","$r12","r0","r1","$r10"],"callees":["\u003cinit\u003e"],"nodes":["CompoundStmt","DefinitionStmt","DefinitionStmt","Invoke","DefinitionStmt","DefinitionStmt","DefinitionStmt","DefinitionStmt","DefinitionStmt","Invoke","ThrowStmt","Local","NewExpr","Local","NewExpr","Local","Invoke","Local","Invoke","Local","InstanceFieldRef","Local","Invoke","Local","Invoke","Local","RefType","RefType","RefType","RefType","RefType","RefType","RefType","RefType","Local","RefType","RefType","RefType","RefType","org","apache","xerces","validators","datatype","Invalid","Datatype","Value","Exception","org","apache","xerces","validators","datatype","Invalid","Datatype","Value","Exception","java","lang","String","Buffer","java","lang","String","Buffer","java","lang","String","Buffer","java","lang","String","Buffer","java","lang","String","java","lang","String","RefType","java","lang","String","java","lang","String","Buffer","java","lang","String","org","apache","xerces","validators","datatype","Invalid","Datatype","Value","Exception","org","apache","xerces","validators","datatype","U","R","I","Reference","Datatype","Validator"],"edges":[[0,1],[0,2],[0,3],[0,4],[0,5],[0,6],[0,7],[0,8],[0,9],[0,10],[1,11],[1,12],[2,13],[2,14],[4,15],[4,16],[5,17],[5,18],[6,19],[6,20],[7,21],[7,22],[8,23],[8,24],[10,25],[11,26],[12,27],[13,28],[14,29],[15,30],[17,31],[19,32],[20,33],[20,34],[20,35],[21,36],[23,37],[25,38],[26,39],[26,40],[26,41],[26,42],[26,43],[26,44],[26,45],[26,46],[26,47],[27,48],[27,49],[27,50],[27,51],[27,52],[27,53],[27,54],[27,55],[27,56],[28,57],[28,58],[28,59],[28,60],[29,61],[29,62],[29,63],[29,64],[30,65],[30,66],[30,67],[30,68],[31,69],[31,70],[31,71],[31,72],[32,73],[32,74],[32,75],[33,76],[33,77],[33,78],[34,79],[35,80],[35,81],[35,82],[36,83],[36,84],[36,85],[36,86],[37,87],[37,88],[37,89],[38,90],[38,91],[38,92],[38,93],[38,94],[38,95],[38,96],[38,97],[38,98],[79,99],[79,100],[79,101],[79,102],[79,103],[79,104],[79,105],[79,106],[79,107],[79,108],[79,109]],"ID":12},{"def":["$r4"],"use":[],"callees":[],"nodes":["CompoundStmt","DefinitionStmt","Local","NewExpr","RefType","RefType","org","apache","xerces","utils","U","R","I","org","apache","xerces","utils","U","R","I"],"edges":[[0,1],[1,2],[1,3],[2,4],[3,5],[4,6],[4,7],[4,8],[4,9],[4,10],[4,11],[4,12],[5,13],[5,14],[5,15],[5,16],[5,17],[5,18],[5,19]],"ID":13},{"def":[],"use":["$r4","r1"],"callees":[],"nodes":["CompoundStmt","Invoke"],"edges":[[0,1]],"ID":14},{"def":[],"use":[],"callees":[],"nodes":["CompoundStmt","GotoStmt"],"edges":[[0,1]],"ID":15},{"def":["$r15","$r16","$r19","$r17","$r18","$r20"],"use":["$r16","$r19","@caughtexception","$r17","$r18","$r20","r1"],"callees":["\u003cinit\u003e"],"nodes":["CompoundStmt","DefinitionStmt","DefinitionStmt","DefinitionStmt","Invoke","DefinitionStmt","DefinitionStmt","DefinitionStmt","Invoke","ThrowStmt","Local","CaughtException","Local","NewExpr","Local","NewExpr","Local","Invoke","Local","Invoke","Local","Invoke","Local","RefType","RefType","RefType","RefType","RefType","RefType","RefType","RefType","RefType","RefType","org","apache","xerces","utils","U","R","I$","Malformed","U","R","I","Exception","java","lang","Throwable","org","apache","xerces","validators","datatype","Invalid","Datatype","Value","Exception","org","apache","xerces","validators","datatype","Invalid","Datatype","Value","Exception","java","lang","String","Buffer","java","lang","String","Buffer","java","lang","String","Buffer","java","lang","String","Buffer","java","lang","String","org","apache","xerces","validators","datatype","Invalid","Datatype","Value","Exception"],"edges":[[0,1],[0,2],[0,3],[0,4],[0,5],[0,6],[0,7],[0,8],[0,9],[1,10],[1,11],[2,12],[2,13],[3,14],[3,15],[5,16],[5,17],[6,18],[6,19],[7,20],[7,21],[9,22],[10,23],[11,24],[12,25],[13,26],[14,27],[15,28],[16,29],[18,30],[20,31],[22,32],[23,33],[23,34],[23,35],[23,36],[23,37],[23,38],[23,39],[23,40],[23,41],[23,42],[23,43],[23,44],[24,45],[24,46],[24,47],[25,48],[25,49],[25,50],[25,51],[25,52],[25,53],[25,54],[25,55],[25,56],[26,57],[26,58],[26,59],[26,60],[26,61],[26,62],[26,63],[26,64],[26,65],[27,66],[27,67],[27,68],[27,69],[28,70],[28,71],[28,72],[28,73],[29,74],[29,75],[29,76],[29,77],[30,78],[30,79],[30,80],[30,81],[31,82],[31,83],[31,84],[32,85],[32,86],[32,87],[32,88],[32,89],[32,90],[32,91],[32,92],[32,93]],"ID":16}],"edgeSet":[[5,8,5],[13,16,5],[6,8,5],[14,16,5],[2,9,2],[9,13,2],[4,5,0],[14,15,0],[2,3,1],[6,7,1],[10,11,1],[11,13,2],[8,7,0],[6,5,2],[7,1,0],[15,7,0],[12,1,0],[16,1,0],[0,2,0],[9,16,5],[3,4,0],[5,6,0],[13,14,0],[3,8,5],[9,10,1],[10,12,2],[11,12,1],[11,16,5],[4,8,5]],"ENTRY":{"def":[],"use":[],"callees":[],"nodes":["CompoundStmt"],"edges":[],"ID":0},"EXIT":{"def":[],"use":[],"callees":[],"nodes":["CompoundStmt"],"edges":[],"ID":1},"method_name":"validate"}],"label":"0"}