{"data":[{"blocks":[{"def":[],"use":[],"callees":[],"nodes":["CompoundStmt"],"edges":[],"ID":0},{"def":[],"use":[],"callees":[],"nodes":["CompoundStmt"],"edges":[],"ID":1},{"def":["r0"],"use":["@parameter0: java.lang.String"],"callees":[],"nodes":["CompoundStmt","DefinitionStmt","Local","Param","RefType","RefType","java","lang","String","java","lang","String"],"edges":[[0,1],[1,2],[1,3],[2,4],[3,5],[4,6],[4,7],[4,8],[5,9],[5,10],[5,11]],"ID":2},{"def":["$r2"],"use":["r0"],"callees":[],"nodes":["CompoundStmt","DefinitionStmt","Local","Invoke","RefType","java","lang","Class"],"edges":[[0,1],[1,2],[1,3],[2,4],[4,5],[4,6],[4,7]],"ID":3},{"def":[],"use":["$r2"],"callees":[],"nodes":["CompoundStmt","ReturnStmt","Local","RefType","java","lang","Class"],"edges":[[0,1],[1,2],[2,3],[3,4],[3,5],[3,6]],"ID":4},{"def":["$r3","$r4","$r5","r1"],"use":["@caughtexception","$r3","$r4","$r5","r1"],"callees":[],"nodes":["CompoundStmt","DefinitionStmt","DefinitionStmt","DefinitionStmt","DefinitionStmt","Invoke","ThrowStmt","Local","CaughtException","Local","Local","Local","NewExpr","Local","Invoke","Local","RefType","RefType","RefType","RefType","RefType","RefType","RefType","RefType","java","lang","Class","Not","Found","Exception","java","lang","Throwable","java","lang","Class","Not","Found","Exception","java","lang","Class","Not","Found","Exception","java","lang","No","Class","Def","Found","Error","java","lang","No","Class","Def","Found","Error","java","lang","String","java","lang","No","Class","Def","Found","Error"],"edges":[[0,1],[0,2],[0,3],[0,4],[0,5],[0,6],[1,7],[1,8],[2,9],[2,10],[3,11],[3,12],[4,13],[4,14],[6,15],[7,16],[8,17],[9,18],[10,19],[11,20],[12,21],[13,22],[15,23],[16,24],[16,25],[16,26],[16,27],[16,28],[16,29],[17,30],[17,31],[17,32],[18,33],[18,34],[18,35],[18,36],[18,37],[18,38],[19,39],[19,40],[19,41],[19,42],[19,43],[19,44],[20,45],[20,46],[20,47],[20,48],[20,49],[20,50],[20,51],[21,52],[21,53],[21,54],[21,55],[21,56],[21,57],[21,58],[22,59],[22,60],[22,61],[23,62],[23,63],[23,64],[23,65],[23,66],[23,67],[23,68]],"ID":5}],"edgeSet":[[2,5,5],[4,1,0],[3,5,5],[5,1,0],[0,2,0],[2,3,0],[3,4,0]],"ENTRY":{"def":[],"use":[],"callees":[],"nodes":["CompoundStmt"],"edges":[],"ID":0},"EXIT":{"def":[],"use":[],"callees":[],"nodes":["CompoundStmt"],"edges":[],"ID":1},"method_name":"class$"},{"blocks":[{"def":[],"use":[],"callees":[],"nodes":["CompoundStmt"],"edges":[],"ID":0},{"def":[],"use":[],"callees":[],"nodes":["CompoundStmt"],"edges":[],"ID":1},{"def":["r0.\u003corg.apache.xerces.utils.CharDataChunk: int fRefCount\u003e","$i0","$i1","r0"],"use":["@this: org.apache.xerces.utils.CharDataChunk","r0.\u003corg.apache.xerces.utils.CharDataChunk: int fRefCount\u003e","$i0","$i1","r0"],"callees":[],"nodes":["CompoundStmt","DefinitionStmt","DefinitionStmt","DefinitionStmt","DefinitionStmt","ReturnVoidStmt","Local","ThisRef","Local","InstanceFieldRef","Local","BinaryOp","InstanceFieldRef","Local","RefType","RefType","Int","Int","Local","Int","Int","Local"," + ","Constant","Int","Local","Int","Int","org","apache","xerces","utils","Char","Data","Chunk","org","apache","xerces","utils","Char","Data","Chunk","RefType","Int","1","Int","RefType","org","apache","xerces","utils","Char","Data","Chunk","org","apache","xerces","utils","Char","Data","Chunk"],"edges":[[0,1],[0,2],[0,3],[0,4],[0,5],[1,6],[1,7],[2,8],[2,9],[3,10],[3,11],[4,12],[4,13],[6,14],[7,15],[8,16],[9,17],[9,18],[9,19],[10,20],[11,21],[11,22],[11,23],[12,24],[12,25],[12,26],[13,27],[14,28],[14,29],[14,30],[14,31],[14,32],[14,33],[14,34],[15,35],[15,36],[15,37],[15,38],[15,39],[15,40],[15,41],[18,42],[21,43],[23,44],[23,45],[25,46],[42,47],[42,48],[42,49],[42,50],[42,51],[42,52],[42,53],[46,54],[46,55],[46,56],[46,57],[46,58],[46,59],[46,60]],"ID":2}],"edgeSet":[[0,2,0],[2,1,0]],"ENTRY":{"def":[],"use":[],"callees":[],"nodes":["CompoundStmt"],"edges":[],"ID":0},"EXIT":{"def":[],"use":[],"callees":[],"nodes":["CompoundStmt"],"edges":[],"ID":1},"method_name":"addRef"},{"blocks":[{"def":[],"use":[],"callees":[],"nodes":["CompoundStmt"],"edges":[],"ID":0},{"def":[],"use":[],"callees":[],"nodes":["CompoundStmt"],"edges":[],"ID":1},{"def":["$r2","r0","r1"],"use":["@parameter0: org.apache.xerces.utils.CharDataChunk","r0.\u003corg.apache.xerces.utils.CharDataChunk: org.apache.xerces.utils.CharDataChunk fNextChunk\u003e","$r2","@this: org.apache.xerces.utils.CharDataChunk","r0"],"callees":[],"nodes":["CompoundStmt","DefinitionStmt","DefinitionStmt","DefinitionStmt","IfStmt","Local","ThisRef","Local","Param","Local","InstanceFieldRef","BinaryOp","RefType","RefType","RefType","RefType","RefType","RefType","Local","RefType","Local"," \u003d\u003d ","Constant","org","apache","xerces","utils","Char","Data","Chunk","org","apache","xerces","utils","Char","Data","Chunk","org","apache","xerces","utils","Char","Data","Chunk","org","apache","xerces","utils","Char","Data","Chunk","org","apache","xerces","utils","Char","Data","Chunk","org","apache","xerces","utils","Char","Data","Chunk","RefType","org","apache","xerces","utils","Char","Data","Chunk","RefType","Null","org","apache","xerces","utils","Char","Data","Chunk","org","apache","xerces","utils","Char","Data","Chunk"],"edges":[[0,1],[0,2],[0,3],[0,4],[1,5],[1,6],[2,7],[2,8],[3,9],[3,10],[4,11],[5,12],[6,13],[7,14],[8,15],[9,16],[10,17],[10,18],[10,19],[11,20],[11,21],[11,22],[12,23],[12,24],[12,25],[12,26],[12,27],[12,28],[12,29],[13,30],[13,31],[13,32],[13,33],[13,34],[13,35],[13,36],[14,37],[14,38],[14,39],[14,40],[14,41],[14,42],[14,43],[15,44],[15,45],[15,46],[15,47],[15,48],[15,49],[15,50],[16,51],[16,52],[16,53],[16,54],[16,55],[16,56],[16,57],[17,58],[17,59],[17,60],[17,61],[17,62],[17,63],[17,64],[18,65],[19,66],[19,67],[19,68],[19,69],[19,70],[19,71],[19,72],[20,73],[22,74],[65,75],[65,76],[65,77],[65,78],[65,79],[65,80],[65,81],[73,82],[73,83],[73,84],[73,85],[73,86],[73,87],[73,88]],"ID":2},{"def":["$r3"],"use":["$r3"],"callees":[],"nodes":["CompoundStmt","DefinitionStmt","Invoke","ThrowStmt","Local","NewExpr","Local","RefType","RefType","RefType","java","lang","Runtime","Exception","java","lang","Runtime","Exception","java","lang","Runtime","Exception"],"edges":[[0,1],[0,2],[0,3],[1,4],[1,5],[3,6],[4,7],[5,8],[6,9],[7,10],[7,11],[7,12],[7,13],[8,14],[8,15],[8,16],[8,17],[9,18],[9,19],[9,20],[9,21]],"ID":3},{"def":["r0.\u003corg.apache.xerces.utils.CharDataChunk: org.apache.xerces.utils.CharDataChunk fNextChunk\u003e"],"use":["r0","r1"],"callees":["addRef"],"nodes":["CompoundStmt","Invoke","DefinitionStmt","ReturnVoidStmt","InstanceFieldRef","Local","RefType","Local","RefType","RefType","org","apache","xerces","utils","Char","Data","Chunk","RefType","org","apache","xerces","utils","Char","Data","Chunk","org","apache","xerces","utils","Char","Data","Chunk","org","apache","xerces","utils","Char","Data","Chunk"],"edges":[[0,1],[0,2],[0,3],[2,4],[2,5],[4,6],[4,7],[4,8],[5,9],[6,10],[6,11],[6,12],[6,13],[6,14],[6,15],[6,16],[7,17],[8,18],[8,19],[8,20],[8,21],[8,22],[8,23],[8,24],[9,25],[9,26],[9,27],[9,28],[9,29],[9,30],[9,31],[17,32],[17,33],[17,34],[17,35],[17,36],[17,37],[17,38]],"ID":4}],"edgeSet":[[3,1,0],[4,1,0],[0,2,0],[2,3,1],[2,4,2]],"ENTRY":{"def":[],"use":[],"callees":[],"nodes":["CompoundStmt"],"edges":[],"ID":0},"EXIT":{"def":[],"use":[],"callees":[],"nodes":["CompoundStmt"],"edges":[],"ID":1},"method_name":"setNextChunk"},{"blocks":[{"def":[],"use":[],"callees":[],"nodes":["CompoundStmt"],"edges":[],"ID":0},{"def":[],"use":[],"callees":[],"nodes":["CompoundStmt"],"edges":[],"ID":1},{"def":["$r3","r0","r1"],"use":["@parameter0: org.apache.xerces.utils.StringPool","@parameter1: org.apache.xerces.utils.CharDataChunk","\u003corg.apache.xerces.utils.CharDataChunk: java.lang.Class class$org$apache$xerces$utils$CharDataChunk\u003e","$r3"],"callees":[],"nodes":["CompoundStmt","DefinitionStmt","DefinitionStmt","DefinitionStmt","IfStmt","Local","Param","Local","Param","Local","StaticFieldRef","BinaryOp","RefType","RefType","RefType","RefType","RefType","RefType","RefType","Local"," \u003d\u003d ","Constant","org","apache","xerces","utils","String","Pool","org","apache","xerces","utils","String","Pool","org","apache","xerces","utils","Char","Data","Chunk","org","apache","xerces","utils","Char","Data","Chunk","java","lang","Class","java","lang","Class","java","lang","Class","RefType","Null","java","lang","Class"],"edges":[[0,1],[0,2],[0,3],[0,4],[1,5],[1,6],[2,7],[2,8],[3,9],[3,10],[4,11],[5,12],[6,13],[7,14],[8,15],[9,16],[10,17],[10,18],[11,19],[11,20],[11,21],[12,22],[12,23],[12,24],[12,25],[12,26],[12,27],[13,28],[13,29],[13,30],[13,31],[13,32],[13,33],[14,34],[14,35],[14,36],[14,37],[14,38],[14,39],[14,40],[15,41],[15,42],[15,43],[15,44],[15,45],[15,46],[15,47],[16,48],[16,49],[16,50],[17,51],[17,52],[17,53],[18,54],[18,55],[18,56],[19,57],[21,58],[57,59],[57,60],[57,61]],"ID":2},{"def":["r2","$r8"],"use":["r2","\u003corg.apache.xerces.utils.CharDataChunk: java.lang.Class class$org$apache$xerces$utils$CharDataChunk\u003e","$r8"],"callees":[],"nodes":["CompoundStmt","DefinitionStmt","GotoStmt","DefinitionStmt","EnterMonitorStmt","Local","StaticFieldRef","Local","Local","Local","RefType","RefType","RefType","RefType","RefType","RefType","java","lang","Class","java","lang","Class","java","lang","Class","java","lang","Class","java","lang","Class","java","lang","Class"],"edges":[[0,1],[0,2],[0,3],[0,4],[1,5],[1,6],[3,7],[3,8],[4,9],[5,10],[6,11],[6,12],[7,13],[8,14],[9,15],[10,16],[10,17],[10,18],[11,19],[11,20],[11,21],[12,22],[12,23],[12,24],[13,25],[13,26],[13,27],[14,28],[14,29],[14,30],[15,31],[15,32],[15,33]],"ID":3},{"def":["\u003corg.apache.xerces.utils.CharDataChunk: java.lang.Class class$org$apache$xerces$utils$CharDataChunk\u003e","$r8"],"use":["$r8"],"callees":["class$"],"nodes":["CompoundStmt","DefinitionStmt","DefinitionStmt","Local","Invoke","StaticFieldRef","Local","RefType","RefType","RefType","RefType","java","lang","Class","java","lang","Class","java","lang","Class","java","lang","Class"],"edges":[[0,1],[0,2],[1,3],[1,4],[2,5],[2,6],[3,7],[5,8],[5,9],[6,10],[7,11],[7,12],[7,13],[8,14],[8,15],[8,16],[9,17],[9,18],[9,19],[10,20],[10,21],[10,22]],"ID":4},{"def":["r9"],"use":["\u003corg.apache.xerces.utils.CharDataChunk: org.apache.xerces.utils.CharDataChunk fgFreeChunks\u003e"],"callees":[],"nodes":["CompoundStmt","DefinitionStmt","Local","StaticFieldRef","RefType","RefType","RefType","org","apache","xerces","utils","Char","Data","Chunk","org","apache","xerces","utils","Char","Data","Chunk","org","apache","xerces","utils","Char","Data","Chunk"],"edges":[[0,1],[1,2],[1,3],[2,4],[3,5],[3,6],[4,7],[4,8],[4,9],[4,10],[4,11],[4,12],[4,13],[5,14],[5,15],[5,16],[5,17],[5,18],[5,19],[5,20],[6,21],[6,22],[6,23],[6,24],[6,25],[6,26],[6,27]],"ID":5},{"def":[],"use":["r9"],"callees":[],"nodes":["CompoundStmt","IfStmt","BinaryOp","Local"," \u003d\u003d ","Constant","RefType","Null","org","apache","xerces","utils","Char","Data","Chunk"],"edges":[[0,1],[1,2],[2,3],[2,4],[2,5],[3,6],[5,7],[6,8],[6,9],[6,10],[6,11],[6,12],[6,13],[6,14]],"ID":6},{"def":["$r6"],"use":["r9","r9.\u003corg.apache.xerces.utils.CharDataChunk: org.apache.xerces.utils.CharDataChunk fNextChunk\u003e"],"callees":[],"nodes":["CompoundStmt","DefinitionStmt","Local","InstanceFieldRef","RefType","RefType","Local","RefType","org","apache","xerces","utils","Char","Data","Chunk","org","apache","xerces","utils","Char","Data","Chunk","RefType","org","apache","xerces","utils","Char","Data","Chunk","org","apache","xerces","utils","Char","Data","Chunk"],"edges":[[0,1],[1,2],[1,3],[2,4],[3,5],[3,6],[3,7],[4,8],[4,9],[4,10],[4,11],[4,12],[4,13],[4,14],[5,15],[5,16],[5,17],[5,18],[5,19],[5,20],[5,21],[6,22],[7,23],[7,24],[7,25],[7,26],[7,27],[7,28],[7,29],[22,30],[22,31],[22,32],[22,33],[22,34],[22,35],[22,36]],"ID":7},{"def":["\u003corg.apache.xerces.utils.CharDataChunk: org.apache.xerces.utils.CharDataChunk fgFreeChunks\u003e"],"use":["$r6"],"callees":[],"nodes":["CompoundStmt","DefinitionStmt","StaticFieldRef","Local","RefType","RefType","RefType","org","apache","xerces","utils","Char","Data","Chunk","org","apache","xerces","utils","Char","Data","Chunk","org","apache","xerces","utils","Char","Data","Chunk"],"edges":[[0,1],[1,2],[1,3],[2,4],[2,5],[3,6],[4,7],[4,8],[4,9],[4,10],[4,11],[4,12],[4,13],[5,14],[5,15],[5,16],[5,17],[5,18],[5,19],[5,20],[6,21],[6,22],[6,23],[6,24],[6,25],[6,26],[6,27]],"ID":8},{"def":[],"use":[],"callees":[],"nodes":["CompoundStmt","GotoStmt"],"edges":[[0,1]],"ID":9},{"def":["$r4"],"use":[],"callees":[],"nodes":["CompoundStmt","DefinitionStmt","Local","NewExpr","RefType","RefType","org","apache","xerces","utils","Char","Data","Chunk","org","apache","xerces","utils","Char","Data","Chunk"],"edges":[[0,1],[1,2],[1,3],[2,4],[3,5],[4,6],[4,7],[4,8],[4,9],[4,10],[4,11],[4,12],[5,13],[5,14],[5,15],[5,16],[5,17],[5,18],[5,19]],"ID":10},{"def":[],"use":["$r4"],"callees":["\u003cinit\u003e"],"nodes":["CompoundStmt","Invoke"],"edges":[[0,1]],"ID":11},{"def":["r9"],"use":["$r4"],"callees":[],"nodes":["CompoundStmt","DefinitionStmt","Local","Local","RefType","RefType","org","apache","xerces","utils","Char","Data","Chunk","org","apache","xerces","utils","Char","Data","Chunk"],"edges":[[0,1],[1,2],[1,3],[2,4],[3,5],[4,6],[4,7],[4,8],[4,9],[4,10],[4,11],[4,12],[5,13],[5,14],[5,15],[5,16],[5,17],[5,18],[5,19]],"ID":12},{"def":["r9.\u003corg.apache.xerces.utils.CharDataChunk: org.apache.xerces.utils.StringPool fStringPool\u003e","r9.\u003corg.apache.xerces.utils.CharDataChunk: int fRefCount\u003e","$r5"],"use":["r2","r9","r0","r1"],"callees":[],"nodes":["CompoundStmt","ExitMonitorStmt","GotoStmt","DefinitionStmt","DefinitionStmt","DefinitionStmt","IfStmt","Local","InstanceFieldRef","Local","InstanceFieldRef","Constant","Local","Local","BinaryOp","RefType","RefType","Local","RefType","RefType","Int","Local","Int","1","Int","RefType","RefType","Local"," !\u003d ","Constant","java","lang","Class","org","apache","xerces","utils","String","Pool","RefType","org","apache","xerces","utils","String","Pool","org","apache","xerces","utils","String","Pool","RefType","org","apache","xerces","utils","Char","Data","Chunk","org","apache","xerces","utils","Char","Data","Chunk","RefType","Null","org","apache","xerces","utils","Char","Data","Chunk","org","apache","xerces","utils","Char","Data","Chunk","org","apache","xerces","utils","Char","Data","Chunk"],"edges":[[0,1],[0,2],[0,3],[0,4],[0,5],[0,6],[1,7],[3,8],[3,9],[4,10],[4,11],[5,12],[5,13],[6,14],[7,15],[8,16],[8,17],[8,18],[9,19],[10,20],[10,21],[10,22],[11,23],[11,24],[12,25],[13,26],[14,27],[14,28],[14,29],[15,30],[15,31],[15,32],[16,33],[16,34],[16,35],[16,36],[16,37],[16,38],[17,39],[18,40],[18,41],[18,42],[18,43],[18,44],[18,45],[19,46],[19,47],[19,48],[19,49],[19,50],[19,51],[21,52],[25,53],[25,54],[25,55],[25,56],[25,57],[25,58],[25,59],[26,60],[26,61],[26,62],[26,63],[26,64],[26,65],[26,66],[27,67],[29,68],[39,69],[39,70],[39,71],[39,72],[39,73],[39,74],[39,75],[52,76],[52,77],[52,78],[52,79],[52,80],[52,81],[52,82],[67,83],[67,84],[67,85],[67,86],[67,87],[67,88],[67,89]],"ID":13},{"def":["$r7"],"use":["r2","@caughtexception","$r7"],"callees":[],"nodes":["CompoundStmt","DefinitionStmt","ExitMonitorStmt","ThrowStmt","Local","CaughtException","Local","Local","RefType","RefType","RefType","RefType","java","lang","Throwable","java","lang","Throwable","java","lang","Class","java","lang","Throwable"],"edges":[[0,1],[0,2],[0,3],[1,4],[1,5],[2,6],[3,7],[4,8],[5,9],[6,10],[7,11],[8,12],[8,13],[8,14],[9,15],[9,16],[9,17],[10,18],[10,19],[10,20],[11,21],[11,22],[11,23]],"ID":14},{"def":["$r5.\u003corg.apache.xerces.utils.CharDataChunk: int fChunk\u003e","r9.\u003corg.apache.xerces.utils.CharDataChunk: org.apache.xerces.utils.CharDataChunk fNextChunk\u003e","$i1","r9.\u003corg.apache.xerces.utils.CharDataChunk: org.apache.xerces.utils.CharDataChunk fPreviousChunk\u003e"],"use":["$r5","r9","$i1","r1"],"callees":[],"nodes":["CompoundStmt","DefinitionStmt","GotoStmt","DefinitionStmt","DefinitionStmt","DefinitionStmt","IfStmt","Local","Constant","InstanceFieldRef","Local","InstanceFieldRef","Constant","InstanceFieldRef","Local","BinaryOp","Int","0","Int","Int","Local","Int","Int","RefType","Local","RefType","Null","RefType","Local","RefType","RefType","Local"," \u003d\u003d ","Constant","RefType","org","apache","xerces","utils","Char","Data","Chunk","RefType","org","apache","xerces","utils","Char","Data","Chunk","org","apache","xerces","utils","Char","Data","Chunk","RefType","org","apache","xerces","utils","Char","Data","Chunk","org","apache","xerces","utils","Char","Data","Chunk","RefType","Null","org","apache","xerces","utils","Char","Data","Chunk","org","apache","xerces","utils","Char","Data","Chunk","org","apache","xerces","utils","Char","Data","Chunk","org","apache","xerces","utils","Char","Data","Chunk"],"edges":[[0,1],[0,2],[0,3],[0,4],[0,5],[0,6],[1,7],[1,8],[3,9],[3,10],[4,11],[4,12],[5,13],[5,14],[6,15],[7,16],[8,17],[8,18],[9,19],[9,20],[9,21],[10,22],[11,23],[11,24],[11,25],[12,26],[13,27],[13,28],[13,29],[14,30],[15,31],[15,32],[15,33],[20,34],[23,35],[23,36],[23,37],[23,38],[23,39],[23,40],[23,41],[24,42],[25,43],[25,44],[25,45],[25,46],[25,47],[25,48],[25,49],[27,50],[27,51],[27,52],[27,53],[27,54],[27,55],[27,56],[28,57],[29,58],[29,59],[29,60],[29,61],[29,62],[29,63],[29,64],[30,65],[30,66],[30,67],[30,68],[30,69],[30,70],[30,71],[31,72],[33,73],[34,74],[34,75],[34,76],[34,77],[34,78],[34,79],[34,80],[42,81],[42,82],[42,83],[42,84],[42,85],[42,86],[42,87],[57,88],[57,89],[57,90],[57,91],[57,92],[57,93],[57,94],[72,95],[72,96],[72,97],[72,98],[72,99],[72,100],[72,101]],"ID":15},{"def":["$i0","$i1"],"use":["r1.\u003corg.apache.xerces.utils.CharDataChunk: int fChunk\u003e","$i0","r1"],"callees":[],"nodes":["CompoundStmt","DefinitionStmt","DefinitionStmt","Local","InstanceFieldRef","Local","BinaryOp","Int","Int","Local","Int","Int","Local"," + ","Constant","RefType","Int","1","Int","org","apache","xerces","utils","Char","Data","Chunk"],"edges":[[0,1],[0,2],[1,3],[1,4],[2,5],[2,6],[3,7],[4,8],[4,9],[4,10],[5,11],[6,12],[6,13],[6,14],[9,15],[12,16],[14,17],[14,18],[15,19],[15,20],[15,21],[15,22],[15,23],[15,24],[15,25]],"ID":16},{"def":[],"use":["r9","r1"],"callees":["setNextChunk"],"nodes":["CompoundStmt","Invoke","ReturnStmt","Local","RefType","org","apache","xerces","utils","Char","Data","Chunk"],"edges":[[0,1],[0,2],[2,3],[3,4],[4,5],[4,6],[4,7],[4,8],[4,9],[4,10],[4,11]],"ID":17}],"edgeSet":[[11,14,5],[12,14,5],[9,13,0],[3,5,0],[8,9,0],[10,11,0],[12,13,0],[13,15,1],[15,17,1],[2,3,1],[6,7,1],[15,17,2],[4,3,0],[16,15,0],[14,1,0],[17,1,0],[3,14,5],[5,14,5],[6,14,5],[0,2,0],[6,10,2],[7,14,5],[5,6,0],[7,8,0],[8,14,5],[11,12,0],[13,16,2],[2,4,2],[9,14,5],[10,14,5]],"ENTRY":{"def":[],"use":[],"callees":[],"nodes":["CompoundStmt"],"edges":[],"ID":0},"EXIT":{"def":[],"use":[],"callees":[],"nodes":["CompoundStmt"],"edges":[],"ID":1},"method_name":"createChunk"},{"blocks":[{"def":[],"use":[],"callees":[],"nodes":["CompoundStmt"],"edges":[],"ID":0},{"def":[],"use":[],"callees":[],"nodes":["CompoundStmt"],"edges":[],"ID":1},{"def":["$r2","r0.\u003corg.apache.xerces.utils.ChunkyCharArray: char[] fCurrentData\u003e","r0.\u003corg.apache.xerces.utils.ChunkyCharArray: org.apache.xerces.utils.StringPool fStringPool\u003e","r0.\u003corg.apache.xerces.utils.ChunkyCharArray: org.apache.xerces.utils.CharDataChunk fCurrentChunk\u003e","r0.\u003corg.apache.xerces.utils.ChunkyCharArray: int fLength\u003e","r0","r1","r0.\u003corg.apache.xerces.utils.ChunkyCharArray: int fCurrentIndex\u003e"],"use":["@parameter0: org.apache.xerces.utils.StringPool","$r2","@this: org.apache.xerces.utils.ChunkyCharArray","r0","r1"],"callees":["createChunk"],"nodes":["CompoundStmt","DefinitionStmt","DefinitionStmt","Invoke","DefinitionStmt","DefinitionStmt","DefinitionStmt","DefinitionStmt","DefinitionStmt","DefinitionStmt","DefinitionStmt","DefinitionStmt","ReturnVoidStmt","Local","ThisRef","Local","Param","InstanceFieldRef","Constant","InstanceFieldRef","Constant","InstanceFieldRef","Constant","InstanceFieldRef","Constant","InstanceFieldRef","Constant","InstanceFieldRef","Local","Local","Invoke","InstanceFieldRef","Local","RefType","RefType","RefType","RefType","RefType","Local","RefType","Null","RefType","Local","RefType","Null","Array","Local","Array","Null","Int","Local","Int","0","Int","Int","Local","Int","0","Int","RefType","Local","RefType","RefType","RefType","RefType","Local","RefType","RefType","org","apache","xerces","utils","Chunky","Char","Array","org","apache","xerces","utils","Chunky","Char","Array","org","apache","xerces","utils","String","Pool","org","apache","xerces","utils","String","Pool","org","apache","xerces","utils","String","Pool","RefType","org","apache","xerces","utils","String","Pool","org","apache","xerces","utils","Char","Data","Chunk","RefType","org","apache","xerces","utils","Char","Data","Chunk","Char","[]","RefType","Char","[]","RefType","RefType","org","apache","xerces","utils","String","Pool","RefType","org","apache","xerces","utils","String","Pool","org","apache","xerces","utils","String","Pool","org","apache","xerces","utils","Char","Data","Chunk","org","apache","xerces","utils","Char","Data","Chunk","RefType","org","apache","xerces","utils","Char","Data","Chunk","org","apache","xerces","utils","Char","Data","Chunk","org","apache","xerces","utils","Chunky","Char","Array","org","apache","xerces","utils","Chunky","Char","Array","org","apache","xerces","utils","Chunky","Char","Array","org","apache","xerces","utils","Chunky","Char","Array","org","apache","xerces","utils","Chunky","Char","Array","org","apache","xerces","utils","Chunky","Char","Array","org","apache","xerces","utils","Chunky","Char","Array"],"edges":[[0,1],[0,2],[0,3],[0,4],[0,5],[0,6],[0,7],[0,8],[0,9],[0,10],[0,11],[0,12],[1,13],[1,14],[2,15],[2,16],[4,17],[4,18],[5,19],[5,20],[6,21],[6,22],[7,23],[7,24],[8,25],[8,26],[9,27],[9,28],[10,29],[10,30],[11,31],[11,32],[13,33],[14,34],[15,35],[16,36],[17,37],[17,38],[17,39],[18,40],[19,41],[19,42],[19,43],[20,44],[21,45],[21,46],[21,47],[22,48],[23,49],[23,50],[23,51],[24,52],[24,53],[25,54],[25,55],[25,56],[26,57],[26,58],[27,59],[27,60],[27,61],[28,62],[29,63],[31,64],[31,65],[31,66],[32,67],[33,68],[33,69],[33,70],[33,71],[33,72],[33,73],[33,74],[34,75],[34,76],[34,77],[34,78],[34,79],[34,80],[34,81],[35,82],[35,83],[35,84],[35,85],[35,86],[35,87],[36,88],[36,89],[36,90],[36,91],[36,92],[36,93],[37,94],[37,95],[37,96],[37,97],[37,98],[37,99],[38,100],[39,101],[39,102],[39,103],[39,104],[39,105],[39,106],[41,107],[41,108],[41,109],[41,110],[41,111],[41,112],[41,113],[42,114],[43,115],[43,116],[43,117],[43,118],[43,119],[43,120],[43,121],[45,122],[45,123],[46,124],[47,125],[47,126],[50,127],[55,128],[59,129],[59,130],[59,131],[59,132],[59,133],[59,134],[60,135],[61,136],[61,137],[61,138],[61,139],[61,140],[61,141],[62,142],[62,143],[62,144],[62,145],[62,146],[62,147],[63,148],[63,149],[63,150],[63,151],[63,152],[63,153],[63,154],[64,155],[64,156],[64,157],[64,158],[64,159],[64,160],[64,161],[65,162],[66,163],[66,164],[66,165],[66,166],[66,167],[66,168],[66,169],[67,170],[67,171],[67,172],[67,173],[67,174],[67,175],[67,176],[100,177],[100,178],[100,179],[100,180],[100,181],[100,182],[100,183],[114,184],[114,185],[114,186],[114,187],[114,188],[114,189],[114,190],[124,191],[124,192],[124,193],[124,194],[124,195],[124,196],[124,197],[127,198],[127,199],[127,200],[127,201],[127,202],[127,203],[127,204],[128,205],[128,206],[128,207],[128,208],[128,209],[128,210],[128,211],[135,212],[135,213],[135,214],[135,215],[135,216],[135,217],[135,218],[162,219],[162,220],[162,221],[162,222],[162,223],[162,224],[162,225]],"ID":2}],"edgeSet":[[0,2,0],[2,1,0]],"ENTRY":{"def":[],"use":[],"callees":[],"nodes":["CompoundStmt"],"edges":[],"ID":0},"EXIT":{"def":[],"use":[],"callees":[],"nodes":["CompoundStmt"],"edges":[],"ID":1},"method_name":"\u003cinit\u003e"},{"blocks":[{"def":[],"use":[],"callees":[],"nodes":["CompoundStmt"],"edges":[],"ID":0},{"def":[],"use":[],"callees":[],"nodes":["CompoundStmt"],"edges":[],"ID":1},{"def":["i0","i1","r0"],"use":["i1","@parameter0: int","@this: org.apache.xerces.utils.ChunkyCharArray","@parameter1: int"],"callees":[],"nodes":["CompoundStmt","DefinitionStmt","DefinitionStmt","DefinitionStmt","IfStmt","Local","ThisRef","Local","Param","Local","Param","BinaryOp","RefType","RefType","Int","Int","Int","Int","Local"," !\u003d ","Constant","org","apache","xerces","utils","Chunky","Char","Array","org","apache","xerces","utils","Chunky","Char","Array","Int","0","Int"],"edges":[[0,1],[0,2],[0,3],[0,4],[1,5],[1,6],[2,7],[2,8],[3,9],[3,10],[4,11],[5,12],[6,13],[7,14],[8,15],[9,16],[10,17],[11,18],[11,19],[11,20],[12,21],[12,22],[12,23],[12,24],[12,25],[12,26],[12,27],[13,28],[13,29],[13,30],[13,31],[13,32],[13,33],[13,34],[18,35],[20,36],[20,37]],"ID":2},{"def":[],"use":[],"callees":[],"nodes":["CompoundStmt","ReturnStmt","Constant","0","Int"],"edges":[[0,1],[1,2],[2,3],[2,4]],"ID":3},{"def":["$r1","$i2"],"use":["$r1","i0","i1","r0.\u003corg.apache.xerces.utils.ChunkyCharArray: org.apache.xerces.utils.CharDataChunk fCurrentChunk\u003e","$i2","r0"],"callees":["addString"],"nodes":["CompoundStmt","DefinitionStmt","DefinitionStmt","ReturnStmt","Local","InstanceFieldRef","Local","Invoke","Local","RefType","RefType","Local","RefType","Int","Int","org","apache","xerces","utils","Char","Data","Chunk","org","apache","xerces","utils","Char","Data","Chunk","RefType","org","apache","xerces","utils","Char","Data","Chunk","org","apache","xerces","utils","Chunky","Char","Array"],"edges":[[0,1],[0,2],[0,3],[1,4],[1,5],[2,6],[2,7],[3,8],[4,9],[5,10],[5,11],[5,12],[6,13],[8,14],[9,15],[9,16],[9,17],[9,18],[9,19],[9,20],[9,21],[10,22],[10,23],[10,24],[10,25],[10,26],[10,27],[10,28],[11,29],[12,30],[12,31],[12,32],[12,33],[12,34],[12,35],[12,36],[29,37],[29,38],[29,39],[29,40],[29,41],[29,42],[29,43]],"ID":4}],"edgeSet":[[3,1,0],[4,1,0],[0,2,0],[2,3,1],[2,4,2]],"ENTRY":{"def":[],"use":[],"callees":[],"nodes":["CompoundStmt"],"edges":[],"ID":0},"EXIT":{"def":[],"use":[],"callees":[],"nodes":["CompoundStmt"],"edges":[],"ID":1},"method_name":"addString"},{"blocks":[{"def":[],"use":[],"callees":[],"nodes":["CompoundStmt"],"edges":[],"ID":0},{"def":[],"use":[],"callees":[],"nodes":["CompoundStmt"],"edges":[],"ID":1},{"def":["i0","i1","r0"],"use":["i1","@parameter0: int","@this: org.apache.xerces.utils.ChunkyCharArray","@parameter1: int"],"callees":[],"nodes":["CompoundStmt","DefinitionStmt","DefinitionStmt","DefinitionStmt","IfStmt","Local","ThisRef","Local","Param","Local","Param","BinaryOp","RefType","RefType","Int","Int","Int","Int","Local"," !\u003d ","Constant","org","apache","xerces","utils","Chunky","Char","Array","org","apache","xerces","utils","Chunky","Char","Array","Int","0","Int"],"edges":[[0,1],[0,2],[0,3],[0,4],[1,5],[1,6],[2,7],[2,8],[3,9],[3,10],[4,11],[5,12],[6,13],[7,14],[8,15],[9,16],[10,17],[11,18],[11,19],[11,20],[12,21],[12,22],[12,23],[12,24],[12,25],[12,26],[12,27],[13,28],[13,29],[13,30],[13,31],[13,32],[13,33],[13,34],[18,35],[20,36],[20,37]],"ID":2},{"def":[],"use":[],"callees":[],"nodes":["CompoundStmt","ReturnStmt","Constant","0","Int"],"edges":[[0,1],[1,2],[2,3],[2,4]],"ID":3},{"def":["$r1","$i2"],"use":["$r1","i0","i1","r0.\u003corg.apache.xerces.utils.ChunkyCharArray: org.apache.xerces.utils.CharDataChunk fCurrentChunk\u003e","$i2","r0"],"callees":["addSymbol"],"nodes":["CompoundStmt","DefinitionStmt","DefinitionStmt","ReturnStmt","Local","InstanceFieldRef","Local","Invoke","Local","RefType","RefType","Local","RefType","Int","Int","org","apache","xerces","utils","Char","Data","Chunk","org","apache","xerces","utils","Char","Data","Chunk","RefType","org","apache","xerces","utils","Char","Data","Chunk","org","apache","xerces","utils","Chunky","Char","Array"],"edges":[[0,1],[0,2],[0,3],[1,4],[1,5],[2,6],[2,7],[3,8],[4,9],[5,10],[5,11],[5,12],[6,13],[8,14],[9,15],[9,16],[9,17],[9,18],[9,19],[9,20],[9,21],[10,22],[10,23],[10,24],[10,25],[10,26],[10,27],[10,28],[11,29],[12,30],[12,31],[12,32],[12,33],[12,34],[12,35],[12,36],[29,37],[29,38],[29,39],[29,40],[29,41],[29,42],[29,43]],"ID":4}],"edgeSet":[[3,1,0],[4,1,0],[0,2,0],[2,3,1],[2,4,2]],"ENTRY":{"def":[],"use":[],"callees":[],"nodes":["CompoundStmt"],"edges":[],"ID":0},"EXIT":{"def":[],"use":[],"callees":[],"nodes":["CompoundStmt"],"edges":[],"ID":1},"method_name":"addSymbol"},{"blocks":[{"def":[],"use":[],"callees":[],"nodes":["CompoundStmt"],"edges":[],"ID":0},{"def":[],"use":[],"callees":[],"nodes":["CompoundStmt"],"edges":[],"ID":1},{"def":["r0","r0.\u003corg.apache.xerces.utils.CharDataChunk: char[] fData\u003e","r1"],"use":["@parameter0: char[]","@this: org.apache.xerces.utils.CharDataChunk","r0","r1"],"callees":[],"nodes":["CompoundStmt","DefinitionStmt","DefinitionStmt","DefinitionStmt","ReturnVoidStmt","Local","ThisRef","Local","Param","InstanceFieldRef","Local","RefType","RefType","Array","Array","Array","Local","Array","Array","org","apache","xerces","utils","Char","Data","Chunk","org","apache","xerces","utils","Char","Data","Chunk","Char","[]","Char","[]","Char","[]","RefType","Char","[]","Char","[]","org","apache","xerces","utils","Char","Data","Chunk"],"edges":[[0,1],[0,2],[0,3],[0,4],[1,5],[1,6],[2,7],[2,8],[3,9],[3,10],[5,11],[6,12],[7,13],[8,14],[9,15],[9,16],[9,17],[10,18],[11,19],[11,20],[11,21],[11,22],[11,23],[11,24],[11,25],[12,26],[12,27],[12,28],[12,29],[12,30],[12,31],[12,32],[13,33],[13,34],[14,35],[14,36],[15,37],[15,38],[16,39],[17,40],[17,41],[18,42],[18,43],[39,44],[39,45],[39,46],[39,47],[39,48],[39,49],[39,50]],"ID":2}],"edgeSet":[[0,2,0],[2,1,0]],"ENTRY":{"def":[],"use":[],"callees":[],"nodes":["CompoundStmt"],"edges":[],"ID":0},"EXIT":{"def":[],"use":[],"callees":[],"nodes":["CompoundStmt"],"edges":[],"ID":1},"method_name":"setCharArray"},{"blocks":[{"def":[],"use":[],"callees":[],"nodes":["CompoundStmt"],"edges":[],"ID":0},{"def":[],"use":[],"callees":[],"nodes":["CompoundStmt"],"edges":[],"ID":1},{"def":["c0","r0"],"use":["@parameter0: char","@this: org.apache.xerces.utils.ChunkyCharArray"],"callees":[],"nodes":["CompoundStmt","DefinitionStmt","DefinitionStmt","Local","ThisRef","Local","Param","RefType","RefType","Char","Char","org","apache","xerces","utils","Chunky","Char","Array","org","apache","xerces","utils","Chunky","Char","Array"],"edges":[[0,1],[0,2],[1,3],[1,4],[2,5],[2,6],[3,7],[4,8],[5,9],[6,10],[7,11],[7,12],[7,13],[7,14],[7,15],[7,16],[7,17],[8,18],[8,19],[8,20],[8,21],[8,22],[8,23],[8,24]],"ID":2},{"def":["$r2"],"use":["r0.\u003corg.apache.xerces.utils.ChunkyCharArray: char[] fCurrentData\u003e","r0"],"callees":[],"nodes":["CompoundStmt","DefinitionStmt","Local","InstanceFieldRef","Array","Array","Local","Array","Char","[]","Char","[]","RefType","Char","[]","org","apache","xerces","utils","Chunky","Char","Array"],"edges":[[0,1],[1,2],[1,3],[2,4],[3,5],[3,6],[3,7],[4,8],[4,9],[5,10],[5,11],[6,12],[7,13],[7,14],[12,15],[12,16],[12,17],[12,18],[12,19],[12,20],[12,21]],"ID":3},{"def":["$i1"],"use":["r0","r0.\u003corg.apache.xerces.utils.ChunkyCharArray: int fCurrentIndex\u003e"],"callees":[],"nodes":["CompoundStmt","DefinitionStmt","Local","InstanceFieldRef","Int","Int","Local","Int","RefType","org","apache","xerces","utils","Chunky","Char","Array"],"edges":[[0,1],[1,2],[1,3],[2,4],[3,5],[3,6],[3,7],[6,8],[8,9],[8,10],[8,11],[8,12],[8,13],[8,14],[8,15]],"ID":4},{"def":["$r2[$i1]"],"use":["$r2","$i1","c0"],"callees":[],"nodes":["CompoundStmt","DefinitionStmt","ArrayRef","Local","Char","Local","Local","Char","Array","Int","Char","[]"],"edges":[[0,1],[1,2],[1,3],[2,4],[2,5],[2,6],[3,7],[5,8],[6,9],[8,10],[8,11]],"ID":5},{"def":["$i8","$i9","$i11","$i10","r0.\u003corg.apache.xerces.utils.ChunkyCharArray: int fLength\u003e","r0.\u003corg.apache.xerces.utils.ChunkyCharArray: int fCurrentIndex\u003e"],"use":["$i8","$i9","$i11","$i10","r0.\u003corg.apache.xerces.utils.ChunkyCharArray: int fLength\u003e","r0","r0.\u003corg.apache.xerces.utils.ChunkyCharArray: int fCurrentIndex\u003e"],"callees":[],"nodes":["CompoundStmt","GotoStmt","DefinitionStmt","DefinitionStmt","DefinitionStmt","DefinitionStmt","DefinitionStmt","DefinitionStmt","ReturnVoidStmt","Local","InstanceFieldRef","Local","BinaryOp","InstanceFieldRef","Local","Local","InstanceFieldRef","Local","BinaryOp","InstanceFieldRef","Local","Int","Int","Local","Int","Int","Local"," + ","Constant","Int","Local","Int","Int","Int","Int","Local","Int","Int","Local"," + ","Constant","Int","Local","Int","Int","RefType","Int","1","Int","RefType","RefType","Int","1","Int","RefType","org","apache","xerces","utils","Chunky","Char","Array","org","apache","xerces","utils","Chunky","Char","Array","org","apache","xerces","utils","Chunky","Char","Array","org","apache","xerces","utils","Chunky","Char","Array"],"edges":[[0,1],[0,2],[0,3],[0,4],[0,5],[0,6],[0,7],[0,8],[2,9],[2,10],[3,11],[3,12],[4,13],[4,14],[5,15],[5,16],[6,17],[6,18],[7,19],[7,20],[9,21],[10,22],[10,23],[10,24],[11,25],[12,26],[12,27],[12,28],[13,29],[13,30],[13,31],[14,32],[15,33],[16,34],[16,35],[16,36],[17,37],[18,38],[18,39],[18,40],[19,41],[19,42],[19,43],[20,44],[23,45],[26,46],[28,47],[28,48],[30,49],[35,50],[38,51],[40,52],[40,53],[42,54],[45,55],[45,56],[45,57],[45,58],[45,59],[45,60],[45,61],[49,62],[49,63],[49,64],[49,65],[49,66],[49,67],[49,68],[50,69],[50,70],[50,71],[50,72],[50,73],[50,74],[50,75],[54,76],[54,77],[54,78],[54,79],[54,80],[54,81],[54,82]],"ID":6},{"def":["$r3","$i2"],"use":["@caughtexception","$i2","r0","r0.\u003corg.apache.xerces.utils.ChunkyCharArray: int fCurrentIndex\u003e"],"callees":[],"nodes":["CompoundStmt","DefinitionStmt","DefinitionStmt","IfStmt","Local","CaughtException","Local","InstanceFieldRef","BinaryOp","RefType","RefType","Int","Int","Local","Int","Local"," !\u003d ","Constant","java","lang","Array","Index","Out","Of","Bounds","Exception","java","lang","Throwable","RefType","Int","1","6","3","8","4","Int","org","apache","xerces","utils","Chunky","Char","Array"],"edges":[[0,1],[0,2],[0,3],[1,4],[1,5],[2,6],[2,7],[3,8],[4,9],[5,10],[6,11],[7,12],[7,13],[7,14],[8,15],[8,16],[8,17],[9,18],[9,19],[9,20],[9,21],[9,22],[9,23],[9,24],[9,25],[10,26],[10,27],[10,28],[13,29],[15,30],[17,31],[17,32],[17,33],[17,34],[17,35],[17,36],[29,37],[29,38],[29,39],[29,40],[29,41],[29,42],[29,43]],"ID":7},{"def":["$i6","$r7[$i6]","r0.\u003corg.apache.xerces.utils.ChunkyCharArray: char[] fCurrentData\u003e","$r5","$r6","r0.\u003corg.apache.xerces.utils.ChunkyCharArray: org.apache.xerces.utils.CharDataChunk fCurrentChunk\u003e","$r7","$r8","$r9","$r11","$r10","r0.\u003corg.apache.xerces.utils.ChunkyCharArray: int fCurrentIndex\u003e"],"use":["r0.\u003corg.apache.xerces.utils.ChunkyCharArray: char[] fCurrentData\u003e","$r5","$r6","r0.\u003corg.apache.xerces.utils.ChunkyCharArray: org.apache.xerces.utils.StringPool fStringPool\u003e","r0.\u003corg.apache.xerces.utils.ChunkyCharArray: org.apache.xerces.utils.CharDataChunk fCurrentChunk\u003e","$r7","$r8","$r9","c0","$i6","$r11","r0","$r10","r0.\u003corg.apache.xerces.utils.ChunkyCharArray: int fCurrentIndex\u003e"],"callees":["setCharArray","createChunk"],"nodes":["CompoundStmt","DefinitionStmt","DefinitionStmt","DefinitionStmt","DefinitionStmt","DefinitionStmt","DefinitionStmt","DefinitionStmt","GotoStmt","DefinitionStmt","DefinitionStmt","Invoke","DefinitionStmt","DefinitionStmt","DefinitionStmt","GotoStmt","Local","InstanceFieldRef","Local","InstanceFieldRef","Local","Invoke","InstanceFieldRef","Local","Local","NewArray","InstanceFieldRef","Local","InstanceFieldRef","Constant","Local","InstanceFieldRef","Local","InstanceFieldRef","Local","InstanceFieldRef","Local","InstanceFieldRef","ArrayRef","Local","RefType","RefType","Local","RefType","RefType","RefType","Local","RefType","RefType","RefType","Local","RefType","RefType","Array","Array","Constant","Array","Local","Array","Array","Int","Local","Int","0","Int","RefType","RefType","Local","RefType","Array","Array","Local","Array","Array","Array","Local","Array","Int","Int","Local","Int","Char","Local","Local","Char","org","apache","xerces","utils","String","Pool","org","apache","xerces","utils","String","Pool","RefType","org","apache","xerces","utils","String","Pool","org","apache","xerces","utils","Char","Data","Chunk","org","apache","xerces","utils","Char","Data","Chunk","RefType","org","apache","xerces","utils","Char","Data","Chunk","org","apache","xerces","utils","Char","Data","Chunk","org","apache","xerces","utils","Char","Data","Chunk","RefType","org","apache","xerces","utils","Char","Data","Chunk","org","apache","xerces","utils","Char","Data","Chunk","Char","[]","Char","[]","1","2","8","Int","Char","[]","RefType","Char","[]","Char","[]","RefType","org","apache","xerces","utils","Char","Data","Chunk","org","apache","xerces","utils","Char","Data","Chunk","RefType","org","apache","xerces","utils","Char","Data","Chunk","Char","[]","Char","[]","RefType","Char","[]","Char","[]","Char","[]","RefType","Char","[]","RefType","Array","Int","org","apache","xerces","utils","Chunky","Char","Array","org","apache","xerces","utils","Chunky","Char","Array","org","apache","xerces","utils","Chunky","Char","Array","org","apache","xerces","utils","Chunky","Char","Array","org","apache","xerces","utils","Chunky","Char","Array","org","apache","xerces","utils","Chunky","Char","Array","org","apache","xerces","utils","Chunky","Char","Array","org","apache","xerces","utils","Chunky","Char","Array","org","apache","xerces","utils","Chunky","Char","Array","Char","[]"],"edges":[[0,1],[0,2],[0,3],[0,4],[0,5],[0,6],[0,7],[0,8],[0,9],[0,10],[0,11],[0,12],[0,13],[0,14],[0,15],[1,16],[1,17],[2,18],[2,19],[3,20],[3,21],[4,22],[4,23],[5,24],[5,25],[6,26],[6,27],[7,28],[7,29],[9,30],[9,31],[10,32],[10,33],[12,34],[12,35],[13,36],[13,37],[14,38],[14,39],[16,40],[17,41],[17,42],[17,43],[18,44],[19,45],[19,46],[19,47],[20,48],[22,49],[22,50],[22,51],[23,52],[24,53],[25,54],[25,55],[26,56],[26,57],[26,58],[27,59],[28,60],[28,61],[28,62],[29,63],[29,64],[30,65],[31,66],[31,67],[31,68],[32,69],[33,70],[33,71],[33,72],[34,73],[35,74],[35,75],[35,76],[36,77],[37,78],[37,79],[37,80],[38,81],[38,82],[38,83],[39,84],[40,85],[40,86],[40,87],[40,88],[40,89],[40,90],[41,91],[41,92],[41,93],[41,94],[41,95],[41,96],[42,97],[43,98],[43,99],[43,100],[43,101],[43,102],[43,103],[44,104],[44,105],[44,106],[44,107],[44,108],[44,109],[44,110],[45,111],[45,112],[45,113],[45,114],[45,115],[45,116],[45,117],[46,118],[47,119],[47,120],[47,121],[47,122],[47,123],[47,124],[47,125],[48,126],[48,127],[48,128],[48,129],[48,130],[48,131],[48,132],[49,133],[49,134],[49,135],[49,136],[49,137],[49,138],[49,139],[50,140],[51,141],[51,142],[51,143],[51,144],[51,145],[51,146],[51,147],[52,148],[52,149],[52,150],[52,151],[52,152],[52,153],[52,154],[53,155],[53,156],[54,157],[54,158],[55,159],[55,160],[55,161],[55,162],[56,163],[56,164],[57,165],[58,166],[58,167],[59,168],[59,169],[61,170],[65,171],[65,172],[65,173],[65,174],[65,175],[65,176],[65,177],[66,178],[66,179],[66,180],[66,181],[66,182],[66,183],[66,184],[67,185],[68,186],[68,187],[68,188],[68,189],[68,190],[68,191],[68,192],[69,193],[69,194],[70,195],[70,196],[71,197],[72,198],[72,199],[73,200],[73,201],[74,202],[74,203],[75,204],[76,205],[76,206],[79,207],[82,208],[83,209],[97,210],[97,211],[97,212],[97,213],[97,214],[97,215],[97,216],[118,217],[118,218],[118,219],[118,220],[118,221],[118,222],[118,223],[140,224],[140,225],[140,226],[140,227],[140,228],[140,229],[140,230],[165,231],[165,232],[165,233],[165,234],[165,235],[165,236],[165,237],[170,238],[170,239],[170,240],[170,241],[170,242],[170,243],[170,244],[185,245],[185,246],[185,247],[185,248],[185,249],[185,250],[185,251],[197,252],[197,253],[197,254],[197,255],[197,256],[197,257],[197,258],[204,259],[204,260],[204,261],[204,262],[204,263],[204,264],[204,265],[207,266],[207,267],[207,268],[207,269],[207,270],[207,271],[207,272],[208,273],[208,274]],"ID":8},{"def":["$i5","$r4","r0.\u003corg.apache.xerces.utils.ChunkyCharArray: char[] fCurrentData\u003e","$i3","$i4","r1"],"use":["$i5","r0.\u003corg.apache.xerces.utils.ChunkyCharArray: char[] fCurrentData\u003e","$r4","r0","$i3","r0.\u003corg.apache.xerces.utils.ChunkyCharArray: int fCurrentIndex\u003e","$i4","r1"],"callees":[],"nodes":["CompoundStmt","DefinitionStmt","DefinitionStmt","DefinitionStmt","DefinitionStmt","DefinitionStmt","Invoke","DefinitionStmt","Local","InstanceFieldRef","Local","BinaryOp","Local","NewArray","Local","InstanceFieldRef","Local","InstanceFieldRef","InstanceFieldRef","Local","Int","Int","Local","Int","Int","Local"," * ","Constant","Array","Array","Local","Array","Array","Local","Array","Int","Int","Local","Int","Array","Local","Array","Array","RefType","Int","2","Int","Char","[]","Char","[]","Int","Char","[]","Char","[]","RefType","Char","[]","RefType","Char","[]","RefType","Char","[]","Char","[]","org","apache","xerces","utils","Chunky","Char","Array","org","apache","xerces","utils","Chunky","Char","Array","org","apache","xerces","utils","Chunky","Char","Array","org","apache","xerces","utils","Chunky","Char","Array"],"edges":[[0,1],[0,2],[0,3],[0,4],[0,5],[0,6],[0,7],[1,8],[1,9],[2,10],[2,11],[3,12],[3,13],[4,14],[4,15],[5,16],[5,17],[7,18],[7,19],[8,20],[9,21],[9,22],[9,23],[10,24],[11,25],[11,26],[11,27],[12,28],[13,29],[13,30],[14,31],[15,32],[15,33],[15,34],[16,35],[17,36],[17,37],[17,38],[18,39],[18,40],[18,41],[19,42],[22,43],[25,44],[27,45],[27,46],[28,47],[28,48],[29,49],[29,50],[30,51],[31,52],[31,53],[32,54],[32,55],[33,56],[34,57],[34,58],[37,59],[39,60],[39,61],[40,62],[41,63],[41,64],[42,65],[42,66],[43,67],[43,68],[43,69],[43,70],[43,71],[43,72],[43,73],[56,74],[56,75],[56,76],[56,77],[56,78],[56,79],[56,80],[59,81],[59,82],[59,83],[59,84],[59,85],[59,86],[59,87],[62,88],[62,89],[62,90],[62,91],[62,92],[62,93],[62,94]],"ID":9},{"def":["$r15","$r16","$r13","$i7","$r14","$r16[$i7]","r0.\u003corg.apache.xerces.utils.ChunkyCharArray: char[] fCurrentData\u003e","$r12"],"use":["$r15","$r16","$r13","$i7","$r14","@caughtexception","r0.\u003corg.apache.xerces.utils.ChunkyCharArray: char[] fCurrentData\u003e","r0.\u003corg.apache.xerces.utils.ChunkyCharArray: org.apache.xerces.utils.CharDataChunk fCurrentChunk\u003e","c0","r0","r0.\u003corg.apache.xerces.utils.ChunkyCharArray: int fCurrentIndex\u003e"],"callees":["setCharArray"],"nodes":["CompoundStmt","DefinitionStmt","DefinitionStmt","DefinitionStmt","DefinitionStmt","DefinitionStmt","Invoke","DefinitionStmt","DefinitionStmt","DefinitionStmt","Local","CaughtException","Local","NewArray","InstanceFieldRef","Local","Local","InstanceFieldRef","Local","InstanceFieldRef","Local","InstanceFieldRef","Local","InstanceFieldRef","ArrayRef","Local","RefType","RefType","Array","Array","Constant","Array","Local","Array","Array","RefType","RefType","Local","RefType","Array","Array","Local","Array","Array","Array","Local","Array","Int","Int","Local","Int","Char","Local","Local","Char","java","lang","Null","Pointer","Exception","java","lang","Throwable","Char","[]","Char","[]","1","2","8","Int","Char","[]","RefType","Char","[]","Char","[]","org","apache","xerces","utils","Char","Data","Chunk","org","apache","xerces","utils","Char","Data","Chunk","RefType","org","apache","xerces","utils","Char","Data","Chunk","Char","[]","Char","[]","RefType","Char","[]","Char","[]","Char","[]","RefType","Char","[]","RefType","Array","Int","org","apache","xerces","utils","Chunky","Char","Array","org","apache","xerces","utils","Chunky","Char","Array","org","apache","xerces","utils","Chunky","Char","Array","org","apache","xerces","utils","Chunky","Char","Array","org","apache","xerces","utils","Chunky","Char","Array","Char","[]"],"edges":[[0,1],[0,2],[0,3],[0,4],[0,5],[0,6],[0,7],[0,8],[0,9],[1,10],[1,11],[2,12],[2,13],[3,14],[3,15],[4,16],[4,17],[5,18],[5,19],[7,20],[7,21],[8,22],[8,23],[9,24],[9,25],[10,26],[11,27],[12,28],[13,29],[13,30],[14,31],[14,32],[14,33],[15,34],[16,35],[17,36],[17,37],[17,38],[18,39],[19,40],[19,41],[19,42],[20,43],[21,44],[21,45],[21,46],[22,47],[23,48],[23,49],[23,50],[24,51],[24,52],[24,53],[25,54],[26,55],[26,56],[26,57],[26,58],[26,59],[27,60],[27,61],[27,62],[28,63],[28,64],[29,65],[29,66],[30,67],[30,68],[30,69],[30,70],[31,71],[31,72],[32,73],[33,74],[33,75],[34,76],[34,77],[35,78],[35,79],[35,80],[35,81],[35,82],[35,83],[35,84],[36,85],[36,86],[36,87],[36,88],[36,89],[36,90],[36,91],[37,92],[38,93],[38,94],[38,95],[38,96],[38,97],[38,98],[38,99],[39,100],[39,101],[40,102],[40,103],[41,104],[42,105],[42,106],[43,107],[43,108],[44,109],[44,110],[45,111],[46,112],[46,113],[49,114],[52,115],[53,116],[73,117],[73,118],[73,119],[73,120],[73,121],[73,122],[73,123],[92,124],[92,125],[92,126],[92,127],[92,128],[92,129],[92,130],[104,131],[104,132],[104,133],[104,134],[104,135],[104,136],[104,137],[111,138],[111,139],[111,140],[111,141],[111,142],[111,143],[111,144],[114,145],[114,146],[114,147],[114,148],[114,149],[114,150],[114,151],[115,152],[115,153]],"ID":10}],"edgeSet":[[4,7,5],[8,6,0],[5,7,5],[10,6,0],[6,1,0],[2,10,5],[0,2,0],[3,10,5],[2,3,0],[3,4,0],[4,10,5],[4,5,0],[5,6,0],[2,7,5],[5,10,5],[7,8,1],[7,9,2],[3,7,5],[9,8,0]],"ENTRY":{"def":[],"use":[],"callees":[],"nodes":["CompoundStmt"],"edges":[],"ID":0},"EXIT":{"def":[],"use":[],"callees":[],"nodes":["CompoundStmt"],"edges":[],"ID":1},"method_name":"append"},{"blocks":[{"def":[],"use":[],"callees":[],"nodes":["CompoundStmt"],"edges":[],"ID":0},{"def":[],"use":[],"callees":[],"nodes":["CompoundStmt"],"edges":[],"ID":1},{"def":["i0","i2","r0","r1"],"use":["i0","i2","@this: org.apache.xerces.utils.ChunkyCharArray","@parameter0: java.lang.String","r1"],"callees":[],"nodes":["CompoundStmt","DefinitionStmt","DefinitionStmt","DefinitionStmt","DefinitionStmt","GotoStmt","IfStmt","Local","ThisRef","Local","Param","Local","Invoke","Local","Constant","BinaryOp","RefType","RefType","RefType","RefType","Int","Int","0","Int","Local"," \u003c ","Local","org","apache","xerces","utils","Chunky","Char","Array","org","apache","xerces","utils","Chunky","Char","Array","java","lang","String","java","lang","String","Int","Int"],"edges":[[0,1],[0,2],[0,3],[0,4],[0,5],[0,6],[1,7],[1,8],[2,9],[2,10],[3,11],[3,12],[4,13],[4,14],[6,15],[7,16],[8,17],[9,18],[10,19],[11,20],[13,21],[14,22],[14,23],[15,24],[15,25],[15,26],[16,27],[16,28],[16,29],[16,30],[16,31],[16,32],[16,33],[17,34],[17,35],[17,36],[17,37],[17,38],[17,39],[17,40],[18,41],[18,42],[18,43],[19,44],[19,45],[19,46],[24,47],[26,48]],"ID":2},{"def":["$c1","i2"],"use":["$c1","i2","r0","r1"],"callees":["append"],"nodes":["CompoundStmt","DefinitionStmt","Invoke","DefinitionStmt","Local","Invoke","Local","BinaryOp","Char","Int","Local"," + ","Constant","Int","1","Int"],"edges":[[0,1],[0,2],[0,3],[1,4],[1,5],[3,6],[3,7],[4,8],[6,9],[7,10],[7,11],[7,12],[10,13],[12,14],[12,15]],"ID":3},{"def":[],"use":[],"callees":[],"nodes":["CompoundStmt","ReturnVoidStmt"],"edges":[[0,1]],"ID":4}],"edgeSet":[[4,1,0],[0,2,0],[2,4,1],[3,2,0],[2,3,2]],"ENTRY":{"def":[],"use":[],"callees":[],"nodes":["CompoundStmt"],"edges":[],"ID":0},"EXIT":{"def":[],"use":[],"callees":[],"nodes":["CompoundStmt"],"edges":[],"ID":1},"method_name":"append"},{"blocks":[{"def":[],"use":[],"callees":[],"nodes":["CompoundStmt"],"edges":[],"ID":0},{"def":[],"use":[],"callees":[],"nodes":["CompoundStmt"],"edges":[],"ID":1},{"def":["$r2","i0","i1","r0","r1"],"use":["@parameter2: int","$r2","i0","i1","r0.\u003corg.apache.xerces.utils.ChunkyCharArray: org.apache.xerces.utils.CharDataChunk fCurrentChunk\u003e","@this: org.apache.xerces.utils.ChunkyCharArray","@parameter1: int","r0","@parameter0: org.apache.xerces.utils.ChunkyCharArray","r1"],"callees":["append"],"nodes":["CompoundStmt","DefinitionStmt","DefinitionStmt","DefinitionStmt","DefinitionStmt","DefinitionStmt","Invoke","ReturnVoidStmt","Local","ThisRef","Local","Param","Local","Param","Local","Param","Local","InstanceFieldRef","RefType","RefType","RefType","RefType","Int","Int","Int","Int","RefType","RefType","Local","RefType","org","apache","xerces","utils","Chunky","Char","Array","org","apache","xerces","utils","Chunky","Char","Array","org","apache","xerces","utils","Chunky","Char","Array","org","apache","xerces","utils","Chunky","Char","Array","org","apache","xerces","utils","Char","Data","Chunk","org","apache","xerces","utils","Char","Data","Chunk","RefType","org","apache","xerces","utils","Char","Data","Chunk","org","apache","xerces","utils","Chunky","Char","Array"],"edges":[[0,1],[0,2],[0,3],[0,4],[0,5],[0,6],[0,7],[1,8],[1,9],[2,10],[2,11],[3,12],[3,13],[4,14],[4,15],[5,16],[5,17],[8,18],[9,19],[10,20],[11,21],[12,22],[13,23],[14,24],[15,25],[16,26],[17,27],[17,28],[17,29],[18,30],[18,31],[18,32],[18,33],[18,34],[18,35],[18,36],[19,37],[19,38],[19,39],[19,40],[19,41],[19,42],[19,43],[20,44],[20,45],[20,46],[20,47],[20,48],[20,49],[20,50],[21,51],[21,52],[21,53],[21,54],[21,55],[21,56],[21,57],[26,58],[26,59],[26,60],[26,61],[26,62],[26,63],[26,64],[27,65],[27,66],[27,67],[27,68],[27,69],[27,70],[27,71],[28,72],[29,73],[29,74],[29,75],[29,76],[29,77],[29,78],[29,79],[72,80],[72,81],[72,82],[72,83],[72,84],[72,85],[72,86]],"ID":2}],"edgeSet":[[0,2,0],[2,1,0]],"ENTRY":{"def":[],"use":[],"callees":[],"nodes":["CompoundStmt"],"edges":[],"ID":0},"EXIT":{"def":[],"use":[],"callees":[],"nodes":["CompoundStmt"],"edges":[],"ID":1},"method_name":"append"},{"blocks":[{"def":[],"use":[],"callees":[],"nodes":["CompoundStmt"],"edges":[],"ID":0},{"def":[],"use":[],"callees":[],"nodes":["CompoundStmt"],"edges":[],"ID":1},{"def":["i3","i4","$i0","r0","r1"],"use":["@parameter0: char[]","@parameter2: int","@this: org.apache.xerces.utils.ChunkyCharArray","i4","$i0","@parameter1: int"],"callees":[],"nodes":["CompoundStmt","DefinitionStmt","DefinitionStmt","DefinitionStmt","DefinitionStmt","GotoStmt","DefinitionStmt","DefinitionStmt","IfStmt","Local","ThisRef","Local","Param","Local","Param","Local","Param","Local","Local","Local","BinaryOp","BinaryOp","RefType","RefType","Array","Array","Int","Int","Int","Int","Int","Int","Int","Local"," + ","Constant","Local"," \u003e ","Constant","org","apache","xerces","utils","Chunky","Char","Array","org","apache","xerces","utils","Chunky","Char","Array","Char","[]","Char","[]","Int","-","1","Int","Int","0","Int"],"edges":[[0,1],[0,2],[0,3],[0,4],[0,5],[0,6],[0,7],[0,8],[1,9],[1,10],[2,11],[2,12],[3,13],[3,14],[4,15],[4,16],[6,17],[6,18],[7,19],[7,20],[8,21],[9,22],[10,23],[11,24],[12,25],[13,26],[14,27],[15,28],[16,29],[17,30],[18,31],[19,32],[20,33],[20,34],[20,35],[21,36],[21,37],[21,38],[22,39],[22,40],[22,41],[22,42],[22,43],[22,44],[22,45],[23,46],[23,47],[23,48],[23,49],[23,50],[23,51],[23,52],[24,53],[24,54],[25,55],[25,56],[33,57],[35,58],[35,59],[35,60],[36,61],[38,62],[38,63]],"ID":2},{"def":["$c2","i3","$i1"],"use":["$c2","r1[$i1]","i3","$i1","r0","r1"],"callees":["append"],"nodes":["CompoundStmt","DefinitionStmt","DefinitionStmt","DefinitionStmt","Invoke","Local","Local","Local","BinaryOp","Local","ArrayRef","Int","Int","Int","Local"," + ","Constant","Char","Char","Local","Local","Int","1","Int","Array","Int","Char","[]"],"edges":[[0,1],[0,2],[0,3],[0,4],[1,5],[1,6],[2,7],[2,8],[3,9],[3,10],[5,11],[6,12],[7,13],[8,14],[8,15],[8,16],[9,17],[10,18],[10,19],[10,20],[14,21],[16,22],[16,23],[19,24],[20,25],[24,26],[24,27]],"ID":3},{"def":[],"use":[],"callees":[],"nodes":["CompoundStmt","ReturnVoidStmt"],"edges":[[0,1]],"ID":4}],"edgeSet":[[4,1,0],[0,2,0],[2,4,1],[3,2,0],[2,3,2]],"ENTRY":{"def":[],"use":[],"callees":[],"nodes":["CompoundStmt"],"edges":[],"ID":0},"EXIT":{"def":[],"use":[],"callees":[],"nodes":["CompoundStmt"],"edges":[],"ID":1},"method_name":"append"},{"blocks":[{"def":[],"use":[],"callees":[],"nodes":["CompoundStmt"],"edges":[],"ID":0},{"def":[],"use":[],"callees":[],"nodes":["CompoundStmt"],"edges":[],"ID":1},{"def":["$i0","r0"],"use":["@this: org.apache.xerces.utils.ChunkyCharArray","$i0","r0.\u003corg.apache.xerces.utils.ChunkyCharArray: int fLength\u003e","r0"],"callees":[],"nodes":["CompoundStmt","DefinitionStmt","DefinitionStmt","ReturnStmt","Local","ThisRef","Local","InstanceFieldRef","Local","RefType","RefType","Int","Int","Local","Int","Int","org","apache","xerces","utils","Chunky","Char","Array","org","apache","xerces","utils","Chunky","Char","Array","RefType","org","apache","xerces","utils","Chunky","Char","Array"],"edges":[[0,1],[0,2],[0,3],[1,4],[1,5],[2,6],[2,7],[3,8],[4,9],[5,10],[6,11],[7,12],[7,13],[7,14],[8,15],[9,16],[9,17],[9,18],[9,19],[9,20],[9,21],[9,22],[10,23],[10,24],[10,25],[10,26],[10,27],[10,28],[10,29],[13,30],[30,31],[30,32],[30,33],[30,34],[30,35],[30,36],[30,37]],"ID":2}],"edgeSet":[[0,2,0],[2,1,0]],"ENTRY":{"def":[],"use":[],"callees":[],"nodes":["CompoundStmt"],"edges":[],"ID":0},"EXIT":{"def":[],"use":[],"callees":[],"nodes":["CompoundStmt"],"edges":[],"ID":1},"method_name":"length"}],"label":"0"}