{"data":[{"blocks":[{"def":[],"use":[],"callees":[],"nodes":["CompoundStmt"],"edges":[],"ID":0},{"def":[],"use":[],"callees":[],"nodes":["CompoundStmt"],"edges":[],"ID":1},{"def":["r0"],"use":["@this: org.apache.xerces.validators.schema.XUtil","r0"],"callees":[],"nodes":["CompoundStmt","DefinitionStmt","Invoke","ReturnVoidStmt","Local","ThisRef","RefType","RefType","org","apache","xerces","validators","schema","X","Util","org","apache","xerces","validators","schema","X","Util"],"edges":[[0,1],[0,2],[0,3],[1,4],[1,5],[4,6],[5,7],[6,8],[6,9],[6,10],[6,11],[6,12],[6,13],[6,14],[7,15],[7,16],[7,17],[7,18],[7,19],[7,20],[7,21]],"ID":2}],"edgeSet":[[0,2,0],[2,1,0]],"ENTRY":{"def":[],"use":[],"callees":[],"nodes":["CompoundStmt"],"edges":[],"ID":0},"EXIT":{"def":[],"use":[],"callees":[],"nodes":["CompoundStmt"],"edges":[],"ID":1},"method_name":"\u003cinit\u003e"},{"blocks":[{"def":[],"use":[],"callees":[],"nodes":["CompoundStmt"],"edges":[],"ID":0},{"def":[],"use":[],"callees":[],"nodes":["CompoundStmt"],"edges":[],"ID":1},{"def":["r2","z0","r27","r26","r28","r0","r1"],"use":["@parameter0: org.w3c.dom.Node","r26","@parameter1: org.w3c.dom.Node","r28","r0","r1"],"callees":[],"nodes":["CompoundStmt","DefinitionStmt","DefinitionStmt","DefinitionStmt","DefinitionStmt","DefinitionStmt","DefinitionStmt","DefinitionStmt","GotoStmt","IfStmt","Local","Param","Local","Param","Local","Invoke","Local","InstanceOfExpr","Local","Local","Local","Local","Local","Local","BinaryOp","RefType","RefType","RefType","RefType","RefType","Boolean","Boolean","Local","RefType","RefType","RefType","RefType","RefType","RefType","RefType","Local"," !\u003d ","Constant","org","w3c","dom","Node","org","w3c","dom","Node","org","w3c","dom","Node","org","w3c","dom","Node","org","w3c","dom","Document","RefType","org","apache","xerces","dom","Document","Impl","org","w3c","dom","Node","org","w3c","dom","Node","org","w3c","dom","Node","org","w3c","dom","Node","org","w3c","dom","Node","org","w3c","dom","Node","RefType","Null","org","w3c","dom","Document","org","w3c","dom","Node"],"edges":[[0,1],[0,2],[0,3],[0,4],[0,5],[0,6],[0,7],[0,8],[0,9],[1,10],[1,11],[2,12],[2,13],[3,14],[3,15],[4,16],[4,17],[5,18],[5,19],[6,20],[6,21],[7,22],[7,23],[9,24],[10,25],[11,26],[12,27],[13,28],[14,29],[16,30],[17,31],[17,32],[17,33],[18,34],[19,35],[20,36],[21,37],[22,38],[23,39],[24,40],[24,41],[24,42],[25,43],[25,44],[25,45],[25,46],[26,47],[26,48],[26,49],[26,50],[27,51],[27,52],[27,53],[27,54],[28,55],[28,56],[28,57],[28,58],[29,59],[29,60],[29,61],[29,62],[32,63],[33,64],[33,65],[33,66],[33,67],[33,68],[33,69],[34,70],[34,71],[34,72],[34,73],[35,74],[35,75],[35,76],[35,77],[36,78],[36,79],[36,80],[36,81],[37,82],[37,83],[37,84],[37,85],[38,86],[38,87],[38,88],[38,89],[39,90],[39,91],[39,92],[39,93],[40,94],[42,95],[63,96],[63,97],[63,98],[63,99],[94,100],[94,101],[94,102],[94,103]],"ID":2},{"def":["s0"],"use":["r28","s0"],"callees":[],"nodes":["CompoundStmt","DefinitionStmt","SwitchStmt","Local","Invoke","Local","Short","Short"],"edges":[[0,1],[0,2],[1,3],[1,4],[2,5],[3,6],[5,7]],"ID":3},{"def":["r29","$z2","$r12"],"use":["r26","r29","r28","$z2","$r12","r1"],"callees":[],"nodes":["CompoundStmt","DefinitionStmt","DefinitionStmt","GotoStmt","Invoke","DefinitionStmt","IfStmt","Local","Invoke","Local","Invoke","Local","Invoke","BinaryOp","RefType","RefType","Boolean","Local"," \u003d\u003d ","Constant","java","lang","String","org","w3c","dom","Node","Boolean","0","Int"],"edges":[[0,1],[0,2],[0,3],[0,4],[0,5],[0,6],[1,7],[1,8],[2,9],[2,10],[5,11],[5,12],[6,13],[7,14],[9,15],[11,16],[13,17],[13,18],[13,19],[14,20],[14,21],[14,22],[15,23],[15,24],[15,25],[15,26],[17,27],[19,28],[19,29]],"ID":4},{"def":["r29","$r8"],"use":["r28","$r8","r1"],"callees":[],"nodes":["CompoundStmt","DefinitionStmt","DefinitionStmt","GotoStmt","Local","Invoke","Local","Invoke","RefType","RefType","java","lang","String","org","w3c","dom","Node"],"edges":[[0,1],[0,2],[0,3],[1,4],[1,5],[2,6],[2,7],[4,8],[6,9],[8,10],[8,11],[8,12],[9,13],[9,14],[9,15],[9,16]],"ID":5},{"def":["r3","r4","$r14","r29","i1","i2"],"use":["r3","r4","$r14","i1","r28","i2","r1"],"callees":[],"nodes":["CompoundStmt","DefinitionStmt","DefinitionStmt","DefinitionStmt","DefinitionStmt","DefinitionStmt","DefinitionStmt","GotoStmt","IfStmt","Local","Invoke","Local","Invoke","Local","Local","Local","Invoke","Local","Invoke","Local","Constant","BinaryOp","RefType","RefType","RefType","RefType","RefType","Int","Int","0","Int","Local"," \u003c ","Local","java","lang","String","org","w3c","dom","Element","org","w3c","dom","Node","org","w3c","dom","Element","org","w3c","dom","Named","Node","Map","Int","Int"],"edges":[[0,1],[0,2],[0,3],[0,4],[0,5],[0,6],[0,7],[0,8],[1,9],[1,10],[2,11],[2,12],[3,13],[3,14],[4,15],[4,16],[5,17],[5,18],[6,19],[6,20],[8,21],[9,22],[11,23],[13,24],[14,25],[15,26],[17,27],[19,28],[20,29],[20,30],[21,31],[21,32],[21,33],[22,34],[22,35],[22,36],[23,37],[23,38],[23,39],[23,40],[24,41],[24,42],[24,43],[24,44],[25,45],[25,46],[25,47],[25,48],[26,49],[26,50],[26,51],[26,52],[26,53],[26,54],[31,55],[33,56]],"ID":6},{"def":["$r15","r5","r6","r7"],"use":["$r15","r3","r4","r5","r6","r7","z0","i2"],"callees":[],"nodes":["CompoundStmt","DefinitionStmt","DefinitionStmt","DefinitionStmt","DefinitionStmt","Invoke","IfStmt","Local","Invoke","Local","CastExpr","Local","Invoke","Local","Invoke","BinaryOp","RefType","RefType","RefType","RefType","Local","RefType","RefType","Local"," \u003d\u003d ","Constant","org","w3c","dom","Node","org","w3c","dom","Attr","org","w3c","dom","Attr","org","w3c","dom","Attr","RefType","java","lang","String","java","lang","String","Boolean","0","Int","org","w3c","dom","Node"],"edges":[[0,1],[0,2],[0,3],[0,4],[0,5],[0,6],[1,7],[1,8],[2,9],[2,10],[3,11],[3,12],[4,13],[4,14],[6,15],[7,16],[9,17],[10,18],[10,19],[10,20],[11,21],[13,22],[15,23],[15,24],[15,25],[16,26],[16,27],[16,28],[16,29],[17,30],[17,31],[17,32],[17,33],[18,34],[18,35],[18,36],[18,37],[19,38],[19,39],[19,40],[19,41],[20,42],[21,43],[21,44],[21,45],[22,46],[22,47],[22,48],[23,49],[25,50],[25,51],[42,52],[42,53],[42,54],[42,55]],"ID":7},{"def":["$z1"],"use":["r5","$z1"],"callees":[],"nodes":["CompoundStmt","DefinitionStmt","IfStmt","Local","Invoke","BinaryOp","Boolean","Local"," !\u003d ","Constant","Boolean","0","Int"],"edges":[[0,1],[0,2],[1,3],[1,4],[2,5],[3,6],[5,7],[5,8],[5,9],[7,10],[9,11],[9,12]],"ID":8},{"def":["$r16","$r17","i2"],"use":["r3","$r16","r6","$r17","i2"],"callees":[],"nodes":["CompoundStmt","DefinitionStmt","DefinitionStmt","Invoke","DefinitionStmt","Local","Invoke","Local","CastExpr","Local","BinaryOp","RefType","RefType","RefType","RefType","Local","Int","Local"," + ","Constant","org","w3c","dom","Attr","org","apache","xerces","dom","Attr","Impl","org","apache","xerces","dom","Attr","Impl","org","apache","xerces","dom","Attr","Impl","RefType","Int","1","Int","org","w3c","dom","Attr"],"edges":[[0,1],[0,2],[0,3],[0,4],[1,5],[1,6],[2,7],[2,8],[4,9],[4,10],[5,11],[7,12],[8,13],[8,14],[8,15],[9,16],[10,17],[10,18],[10,19],[11,20],[11,21],[11,22],[11,23],[12,24],[12,25],[12,26],[12,27],[12,28],[12,29],[13,30],[13,31],[13,32],[13,33],[13,34],[13,35],[14,36],[14,37],[14,38],[14,39],[14,40],[14,41],[15,42],[17,43],[19,44],[19,45],[42,46],[42,47],[42,48],[42,49]],"ID":9},{"def":[],"use":[],"callees":[],"nodes":["CompoundStmt","GotoStmt"],"edges":[[0,1]],"ID":10},{"def":["r29","$r11"],"use":["r28","$r11","r1"],"callees":[],"nodes":["CompoundStmt","DefinitionStmt","DefinitionStmt","GotoStmt","Local","Invoke","Local","Invoke","RefType","RefType","java","lang","String","org","w3c","dom","Node"],"edges":[[0,1],[0,2],[0,3],[1,4],[1,5],[2,6],[2,7],[4,8],[6,9],[8,10],[8,11],[8,12],[9,13],[9,14],[9,15],[9,16]],"ID":11},{"def":["r29","$r9","$r10"],"use":["r28","$r9","$r10","r1"],"callees":[],"nodes":["CompoundStmt","DefinitionStmt","DefinitionStmt","DefinitionStmt","GotoStmt","Local","Invoke","Local","Invoke","Local","Invoke","RefType","RefType","RefType","java","lang","String","java","lang","String","org","w3c","dom","Node"],"edges":[[0,1],[0,2],[0,3],[0,4],[1,5],[1,6],[2,7],[2,8],[3,9],[3,10],[5,11],[7,12],[9,13],[11,14],[11,15],[11,16],[12,17],[12,18],[12,19],[13,20],[13,21],[13,22],[13,23]],"ID":12},{"def":["$r13","r29"],"use":["$r13","r28","r1"],"callees":[],"nodes":["CompoundStmt","DefinitionStmt","DefinitionStmt","GotoStmt","Local","Invoke","Local","Invoke","RefType","RefType","java","lang","String","org","w3c","dom","Node"],"edges":[[0,1],[0,2],[0,3],[1,4],[1,5],[2,6],[2,7],[4,8],[6,9],[8,10],[8,11],[8,12],[9,13],[9,14],[9,15],[9,16]],"ID":13},{"def":["$r19","$r18","$r20","r30","$r21"],"use":["$r19","s0","$r20","r30"],"callees":[],"nodes":["CompoundStmt","DefinitionStmt","DefinitionStmt","Invoke","DefinitionStmt","DefinitionStmt","DefinitionStmt","Invoke","ThrowStmt","Local","NewExpr","Local","NewExpr","Local","Invoke","Local","Invoke","Local","NewExpr","Local","RefType","RefType","RefType","RefType","RefType","RefType","RefType","RefType","RefType","java","lang","Illegal","Argument","Exception","java","lang","Illegal","Argument","Exception","java","lang","String","Buffer","java","lang","String","Buffer","java","lang","String","Buffer","java","lang","String","Buffer","java","lang","Null","Pointer","Exception","java","lang","Null","Pointer","Exception","java","lang","Null","Pointer","Exception"],"edges":[[0,1],[0,2],[0,3],[0,4],[0,5],[0,6],[0,7],[0,8],[1,9],[1,10],[2,11],[2,12],[4,13],[4,14],[5,15],[5,16],[6,17],[6,18],[8,19],[9,20],[10,21],[11,22],[12,23],[13,24],[15,25],[17,26],[18,27],[19,28],[20,29],[20,30],[20,31],[20,32],[20,33],[21,34],[21,35],[21,36],[21,37],[21,38],[22,39],[22,40],[22,41],[22,42],[23,43],[23,44],[23,45],[23,46],[24,47],[24,48],[24,49],[24,50],[25,51],[25,52],[25,53],[25,54],[26,55],[26,56],[26,57],[26,58],[26,59],[27,60],[27,61],[27,62],[27,63],[27,64],[28,65],[28,66],[28,67],[28,68],[28,69]],"ID":14},{"def":["r27","r26","r28"],"use":["r29","r28"],"callees":[],"nodes":["CompoundStmt","DefinitionStmt","DefinitionStmt","DefinitionStmt","GotoStmt","Local","Local","Local","Invoke","Local","Local","RefType","RefType","RefType","RefType","RefType","org","w3c","dom","Node","org","w3c","dom","Node","org","w3c","dom","Node","org","w3c","dom","Node","org","w3c","dom","Node"],"edges":[[0,1],[0,2],[0,3],[0,4],[1,5],[1,6],[2,7],[2,8],[3,9],[3,10],[5,11],[6,12],[7,13],[9,14],[10,15],[11,16],[11,17],[11,18],[11,19],[12,20],[12,21],[12,22],[12,23],[13,24],[13,25],[13,26],[13,27],[14,28],[14,29],[14,30],[14,31],[15,32],[15,33],[15,34],[15,35]],"ID":15},{"def":["r28"],"use":["r28"],"callees":[],"nodes":["CompoundStmt","DefinitionStmt","GotoStmt","IfStmt","Local","Invoke","BinaryOp","RefType","Local"," !\u003d ","Constant","org","w3c","dom","Node","RefType","Null","org","w3c","dom","Node"],"edges":[[0,1],[0,2],[0,3],[1,4],[1,5],[3,6],[4,7],[6,8],[6,9],[6,10],[7,11],[7,12],[7,13],[7,14],[8,15],[10,16],[15,17],[15,18],[15,19],[15,20]],"ID":16},{"def":["r27","r26","r28"],"use":["r27","r26"],"callees":[],"nodes":["CompoundStmt","DefinitionStmt","DefinitionStmt","DefinitionStmt","Local","Invoke","Local","Invoke","Local","Invoke","RefType","RefType","RefType","org","w3c","dom","Node","org","w3c","dom","Node","org","w3c","dom","Node"],"edges":[[0,1],[0,2],[0,3],[1,4],[1,5],[2,6],[2,7],[3,8],[3,9],[4,10],[6,11],[8,12],[10,13],[10,14],[10,15],[10,16],[11,17],[11,18],[11,19],[11,20],[12,21],[12,22],[12,23],[12,24]],"ID":17},{"def":[],"use":["r2","r27"],"callees":[],"nodes":["CompoundStmt","IfStmt","BinaryOp","Local"," !\u003d ","Local","RefType","RefType","org","w3c","dom","Node","org","w3c","dom","Node"],"edges":[[0,1],[1,2],[2,3],[2,4],[2,5],[3,6],[5,7],[6,8],[6,9],[6,10],[6,11],[7,12],[7,13],[7,14],[7,15]],"ID":18},{"def":[],"use":[],"callees":[],"nodes":["CompoundStmt","ReturnVoidStmt"],"edges":[[0,1]],"ID":19}],"edgeSet":[[3,12,11],[3,6,6],[9,6,0],[10,4,0],[11,4,0],[3,4,9],[12,4,0],[13,4,0],[15,2,0],[16,2,2],[2,19,1],[18,2,1],[4,15,1],[3,13,8],[7,9,2],[8,9,1],[8,9,2],[6,7,2],[2,3,2],[3,11,10],[18,17,2],[3,5,12],[14,1,0],[19,1,0],[4,16,2],[3,14,7],[6,10,1],[0,2,0],[16,18,1],[7,8,1],[5,4,0],[17,16,0]],"ENTRY":{"def":[],"use":[],"callees":[],"nodes":["CompoundStmt"],"edges":[],"ID":0},"EXIT":{"def":[],"use":[],"callees":[],"nodes":["CompoundStmt"],"edges":[],"ID":1},"method_name":"copyInto"},{"blocks":[{"def":[],"use":[],"callees":[],"nodes":["CompoundStmt"],"edges":[],"ID":0},{"def":[],"use":[],"callees":[],"nodes":["CompoundStmt"],"edges":[],"ID":1},{"def":["r2","r0"],"use":["r2","@parameter0: org.w3c.dom.Node","r0"],"callees":[],"nodes":["CompoundStmt","DefinitionStmt","DefinitionStmt","GotoStmt","IfStmt","Local","Param","Local","Invoke","BinaryOp","RefType","RefType","RefType","Local"," !\u003d ","Constant","org","w3c","dom","Node","org","w3c","dom","Node","org","w3c","dom","Node","RefType","Null","org","w3c","dom","Node"],"edges":[[0,1],[0,2],[0,3],[0,4],[1,5],[1,6],[2,7],[2,8],[4,9],[5,10],[6,11],[7,12],[9,13],[9,14],[9,15],[10,16],[10,17],[10,18],[10,19],[11,20],[11,21],[11,22],[11,23],[12,24],[12,25],[12,26],[12,27],[13,28],[15,29],[28,30],[28,31],[28,32],[28,33]],"ID":2},{"def":["$s0"],"use":["r2","$s0"],"callees":[],"nodes":["CompoundStmt","DefinitionStmt","IfStmt","Local","Invoke","BinaryOp","Short","Local"," !\u003d ","Constant","Short","1","Int"],"edges":[[0,1],[0,2],[1,3],[1,4],[2,5],[3,6],[5,7],[5,8],[5,9],[7,10],[9,11],[9,12]],"ID":3},{"def":["$r1"],"use":["r2","$r1"],"callees":[],"nodes":["CompoundStmt","DefinitionStmt","ReturnStmt","Local","CastExpr","Local","RefType","RefType","RefType","Local","RefType","org","w3c","dom","Element","org","w3c","dom","Element","org","w3c","dom","Element","RefType","org","w3c","dom","Element","org","w3c","dom","Node"],"edges":[[0,1],[0,2],[1,3],[1,4],[2,5],[3,6],[4,7],[4,8],[4,9],[5,10],[6,11],[6,12],[6,13],[6,14],[7,15],[7,16],[7,17],[7,18],[8,19],[8,20],[8,21],[8,22],[9,23],[10,24],[10,25],[10,26],[10,27],[23,28],[23,29],[23,30],[23,31]],"ID":4},{"def":["r2"],"use":["r2"],"callees":[],"nodes":["CompoundStmt","DefinitionStmt","Local","Invoke","RefType","org","w3c","dom","Node"],"edges":[[0,1],[1,2],[1,3],[2,4],[4,5],[4,6],[4,7],[4,8]],"ID":5},{"def":[],"use":[],"callees":[],"nodes":["CompoundStmt","ReturnStmt","Constant","Null"],"edges":[[0,1],[1,2],[2,3]],"ID":6}],"edgeSet":[[4,1,0],[5,2,0],[6,1,0],[2,6,1],[0,2,0],[3,4,1],[3,5,2],[2,3,2]],"ENTRY":{"def":[],"use":[],"callees":[],"nodes":["CompoundStmt"],"edges":[],"ID":0},"EXIT":{"def":[],"use":[],"callees":[],"nodes":["CompoundStmt"],"edges":[],"ID":1},"method_name":"getFirstChildElement"},{"blocks":[{"def":[],"use":[],"callees":[],"nodes":["CompoundStmt"],"edges":[],"ID":0},{"def":[],"use":[],"callees":[],"nodes":["CompoundStmt"],"edges":[],"ID":1},{"def":["r4","r0","r1"],"use":["r4","@parameter0: org.w3c.dom.Node","@parameter1: java.lang.String","r0"],"callees":[],"nodes":["CompoundStmt","DefinitionStmt","DefinitionStmt","DefinitionStmt","GotoStmt","IfStmt","Local","Param","Local","Param","Local","Invoke","BinaryOp","RefType","RefType","RefType","RefType","RefType","Local"," !\u003d ","Constant","org","w3c","dom","Node","org","w3c","dom","Node","java","lang","String","java","lang","String","org","w3c","dom","Node","RefType","Null","org","w3c","dom","Node"],"edges":[[0,1],[0,2],[0,3],[0,4],[0,5],[1,6],[1,7],[2,8],[2,9],[3,10],[3,11],[5,12],[6,13],[7,14],[8,15],[9,16],[10,17],[12,18],[12,19],[12,20],[13,21],[13,22],[13,23],[13,24],[14,25],[14,26],[14,27],[14,28],[15,29],[15,30],[15,31],[16,32],[16,33],[16,34],[17,35],[17,36],[17,37],[17,38],[18,39],[20,40],[39,41],[39,42],[39,43],[39,44]],"ID":2},{"def":["$s0"],"use":["$s0","r4"],"callees":[],"nodes":["CompoundStmt","DefinitionStmt","IfStmt","Local","Invoke","BinaryOp","Short","Local"," !\u003d ","Constant","Short","1","Int"],"edges":[[0,1],[0,2],[1,3],[1,4],[2,5],[3,6],[5,7],[5,8],[5,9],[7,10],[9,11],[9,12]],"ID":3},{"def":["$r2","$z0"],"use":["r4","$r2","$z0","r1"],"callees":[],"nodes":["CompoundStmt","DefinitionStmt","DefinitionStmt","IfStmt","Local","Invoke","Local","Invoke","BinaryOp","RefType","Boolean","Local"," \u003d\u003d ","Constant","java","lang","String","Boolean","0","Int"],"edges":[[0,1],[0,2],[0,3],[1,4],[1,5],[2,6],[2,7],[3,8],[4,9],[6,10],[8,11],[8,12],[8,13],[9,14],[9,15],[9,16],[11,17],[13,18],[13,19]],"ID":4},{"def":["$r3"],"use":["r4","$r3"],"callees":[],"nodes":["CompoundStmt","DefinitionStmt","ReturnStmt","Local","CastExpr","Local","RefType","RefType","RefType","Local","RefType","org","w3c","dom","Element","org","w3c","dom","Element","org","w3c","dom","Element","RefType","org","w3c","dom","Element","org","w3c","dom","Node"],"edges":[[0,1],[0,2],[1,3],[1,4],[2,5],[3,6],[4,7],[4,8],[4,9],[5,10],[6,11],[6,12],[6,13],[6,14],[7,15],[7,16],[7,17],[7,18],[8,19],[8,20],[8,21],[8,22],[9,23],[10,24],[10,25],[10,26],[10,27],[23,28],[23,29],[23,30],[23,31]],"ID":5},{"def":["r4"],"use":["r4"],"callees":[],"nodes":["CompoundStmt","DefinitionStmt","Local","Invoke","RefType","org","w3c","dom","Node"],"edges":[[0,1],[1,2],[1,3],[2,4],[4,5],[4,6],[4,7],[4,8]],"ID":6},{"def":[],"use":[],"callees":[],"nodes":["CompoundStmt","ReturnStmt","Constant","Null"],"edges":[[0,1],[1,2],[2,3]],"ID":7}],"edgeSet":[[5,1,0],[6,2,0],[7,1,0],[2,7,1],[0,2,0],[3,6,2],[3,4,1],[4,5,1],[4,6,2],[2,3,2]],"ENTRY":{"def":[],"use":[],"callees":[],"nodes":["CompoundStmt"],"edges":[],"ID":0},"EXIT":{"def":[],"use":[],"callees":[],"nodes":["CompoundStmt"],"edges":[],"ID":1},"method_name":"getFirstChildElement"},{"blocks":[{"def":[],"use":[],"callees":[],"nodes":["CompoundStmt"],"edges":[],"ID":0},{"def":[],"use":[],"callees":[],"nodes":["CompoundStmt"],"edges":[],"ID":1},{"def":["r2","r3","r7","r0","r1"],"use":["@parameter2: java.lang.String","r7","@parameter0: org.w3c.dom.Node","@parameter1: java.lang.String","@parameter3: java.lang.String","r0"],"callees":[],"nodes":["CompoundStmt","DefinitionStmt","DefinitionStmt","DefinitionStmt","DefinitionStmt","DefinitionStmt","GotoStmt","IfStmt","Local","Param","Local","Param","Local","Param","Local","Param","Local","Invoke","BinaryOp","RefType","RefType","RefType","RefType","RefType","RefType","RefType","RefType","RefType","Local"," !\u003d ","Constant","org","w3c","dom","Node","org","w3c","dom","Node","java","lang","String","java","lang","String","java","lang","String","java","lang","String","java","lang","String","java","lang","String","org","w3c","dom","Node","RefType","Null","org","w3c","dom","Node"],"edges":[[0,1],[0,2],[0,3],[0,4],[0,5],[0,6],[0,7],[1,8],[1,9],[2,10],[2,11],[3,12],[3,13],[4,14],[4,15],[5,16],[5,17],[7,18],[8,19],[9,20],[10,21],[11,22],[12,23],[13,24],[14,25],[15,26],[16,27],[18,28],[18,29],[18,30],[19,31],[19,32],[19,33],[19,34],[20,35],[20,36],[20,37],[20,38],[21,39],[21,40],[21,41],[22,42],[22,43],[22,44],[23,45],[23,46],[23,47],[24,48],[24,49],[24,50],[25,51],[25,52],[25,53],[26,54],[26,55],[26,56],[27,57],[27,58],[27,59],[27,60],[28,61],[30,62],[61,63],[61,64],[61,65],[61,66]],"ID":2},{"def":["$s0"],"use":["$s0","r7"],"callees":[],"nodes":["CompoundStmt","DefinitionStmt","IfStmt","Local","Invoke","BinaryOp","Short","Local"," !\u003d ","Constant","Short","1","Int"],"edges":[[0,1],[0,2],[1,3],[1,4],[2,5],[3,6],[5,7],[5,8],[5,9],[7,10],[9,11],[9,12]],"ID":3},{"def":["r4","$r5","$z0"],"use":["r4","r7","$r5","$z0","r1"],"callees":[],"nodes":["CompoundStmt","DefinitionStmt","DefinitionStmt","DefinitionStmt","IfStmt","Local","CastExpr","Local","Invoke","Local","Invoke","BinaryOp","RefType","RefType","RefType","Local","RefType","Boolean","Local"," \u003d\u003d ","Constant","org","w3c","dom","Element","org","w3c","dom","Element","org","w3c","dom","Element","RefType","java","lang","String","Boolean","0","Int","org","w3c","dom","Node"],"edges":[[0,1],[0,2],[0,3],[0,4],[1,5],[1,6],[2,7],[2,8],[3,9],[3,10],[4,11],[5,12],[6,13],[6,14],[6,15],[7,16],[9,17],[11,18],[11,19],[11,20],[12,21],[12,22],[12,23],[12,24],[13,25],[13,26],[13,27],[13,28],[14,29],[14,30],[14,31],[14,32],[15,33],[16,34],[16,35],[16,36],[18,37],[20,38],[20,39],[33,40],[33,41],[33,42],[33,43]],"ID":4},{"def":["$r6","$z1"],"use":["r2","r3","r4","$r6","$z1"],"callees":[],"nodes":["CompoundStmt","DefinitionStmt","DefinitionStmt","IfStmt","Local","Invoke","Local","Invoke","BinaryOp","RefType","Boolean","Local"," \u003d\u003d ","Constant","java","lang","String","Boolean","0","Int"],"edges":[[0,1],[0,2],[0,3],[1,4],[1,5],[2,6],[2,7],[3,8],[4,9],[6,10],[8,11],[8,12],[8,13],[9,14],[9,15],[9,16],[11,17],[13,18],[13,19]],"ID":5},{"def":[],"use":["r4"],"callees":[],"nodes":["CompoundStmt","ReturnStmt","Local","RefType","org","w3c","dom","Element"],"edges":[[0,1],[1,2],[2,3],[3,4],[3,5],[3,6],[3,7]],"ID":6},{"def":["r7"],"use":["r7"],"callees":[],"nodes":["CompoundStmt","DefinitionStmt","Local","Invoke","RefType","org","w3c","dom","Node"],"edges":[[0,1],[1,2],[1,3],[2,4],[4,5],[4,6],[4,7],[4,8]],"ID":7},{"def":[],"use":[],"callees":[],"nodes":["CompoundStmt","ReturnStmt","Constant","Null"],"edges":[[0,1],[1,2],[2,3]],"ID":8}],"edgeSet":[[6,1,0],[7,2,0],[8,1,0],[2,8,1],[0,2,0],[3,7,2],[4,7,2],[3,4,1],[4,5,1],[5,6,1],[5,7,2],[2,3,2]],"ENTRY":{"def":[],"use":[],"callees":[],"nodes":["CompoundStmt"],"edges":[],"ID":0},"EXIT":{"def":[],"use":[],"callees":[],"nodes":["CompoundStmt"],"edges":[],"ID":1},"method_name":"getFirstChildElement"},{"blocks":[{"def":[],"use":[],"callees":[],"nodes":["CompoundStmt"],"edges":[],"ID":0},{"def":[],"use":[],"callees":[],"nodes":["CompoundStmt"],"edges":[],"ID":1},{"def":["r5","r0","r1"],"use":["r5","@parameter1: java.lang.String[]","@parameter0: org.w3c.dom.Node","r0"],"callees":[],"nodes":["CompoundStmt","DefinitionStmt","DefinitionStmt","DefinitionStmt","GotoStmt","IfStmt","Local","Param","Local","Param","Local","Invoke","BinaryOp","RefType","RefType","Array","Array","RefType","Local"," !\u003d ","Constant","org","w3c","dom","Node","org","w3c","dom","Node","RefType","[]","RefType","[]","org","w3c","dom","Node","RefType","Null","java","lang","String","java","lang","String","org","w3c","dom","Node"],"edges":[[0,1],[0,2],[0,3],[0,4],[0,5],[1,6],[1,7],[2,8],[2,9],[3,10],[3,11],[5,12],[6,13],[7,14],[8,15],[9,16],[10,17],[12,18],[12,19],[12,20],[13,21],[13,22],[13,23],[13,24],[14,25],[14,26],[14,27],[14,28],[15,29],[15,30],[16,31],[16,32],[17,33],[17,34],[17,35],[17,36],[18,37],[20,38],[29,39],[29,40],[29,41],[31,42],[31,43],[31,44],[37,45],[37,46],[37,47],[37,48]],"ID":2},{"def":["$s0"],"use":["$s0","r5"],"callees":[],"nodes":["CompoundStmt","DefinitionStmt","IfStmt","Local","Invoke","BinaryOp","Short","Local"," !\u003d ","Constant","Short","1","Int"],"edges":[[0,1],[0,2],[1,3],[1,4],[2,5],[3,6],[5,7],[5,8],[5,9],[7,10],[9,11],[9,12]],"ID":3},{"def":["i2","$i1"],"use":["i2","$i1","r1"],"callees":[],"nodes":["CompoundStmt","DefinitionStmt","GotoStmt","DefinitionStmt","IfStmt","Local","Constant","Local","UnaryOp","BinaryOp","Int","0","Int","Int","length","Local","Local"," \u003c ","Local","Array","Int","Int","RefType","[]","java","lang","String"],"edges":[[0,1],[0,2],[0,3],[0,4],[1,5],[1,6],[3,7],[3,8],[4,9],[5,10],[6,11],[6,12],[7,13],[8,14],[8,15],[9,16],[9,17],[9,18],[15,19],[16,20],[18,21],[19,22],[19,23],[22,24],[22,25],[22,26]],"ID":4},{"def":["$r2","$r3","$z0"],"use":["r5","$r2","$r3","i2","$z0","r1[i2]","r1"],"callees":[],"nodes":["CompoundStmt","DefinitionStmt","DefinitionStmt","DefinitionStmt","IfStmt","Local","Invoke","Local","ArrayRef","Local","Invoke","BinaryOp","RefType","RefType","RefType","Local","Local","Boolean","Local"," \u003d\u003d ","Constant","java","lang","String","java","lang","String","java","lang","String","Array","Int","Boolean","0","Int","RefType","[]","java","lang","String"],"edges":[[0,1],[0,2],[0,3],[0,4],[1,5],[1,6],[2,7],[2,8],[3,9],[3,10],[4,11],[5,12],[7,13],[8,14],[8,15],[8,16],[9,17],[11,18],[11,19],[11,20],[12,21],[12,22],[12,23],[13,24],[13,25],[13,26],[14,27],[14,28],[14,29],[15,30],[16,31],[18,32],[20,33],[20,34],[30,35],[30,36],[35,37],[35,38],[35,39]],"ID":5},{"def":["$r4"],"use":["r5","$r4"],"callees":[],"nodes":["CompoundStmt","DefinitionStmt","ReturnStmt","Local","CastExpr","Local","RefType","RefType","RefType","Local","RefType","org","w3c","dom","Element","org","w3c","dom","Element","org","w3c","dom","Element","RefType","org","w3c","dom","Element","org","w3c","dom","Node"],"edges":[[0,1],[0,2],[1,3],[1,4],[2,5],[3,6],[4,7],[4,8],[4,9],[5,10],[6,11],[6,12],[6,13],[6,14],[7,15],[7,16],[7,17],[7,18],[8,19],[8,20],[8,21],[8,22],[9,23],[10,24],[10,25],[10,26],[10,27],[23,28],[23,29],[23,30],[23,31]],"ID":6},{"def":["i2"],"use":["i2"],"callees":[],"nodes":["CompoundStmt","DefinitionStmt","Local","BinaryOp","Int","Local"," + ","Constant","Int","1","Int"],"edges":[[0,1],[1,2],[1,3],[2,4],[3,5],[3,6],[3,7],[5,8],[7,9],[7,10]],"ID":7},{"def":["r5"],"use":["r5"],"callees":[],"nodes":["CompoundStmt","DefinitionStmt","Local","Invoke","RefType","org","w3c","dom","Node"],"edges":[[0,1],[1,2],[1,3],[2,4],[4,5],[4,6],[4,7],[4,8]],"ID":8},{"def":[],"use":[],"callees":[],"nodes":["CompoundStmt","ReturnStmt","Constant","Null"],"edges":[[0,1],[1,2],[2,3]],"ID":9}],"edgeSet":[[7,4,0],[6,1,0],[8,2,0],[9,1,0],[2,9,1],[3,8,2],[4,8,1],[0,2,0],[3,4,1],[5,6,1],[5,7,2],[4,5,2],[2,3,2]],"ENTRY":{"def":[],"use":[],"callees":[],"nodes":["CompoundStmt"],"edges":[],"ID":0},"EXIT":{"def":[],"use":[],"callees":[],"nodes":["CompoundStmt"],"edges":[],"ID":1},"method_name":"getFirstChildElement"},{"blocks":[{"def":[],"use":[],"callees":[],"nodes":["CompoundStmt"],"edges":[],"ID":0},{"def":[],"use":[],"callees":[],"nodes":["CompoundStmt"],"edges":[],"ID":1},{"def":["r2","r0"],"use":["r2","@parameter0: org.w3c.dom.Node","r0"],"callees":[],"nodes":["CompoundStmt","DefinitionStmt","DefinitionStmt","GotoStmt","IfStmt","Local","Param","Local","Invoke","BinaryOp","RefType","RefType","RefType","Local"," !\u003d ","Constant","org","w3c","dom","Node","org","w3c","dom","Node","org","w3c","dom","Node","RefType","Null","org","w3c","dom","Node"],"edges":[[0,1],[0,2],[0,3],[0,4],[1,5],[1,6],[2,7],[2,8],[4,9],[5,10],[6,11],[7,12],[9,13],[9,14],[9,15],[10,16],[10,17],[10,18],[10,19],[11,20],[11,21],[11,22],[11,23],[12,24],[12,25],[12,26],[12,27],[13,28],[15,29],[28,30],[28,31],[28,32],[28,33]],"ID":2},{"def":["$s0"],"use":["r2","$s0"],"callees":[],"nodes":["CompoundStmt","DefinitionStmt","IfStmt","Local","Invoke","BinaryOp","Short","Local"," !\u003d ","Constant","Short","1","Int"],"edges":[[0,1],[0,2],[1,3],[1,4],[2,5],[3,6],[5,7],[5,8],[5,9],[7,10],[9,11],[9,12]],"ID":3},{"def":["$r1"],"use":["r2","$r1"],"callees":[],"nodes":["CompoundStmt","DefinitionStmt","ReturnStmt","Local","CastExpr","Local","RefType","RefType","RefType","Local","RefType","org","w3c","dom","Element","org","w3c","dom","Element","org","w3c","dom","Element","RefType","org","w3c","dom","Element","org","w3c","dom","Node"],"edges":[[0,1],[0,2],[1,3],[1,4],[2,5],[3,6],[4,7],[4,8],[4,9],[5,10],[6,11],[6,12],[6,13],[6,14],[7,15],[7,16],[7,17],[7,18],[8,19],[8,20],[8,21],[8,22],[9,23],[10,24],[10,25],[10,26],[10,27],[23,28],[23,29],[23,30],[23,31]],"ID":4},{"def":["r2"],"use":["r2"],"callees":[],"nodes":["CompoundStmt","DefinitionStmt","Local","Invoke","RefType","org","w3c","dom","Node"],"edges":[[0,1],[1,2],[1,3],[2,4],[4,5],[4,6],[4,7],[4,8]],"ID":5},{"def":[],"use":[],"callees":[],"nodes":["CompoundStmt","ReturnStmt","Constant","Null"],"edges":[[0,1],[1,2],[2,3]],"ID":6}],"edgeSet":[[4,1,0],[5,2,0],[6,1,0],[2,6,1],[0,2,0],[3,4,1],[3,5,2],[2,3,2]],"ENTRY":{"def":[],"use":[],"callees":[],"nodes":["CompoundStmt"],"edges":[],"ID":0},"EXIT":{"def":[],"use":[],"callees":[],"nodes":["CompoundStmt"],"edges":[],"ID":1},"method_name":"getLastChildElement"},{"blocks":[{"def":[],"use":[],"callees":[],"nodes":["CompoundStmt"],"edges":[],"ID":0},{"def":[],"use":[],"callees":[],"nodes":["CompoundStmt"],"edges":[],"ID":1},{"def":["r4","r0","r1"],"use":["r4","@parameter0: org.w3c.dom.Node","@parameter1: java.lang.String","r0"],"callees":[],"nodes":["CompoundStmt","DefinitionStmt","DefinitionStmt","DefinitionStmt","GotoStmt","IfStmt","Local","Param","Local","Param","Local","Invoke","BinaryOp","RefType","RefType","RefType","RefType","RefType","Local"," !\u003d ","Constant","org","w3c","dom","Node","org","w3c","dom","Node","java","lang","String","java","lang","String","org","w3c","dom","Node","RefType","Null","org","w3c","dom","Node"],"edges":[[0,1],[0,2],[0,3],[0,4],[0,5],[1,6],[1,7],[2,8],[2,9],[3,10],[3,11],[5,12],[6,13],[7,14],[8,15],[9,16],[10,17],[12,18],[12,19],[12,20],[13,21],[13,22],[13,23],[13,24],[14,25],[14,26],[14,27],[14,28],[15,29],[15,30],[15,31],[16,32],[16,33],[16,34],[17,35],[17,36],[17,37],[17,38],[18,39],[20,40],[39,41],[39,42],[39,43],[39,44]],"ID":2},{"def":["$s0"],"use":["$s0","r4"],"callees":[],"nodes":["CompoundStmt","DefinitionStmt","IfStmt","Local","Invoke","BinaryOp","Short","Local"," !\u003d ","Constant","Short","1","Int"],"edges":[[0,1],[0,2],[1,3],[1,4],[2,5],[3,6],[5,7],[5,8],[5,9],[7,10],[9,11],[9,12]],"ID":3},{"def":["$r2","$z0"],"use":["r4","$r2","$z0","r1"],"callees":[],"nodes":["CompoundStmt","DefinitionStmt","DefinitionStmt","IfStmt","Local","Invoke","Local","Invoke","BinaryOp","RefType","Boolean","Local"," \u003d\u003d ","Constant","java","lang","String","Boolean","0","Int"],"edges":[[0,1],[0,2],[0,3],[1,4],[1,5],[2,6],[2,7],[3,8],[4,9],[6,10],[8,11],[8,12],[8,13],[9,14],[9,15],[9,16],[11,17],[13,18],[13,19]],"ID":4},{"def":["$r3"],"use":["r4","$r3"],"callees":[],"nodes":["CompoundStmt","DefinitionStmt","ReturnStmt","Local","CastExpr","Local","RefType","RefType","RefType","Local","RefType","org","w3c","dom","Element","org","w3c","dom","Element","org","w3c","dom","Element","RefType","org","w3c","dom","Element","org","w3c","dom","Node"],"edges":[[0,1],[0,2],[1,3],[1,4],[2,5],[3,6],[4,7],[4,8],[4,9],[5,10],[6,11],[6,12],[6,13],[6,14],[7,15],[7,16],[7,17],[7,18],[8,19],[8,20],[8,21],[8,22],[9,23],[10,24],[10,25],[10,26],[10,27],[23,28],[23,29],[23,30],[23,31]],"ID":5},{"def":["r4"],"use":["r4"],"callees":[],"nodes":["CompoundStmt","DefinitionStmt","Local","Invoke","RefType","org","w3c","dom","Node"],"edges":[[0,1],[1,2],[1,3],[2,4],[4,5],[4,6],[4,7],[4,8]],"ID":6},{"def":[],"use":[],"callees":[],"nodes":["CompoundStmt","ReturnStmt","Constant","Null"],"edges":[[0,1],[1,2],[2,3]],"ID":7}],"edgeSet":[[5,1,0],[6,2,0],[7,1,0],[2,7,1],[0,2,0],[3,6,2],[3,4,1],[4,5,1],[4,6,2],[2,3,2]],"ENTRY":{"def":[],"use":[],"callees":[],"nodes":["CompoundStmt"],"edges":[],"ID":0},"EXIT":{"def":[],"use":[],"callees":[],"nodes":["CompoundStmt"],"edges":[],"ID":1},"method_name":"getLastChildElement"},{"blocks":[{"def":[],"use":[],"callees":[],"nodes":["CompoundStmt"],"edges":[],"ID":0},{"def":[],"use":[],"callees":[],"nodes":["CompoundStmt"],"edges":[],"ID":1},{"def":["r2","r3","r7","r0","r1"],"use":["@parameter2: java.lang.String","r7","@parameter0: org.w3c.dom.Node","@parameter1: java.lang.String","@parameter3: java.lang.String","r0"],"callees":[],"nodes":["CompoundStmt","DefinitionStmt","DefinitionStmt","DefinitionStmt","DefinitionStmt","DefinitionStmt","GotoStmt","IfStmt","Local","Param","Local","Param","Local","Param","Local","Param","Local","Invoke","BinaryOp","RefType","RefType","RefType","RefType","RefType","RefType","RefType","RefType","RefType","Local"," !\u003d ","Constant","org","w3c","dom","Node","org","w3c","dom","Node","java","lang","String","java","lang","String","java","lang","String","java","lang","String","java","lang","String","java","lang","String","org","w3c","dom","Node","RefType","Null","org","w3c","dom","Node"],"edges":[[0,1],[0,2],[0,3],[0,4],[0,5],[0,6],[0,7],[1,8],[1,9],[2,10],[2,11],[3,12],[3,13],[4,14],[4,15],[5,16],[5,17],[7,18],[8,19],[9,20],[10,21],[11,22],[12,23],[13,24],[14,25],[15,26],[16,27],[18,28],[18,29],[18,30],[19,31],[19,32],[19,33],[19,34],[20,35],[20,36],[20,37],[20,38],[21,39],[21,40],[21,41],[22,42],[22,43],[22,44],[23,45],[23,46],[23,47],[24,48],[24,49],[24,50],[25,51],[25,52],[25,53],[26,54],[26,55],[26,56],[27,57],[27,58],[27,59],[27,60],[28,61],[30,62],[61,63],[61,64],[61,65],[61,66]],"ID":2},{"def":["$s0"],"use":["$s0","r7"],"callees":[],"nodes":["CompoundStmt","DefinitionStmt","IfStmt","Local","Invoke","BinaryOp","Short","Local"," !\u003d ","Constant","Short","1","Int"],"edges":[[0,1],[0,2],[1,3],[1,4],[2,5],[3,6],[5,7],[5,8],[5,9],[7,10],[9,11],[9,12]],"ID":3},{"def":["r4","$r5","$z0"],"use":["r4","r7","$r5","$z0","r1"],"callees":[],"nodes":["CompoundStmt","DefinitionStmt","DefinitionStmt","DefinitionStmt","IfStmt","Local","CastExpr","Local","Invoke","Local","Invoke","BinaryOp","RefType","RefType","RefType","Local","RefType","Boolean","Local"," \u003d\u003d ","Constant","org","w3c","dom","Element","org","w3c","dom","Element","org","w3c","dom","Element","RefType","java","lang","String","Boolean","0","Int","org","w3c","dom","Node"],"edges":[[0,1],[0,2],[0,3],[0,4],[1,5],[1,6],[2,7],[2,8],[3,9],[3,10],[4,11],[5,12],[6,13],[6,14],[6,15],[7,16],[9,17],[11,18],[11,19],[11,20],[12,21],[12,22],[12,23],[12,24],[13,25],[13,26],[13,27],[13,28],[14,29],[14,30],[14,31],[14,32],[15,33],[16,34],[16,35],[16,36],[18,37],[20,38],[20,39],[33,40],[33,41],[33,42],[33,43]],"ID":4},{"def":["$r6","$z1"],"use":["r2","r3","r4","$r6","$z1"],"callees":[],"nodes":["CompoundStmt","DefinitionStmt","DefinitionStmt","IfStmt","Local","Invoke","Local","Invoke","BinaryOp","RefType","Boolean","Local"," \u003d\u003d ","Constant","java","lang","String","Boolean","0","Int"],"edges":[[0,1],[0,2],[0,3],[1,4],[1,5],[2,6],[2,7],[3,8],[4,9],[6,10],[8,11],[8,12],[8,13],[9,14],[9,15],[9,16],[11,17],[13,18],[13,19]],"ID":5},{"def":[],"use":["r4"],"callees":[],"nodes":["CompoundStmt","ReturnStmt","Local","RefType","org","w3c","dom","Element"],"edges":[[0,1],[1,2],[2,3],[3,4],[3,5],[3,6],[3,7]],"ID":6},{"def":["r7"],"use":["r7"],"callees":[],"nodes":["CompoundStmt","DefinitionStmt","Local","Invoke","RefType","org","w3c","dom","Node"],"edges":[[0,1],[1,2],[1,3],[2,4],[4,5],[4,6],[4,7],[4,8]],"ID":7},{"def":[],"use":[],"callees":[],"nodes":["CompoundStmt","ReturnStmt","Constant","Null"],"edges":[[0,1],[1,2],[2,3]],"ID":8}],"edgeSet":[[6,1,0],[7,2,0],[8,1,0],[2,8,1],[0,2,0],[3,7,2],[4,7,2],[3,4,1],[4,5,1],[5,6,1],[5,7,2],[2,3,2]],"ENTRY":{"def":[],"use":[],"callees":[],"nodes":["CompoundStmt"],"edges":[],"ID":0},"EXIT":{"def":[],"use":[],"callees":[],"nodes":["CompoundStmt"],"edges":[],"ID":1},"method_name":"getLastChildElement"},{"blocks":[{"def":[],"use":[],"callees":[],"nodes":["CompoundStmt"],"edges":[],"ID":0},{"def":[],"use":[],"callees":[],"nodes":["CompoundStmt"],"edges":[],"ID":1},{"def":["r5","r0","r1"],"use":["r5","@parameter1: java.lang.String[]","@parameter0: org.w3c.dom.Node","r0"],"callees":[],"nodes":["CompoundStmt","DefinitionStmt","DefinitionStmt","DefinitionStmt","GotoStmt","IfStmt","Local","Param","Local","Param","Local","Invoke","BinaryOp","RefType","RefType","Array","Array","RefType","Local"," !\u003d ","Constant","org","w3c","dom","Node","org","w3c","dom","Node","RefType","[]","RefType","[]","org","w3c","dom","Node","RefType","Null","java","lang","String","java","lang","String","org","w3c","dom","Node"],"edges":[[0,1],[0,2],[0,3],[0,4],[0,5],[1,6],[1,7],[2,8],[2,9],[3,10],[3,11],[5,12],[6,13],[7,14],[8,15],[9,16],[10,17],[12,18],[12,19],[12,20],[13,21],[13,22],[13,23],[13,24],[14,25],[14,26],[14,27],[14,28],[15,29],[15,30],[16,31],[16,32],[17,33],[17,34],[17,35],[17,36],[18,37],[20,38],[29,39],[29,40],[29,41],[31,42],[31,43],[31,44],[37,45],[37,46],[37,47],[37,48]],"ID":2},{"def":["$s0"],"use":["$s0","r5"],"callees":[],"nodes":["CompoundStmt","DefinitionStmt","IfStmt","Local","Invoke","BinaryOp","Short","Local"," !\u003d ","Constant","Short","1","Int"],"edges":[[0,1],[0,2],[1,3],[1,4],[2,5],[3,6],[5,7],[5,8],[5,9],[7,10],[9,11],[9,12]],"ID":3},{"def":["i2","$i1"],"use":["i2","$i1","r1"],"callees":[],"nodes":["CompoundStmt","DefinitionStmt","GotoStmt","DefinitionStmt","IfStmt","Local","Constant","Local","UnaryOp","BinaryOp","Int","0","Int","Int","length","Local","Local"," \u003c ","Local","Array","Int","Int","RefType","[]","java","lang","String"],"edges":[[0,1],[0,2],[0,3],[0,4],[1,5],[1,6],[3,7],[3,8],[4,9],[5,10],[6,11],[6,12],[7,13],[8,14],[8,15],[9,16],[9,17],[9,18],[15,19],[16,20],[18,21],[19,22],[19,23],[22,24],[22,25],[22,26]],"ID":4},{"def":["$r2","$r3","$z0"],"use":["r5","$r2","$r3","i2","$z0","r1[i2]","r1"],"callees":[],"nodes":["CompoundStmt","DefinitionStmt","DefinitionStmt","DefinitionStmt","IfStmt","Local","Invoke","Local","ArrayRef","Local","Invoke","BinaryOp","RefType","RefType","RefType","Local","Local","Boolean","Local"," \u003d\u003d ","Constant","java","lang","String","java","lang","String","java","lang","String","Array","Int","Boolean","0","Int","RefType","[]","java","lang","String"],"edges":[[0,1],[0,2],[0,3],[0,4],[1,5],[1,6],[2,7],[2,8],[3,9],[3,10],[4,11],[5,12],[7,13],[8,14],[8,15],[8,16],[9,17],[11,18],[11,19],[11,20],[12,21],[12,22],[12,23],[13,24],[13,25],[13,26],[14,27],[14,28],[14,29],[15,30],[16,31],[18,32],[20,33],[20,34],[30,35],[30,36],[35,37],[35,38],[35,39]],"ID":5},{"def":["$r4"],"use":["r5","$r4"],"callees":[],"nodes":["CompoundStmt","DefinitionStmt","ReturnStmt","Local","CastExpr","Local","RefType","RefType","RefType","Local","RefType","org","w3c","dom","Element","org","w3c","dom","Element","org","w3c","dom","Element","RefType","org","w3c","dom","Element","org","w3c","dom","Node"],"edges":[[0,1],[0,2],[1,3],[1,4],[2,5],[3,6],[4,7],[4,8],[4,9],[5,10],[6,11],[6,12],[6,13],[6,14],[7,15],[7,16],[7,17],[7,18],[8,19],[8,20],[8,21],[8,22],[9,23],[10,24],[10,25],[10,26],[10,27],[23,28],[23,29],[23,30],[23,31]],"ID":6},{"def":["i2"],"use":["i2"],"callees":[],"nodes":["CompoundStmt","DefinitionStmt","Local","BinaryOp","Int","Local"," + ","Constant","Int","1","Int"],"edges":[[0,1],[1,2],[1,3],[2,4],[3,5],[3,6],[3,7],[5,8],[7,9],[7,10]],"ID":7},{"def":["r5"],"use":["r5"],"callees":[],"nodes":["CompoundStmt","DefinitionStmt","Local","Invoke","RefType","org","w3c","dom","Node"],"edges":[[0,1],[1,2],[1,3],[2,4],[4,5],[4,6],[4,7],[4,8]],"ID":8},{"def":[],"use":[],"callees":[],"nodes":["CompoundStmt","ReturnStmt","Constant","Null"],"edges":[[0,1],[1,2],[2,3]],"ID":9}],"edgeSet":[[7,4,0],[6,1,0],[8,2,0],[9,1,0],[2,9,1],[3,8,2],[4,8,1],[0,2,0],[3,4,1],[5,6,1],[5,7,2],[4,5,2],[2,3,2]],"ENTRY":{"def":[],"use":[],"callees":[],"nodes":["CompoundStmt"],"edges":[],"ID":0},"EXIT":{"def":[],"use":[],"callees":[],"nodes":["CompoundStmt"],"edges":[],"ID":1},"method_name":"getLastChildElement"},{"blocks":[{"def":[],"use":[],"callees":[],"nodes":["CompoundStmt"],"edges":[],"ID":0},{"def":[],"use":[],"callees":[],"nodes":["CompoundStmt"],"edges":[],"ID":1},{"def":["r2","r0"],"use":["r2","@parameter0: org.w3c.dom.Node","r0"],"callees":[],"nodes":["CompoundStmt","DefinitionStmt","DefinitionStmt","GotoStmt","IfStmt","Local","Param","Local","Invoke","BinaryOp","RefType","RefType","RefType","Local"," !\u003d ","Constant","org","w3c","dom","Node","org","w3c","dom","Node","org","w3c","dom","Node","RefType","Null","org","w3c","dom","Node"],"edges":[[0,1],[0,2],[0,3],[0,4],[1,5],[1,6],[2,7],[2,8],[4,9],[5,10],[6,11],[7,12],[9,13],[9,14],[9,15],[10,16],[10,17],[10,18],[10,19],[11,20],[11,21],[11,22],[11,23],[12,24],[12,25],[12,26],[12,27],[13,28],[15,29],[28,30],[28,31],[28,32],[28,33]],"ID":2},{"def":["$s0"],"use":["r2","$s0"],"callees":[],"nodes":["CompoundStmt","DefinitionStmt","IfStmt","Local","Invoke","BinaryOp","Short","Local"," !\u003d ","Constant","Short","1","Int"],"edges":[[0,1],[0,2],[1,3],[1,4],[2,5],[3,6],[5,7],[5,8],[5,9],[7,10],[9,11],[9,12]],"ID":3},{"def":["$r1"],"use":["r2","$r1"],"callees":[],"nodes":["CompoundStmt","DefinitionStmt","ReturnStmt","Local","CastExpr","Local","RefType","RefType","RefType","Local","RefType","org","w3c","dom","Element","org","w3c","dom","Element","org","w3c","dom","Element","RefType","org","w3c","dom","Element","org","w3c","dom","Node"],"edges":[[0,1],[0,2],[1,3],[1,4],[2,5],[3,6],[4,7],[4,8],[4,9],[5,10],[6,11],[6,12],[6,13],[6,14],[7,15],[7,16],[7,17],[7,18],[8,19],[8,20],[8,21],[8,22],[9,23],[10,24],[10,25],[10,26],[10,27],[23,28],[23,29],[23,30],[23,31]],"ID":4},{"def":["r2"],"use":["r2"],"callees":[],"nodes":["CompoundStmt","DefinitionStmt","Local","Invoke","RefType","org","w3c","dom","Node"],"edges":[[0,1],[1,2],[1,3],[2,4],[4,5],[4,6],[4,7],[4,8]],"ID":5},{"def":[],"use":[],"callees":[],"nodes":["CompoundStmt","ReturnStmt","Constant","Null"],"edges":[[0,1],[1,2],[2,3]],"ID":6}],"edgeSet":[[4,1,0],[5,2,0],[6,1,0],[2,6,1],[0,2,0],[3,4,1],[3,5,2],[2,3,2]],"ENTRY":{"def":[],"use":[],"callees":[],"nodes":["CompoundStmt"],"edges":[],"ID":0},"EXIT":{"def":[],"use":[],"callees":[],"nodes":["CompoundStmt"],"edges":[],"ID":1},"method_name":"getNextSiblingElement"},{"blocks":[{"def":[],"use":[],"callees":[],"nodes":["CompoundStmt"],"edges":[],"ID":0},{"def":[],"use":[],"callees":[],"nodes":["CompoundStmt"],"edges":[],"ID":1},{"def":["r4","r0","r1"],"use":["r4","@parameter0: org.w3c.dom.Node","@parameter1: java.lang.String","r0"],"callees":[],"nodes":["CompoundStmt","DefinitionStmt","DefinitionStmt","DefinitionStmt","GotoStmt","IfStmt","Local","Param","Local","Param","Local","Invoke","BinaryOp","RefType","RefType","RefType","RefType","RefType","Local"," !\u003d ","Constant","org","w3c","dom","Node","org","w3c","dom","Node","java","lang","String","java","lang","String","org","w3c","dom","Node","RefType","Null","org","w3c","dom","Node"],"edges":[[0,1],[0,2],[0,3],[0,4],[0,5],[1,6],[1,7],[2,8],[2,9],[3,10],[3,11],[5,12],[6,13],[7,14],[8,15],[9,16],[10,17],[12,18],[12,19],[12,20],[13,21],[13,22],[13,23],[13,24],[14,25],[14,26],[14,27],[14,28],[15,29],[15,30],[15,31],[16,32],[16,33],[16,34],[17,35],[17,36],[17,37],[17,38],[18,39],[20,40],[39,41],[39,42],[39,43],[39,44]],"ID":2},{"def":["$s0"],"use":["$s0","r4"],"callees":[],"nodes":["CompoundStmt","DefinitionStmt","IfStmt","Local","Invoke","BinaryOp","Short","Local"," !\u003d ","Constant","Short","1","Int"],"edges":[[0,1],[0,2],[1,3],[1,4],[2,5],[3,6],[5,7],[5,8],[5,9],[7,10],[9,11],[9,12]],"ID":3},{"def":["$r2","$z0"],"use":["r4","$r2","$z0","r1"],"callees":[],"nodes":["CompoundStmt","DefinitionStmt","DefinitionStmt","IfStmt","Local","Invoke","Local","Invoke","BinaryOp","RefType","Boolean","Local"," \u003d\u003d ","Constant","java","lang","String","Boolean","0","Int"],"edges":[[0,1],[0,2],[0,3],[1,4],[1,5],[2,6],[2,7],[3,8],[4,9],[6,10],[8,11],[8,12],[8,13],[9,14],[9,15],[9,16],[11,17],[13,18],[13,19]],"ID":4},{"def":["$r3"],"use":["r4","$r3"],"callees":[],"nodes":["CompoundStmt","DefinitionStmt","ReturnStmt","Local","CastExpr","Local","RefType","RefType","RefType","Local","RefType","org","w3c","dom","Element","org","w3c","dom","Element","org","w3c","dom","Element","RefType","org","w3c","dom","Element","org","w3c","dom","Node"],"edges":[[0,1],[0,2],[1,3],[1,4],[2,5],[3,6],[4,7],[4,8],[4,9],[5,10],[6,11],[6,12],[6,13],[6,14],[7,15],[7,16],[7,17],[7,18],[8,19],[8,20],[8,21],[8,22],[9,23],[10,24],[10,25],[10,26],[10,27],[23,28],[23,29],[23,30],[23,31]],"ID":5},{"def":["r4"],"use":["r4"],"callees":[],"nodes":["CompoundStmt","DefinitionStmt","Local","Invoke","RefType","org","w3c","dom","Node"],"edges":[[0,1],[1,2],[1,3],[2,4],[4,5],[4,6],[4,7],[4,8]],"ID":6},{"def":[],"use":[],"callees":[],"nodes":["CompoundStmt","ReturnStmt","Constant","Null"],"edges":[[0,1],[1,2],[2,3]],"ID":7}],"edgeSet":[[5,1,0],[6,2,0],[7,1,0],[2,7,1],[0,2,0],[3,6,2],[3,4,1],[4,5,1],[4,6,2],[2,3,2]],"ENTRY":{"def":[],"use":[],"callees":[],"nodes":["CompoundStmt"],"edges":[],"ID":0},"EXIT":{"def":[],"use":[],"callees":[],"nodes":["CompoundStmt"],"edges":[],"ID":1},"method_name":"getNextSiblingElement"},{"blocks":[{"def":[],"use":[],"callees":[],"nodes":["CompoundStmt"],"edges":[],"ID":0},{"def":[],"use":[],"callees":[],"nodes":["CompoundStmt"],"edges":[],"ID":1},{"def":["r2","r3","r7","r0","r1"],"use":["@parameter2: java.lang.String","r7","@parameter0: org.w3c.dom.Node","@parameter1: java.lang.String","@parameter3: java.lang.String","r0"],"callees":[],"nodes":["CompoundStmt","DefinitionStmt","DefinitionStmt","DefinitionStmt","DefinitionStmt","DefinitionStmt","GotoStmt","IfStmt","Local","Param","Local","Param","Local","Param","Local","Param","Local","Invoke","BinaryOp","RefType","RefType","RefType","RefType","RefType","RefType","RefType","RefType","RefType","Local"," !\u003d ","Constant","org","w3c","dom","Node","org","w3c","dom","Node","java","lang","String","java","lang","String","java","lang","String","java","lang","String","java","lang","String","java","lang","String","org","w3c","dom","Node","RefType","Null","org","w3c","dom","Node"],"edges":[[0,1],[0,2],[0,3],[0,4],[0,5],[0,6],[0,7],[1,8],[1,9],[2,10],[2,11],[3,12],[3,13],[4,14],[4,15],[5,16],[5,17],[7,18],[8,19],[9,20],[10,21],[11,22],[12,23],[13,24],[14,25],[15,26],[16,27],[18,28],[18,29],[18,30],[19,31],[19,32],[19,33],[19,34],[20,35],[20,36],[20,37],[20,38],[21,39],[21,40],[21,41],[22,42],[22,43],[22,44],[23,45],[23,46],[23,47],[24,48],[24,49],[24,50],[25,51],[25,52],[25,53],[26,54],[26,55],[26,56],[27,57],[27,58],[27,59],[27,60],[28,61],[30,62],[61,63],[61,64],[61,65],[61,66]],"ID":2},{"def":["$s0"],"use":["$s0","r7"],"callees":[],"nodes":["CompoundStmt","DefinitionStmt","IfStmt","Local","Invoke","BinaryOp","Short","Local"," !\u003d ","Constant","Short","1","Int"],"edges":[[0,1],[0,2],[1,3],[1,4],[2,5],[3,6],[5,7],[5,8],[5,9],[7,10],[9,11],[9,12]],"ID":3},{"def":["r4","$r5","$z0"],"use":["r4","r7","$r5","$z0","r1"],"callees":[],"nodes":["CompoundStmt","DefinitionStmt","DefinitionStmt","DefinitionStmt","IfStmt","Local","CastExpr","Local","Invoke","Local","Invoke","BinaryOp","RefType","RefType","RefType","Local","RefType","Boolean","Local"," \u003d\u003d ","Constant","org","w3c","dom","Element","org","w3c","dom","Element","org","w3c","dom","Element","RefType","java","lang","String","Boolean","0","Int","org","w3c","dom","Node"],"edges":[[0,1],[0,2],[0,3],[0,4],[1,5],[1,6],[2,7],[2,8],[3,9],[3,10],[4,11],[5,12],[6,13],[6,14],[6,15],[7,16],[9,17],[11,18],[11,19],[11,20],[12,21],[12,22],[12,23],[12,24],[13,25],[13,26],[13,27],[13,28],[14,29],[14,30],[14,31],[14,32],[15,33],[16,34],[16,35],[16,36],[18,37],[20,38],[20,39],[33,40],[33,41],[33,42],[33,43]],"ID":4},{"def":["$r6","$z1"],"use":["r2","r3","r4","$r6","$z1"],"callees":[],"nodes":["CompoundStmt","DefinitionStmt","DefinitionStmt","IfStmt","Local","Invoke","Local","Invoke","BinaryOp","RefType","Boolean","Local"," \u003d\u003d ","Constant","java","lang","String","Boolean","0","Int"],"edges":[[0,1],[0,2],[0,3],[1,4],[1,5],[2,6],[2,7],[3,8],[4,9],[6,10],[8,11],[8,12],[8,13],[9,14],[9,15],[9,16],[11,17],[13,18],[13,19]],"ID":5},{"def":[],"use":["r4"],"callees":[],"nodes":["CompoundStmt","ReturnStmt","Local","RefType","org","w3c","dom","Element"],"edges":[[0,1],[1,2],[2,3],[3,4],[3,5],[3,6],[3,7]],"ID":6},{"def":["r7"],"use":["r7"],"callees":[],"nodes":["CompoundStmt","DefinitionStmt","Local","Invoke","RefType","org","w3c","dom","Node"],"edges":[[0,1],[1,2],[1,3],[2,4],[4,5],[4,6],[4,7],[4,8]],"ID":7},{"def":[],"use":[],"callees":[],"nodes":["CompoundStmt","ReturnStmt","Constant","Null"],"edges":[[0,1],[1,2],[2,3]],"ID":8}],"edgeSet":[[6,1,0],[7,2,0],[8,1,0],[2,8,1],[0,2,0],[3,7,2],[4,7,2],[3,4,1],[4,5,1],[5,6,1],[5,7,2],[2,3,2]],"ENTRY":{"def":[],"use":[],"callees":[],"nodes":["CompoundStmt"],"edges":[],"ID":0},"EXIT":{"def":[],"use":[],"callees":[],"nodes":["CompoundStmt"],"edges":[],"ID":1},"method_name":"getNextSiblingElement"},{"blocks":[{"def":[],"use":[],"callees":[],"nodes":["CompoundStmt"],"edges":[],"ID":0},{"def":[],"use":[],"callees":[],"nodes":["CompoundStmt"],"edges":[],"ID":1},{"def":["r5","r0","r1"],"use":["r5","@parameter1: java.lang.String[]","@parameter0: org.w3c.dom.Node","r0"],"callees":[],"nodes":["CompoundStmt","DefinitionStmt","DefinitionStmt","DefinitionStmt","GotoStmt","IfStmt","Local","Param","Local","Param","Local","Invoke","BinaryOp","RefType","RefType","Array","Array","RefType","Local"," !\u003d ","Constant","org","w3c","dom","Node","org","w3c","dom","Node","RefType","[]","RefType","[]","org","w3c","dom","Node","RefType","Null","java","lang","String","java","lang","String","org","w3c","dom","Node"],"edges":[[0,1],[0,2],[0,3],[0,4],[0,5],[1,6],[1,7],[2,8],[2,9],[3,10],[3,11],[5,12],[6,13],[7,14],[8,15],[9,16],[10,17],[12,18],[12,19],[12,20],[13,21],[13,22],[13,23],[13,24],[14,25],[14,26],[14,27],[14,28],[15,29],[15,30],[16,31],[16,32],[17,33],[17,34],[17,35],[17,36],[18,37],[20,38],[29,39],[29,40],[29,41],[31,42],[31,43],[31,44],[37,45],[37,46],[37,47],[37,48]],"ID":2},{"def":["$s0"],"use":["$s0","r5"],"callees":[],"nodes":["CompoundStmt","DefinitionStmt","IfStmt","Local","Invoke","BinaryOp","Short","Local"," !\u003d ","Constant","Short","1","Int"],"edges":[[0,1],[0,2],[1,3],[1,4],[2,5],[3,6],[5,7],[5,8],[5,9],[7,10],[9,11],[9,12]],"ID":3},{"def":["i2","$i1"],"use":["i2","$i1","r1"],"callees":[],"nodes":["CompoundStmt","DefinitionStmt","GotoStmt","DefinitionStmt","IfStmt","Local","Constant","Local","UnaryOp","BinaryOp","Int","0","Int","Int","length","Local","Local"," \u003c ","Local","Array","Int","Int","RefType","[]","java","lang","String"],"edges":[[0,1],[0,2],[0,3],[0,4],[1,5],[1,6],[3,7],[3,8],[4,9],[5,10],[6,11],[6,12],[7,13],[8,14],[8,15],[9,16],[9,17],[9,18],[15,19],[16,20],[18,21],[19,22],[19,23],[22,24],[22,25],[22,26]],"ID":4},{"def":["$r2","$r3","$z0"],"use":["r5","$r2","$r3","i2","$z0","r1[i2]","r1"],"callees":[],"nodes":["CompoundStmt","DefinitionStmt","DefinitionStmt","DefinitionStmt","IfStmt","Local","Invoke","Local","ArrayRef","Local","Invoke","BinaryOp","RefType","RefType","RefType","Local","Local","Boolean","Local"," \u003d\u003d ","Constant","java","lang","String","java","lang","String","java","lang","String","Array","Int","Boolean","0","Int","RefType","[]","java","lang","String"],"edges":[[0,1],[0,2],[0,3],[0,4],[1,5],[1,6],[2,7],[2,8],[3,9],[3,10],[4,11],[5,12],[7,13],[8,14],[8,15],[8,16],[9,17],[11,18],[11,19],[11,20],[12,21],[12,22],[12,23],[13,24],[13,25],[13,26],[14,27],[14,28],[14,29],[15,30],[16,31],[18,32],[20,33],[20,34],[30,35],[30,36],[35,37],[35,38],[35,39]],"ID":5},{"def":["$r4"],"use":["r5","$r4"],"callees":[],"nodes":["CompoundStmt","DefinitionStmt","ReturnStmt","Local","CastExpr","Local","RefType","RefType","RefType","Local","RefType","org","w3c","dom","Element","org","w3c","dom","Element","org","w3c","dom","Element","RefType","org","w3c","dom","Element","org","w3c","dom","Node"],"edges":[[0,1],[0,2],[1,3],[1,4],[2,5],[3,6],[4,7],[4,8],[4,9],[5,10],[6,11],[6,12],[6,13],[6,14],[7,15],[7,16],[7,17],[7,18],[8,19],[8,20],[8,21],[8,22],[9,23],[10,24],[10,25],[10,26],[10,27],[23,28],[23,29],[23,30],[23,31]],"ID":6},{"def":["i2"],"use":["i2"],"callees":[],"nodes":["CompoundStmt","DefinitionStmt","Local","BinaryOp","Int","Local"," + ","Constant","Int","1","Int"],"edges":[[0,1],[1,2],[1,3],[2,4],[3,5],[3,6],[3,7],[5,8],[7,9],[7,10]],"ID":7},{"def":["r5"],"use":["r5"],"callees":[],"nodes":["CompoundStmt","DefinitionStmt","Local","Invoke","RefType","org","w3c","dom","Node"],"edges":[[0,1],[1,2],[1,3],[2,4],[4,5],[4,6],[4,7],[4,8]],"ID":8},{"def":[],"use":[],"callees":[],"nodes":["CompoundStmt","ReturnStmt","Constant","Null"],"edges":[[0,1],[1,2],[2,3]],"ID":9}],"edgeSet":[[7,4,0],[6,1,0],[8,2,0],[9,1,0],[2,9,1],[3,8,2],[4,8,1],[0,2,0],[3,4,1],[5,6,1],[5,7,2],[4,5,2],[2,3,2]],"ENTRY":{"def":[],"use":[],"callees":[],"nodes":["CompoundStmt"],"edges":[],"ID":0},"EXIT":{"def":[],"use":[],"callees":[],"nodes":["CompoundStmt"],"edges":[],"ID":1},"method_name":"getNextSiblingElement"}],"label":"0"}