{"data":[{"blocks":[{"def":[],"use":[],"callees":[],"nodes":["CompoundStmt"],"edges":[],"ID":0},{"def":[],"use":[],"callees":[],"nodes":["CompoundStmt"],"edges":[],"ID":1},{"def":["r0.\u003corg.apache.xerces.validators.common.XMLElementDecl: int type\u003e","$r1","r0.\u003corg.apache.xerces.validators.common.XMLElementDecl: boolean list\u003e","r0.\u003corg.apache.xerces.validators.common.XMLElementDecl: org.apache.xerces.validators.datatype.DatatypeValidator datatypeValidator\u003e","r0.\u003corg.apache.xerces.validators.common.XMLElementDecl: int contentSpecIndex\u003e","r0","r0.\u003corg.apache.xerces.validators.common.XMLElementDecl: int enclosingScope\u003e"],"use":["$r1","r0.\u003corg.apache.xerces.validators.common.XMLElementDecl: org.apache.xerces.utils.QName name\u003e","@this: org.apache.xerces.validators.common.XMLElementDecl","r0"],"callees":[],"nodes":["CompoundStmt","DefinitionStmt","DefinitionStmt","Invoke","DefinitionStmt","DefinitionStmt","DefinitionStmt","DefinitionStmt","DefinitionStmt","ReturnVoidStmt","Local","ThisRef","Local","InstanceFieldRef","InstanceFieldRef","Constant","InstanceFieldRef","Constant","InstanceFieldRef","Constant","InstanceFieldRef","Constant","InstanceFieldRef","Constant","RefType","RefType","RefType","RefType","Local","RefType","Int","Local","Int","-","1","Int","Boolean","Local","Boolean","0","Int","RefType","Local","RefType","Null","Int","Local","Int","-","1","Int","Int","Local","Int","-","1","Int","org","apache","xerces","validators","common","X","M","L","Element","Decl","org","apache","xerces","validators","common","X","M","L","Element","Decl","org","apache","xerces","utils","Q","Name","org","apache","xerces","utils","Q","Name","RefType","org","apache","xerces","utils","Q","Name","RefType","RefType","org","apache","xerces","validators","datatype","Datatype","Validator","RefType","org","apache","xerces","validators","datatype","Datatype","Validator","RefType","RefType","org","apache","xerces","validators","common","X","M","L","Element","Decl","org","apache","xerces","validators","common","X","M","L","Element","Decl","org","apache","xerces","validators","common","X","M","L","Element","Decl","org","apache","xerces","validators","common","X","M","L","Element","Decl","org","apache","xerces","validators","common","X","M","L","Element","Decl","org","apache","xerces","validators","common","X","M","L","Element","Decl"],"edges":[[0,1],[0,2],[0,3],[0,4],[0,5],[0,6],[0,7],[0,8],[0,9],[1,10],[1,11],[2,12],[2,13],[4,14],[4,15],[5,16],[5,17],[6,18],[6,19],[7,20],[7,21],[8,22],[8,23],[10,24],[11,25],[12,26],[13,27],[13,28],[13,29],[14,30],[14,31],[14,32],[15,33],[15,34],[15,35],[16,36],[16,37],[16,38],[17,39],[17,40],[18,41],[18,42],[18,43],[19,44],[20,45],[20,46],[20,47],[21,48],[21,49],[21,50],[22,51],[22,52],[22,53],[23,54],[23,55],[23,56],[24,57],[24,58],[24,59],[24,60],[24,61],[24,62],[24,63],[24,64],[24,65],[24,66],[25,67],[25,68],[25,69],[25,70],[25,71],[25,72],[25,73],[25,74],[25,75],[25,76],[26,77],[26,78],[26,79],[26,80],[26,81],[26,82],[27,83],[27,84],[27,85],[27,86],[27,87],[27,88],[28,89],[29,90],[29,91],[29,92],[29,93],[29,94],[29,95],[31,96],[37,97],[41,98],[41,99],[41,100],[41,101],[41,102],[41,103],[41,104],[42,105],[43,106],[43,107],[43,108],[43,109],[43,110],[43,111],[43,112],[46,113],[52,114],[89,115],[89,116],[89,117],[89,118],[89,119],[89,120],[89,121],[89,122],[89,123],[89,124],[96,125],[96,126],[96,127],[96,128],[96,129],[96,130],[96,131],[96,132],[96,133],[96,134],[97,135],[97,136],[97,137],[97,138],[97,139],[97,140],[97,141],[97,142],[97,143],[97,144],[105,145],[105,146],[105,147],[105,148],[105,149],[105,150],[105,151],[105,152],[105,153],[105,154],[113,155],[113,156],[113,157],[113,158],[113,159],[113,160],[113,161],[113,162],[113,163],[113,164],[114,165],[114,166],[114,167],[114,168],[114,169],[114,170],[114,171],[114,172],[114,173],[114,174]],"ID":2}],"edgeSet":[[0,2,0],[2,1,0]],"ENTRY":{"def":[],"use":[],"callees":[],"nodes":["CompoundStmt"],"edges":[],"ID":0},"EXIT":{"def":[],"use":[],"callees":[],"nodes":["CompoundStmt"],"edges":[],"ID":1},"method_name":"clear"},{"blocks":[{"def":[],"use":[],"callees":[],"nodes":["CompoundStmt"],"edges":[],"ID":0},{"def":[],"use":[],"callees":[],"nodes":["CompoundStmt"],"edges":[],"ID":1},{"def":["$r1","r0.\u003corg.apache.xerces.validators.common.XMLElementDecl: org.apache.xerces.utils.QName name\u003e","r0"],"use":["$r1","@this: org.apache.xerces.validators.common.XMLElementDecl","r0"],"callees":["clear"],"nodes":["CompoundStmt","DefinitionStmt","Invoke","DefinitionStmt","Invoke","DefinitionStmt","Invoke","ReturnVoidStmt","Local","ThisRef","Local","NewExpr","InstanceFieldRef","Local","RefType","RefType","RefType","RefType","RefType","Local","RefType","RefType","org","apache","xerces","validators","common","X","M","L","Element","Decl","org","apache","xerces","validators","common","X","M","L","Element","Decl","org","apache","xerces","utils","Q","Name","org","apache","xerces","utils","Q","Name","org","apache","xerces","utils","Q","Name","RefType","org","apache","xerces","utils","Q","Name","org","apache","xerces","utils","Q","Name","org","apache","xerces","validators","common","X","M","L","Element","Decl"],"edges":[[0,1],[0,2],[0,3],[0,4],[0,5],[0,6],[0,7],[1,8],[1,9],[3,10],[3,11],[5,12],[5,13],[8,14],[9,15],[10,16],[11,17],[12,18],[12,19],[12,20],[13,21],[14,22],[14,23],[14,24],[14,25],[14,26],[14,27],[14,28],[14,29],[14,30],[14,31],[15,32],[15,33],[15,34],[15,35],[15,36],[15,37],[15,38],[15,39],[15,40],[15,41],[16,42],[16,43],[16,44],[16,45],[16,46],[16,47],[17,48],[17,49],[17,50],[17,51],[17,52],[17,53],[18,54],[18,55],[18,56],[18,57],[18,58],[18,59],[19,60],[20,61],[20,62],[20,63],[20,64],[20,65],[20,66],[21,67],[21,68],[21,69],[21,70],[21,71],[21,72],[60,73],[60,74],[60,75],[60,76],[60,77],[60,78],[60,79],[60,80],[60,81],[60,82]],"ID":2}],"edgeSet":[[0,2,0],[2,1,0]],"ENTRY":{"def":[],"use":[],"callees":[],"nodes":["CompoundStmt"],"edges":[],"ID":0},"EXIT":{"def":[],"use":[],"callees":[],"nodes":["CompoundStmt"],"edges":[],"ID":1},"method_name":"\u003cinit\u003e"},{"blocks":[{"def":[],"use":[],"callees":[],"nodes":["CompoundStmt"],"edges":[],"ID":0},{"def":[],"use":[],"callees":[],"nodes":["CompoundStmt"],"edges":[],"ID":1},{"def":["r0.\u003corg.apache.xerces.validators.common.XMLElementDecl: int type\u003e","$r2","$r3","$r4","r0.\u003corg.apache.xerces.validators.common.XMLElementDecl: boolean list\u003e","$i0","$i1","r0.\u003corg.apache.xerces.validators.common.XMLElementDecl: int contentSpecIndex\u003e","$i2","r0.\u003corg.apache.xerces.validators.common.XMLElementDecl: int enclosingScope\u003e","r0.\u003corg.apache.xerces.validators.common.XMLElementDecl: org.apache.xerces.validators.datatype.DatatypeValidator datatypeValidator\u003e","$z0","r0","r1"],"use":["$r2","@parameter0: org.apache.xerces.validators.common.XMLElementDecl","r1.\u003corg.apache.xerces.validators.common.XMLElementDecl: org.apache.xerces.utils.QName name\u003e","$r3","$r4","$i0","$i1","$i2","r1.\u003corg.apache.xerces.validators.common.XMLElementDecl: int contentSpecIndex\u003e","r0.\u003corg.apache.xerces.validators.common.XMLElementDecl: org.apache.xerces.utils.QName name\u003e","r1.\u003corg.apache.xerces.validators.common.XMLElementDecl: org.apache.xerces.validators.datatype.DatatypeValidator datatypeValidator\u003e","$z0","@this: org.apache.xerces.validators.common.XMLElementDecl","r0","r1.\u003corg.apache.xerces.validators.common.XMLElementDecl: int type\u003e","r1.\u003corg.apache.xerces.validators.common.XMLElementDecl: boolean list\u003e","r1","r1.\u003corg.apache.xerces.validators.common.XMLElementDecl: int enclosingScope\u003e"],"callees":[],"nodes":["CompoundStmt","DefinitionStmt","DefinitionStmt","DefinitionStmt","DefinitionStmt","Invoke","DefinitionStmt","DefinitionStmt","DefinitionStmt","DefinitionStmt","DefinitionStmt","DefinitionStmt","DefinitionStmt","DefinitionStmt","DefinitionStmt","DefinitionStmt","ReturnVoidStmt","Local","ThisRef","Local","Param","Local","InstanceFieldRef","Local","InstanceFieldRef","Local","InstanceFieldRef","InstanceFieldRef","Local","Local","InstanceFieldRef","InstanceFieldRef","Local","Local","InstanceFieldRef","InstanceFieldRef","Local","Local","InstanceFieldRef","InstanceFieldRef","Local","Local","InstanceFieldRef","InstanceFieldRef","Local","RefType","RefType","RefType","RefType","RefType","RefType","Local","RefType","RefType","RefType","Local","RefType","Int","Int","Local","Int","Int","Local","Int","Int","Boolean","Boolean","Local","Boolean","Boolean","Local","Boolean","Boolean","RefType","RefType","Local","RefType","RefType","Local","RefType","RefType","Int","Int","Local","Int","Int","Local","Int","Int","Int","Int","Local","Int","Int","Local","Int","Int","org","apache","xerces","validators","common","X","M","L","Element","Decl","org","apache","xerces","validators","common","X","M","L","Element","Decl","org","apache","xerces","validators","common","X","M","L","Element","Decl","org","apache","xerces","validators","common","X","M","L","Element","Decl","org","apache","xerces","utils","Q","Name","org","apache","xerces","utils","Q","Name","RefType","org","apache","xerces","utils","Q","Name","org","apache","xerces","utils","Q","Name","org","apache","xerces","utils","Q","Name","RefType","org","apache","xerces","utils","Q","Name","RefType","RefType","RefType","RefType","org","apache","xerces","validators","datatype","Datatype","Validator","org","apache","xerces","validators","datatype","Datatype","Validator","RefType","org","apache","xerces","validators","datatype","Datatype","Validator","org","apache","xerces","validators","datatype","Datatype","Validator","RefType","org","apache","xerces","validators","datatype","Datatype","Validator","org","apache","xerces","validators","datatype","Datatype","Validator","RefType","RefType","RefType","RefType","org","apache","xerces","validators","common","X","M","L","Element","Decl","org","apache","xerces","validators","common","X","M","L","Element","Decl","org","apache","xerces","validators","common","X","M","L","Element","Decl","org","apache","xerces","validators","common","X","M","L","Element","Decl","org","apache","xerces","validators","common","X","M","L","Element","Decl","org","apache","xerces","validators","common","X","M","L","Element","Decl","org","apache","xerces","validators","common","X","M","L","Element","Decl","org","apache","xerces","validators","common","X","M","L","Element","Decl","org","apache","xerces","validators","common","X","M","L","Element","Decl","org","apache","xerces","validators","common","X","M","L","Element","Decl","org","apache","xerces","validators","common","X","M","L","Element","Decl","org","apache","xerces","validators","common","X","M","L","Element","Decl"],"edges":[[0,1],[0,2],[0,3],[0,4],[0,5],[0,6],[0,7],[0,8],[0,9],[0,10],[0,11],[0,12],[0,13],[0,14],[0,15],[0,16],[1,17],[1,18],[2,19],[2,20],[3,21],[3,22],[4,23],[4,24],[6,25],[6,26],[7,27],[7,28],[8,29],[8,30],[9,31],[9,32],[10,33],[10,34],[11,35],[11,36],[12,37],[12,38],[13,39],[13,40],[14,41],[14,42],[15,43],[15,44],[17,45],[18,46],[19,47],[20,48],[21,49],[22,50],[22,51],[22,52],[23,53],[24,54],[24,55],[24,56],[25,57],[26,58],[26,59],[26,60],[27,61],[27,62],[27,63],[28,64],[29,65],[30,66],[30,67],[30,68],[31,69],[31,70],[31,71],[32,72],[33,73],[34,74],[34,75],[34,76],[35,77],[35,78],[35,79],[36,80],[37,81],[38,82],[38,83],[38,84],[39,85],[39,86],[39,87],[40,88],[41,89],[42,90],[42,91],[42,92],[43,93],[43,94],[43,95],[44,96],[45,97],[45,98],[45,99],[45,100],[45,101],[45,102],[45,103],[45,104],[45,105],[45,106],[46,107],[46,108],[46,109],[46,110],[46,111],[46,112],[46,113],[46,114],[46,115],[46,116],[47,117],[47,118],[47,119],[47,120],[47,121],[47,122],[47,123],[47,124],[47,125],[47,126],[48,127],[48,128],[48,129],[48,130],[48,131],[48,132],[48,133],[48,134],[48,135],[48,136],[49,137],[49,138],[49,139],[49,140],[49,141],[49,142],[50,143],[50,144],[50,145],[50,146],[50,147],[50,148],[51,149],[52,150],[52,151],[52,152],[52,153],[52,154],[52,155],[53,156],[53,157],[53,158],[53,159],[53,160],[53,161],[54,162],[54,163],[54,164],[54,165],[54,166],[54,167],[55,168],[56,169],[56,170],[56,171],[56,172],[56,173],[56,174],[59,175],[62,176],[67,177],[70,178],[73,179],[73,180],[73,181],[73,182],[73,183],[73,184],[73,185],[74,186],[74,187],[74,188],[74,189],[74,190],[74,191],[74,192],[75,193],[76,194],[76,195],[76,196],[76,197],[76,198],[76,199],[76,200],[77,201],[77,202],[77,203],[77,204],[77,205],[77,206],[77,207],[78,208],[79,209],[79,210],[79,211],[79,212],[79,213],[79,214],[79,215],[80,216],[80,217],[80,218],[80,219],[80,220],[80,221],[80,222],[83,223],[86,224],[91,225],[94,226],[149,227],[149,228],[149,229],[149,230],[149,231],[149,232],[149,233],[149,234],[149,235],[149,236],[168,237],[168,238],[168,239],[168,240],[168,241],[168,242],[168,243],[168,244],[168,245],[168,246],[175,247],[175,248],[175,249],[175,250],[175,251],[175,252],[175,253],[175,254],[175,255],[175,256],[176,257],[176,258],[176,259],[176,260],[176,261],[176,262],[176,263],[176,264],[176,265],[176,266],[177,267],[177,268],[177,269],[177,270],[177,271],[177,272],[177,273],[177,274],[177,275],[177,276],[178,277],[178,278],[178,279],[178,280],[178,281],[178,282],[178,283],[178,284],[178,285],[178,286],[193,287],[193,288],[193,289],[193,290],[193,291],[193,292],[193,293],[193,294],[193,295],[193,296],[208,297],[208,298],[208,299],[208,300],[208,301],[208,302],[208,303],[208,304],[208,305],[208,306],[223,307],[223,308],[223,309],[223,310],[223,311],[223,312],[223,313],[223,314],[223,315],[223,316],[224,317],[224,318],[224,319],[224,320],[224,321],[224,322],[224,323],[224,324],[224,325],[224,326],[225,327],[225,328],[225,329],[225,330],[225,331],[225,332],[225,333],[225,334],[225,335],[225,336],[226,337],[226,338],[226,339],[226,340],[226,341],[226,342],[226,343],[226,344],[226,345],[226,346]],"ID":2}],"edgeSet":[[0,2,0],[2,1,0]],"ENTRY":{"def":[],"use":[],"callees":[],"nodes":["CompoundStmt"],"edges":[],"ID":0},"EXIT":{"def":[],"use":[],"callees":[],"nodes":["CompoundStmt"],"edges":[],"ID":1},"method_name":"setValues"},{"blocks":[{"def":[],"use":[],"callees":[],"nodes":["CompoundStmt"],"edges":[],"ID":0},{"def":[],"use":[],"callees":[],"nodes":["CompoundStmt"],"edges":[],"ID":1},{"def":["$r2","r0.\u003corg.apache.xerces.validators.common.XMLElementDecl: org.apache.xerces.utils.QName name\u003e","r0","r1"],"use":["$r2","@parameter0: org.apache.xerces.validators.common.XMLElementDecl","@this: org.apache.xerces.validators.common.XMLElementDecl","r0","r1"],"callees":["setValues"],"nodes":["CompoundStmt","DefinitionStmt","DefinitionStmt","Invoke","DefinitionStmt","Invoke","DefinitionStmt","Invoke","ReturnVoidStmt","Local","ThisRef","Local","Param","Local","NewExpr","InstanceFieldRef","Local","RefType","RefType","RefType","RefType","RefType","RefType","RefType","Local","RefType","RefType","org","apache","xerces","validators","common","X","M","L","Element","Decl","org","apache","xerces","validators","common","X","M","L","Element","Decl","org","apache","xerces","validators","common","X","M","L","Element","Decl","org","apache","xerces","validators","common","X","M","L","Element","Decl","org","apache","xerces","utils","Q","Name","org","apache","xerces","utils","Q","Name","org","apache","xerces","utils","Q","Name","RefType","org","apache","xerces","utils","Q","Name","org","apache","xerces","utils","Q","Name","org","apache","xerces","validators","common","X","M","L","Element","Decl"],"edges":[[0,1],[0,2],[0,3],[0,4],[0,5],[0,6],[0,7],[0,8],[1,9],[1,10],[2,11],[2,12],[4,13],[4,14],[6,15],[6,16],[9,17],[10,18],[11,19],[12,20],[13,21],[14,22],[15,23],[15,24],[15,25],[16,26],[17,27],[17,28],[17,29],[17,30],[17,31],[17,32],[17,33],[17,34],[17,35],[17,36],[18,37],[18,38],[18,39],[18,40],[18,41],[18,42],[18,43],[18,44],[18,45],[18,46],[19,47],[19,48],[19,49],[19,50],[19,51],[19,52],[19,53],[19,54],[19,55],[19,56],[20,57],[20,58],[20,59],[20,60],[20,61],[20,62],[20,63],[20,64],[20,65],[20,66],[21,67],[21,68],[21,69],[21,70],[21,71],[21,72],[22,73],[22,74],[22,75],[22,76],[22,77],[22,78],[23,79],[23,80],[23,81],[23,82],[23,83],[23,84],[24,85],[25,86],[25,87],[25,88],[25,89],[25,90],[25,91],[26,92],[26,93],[26,94],[26,95],[26,96],[26,97],[85,98],[85,99],[85,100],[85,101],[85,102],[85,103],[85,104],[85,105],[85,106],[85,107]],"ID":2}],"edgeSet":[[0,2,0],[2,1,0]],"ENTRY":{"def":[],"use":[],"callees":[],"nodes":["CompoundStmt"],"edges":[],"ID":0},"EXIT":{"def":[],"use":[],"callees":[],"nodes":["CompoundStmt"],"edges":[],"ID":1},"method_name":"\u003cinit\u003e"},{"blocks":[{"def":[],"use":[],"callees":[],"nodes":["CompoundStmt"],"edges":[],"ID":0},{"def":[],"use":[],"callees":[],"nodes":["CompoundStmt"],"edges":[],"ID":1},{"def":["r0.\u003corg.apache.xerces.validators.common.XMLElementDecl: int type\u003e","$r1","r0.\u003corg.apache.xerces.validators.common.XMLElementDecl: boolean list\u003e","r0.\u003corg.apache.xerces.validators.common.XMLElementDecl: org.apache.xerces.validators.datatype.DatatypeValidator datatypeValidator\u003e","r0.\u003corg.apache.xerces.validators.common.XMLElementDecl: int contentSpecIndex\u003e","r0","r0.\u003corg.apache.xerces.validators.common.XMLElementDecl: int enclosingScope\u003e"],"use":["$r1","r0.\u003corg.apache.xerces.validators.common.XMLElementDecl: org.apache.xerces.utils.QName name\u003e","@this: org.apache.xerces.validators.common.XMLElementDecl","r0"],"callees":[],"nodes":["CompoundStmt","DefinitionStmt","DefinitionStmt","Invoke","DefinitionStmt","DefinitionStmt","DefinitionStmt","DefinitionStmt","DefinitionStmt","ReturnVoidStmt","Local","ThisRef","Local","InstanceFieldRef","InstanceFieldRef","Constant","InstanceFieldRef","Constant","InstanceFieldRef","Constant","InstanceFieldRef","Constant","InstanceFieldRef","Constant","RefType","RefType","RefType","RefType","Local","RefType","Int","Local","Int","-","1","Int","Boolean","Local","Boolean","0","Int","RefType","Local","RefType","Null","Int","Local","Int","-","1","Int","Int","Local","Int","-","1","Int","org","apache","xerces","validators","common","X","M","L","Element","Decl","org","apache","xerces","validators","common","X","M","L","Element","Decl","org","apache","xerces","utils","Q","Name","org","apache","xerces","utils","Q","Name","RefType","org","apache","xerces","utils","Q","Name","RefType","RefType","org","apache","xerces","validators","datatype","Datatype","Validator","RefType","org","apache","xerces","validators","datatype","Datatype","Validator","RefType","RefType","org","apache","xerces","validators","common","X","M","L","Element","Decl","org","apache","xerces","validators","common","X","M","L","Element","Decl","org","apache","xerces","validators","common","X","M","L","Element","Decl","org","apache","xerces","validators","common","X","M","L","Element","Decl","org","apache","xerces","validators","common","X","M","L","Element","Decl","org","apache","xerces","validators","common","X","M","L","Element","Decl"],"edges":[[0,1],[0,2],[0,3],[0,4],[0,5],[0,6],[0,7],[0,8],[0,9],[1,10],[1,11],[2,12],[2,13],[4,14],[4,15],[5,16],[5,17],[6,18],[6,19],[7,20],[7,21],[8,22],[8,23],[10,24],[11,25],[12,26],[13,27],[13,28],[13,29],[14,30],[14,31],[14,32],[15,33],[15,34],[15,35],[16,36],[16,37],[16,38],[17,39],[17,40],[18,41],[18,42],[18,43],[19,44],[20,45],[20,46],[20,47],[21,48],[21,49],[21,50],[22,51],[22,52],[22,53],[23,54],[23,55],[23,56],[24,57],[24,58],[24,59],[24,60],[24,61],[24,62],[24,63],[24,64],[24,65],[24,66],[25,67],[25,68],[25,69],[25,70],[25,71],[25,72],[25,73],[25,74],[25,75],[25,76],[26,77],[26,78],[26,79],[26,80],[26,81],[26,82],[27,83],[27,84],[27,85],[27,86],[27,87],[27,88],[28,89],[29,90],[29,91],[29,92],[29,93],[29,94],[29,95],[31,96],[37,97],[41,98],[41,99],[41,100],[41,101],[41,102],[41,103],[41,104],[42,105],[43,106],[43,107],[43,108],[43,109],[43,110],[43,111],[43,112],[46,113],[52,114],[89,115],[89,116],[89,117],[89,118],[89,119],[89,120],[89,121],[89,122],[89,123],[89,124],[96,125],[96,126],[96,127],[96,128],[96,129],[96,130],[96,131],[96,132],[96,133],[96,134],[97,135],[97,136],[97,137],[97,138],[97,139],[97,140],[97,141],[97,142],[97,143],[97,144],[105,145],[105,146],[105,147],[105,148],[105,149],[105,150],[105,151],[105,152],[105,153],[105,154],[113,155],[113,156],[113,157],[113,158],[113,159],[113,160],[113,161],[113,162],[113,163],[113,164],[114,165],[114,166],[114,167],[114,168],[114,169],[114,170],[114,171],[114,172],[114,173],[114,174]],"ID":2}],"edgeSet":[[0,2,0],[2,1,0]],"ENTRY":{"def":[],"use":[],"callees":[],"nodes":["CompoundStmt"],"edges":[],"ID":0},"EXIT":{"def":[],"use":[],"callees":[],"nodes":["CompoundStmt"],"edges":[],"ID":1},"method_name":"clear"},{"blocks":[{"def":[],"use":[],"callees":[],"nodes":["CompoundStmt"],"edges":[],"ID":0},{"def":[],"use":[],"callees":[],"nodes":["CompoundStmt"],"edges":[],"ID":1},{"def":["$z0","r0","r1"],"use":["@parameter0: java.lang.Object","$z0","@this: org.apache.xerces.validators.common.XMLElementDecl","r0","r1"],"callees":[],"nodes":["CompoundStmt","DefinitionStmt","DefinitionStmt","DefinitionStmt","ReturnStmt","Local","ThisRef","Local","Param","Local","Invoke","Local","RefType","RefType","RefType","RefType","Boolean","Boolean","org","apache","xerces","validators","common","X","M","L","Element","Decl","org","apache","xerces","validators","common","X","M","L","Element","Decl","java","lang","Object","java","lang","Object"],"edges":[[0,1],[0,2],[0,3],[0,4],[1,5],[1,6],[2,7],[2,8],[3,9],[3,10],[4,11],[5,12],[6,13],[7,14],[8,15],[9,16],[11,17],[12,18],[12,19],[12,20],[12,21],[12,22],[12,23],[12,24],[12,25],[12,26],[12,27],[13,28],[13,29],[13,30],[13,31],[13,32],[13,33],[13,34],[13,35],[13,36],[13,37],[14,38],[14,39],[14,40],[15,41],[15,42],[15,43]],"ID":2}],"edgeSet":[[0,2,0],[2,1,0]],"ENTRY":{"def":[],"use":[],"callees":[],"nodes":["CompoundStmt"],"edges":[],"ID":0},"EXIT":{"def":[],"use":[],"callees":[],"nodes":["CompoundStmt"],"edges":[],"ID":1},"method_name":"equals"},{"blocks":[{"def":[],"use":[],"callees":[],"nodes":["CompoundStmt"],"edges":[],"ID":0},{"def":[],"use":[],"callees":[],"nodes":["CompoundStmt"],"edges":[],"ID":1},{"def":["$i0","r0"],"use":["@this: org.apache.xerces.validators.common.XMLElementDecl","$i0","r0"],"callees":[],"nodes":["CompoundStmt","DefinitionStmt","DefinitionStmt","ReturnStmt","Local","ThisRef","Local","Invoke","Local","RefType","RefType","Int","Int","org","apache","xerces","validators","common","X","M","L","Element","Decl","org","apache","xerces","validators","common","X","M","L","Element","Decl"],"edges":[[0,1],[0,2],[0,3],[1,4],[1,5],[2,6],[2,7],[3,8],[4,9],[5,10],[6,11],[8,12],[9,13],[9,14],[9,15],[9,16],[9,17],[9,18],[9,19],[9,20],[9,21],[9,22],[10,23],[10,24],[10,25],[10,26],[10,27],[10,28],[10,29],[10,30],[10,31],[10,32]],"ID":2}],"edgeSet":[[0,2,0],[2,1,0]],"ENTRY":{"def":[],"use":[],"callees":[],"nodes":["CompoundStmt"],"edges":[],"ID":0},"EXIT":{"def":[],"use":[],"callees":[],"nodes":["CompoundStmt"],"edges":[],"ID":1},"method_name":"hashCode"},{"blocks":[{"def":[],"use":[],"callees":[],"nodes":["CompoundStmt"],"edges":[],"ID":0},{"def":[],"use":[],"callees":[],"nodes":["CompoundStmt"],"edges":[],"ID":1},{"def":["r0.\u003corg.apache.xerces.validators.common.XMLElementDecl: int type\u003e","$r2","$r3","$r4","r0.\u003corg.apache.xerces.validators.common.XMLElementDecl: boolean list\u003e","$i0","$i1","r0.\u003corg.apache.xerces.validators.common.XMLElementDecl: int contentSpecIndex\u003e","$i2","r0.\u003corg.apache.xerces.validators.common.XMLElementDecl: int enclosingScope\u003e","r0.\u003corg.apache.xerces.validators.common.XMLElementDecl: org.apache.xerces.validators.datatype.DatatypeValidator datatypeValidator\u003e","$z0","r0","r1"],"use":["$r2","@parameter0: org.apache.xerces.validators.common.XMLElementDecl","r1.\u003corg.apache.xerces.validators.common.XMLElementDecl: org.apache.xerces.utils.QName name\u003e","$r3","$r4","$i0","$i1","$i2","r1.\u003corg.apache.xerces.validators.common.XMLElementDecl: int contentSpecIndex\u003e","r0.\u003corg.apache.xerces.validators.common.XMLElementDecl: org.apache.xerces.utils.QName name\u003e","r1.\u003corg.apache.xerces.validators.common.XMLElementDecl: org.apache.xerces.validators.datatype.DatatypeValidator datatypeValidator\u003e","$z0","@this: org.apache.xerces.validators.common.XMLElementDecl","r0","r1.\u003corg.apache.xerces.validators.common.XMLElementDecl: int type\u003e","r1.\u003corg.apache.xerces.validators.common.XMLElementDecl: boolean list\u003e","r1","r1.\u003corg.apache.xerces.validators.common.XMLElementDecl: int enclosingScope\u003e"],"callees":[],"nodes":["CompoundStmt","DefinitionStmt","DefinitionStmt","DefinitionStmt","DefinitionStmt","Invoke","DefinitionStmt","DefinitionStmt","DefinitionStmt","DefinitionStmt","DefinitionStmt","DefinitionStmt","DefinitionStmt","DefinitionStmt","DefinitionStmt","DefinitionStmt","ReturnVoidStmt","Local","ThisRef","Local","Param","Local","InstanceFieldRef","Local","InstanceFieldRef","Local","InstanceFieldRef","InstanceFieldRef","Local","Local","InstanceFieldRef","InstanceFieldRef","Local","Local","InstanceFieldRef","InstanceFieldRef","Local","Local","InstanceFieldRef","InstanceFieldRef","Local","Local","InstanceFieldRef","InstanceFieldRef","Local","RefType","RefType","RefType","RefType","RefType","RefType","Local","RefType","RefType","RefType","Local","RefType","Int","Int","Local","Int","Int","Local","Int","Int","Boolean","Boolean","Local","Boolean","Boolean","Local","Boolean","Boolean","RefType","RefType","Local","RefType","RefType","Local","RefType","RefType","Int","Int","Local","Int","Int","Local","Int","Int","Int","Int","Local","Int","Int","Local","Int","Int","org","apache","xerces","validators","common","X","M","L","Element","Decl","org","apache","xerces","validators","common","X","M","L","Element","Decl","org","apache","xerces","validators","common","X","M","L","Element","Decl","org","apache","xerces","validators","common","X","M","L","Element","Decl","org","apache","xerces","utils","Q","Name","org","apache","xerces","utils","Q","Name","RefType","org","apache","xerces","utils","Q","Name","org","apache","xerces","utils","Q","Name","org","apache","xerces","utils","Q","Name","RefType","org","apache","xerces","utils","Q","Name","RefType","RefType","RefType","RefType","org","apache","xerces","validators","datatype","Datatype","Validator","org","apache","xerces","validators","datatype","Datatype","Validator","RefType","org","apache","xerces","validators","datatype","Datatype","Validator","org","apache","xerces","validators","datatype","Datatype","Validator","RefType","org","apache","xerces","validators","datatype","Datatype","Validator","org","apache","xerces","validators","datatype","Datatype","Validator","RefType","RefType","RefType","RefType","org","apache","xerces","validators","common","X","M","L","Element","Decl","org","apache","xerces","validators","common","X","M","L","Element","Decl","org","apache","xerces","validators","common","X","M","L","Element","Decl","org","apache","xerces","validators","common","X","M","L","Element","Decl","org","apache","xerces","validators","common","X","M","L","Element","Decl","org","apache","xerces","validators","common","X","M","L","Element","Decl","org","apache","xerces","validators","common","X","M","L","Element","Decl","org","apache","xerces","validators","common","X","M","L","Element","Decl","org","apache","xerces","validators","common","X","M","L","Element","Decl","org","apache","xerces","validators","common","X","M","L","Element","Decl","org","apache","xerces","validators","common","X","M","L","Element","Decl","org","apache","xerces","validators","common","X","M","L","Element","Decl"],"edges":[[0,1],[0,2],[0,3],[0,4],[0,5],[0,6],[0,7],[0,8],[0,9],[0,10],[0,11],[0,12],[0,13],[0,14],[0,15],[0,16],[1,17],[1,18],[2,19],[2,20],[3,21],[3,22],[4,23],[4,24],[6,25],[6,26],[7,27],[7,28],[8,29],[8,30],[9,31],[9,32],[10,33],[10,34],[11,35],[11,36],[12,37],[12,38],[13,39],[13,40],[14,41],[14,42],[15,43],[15,44],[17,45],[18,46],[19,47],[20,48],[21,49],[22,50],[22,51],[22,52],[23,53],[24,54],[24,55],[24,56],[25,57],[26,58],[26,59],[26,60],[27,61],[27,62],[27,63],[28,64],[29,65],[30,66],[30,67],[30,68],[31,69],[31,70],[31,71],[32,72],[33,73],[34,74],[34,75],[34,76],[35,77],[35,78],[35,79],[36,80],[37,81],[38,82],[38,83],[38,84],[39,85],[39,86],[39,87],[40,88],[41,89],[42,90],[42,91],[42,92],[43,93],[43,94],[43,95],[44,96],[45,97],[45,98],[45,99],[45,100],[45,101],[45,102],[45,103],[45,104],[45,105],[45,106],[46,107],[46,108],[46,109],[46,110],[46,111],[46,112],[46,113],[46,114],[46,115],[46,116],[47,117],[47,118],[47,119],[47,120],[47,121],[47,122],[47,123],[47,124],[47,125],[47,126],[48,127],[48,128],[48,129],[48,130],[48,131],[48,132],[48,133],[48,134],[48,135],[48,136],[49,137],[49,138],[49,139],[49,140],[49,141],[49,142],[50,143],[50,144],[50,145],[50,146],[50,147],[50,148],[51,149],[52,150],[52,151],[52,152],[52,153],[52,154],[52,155],[53,156],[53,157],[53,158],[53,159],[53,160],[53,161],[54,162],[54,163],[54,164],[54,165],[54,166],[54,167],[55,168],[56,169],[56,170],[56,171],[56,172],[56,173],[56,174],[59,175],[62,176],[67,177],[70,178],[73,179],[73,180],[73,181],[73,182],[73,183],[73,184],[73,185],[74,186],[74,187],[74,188],[74,189],[74,190],[74,191],[74,192],[75,193],[76,194],[76,195],[76,196],[76,197],[76,198],[76,199],[76,200],[77,201],[77,202],[77,203],[77,204],[77,205],[77,206],[77,207],[78,208],[79,209],[79,210],[79,211],[79,212],[79,213],[79,214],[79,215],[80,216],[80,217],[80,218],[80,219],[80,220],[80,221],[80,222],[83,223],[86,224],[91,225],[94,226],[149,227],[149,228],[149,229],[149,230],[149,231],[149,232],[149,233],[149,234],[149,235],[149,236],[168,237],[168,238],[168,239],[168,240],[168,241],[168,242],[168,243],[168,244],[168,245],[168,246],[175,247],[175,248],[175,249],[175,250],[175,251],[175,252],[175,253],[175,254],[175,255],[175,256],[176,257],[176,258],[176,259],[176,260],[176,261],[176,262],[176,263],[176,264],[176,265],[176,266],[177,267],[177,268],[177,269],[177,270],[177,271],[177,272],[177,273],[177,274],[177,275],[177,276],[178,277],[178,278],[178,279],[178,280],[178,281],[178,282],[178,283],[178,284],[178,285],[178,286],[193,287],[193,288],[193,289],[193,290],[193,291],[193,292],[193,293],[193,294],[193,295],[193,296],[208,297],[208,298],[208,299],[208,300],[208,301],[208,302],[208,303],[208,304],[208,305],[208,306],[223,307],[223,308],[223,309],[223,310],[223,311],[223,312],[223,313],[223,314],[223,315],[223,316],[224,317],[224,318],[224,319],[224,320],[224,321],[224,322],[224,323],[224,324],[224,325],[224,326],[225,327],[225,328],[225,329],[225,330],[225,331],[225,332],[225,333],[225,334],[225,335],[225,336],[226,337],[226,338],[226,339],[226,340],[226,341],[226,342],[226,343],[226,344],[226,345],[226,346]],"ID":2}],"edgeSet":[[0,2,0],[2,1,0]],"ENTRY":{"def":[],"use":[],"callees":[],"nodes":["CompoundStmt"],"edges":[],"ID":0},"EXIT":{"def":[],"use":[],"callees":[],"nodes":["CompoundStmt"],"edges":[],"ID":1},"method_name":"setValues"}],"label":"0"}